{
"type": "FeatureCollection",
"name": "day05",
"crs": { "type": "name", "properties": { "name": "urn:ogc:def:crs:OGC:1.3:CRS84" } },
"features": [
{ "type": "Feature", "properties": { "name": "day05" }, "geometry": { "type": "LineString", "coordinates": [ [ 84.02496543712914, 28.664624160155658, 3532.800000000000182 ], [ 84.024975914508104, 28.664602702483535, 3532.0 ], [ 84.025020422413945, 28.664575209841132, 3531.800000000000182 ], [ 84.025054117664695, 28.664546627551317, 3531.6 ], [ 84.025147072970867, 28.664486864581704, 3531.199999999999818 ], [ 84.025237429887056, 28.664444033056498, 3531.199999999999818 ], [ 84.025308089330792, 28.664403548464179, 3530.800000000000182 ], [ 84.025333151221275, 28.664382258430123, 3530.6 ], [ 84.02536902576685, 28.664307491853833, 3529.800000000000182 ], [ 84.025381430983543, 28.664282932877541, 3529.4 ], [ 84.025455191731453, 28.664212608709931, 3529.199999999999818 ], [ 84.025513026863337, 28.664160892367363, 3528.4 ], [ 84.025558959692717, 28.664131052792072, 3528.0 ], [ 84.025653507560492, 28.664068775251508, 3527.800000000000182 ], [ 84.025664404034615, 28.664060309529305, 3527.4 ], [ 84.025748893618584, 28.66400096565485, 3527.4 ], [ 84.025835562497377, 28.6639862973243, 3526.0 ], [ 84.025929775089025, 28.663987051695585, 3525.199999999999818 ], [ 84.02603848837316, 28.664006665349007, 3524.0 ], [ 84.026060532778502, 28.664006665349007, 3523.4 ], [ 84.026074279099703, 28.66399979218841, 3523.199999999999818 ], [ 84.026107303798199, 28.663961067795753, 3522.0 ], [ 84.026121133938432, 28.66394086740911, 3522.0 ], [ 84.026137227192521, 28.663857635110617, 3520.800000000000182 ], [ 84.026145860552788, 28.663822012022138, 3520.0 ], [ 84.026156170293689, 28.66379963234067, 3519.6 ], [ 84.026196990162134, 28.663735007867217, 3518.6 ], [ 84.026208808645606, 28.663718411698937, 3518.199999999999818 ], [ 84.026241665706038, 28.663681196048856, 3517.4 ], [ 84.026278210803866, 28.663628557696939, 3516.4 ], [ 84.026326658204198, 28.663587486371402, 3515.4 ], [ 84.026345601305366, 28.663591844961047, 3514.800000000000182 ], [ 84.026382649317384, 28.663597041741017, 3514.0 ], [ 84.026455655694008, 28.663623109459877, 3512.800000000000182 ], [ 84.026512401178479, 28.663653032854199, 3512.4 ], [ 84.026568559929729, 28.663671892136335, 3511.800000000000182 ], [ 84.026624886319041, 28.663672646507621, 3511.800000000000182 ], [ 84.026702418923378, 28.663655463606119, 3511.6 ], [ 84.026795458048582, 28.663635766133662, 3511.199999999999818 ], [ 84.02684424072504, 28.663614392280579, 3510.4 ], [ 84.026861172169447, 28.663601232692599, 3509.6 ], [ 84.026884557679296, 28.663588743656874, 3509.199999999999818 ], [ 84.026923952624202, 28.663543649017811, 3508.6 ], [ 84.026954043656588, 28.663521101698279, 3508.199999999999818 ], [ 84.027006598189473, 28.663486652076244, 3507.6 ], [ 84.027042388916016, 28.663465781137347, 3507.0 ], [ 84.027070133015513, 28.663454884663224, 3506.800000000000182 ], [ 84.027137774974108, 28.663423201069236, 3506.6 ], [ 84.027159484103322, 28.663413058966398, 3505.800000000000182 ], [ 84.027191419154406, 28.663389757275581, 3504.6 ], [ 84.027219666168094, 28.663371233269572, 3503.800000000000182 ], [ 84.027230562642217, 28.663366287946701, 3503.4 ], [ 84.027282446622849, 28.663339717313647, 3502.199999999999818 ], [ 84.027301389724016, 28.663331922143698, 3501.800000000000182 ], [ 84.027385208755732, 28.663306944072247, 3501.199999999999818 ], [ 84.027400715276599, 28.66329780779779, 3501.0 ], [ 84.027455784380436, 28.663282804191113, 3500.6 ], [ 84.027521498501301, 28.663268135860559, 3500.0 ], [ 84.027642114087939, 28.663236619904637, 3500.0 ], [ 84.027743116021156, 28.663213150575757, 3499.800000000000182 ], [ 84.027796927839518, 28.663200410082936, 3499.4 ], [ 84.027826432138681, 28.663197141140699, 3499.4 ], [ 84.02791921980679, 28.663173001259565, 3499.4 ], [ 84.027987783774734, 28.663147184997797, 3499.4 ], [ 84.028026172891259, 28.663127990439538, 3499.4 ], [ 84.028087109327316, 28.663101503625512, 3499.4 ], [ 84.028122061863542, 28.663077531382442, 3499.4 ], [ 84.028174700215459, 28.663048446178436, 3499.0 ], [ 84.028195906430483, 28.663030592724681, 3499.0 ], [ 84.028270421549678, 28.66296797990799, 3499.0 ], [ 84.028369160369039, 28.662893800064921, 3498.6 ], [ 84.028449291363358, 28.662862787023187, 3498.199999999999818 ], [ 84.028489859774709, 28.662838647142053, 3498.199999999999818 ], [ 84.028502851724625, 28.66283118724823, 3498.0 ], [ 84.028614079579711, 28.662763545289636, 3497.800000000000182 ], [ 84.028737880289555, 28.662691293284297, 3497.6 ], [ 84.028821447864175, 28.662640331313018, 3497.4 ], [ 84.028877355158329, 28.662615604698654, 3497.0 ], [ 84.028918594121933, 28.662599511444569, 3496.800000000000182 ], [ 84.029026133939624, 28.66255265660584, 3496.199999999999818 ], [ 84.029119424521923, 28.662476129829884, 3496.0 ], [ 84.029130069538951, 28.662466574460268, 3495.800000000000182 ], [ 84.029218414798379, 28.662397926673293, 3495.0 ], [ 84.029236854985356, 28.662386946380138, 3494.800000000000182 ], [ 84.029315561056137, 28.662339085713029, 3494.800000000000182 ], [ 84.029307346791029, 28.662323830649257, 3494.0 ], [ 84.02930592186749, 28.662325423210859, 3494.0 ], [ 84.029281781986356, 28.662344450131059, 3494.0 ], [ 84.029282117262483, 28.662345707416534, 3494.0 ], [ 84.029314555227757, 28.662313856184483, 3493.800000000000182 ], [ 84.029330229386687, 28.662298852577809, 3493.800000000000182 ], [ 84.029352022334933, 28.662275886163116, 3493.6 ], [ 84.029419077560306, 28.662215201184154, 3492.800000000000182 ], [ 84.029430979862809, 28.662202963605523, 3492.6 ], [ 84.029441624879837, 28.662190809845924, 3492.4 ], [ 84.029499124735594, 28.662134315818548, 3492.0 ], [ 84.029544638469815, 28.66209609434009, 3491.6 ], [ 84.029556959867477, 28.662090813741088, 3491.4 ], [ 84.029638851061463, 28.662022082135081, 3491.0 ], [ 84.029687633737922, 28.661979753524065, 3491.0 ], [ 84.029701882973313, 28.661969611421227, 3491.0 ], [ 84.029766339808702, 28.661913787946105, 3490.6 ], [ 84.029862564057112, 28.661834746599197, 3490.4 ], [ 84.029870359227061, 28.661825694143772, 3490.0 ], [ 84.029917549341917, 28.661798620596528, 3489.800000000000182 ], [ 84.029957195743918, 28.661767607554793, 3489.199999999999818 ], [ 84.030024250969291, 28.661722596734759, 3488.0 ], [ 84.030033135786653, 28.661711029708385, 3488.0 ], [ 84.030089965090156, 28.661651518195868, 3488.0 ], [ 84.030163642019033, 28.661597790196534, 3487.199999999999818 ], [ 84.030231367796659, 28.661527130752798, 3486.800000000000182 ], [ 84.03031300753355, 28.661461751908064, 3486.4 ], [ 84.030399508774281, 28.661386230960488, 3486.4 ], [ 84.030458852648735, 28.661341639235616, 3486.0 ], [ 84.030468408018351, 28.661333005875349, 3485.800000000000182 ], [ 84.030477460473776, 28.661328395828605, 3485.4 ], [ 84.030546946451068, 28.661272823810577, 3485.199999999999818 ], [ 84.030635794624686, 28.661202751100063, 3484.800000000000182 ], [ 84.030698658898473, 28.66113904863596, 3484.199999999999818 ], [ 84.030808210372925, 28.661055481061339, 3483.800000000000182 ], [ 84.030879121273756, 28.660993622615933, 3483.6 ], [ 84.030964951962233, 28.660931847989559, 3483.4 ], [ 84.03097509406507, 28.660923214629292, 3483.199999999999818 ], [ 84.031048268079758, 28.660848867148161, 3483.199999999999818 ], [ 84.031103253364563, 28.660807460546497, 3483.0 ], [ 84.03114608488977, 28.660768065601587, 3482.199999999999818 ], [ 84.031232669949532, 28.660679133608937, 3482.0 ], [ 84.031293606385589, 28.660605289041996, 3481.6 ], [ 84.031394608318806, 28.660498838871717, 3481.0 ], [ 84.031405337154865, 28.660479560494423, 3480.800000000000182 ], [ 84.031419670209289, 28.660430945456028, 3480.6 ], [ 84.031490413472056, 28.660380402579904, 3480.4 ], [ 84.031559564173222, 28.660325417295098, 3480.199999999999818 ], [ 84.031621171161532, 28.66027420386672, 3480.0 ], [ 84.031685292720795, 28.660217793658376, 3480.0 ], [ 84.031704403460026, 28.66020429879427, 3479.800000000000182 ], [ 84.031761148944497, 28.660154594108462, 3479.800000000000182 ], [ 84.031832898035645, 28.660112768411636, 3479.6 ], [ 84.031918728724122, 28.660057699307799, 3479.199999999999818 ], [ 84.031981090083718, 28.66000514477491, 3479.199999999999818 ], [ 84.032075051218271, 28.659951835870743, 3479.199999999999818 ], [ 84.032137412577868, 28.65989894606173, 3478.6 ], [ 84.032154763117433, 28.659874554723501, 3478.6 ], [ 84.032229278236628, 28.659797860309482, 3478.4 ], [ 84.03226163238287, 28.659769110381603, 3478.4 ], [ 84.032327011227608, 28.659703731536865, 3478.199999999999818 ], [ 84.03242189437151, 28.659613374620676, 3478.0 ], [ 84.032518872991204, 28.659563334658746, 3477.800000000000182 ], [ 84.032531026750803, 28.659557048231363, 3477.6 ], [ 84.032610738649964, 28.659527963027362, 3477.6 ], [ 84.032704867422581, 28.659510528668761, 3477.4 ], [ 84.032868314534426, 28.659481862559915, 3477.199999999999818 ], [ 84.032957581803203, 28.659464428201321, 3477.0 ], [ 84.032979626208544, 28.659457638859749, 3476.800000000000182 ], [ 84.032991193234921, 28.659454034641385, 3476.6 ], [ 84.033010639250278, 28.65944841876626, 3476.4 ], [ 84.033066378906369, 28.659431152045727, 3476.199999999999818 ], [ 84.033175176009536, 28.659404749050736, 3476.199999999999818 ], [ 84.03326234780252, 28.65936778485775, 3476.199999999999818 ], [ 84.033354464918375, 28.659323696047068, 3476.0 ], [ 84.033462423831224, 28.659278769046068, 3476.0 ], [ 84.033563425764441, 28.65923685953021, 3476.0 ], [ 84.033705499023199, 28.659181538969278, 3476.0 ], [ 84.033807422965765, 28.659148095175624, 3475.6 ], [ 84.033831311389804, 28.65914055146277, 3475.6 ], [ 84.03395134024322, 28.659113980829716, 3475.4 ], [ 84.034062149003148, 28.659092020243406, 3475.199999999999818 ], [ 84.034198606386781, 28.659060839563608, 3475.0 ], [ 84.034320814535022, 28.659062264487147, 3474.800000000000182 ], [ 84.034347888082266, 28.659062264487147, 3474.6 ], [ 84.034451153129339, 28.659055391326547, 3474.6 ], [ 84.034556429833174, 28.659034436568614, 3474.4 ], [ 84.034648044034839, 28.659039298072457, 3474.199999999999818 ], [ 84.034653576090932, 28.6590491887182, 3474.0 ], [ 84.034655252471566, 28.659056816250089, 3474.0 ], [ 84.034640835598111, 28.659072406589985, 3474.0 ], [ 84.034687103703618, 28.659068215638399, 3474.0 ], [ 84.034772850573063, 28.65906972438097, 3473.800000000000182 ], [ 84.03480788692832, 28.659074921160936, 3473.800000000000182 ], [ 84.034840073436499, 28.659084476530552, 3473.6 ], [ 84.034888772293925, 28.659091182053089, 3473.6 ], [ 84.034936465322971, 28.659095959737897, 3473.4 ], [ 84.035064624622464, 28.659109370782971, 3473.4 ], [ 84.03514701873064, 28.659099983051419, 3473.4 ], [ 84.035169649869204, 28.659095708280802, 3473.4 ], [ 84.035269729793072, 28.659100066870451, 3473.4 ], [ 84.035346424207091, 28.659114316105843, 3473.4 ], [ 84.035356901586056, 28.659115489572287, 3473.4 ], [ 84.035369139164686, 28.659116579219699, 3473.4 ], [ 84.035480869933963, 28.659114902839065, 3473.4 ], [ 84.035556558519602, 28.659107191488147, 3473.6 ], [ 84.035651860758662, 28.659099899232388, 3474.0 ], [ 84.035709612071514, 28.659092271700501, 3474.0 ], [ 84.035755041986704, 28.659088918939233, 3474.199999999999818 ], [ 84.035831987857819, 28.659082464873791, 3474.199999999999818 ], [ 84.035884374752641, 28.659067125990987, 3474.199999999999818 ], [ 84.035980682820082, 28.659044075757265, 3474.199999999999818 ], [ 84.036040361970663, 28.65902965888381, 3474.199999999999818 ], [ 84.036088725551963, 28.65901893004775, 3474.0 ], [ 84.036217639222741, 28.658982217311859, 3474.0 ], [ 84.036344792693853, 28.65893829613924, 3473.6 ], [ 84.036384942010045, 28.658927986398339, 3473.4 ], [ 84.036436742171645, 28.658910049125552, 3473.4 ], [ 84.03649172745645, 28.658892866224051, 3473.199999999999818 ], [ 84.036517711356282, 28.658879874274135, 3473.0 ], [ 84.036614689975977, 28.658838300034404, 3472.6 ], [ 84.036731868982315, 28.658795803785324, 3472.6 ], [ 84.036744441837072, 28.658788427710533, 3472.6 ], [ 84.036844857037067, 28.658750709146261, 3472.4 ], [ 84.036858854815364, 28.658747691661119, 3472.4 ], [ 84.036921132355928, 28.658718690276142, 3472.199999999999818 ], [ 84.036963963881135, 28.65869513712823, 3471.6 ], [ 84.037075359374285, 28.658663788810372, 3471.199999999999818 ], [ 84.037091033533216, 28.658658172935247, 3471.199999999999818 ], [ 84.037148868665099, 28.658630596473813, 3471.0 ], [ 84.03719044290483, 28.658603522926569, 3470.800000000000182 ], [ 84.037232184782624, 28.658574605360627, 3470.800000000000182 ], [ 84.03731013648212, 28.658550968393683, 3470.4 ], [ 84.037408791482449, 28.658490534871817, 3470.4 ], [ 84.037497136741877, 28.658456336706877, 3470.4 ], [ 84.037560755386949, 28.65842473693192, 3470.199999999999818 ], [ 84.037575423717499, 28.658421970903873, 3470.199999999999818 ], [ 84.03758967295289, 28.658414511010051, 3470.0 ], [ 84.037681790068746, 28.658369835466143, 3470.0 ], [ 84.037793185561895, 28.658323399722576, 3469.800000000000182 ], [ 84.037888403981924, 28.658279730007052, 3469.6 ], [ 84.037993596866727, 28.658229606226087, 3469.6 ], [ 84.038070710375905, 28.658184511587024, 3469.6 ], [ 84.038160312920809, 28.658140590414405, 3469.6 ], [ 84.038240192458034, 28.658088119700551, 3469.6 ], [ 84.038348654285073, 28.658028189092875, 3469.6 ], [ 84.038439597934484, 28.657975299283866, 3470.0 ], [ 84.038520148023963, 28.657928444445133, 3470.199999999999818 ], [ 84.03860405087471, 28.657879242673516, 3470.199999999999818 ], [ 84.038678985089064, 28.657844960689545, 3470.4 ], [ 84.03875945135951, 28.657791987061501, 3470.800000000000182 ], [ 84.038828434422612, 28.657750664278865, 3470.800000000000182 ], [ 84.038893142715096, 28.657704060897231, 3470.800000000000182 ], [ 84.038970172405243, 28.657665504142638, 3471.199999999999818 ], [ 84.038982493802905, 28.657657289877537, 3471.4 ], [ 84.03905994258821, 28.657598113641143, 3471.4 ], [ 84.039138313382864, 28.657552096992731, 3471.4 ], [ 84.039231101050973, 28.657478839159012, 3471.4 ], [ 84.039320200681686, 28.657421423122287, 3471.4 ], [ 84.039371414110065, 28.65737448446453, 3471.4 ], [ 84.03945866972208, 28.657325198873881, 3471.4 ], [ 84.039548523724079, 28.657277002930641, 3470.0 ], [ 84.039563024416566, 28.657268201932311, 3470.0 ], [ 84.039651453495026, 28.657219838351011, 3469.6 ], [ 84.039738876745105, 28.657166864722967, 3469.4 ], [ 84.039792940020561, 28.65713375620544, 3469.0 ], [ 84.039816576987505, 28.657129481434826, 3469.0 ], [ 84.03993652202189, 28.657078184187412, 3468.4 ], [ 84.040042301639915, 28.65703702904284, 3468.0 ], [ 84.040052862837911, 28.657031580805779, 3467.800000000000182 ], [ 84.040156211704016, 28.656985480338335, 3467.6 ], [ 84.040239779278636, 28.656944995746017, 3467.4 ], [ 84.04024975374341, 28.656940050423145, 3467.4 ], [ 84.040344217792153, 28.65691289305687, 3467.4 ], [ 84.040354108437896, 28.656908283010125, 3467.4 ], [ 84.040354108437896, 28.656908283010125, 3467.4 ], [ 84.040356371551752, 28.656932590529323, 3467.6 ], [ 84.040397526696324, 28.657013727352023, 3467.800000000000182 ], [ 84.04040414839983, 28.657046165317297, 3468.0 ], [ 84.040417224168777, 28.657072484493256, 3468.4 ], [ 84.04042074456811, 28.657137360423803, 3469.0 ], [ 84.040420576930046, 28.657145407050848, 3469.199999999999818 ], [ 84.040421582758427, 28.657190585508943, 3469.6 ], [ 84.040418481454253, 28.657223358750343, 3470.0 ], [ 84.040413871407509, 28.657241798937321, 3470.199999999999818 ], [ 84.040414039045572, 28.657250683754683, 3470.199999999999818 ], [ 84.040416553616524, 28.657298209145665, 3470.6 ], [ 84.040418397635221, 28.657327881082892, 3471.0 ], [ 84.040417307987809, 28.657347997650504, 3471.199999999999818 ], [ 84.040425773710012, 28.657393343746666, 3471.800000000000182 ], [ 84.040436670184135, 28.657424775883555, 3472.4 ], [ 84.040448991581798, 28.657443970441818, 3472.4 ], [ 84.040465923026204, 28.657515468075871, 3473.0 ], [ 84.040477573871613, 28.657543463632464, 3473.4 ], [ 84.040479501709342, 28.657549247145653, 3473.6 ], [ 84.040483357384801, 28.657557461410761, 3473.6 ], [ 84.040496433153749, 28.657593252137303, 3473.800000000000182 ], [ 84.040515460073948, 28.657622002065182, 3474.6 ], [ 84.040540689602494, 28.657643292099237, 3474.800000000000182 ], [ 84.040565500035882, 28.6576590500772, 3475.0 ], [ 84.040598692372441, 28.657683525234461, 3475.4 ], [ 84.040606068447232, 28.657691571861506, 3475.6 ], [ 84.040655270218849, 28.657745299860835, 3476.199999999999818 ], [ 84.040675805881619, 28.657786538824439, 3476.800000000000182 ], [ 84.04067924246192, 28.657806068658829, 3476.800000000000182 ], [ 84.040692653506994, 28.657859377563, 3477.800000000000182 ], [ 84.040693324059248, 28.657866669818759, 3477.800000000000182 ], [ 84.040707321837544, 28.657930791378021, 3479.0 ], [ 84.040758786723018, 28.657991476356983, 3479.800000000000182 ], [ 84.040772197768092, 28.657999774441123, 3480.199999999999818 ], [ 84.040846629068255, 28.658050652593374, 3480.800000000000182 ], [ 84.040893986821175, 28.65807487629354, 3481.199999999999818 ], [ 84.040918378159404, 28.658088287338614, 3481.800000000000182 ], [ 84.040930951014161, 28.658096585422751, 3482.199999999999818 ], [ 84.040978392586112, 28.658130783587698, 3483.4 ], [ 84.041061541065574, 28.65820043720305, 3484.199999999999818 ], [ 84.041124908253551, 28.658249052241445, 3484.6 ], [ 84.041130859404802, 28.658252405002713, 3484.6 ], [ 84.041227670386434, 28.658281825482845, 3485.4 ], [ 84.041304113343358, 28.658284172415733, 3485.6 ], [ 84.041309645399451, 28.658284340053797, 3485.6 ], [ 84.041316602379084, 28.658284340053797, 3485.800000000000182 ], [ 84.041368067264557, 28.658251399174333, 3486.0 ], [ 84.04139656573534, 28.65825617685914, 3486.199999999999818 ], [ 84.04139849357307, 28.658255925402045, 3486.199999999999818 ], [ 84.041454400867224, 28.658223990350962, 3486.4 ], [ 84.041516678407788, 28.658177806064487, 3486.6 ], [ 84.04157979413867, 28.658128017559648, 3486.800000000000182 ], [ 84.041579039767385, 28.658118713647127, 3486.800000000000182 ], [ 84.041582560166717, 28.65810144692659, 3486.800000000000182 ], [ 84.04159932397306, 28.658078983426098, 3487.199999999999818 ], [ 84.041617596521974, 28.658068086951971, 3488.0 ], [ 84.041656572371721, 28.658076468855143, 3488.199999999999818 ], [ 84.041715832427144, 28.658114774152637, 3488.199999999999818 ], [ 84.04179529286921, 28.658167915418744, 3489.0 ], [ 84.041809542104602, 28.6581926420331, 3489.199999999999818 ], [ 84.041821695864201, 28.658224912360311, 3489.800000000000182 ], [ 84.041828401386738, 28.658214183524251, 3489.800000000000182 ], [ 84.041859079152346, 28.658223487436771, 3489.800000000000182 ], [ 84.041894366964698, 28.658252907916903, 3490.199999999999818 ], [ 84.041900904849172, 28.658260870724916, 3490.4 ], [ 84.041936947032809, 28.658307390287519, 3491.199999999999818 ], [ 84.041952034458518, 28.658332284539934, 3491.4 ], [ 84.041991597041488, 28.658362794667479, 3492.199999999999818 ], [ 84.042005008086562, 28.658371176570657, 3492.6 ], [ 84.042024537920952, 28.65839229896665, 3492.6 ], [ 84.042072147130966, 28.658430268988013, 3493.199999999999818 ], [ 84.042069967836142, 28.658434208482504, 3493.6 ], [ 84.042069632560015, 28.658434124663472, 3493.6 ], [ 84.042069632560015, 28.658434124663472, 3493.6 ], [ 84.042072398588061, 28.658436806872487, 3493.6 ], [ 84.042099723592401, 28.658463461324573, 3493.800000000000182 ], [ 84.042132161557674, 28.65850193426013, 3494.6 ], [ 84.042160073295236, 28.658559853211045, 3495.4 ], [ 84.042166611179709, 28.658572761341929, 3495.6 ], [ 84.042181363329291, 28.65861332975328, 3496.199999999999818 ], [ 84.042183458805084, 28.658623890951276, 3496.6 ], [ 84.042182620614767, 28.658657083287835, 3497.4 ], [ 84.042182033881545, 28.65867636166513, 3497.6 ], [ 84.042165605351329, 28.658677283674479, 3498.0 ], [ 84.042163426056504, 28.658680887892839, 3498.199999999999818 ], [ 84.042165772989392, 28.65868616849184, 3498.4 ], [ 84.042174322530627, 28.65870913490653, 3498.4 ], [ 84.042175663635135, 28.658701926469803, 3498.4 ], [ 84.042175244539976, 28.658702094107863, 3498.6 ], [ 84.042163593694568, 28.658693544566631, 3498.800000000000182 ], [ 84.042163258418441, 28.658693796023726, 3498.800000000000182 ], [ 84.042206676676869, 28.658760180696845, 3498.800000000000182 ], [ 84.042227799072862, 28.658802676945925, 3499.6 ], [ 84.042228637263179, 28.658811142668128, 3499.800000000000182 ], [ 84.042230313643813, 28.658822206780311, 3499.800000000000182 ], [ 84.042245065793395, 28.65886822342873, 3500.6 ], [ 84.042251268401742, 28.658887166529897, 3500.6 ], [ 84.042253028601408, 28.6589299980551, 3500.800000000000182 ], [ 84.042251687496901, 28.658946761861444, 3501.199999999999818 ], [ 84.042251436039805, 28.658961514011025, 3502.0 ], [ 84.042251687496901, 28.658958831802011, 3502.0 ], [ 84.042251771315932, 28.658977439627051, 3502.199999999999818 ], [ 84.042253950610757, 28.659017002210021, 3502.4 ], [ 84.042257806286216, 28.659052290022373, 3503.0 ], [ 84.042255794629455, 28.659066539257765, 3503.199999999999818 ], [ 84.042253699153662, 28.659091936424375, 3504.199999999999818 ], [ 84.042259650304914, 28.65909445099533, 3504.4 ], [ 84.042272893711925, 28.659150274470448, 3505.4 ], [ 84.042267361655831, 28.659174414351583, 3505.800000000000182 ], [ 84.042268618941307, 28.659175420179963, 3505.800000000000182 ], [ 84.042216148227453, 28.659142898395658, 3505.800000000000182 ], [ 84.042240036651492, 28.659163685515523, 3505.800000000000182 ], [ 84.042309271171689, 28.659203751012683, 3506.4 ], [ 84.042340451851487, 28.659219592809677, 3506.4 ], [ 84.042361406609416, 28.659218586981297, 3506.800000000000182 ], [ 84.042385714128613, 28.659200062975287, 3506.800000000000182 ], [ 84.042443633079529, 28.659184472635388, 3507.0 ], [ 84.042500127106905, 28.659203331917524, 3507.4 ], [ 84.042503479868174, 28.659208612516519, 3507.6 ], [ 84.04251161031425, 28.65921875461936, 3507.6 ], [ 84.042531810700893, 28.659234261140227, 3508.6 ], [ 84.042576653882861, 28.659243984147903, 3509.6 ], [ 84.042583191767335, 28.659246414899822, 3509.800000000000182 ], [ 84.04261764138937, 28.659255551174283, 3510.800000000000182 ], [ 84.042628034949303, 28.659254964441061, 3511.4 ], [ 84.042660305276513, 28.65924758836627, 3512.199999999999818 ], [ 84.042664999142289, 28.659246247261763, 3512.4 ], [ 84.042679835110903, 28.65923585370183, 3512.6 ], [ 84.042700789868832, 28.659232165664431, 3513.0 ], [ 84.042705567553639, 28.659232165664431, 3513.199999999999818 ], [ 84.042705735191703, 28.659231662750244, 3513.199999999999818 ], [ 84.04271244071424, 28.659233590587977, 3513.199999999999818 ], [ 84.042710177600384, 28.659233842045069, 3513.199999999999818 ], [ 84.042703807353973, 28.659234680235382, 3513.4 ], [ 84.042703807353973, 28.659234680235382, 3513.4 ], [ 84.042710345238447, 28.65922948345542, 3513.4 ], [ 84.042746806517243, 28.659207774326205, 3513.4 ], [ 84.04281553812325, 28.659177515655756, 3513.4 ], [ 84.042861722409725, 28.659148598089818, 3513.4 ], [ 84.042872032150626, 28.659143317490816, 3513.6 ], [ 84.042950654402375, 28.659124039113522, 3514.0 ], [ 84.042963227257133, 28.659122195094824, 3514.199999999999818 ], [ 84.043005974963307, 28.659113897010684, 3514.6 ], [ 84.04306422919035, 28.659111130982637, 3515.4 ], [ 84.04309700243175, 28.659121608361598, 3515.800000000000182 ], [ 84.043103707954288, 28.659128984436393, 3516.0 ], [ 84.043110916391015, 28.65914105437696, 3516.199999999999818 ], [ 84.043124075978994, 28.65916041657329, 3517.199999999999818 ], [ 84.043123656883836, 28.659164942800999, 3517.199999999999818 ], [ 84.043119885027409, 28.659172067418694, 3517.4 ], [ 84.043104210868478, 28.659206936135888, 3517.4 ], [ 84.04306573793292, 28.659257395192981, 3518.4 ], [ 84.043061546981335, 28.659259239211679, 3518.4 ], [ 84.043040676042438, 28.659293605014678, 3519.0 ], [ 84.043035982176661, 28.659290503710508, 3519.0 ], [ 84.04303589835763, 28.659290419891477, 3519.4 ], [ 84.04303589835763, 28.659290419891477, 3519.4 ], [ 84.043031707406044, 28.659289330244064, 3519.4 ], [ 84.04303589835763, 28.659290419891477, 3519.4 ], [ 84.04302173294127, 28.659295784309503, 3519.4 ], [ 84.043021397665143, 28.659296035766602, 3519.199999999999818 ], [ 84.043014524504542, 28.659302154555917, 3519.199999999999818 ], [ 84.043015278875828, 28.659300561994311, 3519.199999999999818 ], [ 84.043010333552957, 28.659295532852411, 3519.199999999999818 ], [ 84.04302173294127, 28.659295784309503, 3519.199999999999818 ], [ 84.04302173294127, 28.659295784309503, 3519.0 ], [ 84.043028354644775, 28.659292683005333, 3518.800000000000182 ], [ 84.043043525889516, 28.659269465133548, 3518.800000000000182 ], [ 84.043043525889516, 28.659269465133548, 3518.800000000000182 ], [ 84.043043525889516, 28.659269465133548, 3519.0 ], [ 84.043043525889516, 28.659269465133548, 3519.0 ], [ 84.04301879927516, 28.659313470125198, 3519.0 ], [ 84.043013267219067, 28.659318666905165, 3519.0 ], [ 84.042977979406714, 28.659351104870439, 3519.0 ], [ 84.042960377410054, 28.659365940839052, 3519.199999999999818 ], [ 84.042911594733596, 28.65939485840499, 3519.199999999999818 ], [ 84.042848395183682, 28.659431152045727, 3519.199999999999818 ], [ 84.042828027158976, 28.65943375043571, 3520.0 ], [ 84.042823500931263, 28.659445233643055, 3520.0 ], [ 84.042822746559978, 28.659486724063751, 3520.199999999999818 ], [ 84.042822159826756, 28.659488400444388, 3520.4 ], [ 84.042825764045119, 28.65948747843504, 3520.6 ], [ 84.042831296101213, 28.659494100138545, 3520.6 ], [ 84.042838839814067, 28.65950021892786, 3520.6 ], [ 84.042871780693531, 28.65950440987945, 3521.4 ], [ 84.042879827320576, 28.659506756812338, 3521.4 ], [ 84.042901368811727, 28.659517485648394, 3521.4 ], [ 84.042869433760643, 28.659555455669761, 3521.800000000000182 ], [ 84.0428302064538, 28.659580517560244, 3522.6 ], [ 84.042826518416405, 28.659582529217005, 3522.6 ], [ 84.042770024389029, 28.6596052441746, 3523.199999999999818 ], [ 84.042746555060148, 28.659615805372596, 3523.4 ], [ 84.042721828445792, 28.659637598320838, 3524.0 ], [ 84.042690061032772, 28.659652518108487, 3524.4 ], [ 84.042671620845795, 28.65966584533453, 3524.4 ], [ 84.042673716321588, 28.65967514924705, 3525.199999999999818 ], [ 84.042678829282522, 28.659679591655731, 3525.4 ], [ 84.042681511491537, 28.659687135368586, 3525.4 ], [ 84.042692324146628, 28.659710939973593, 3525.800000000000182 ], [ 84.04269240796566, 28.659713035449386, 3526.6 ], [ 84.042694251984358, 28.659716639667749, 3526.800000000000182 ], [ 84.042706657201052, 28.65974237211049, 3527.4 ], [ 84.042709590867162, 28.659744886681437, 3527.4 ], [ 84.042713446542621, 28.659749999642372, 3527.800000000000182 ], [ 84.042731635272503, 28.659755866974592, 3528.6 ], [ 84.042733227834105, 28.659760896116495, 3529.199999999999818 ], [ 84.042738676071167, 28.659773971885443, 3529.199999999999818 ], [ 84.042738676071167, 28.659773971885443, 3529.4 ], [ 84.042738508433104, 28.659774642437696, 3530.0 ], [ 84.042746974155307, 28.659789394587278, 3530.0 ], [ 84.04274077154696, 28.659806242212653, 3530.6 ], [ 84.042739011347294, 28.65981143899262, 3530.800000000000182 ], [ 84.042748566716909, 28.659811774268743, 3531.199999999999818 ], [ 84.042763821780682, 28.659807667136192, 3531.199999999999818 ], [ 84.042816292494535, 28.659792244434357, 3532.0 ], [ 84.042854430153966, 28.659789143130183, 3533.199999999999818 ], [ 84.042858788743615, 28.659789310768247, 3533.199999999999818 ], [ 84.042886700481176, 28.65979291498661, 3533.800000000000182 ], [ 84.042903296649456, 28.659798866137866, 3534.199999999999818 ], [ 84.042931376025081, 28.659824011847377, 3535.199999999999818 ], [ 84.042957695201039, 28.659848822280765, 3536.4 ], [ 84.04296113178134, 28.659850750118498, 3536.4 ], [ 84.042988205328584, 28.659853097051386, 3537.199999999999818 ], [ 84.042990133166313, 28.65985544398427, 3537.6 ], [ 84.043000107631087, 28.659881679341197, 3538.4 ], [ 84.043007399886847, 28.659886876121163, 3538.800000000000182 ], [ 84.043031120672822, 28.659883188083768, 3539.0 ], [ 84.04304813593626, 28.65988377481699, 3539.6 ], [ 84.043070431798697, 28.659876734018329, 3540.800000000000182 ], [ 84.043075544759631, 28.65987547673285, 3540.800000000000182 ], [ 84.043104378506541, 28.659868100658059, 3541.6 ], [ 84.043110916391015, 28.659868855029345, 3542.0 ], [ 84.043117118999362, 28.659868855029345, 3542.199999999999818 ], [ 84.043144695460796, 28.659862233325839, 3542.800000000000182 ], [ 84.043165650218725, 28.659861227497458, 3543.6 ], [ 84.043179647997022, 28.65985251031816, 3544.199999999999818 ], [ 84.04319423250854, 28.659847062081099, 3544.800000000000182 ], [ 84.043207811191678, 28.659841697663069, 3545.199999999999818 ], [ 84.043209152296185, 28.659838596358895, 3545.6 ], [ 84.043224658817053, 28.659835495054718, 3546.199999999999818 ], [ 84.043249217793345, 28.659834824502468, 3546.800000000000182 ], [ 84.043269753456116, 28.659828454256058, 3547.4 ], [ 84.043274950236082, 28.65982904098928, 3548.0 ], [ 84.043299341574311, 28.659815127030015, 3548.6 ], [ 84.043305963277817, 28.659810433164239, 3548.6 ], [ 84.043349381536245, 28.659787718206644, 3549.4 ], [ 84.043364804238081, 28.659780258312821, 3549.800000000000182 ], [ 84.043367905542254, 28.659780509769917, 3550.0 ], [ 84.04339212924242, 28.659770032390952, 3550.4 ], [ 84.043403444811702, 28.659770032390952, 3550.6 ], [ 84.043432781472802, 28.659752011299133, 3551.4 ], [ 84.04347519390285, 28.659730972722173, 3551.800000000000182 ], [ 84.043481228873134, 28.659728458151221, 3552.0 ], [ 84.043530430644751, 28.659705743193623, 3552.6 ], [ 84.043537303805351, 28.659703060984612, 3553.0 ], [ 84.043570579960942, 28.659676155075431, 3553.6 ], [ 84.043584829196334, 28.659662744030356, 3553.800000000000182 ], [ 84.043594216927886, 28.659661570563912, 3554.0 ], [ 84.043619865551591, 28.659651931375265, 3555.0 ], [ 84.043629923835397, 28.659649165347219, 3555.199999999999818 ], [ 84.043665295466781, 28.659637179225683, 3555.800000000000182 ], [ 84.043677365407348, 28.659640699625015, 3556.199999999999818 ], [ 84.043701253831387, 28.659648494794965, 3556.4 ], [ 84.043715670704842, 28.659662744030356, 3557.199999999999818 ], [ 84.043722711503506, 28.65967414341867, 3557.6 ], [ 84.043745258823037, 28.659708593040705, 3558.199999999999818 ], [ 84.043749533593655, 28.659714041277766, 3558.4 ], [ 84.043767219409347, 28.659732732921839, 3559.0 ], [ 84.043769063428044, 28.65974354557693, 3559.4 ], [ 84.043781301006675, 28.659784952178597, 3560.199999999999818 ], [ 84.043785324320197, 28.659788053482771, 3560.4 ], [ 84.043798567727208, 28.659801380708817, 3561.0 ], [ 84.043809380382299, 28.659822251647711, 3561.6 ], [ 84.043816672638059, 28.659836165606976, 3561.800000000000182 ], [ 84.043829580768943, 28.659868938848376, 3562.4 ], [ 84.043831676244736, 28.659877656027675, 3562.4 ], [ 84.04383385553956, 28.659928617998961, 3563.4 ], [ 84.04382991604507, 28.659951668232679, 3563.6 ], [ 84.043826060369611, 28.659971533343196, 3564.199999999999818 ], [ 84.043830838054419, 28.659981340169907, 3564.800000000000182 ], [ 84.043867131695151, 28.660002546384931, 3565.0 ], [ 84.043906191363931, 28.660051831975579, 3565.4 ], [ 84.043913902714849, 28.660059878602624, 3565.6 ], [ 84.043954471126199, 28.660061890259385, 3566.199999999999818 ], [ 84.043972659856081, 28.660065243020657, 3566.800000000000182 ], [ 84.043967546895146, 28.660064153373241, 3566.800000000000182 ], [ 84.043972324579954, 28.660051412880421, 3566.800000000000182 ], [ 84.04397358186543, 28.660042025148869, 3566.800000000000182 ], [ 84.043995374813676, 28.659981340169907, 3566.800000000000182 ], [ 84.044012641534209, 28.659961139783263, 3567.199999999999818 ], [ 84.044034434482455, 28.659941274672747, 3567.6 ], [ 84.044060250744224, 28.65991847589612, 3568.0 ], [ 84.044081121683121, 28.659904729574919, 3568.199999999999818 ], [ 84.044105764478445, 28.659887630492449, 3568.800000000000182 ], [ 84.044112721458077, 28.65988427773118, 3569.199999999999818 ], [ 84.044141555204988, 28.659873465076089, 3569.6 ], [ 84.044149182736874, 28.659869944676757, 3570.0 ], [ 84.044167874380946, 28.659857539460063, 3570.199999999999818 ], [ 84.044185811653733, 28.659842619672418, 3570.199999999999818 ], [ 84.044195618480444, 28.659833818674088, 3571.0 ], [ 84.044217579066753, 28.65980481728911, 3571.199999999999818 ], [ 84.044240964576602, 28.659767266362906, 3572.4 ], [ 84.044256806373596, 28.659758633002639, 3573.0 ], [ 84.044271055608988, 28.659748239442703, 3573.199999999999818 ], [ 84.044278347864747, 28.659744132310152, 3573.199999999999818 ], [ 84.044312797486782, 28.65971177816391, 3574.0 ], [ 84.044323693960905, 28.659687135368586, 3574.4 ], [ 84.044330315664411, 28.65968051366508, 3574.6 ], [ 84.044362502172589, 28.659653523936868, 3575.6 ], [ 84.044379014521837, 28.659638687968258, 3575.6 ], [ 84.044413464143872, 28.659588564187288, 3575.800000000000182 ], [ 84.044418828561902, 28.659529807046056, 3575.800000000000182 ], [ 84.044415643438697, 28.659467780962583, 3576.4 ], [ 84.044419163838029, 28.659446742385622, 3576.6 ], [ 84.044450763612986, 28.659411873668432, 3576.6 ], [ 84.044465264305472, 28.659398797899485, 3577.0 ], [ 84.04449250549078, 28.659388991072777, 3577.800000000000182 ], [ 84.044511280953884, 28.659369964152575, 3578.4 ], [ 84.044547406956553, 28.659344064071774, 3578.800000000000182 ], [ 84.04456484131515, 28.659332245588303, 3579.0 ], [ 84.044646313413978, 28.659277595579624, 3579.199999999999818 ], [ 84.044656455516815, 28.659270387142897, 3579.199999999999818 ], [ 84.044699622318149, 28.659232081845403, 3579.6 ], [ 84.044695347547531, 28.659233087673783, 3579.6 ], [ 84.04469576664269, 28.659233171492815, 3579.800000000000182 ], [ 84.04469576664269, 28.659233171492815, 3580.0 ], [ 84.04469576664269, 28.659233171492815, 3580.0 ], [ 84.044699119403958, 28.659240044653416, 3580.199999999999818 ], [ 84.044700628146529, 28.659240799024701, 3580.4 ], [ 84.044711021706462, 28.659219928085804, 3580.4 ], [ 84.044757708907127, 28.659155135974288, 3580.800000000000182 ], [ 84.044812861829996, 28.659105515107512, 3580.800000000000182 ], [ 84.044836750254035, 28.659094115719199, 3580.800000000000182 ], [ 84.044856363907456, 28.659085482358932, 3581.199999999999818 ], [ 84.044886790215969, 28.659052457660437, 3581.800000000000182 ], [ 84.044896680861712, 28.659041058272123, 3581.800000000000182 ], [ 84.044932806864381, 28.659002250060439, 3582.199999999999818 ], [ 84.044981170445681, 28.658963944762945, 3582.800000000000182 ], [ 84.044989803805947, 28.658959418535233, 3583.0 ], [ 84.045025678351521, 28.65893779322505, 3584.0 ], [ 84.045051159337163, 28.65891826339066, 3584.4 ], [ 84.045085776597261, 28.65889823064208, 3585.0 ], [ 84.045104384422302, 28.658888339996334, 3585.4 ], [ 84.045142438262701, 28.658877946436405, 3586.199999999999818 ], [ 84.045167332515121, 28.658875180408359, 3586.800000000000182 ], [ 84.04518342576921, 28.658869899809361, 3587.4 ], [ 84.045213684439659, 28.658838802948591, 3587.800000000000182 ], [ 84.045267077162862, 28.658813741058111, 3588.199999999999818 ], [ 84.045274872332811, 28.658810807392001, 3588.199999999999818 ], [ 84.045294066891074, 28.658809131011367, 3588.800000000000182 ], [ 84.045293815433979, 28.658809717744589, 3589.0 ], [ 84.045293815433979, 28.658809717744589, 3589.0 ], [ 84.04531879350543, 28.658799156546593, 3589.199999999999818 ], [ 84.045324074104428, 28.658803096041083, 3589.4 ], [ 84.045331617817283, 28.658788427710533, 3589.6 ], [ 84.045360954478383, 28.658771831542253, 3590.0 ], [ 84.04541652649641, 28.658730760216713, 3590.199999999999818 ], [ 84.045431530103087, 28.658724389970303, 3590.6 ], [ 84.045463129878044, 28.658708799630404, 3590.800000000000182 ], [ 84.045519456267357, 28.658704608678818, 3591.6 ], [ 84.045562455430627, 28.658706285059452, 3592.6 ], [ 84.045604532584548, 28.658697819337249, 3593.6 ], [ 84.045614507049322, 28.658693041652441, 3593.800000000000182 ], [ 84.045645436272025, 28.658660184592009, 3594.4 ], [ 84.04565348289907, 28.658644175156951, 3594.800000000000182 ], [ 84.045662116259336, 28.658623890951276, 3595.4 ], [ 84.045673683285713, 28.658609557896852, 3596.0 ], [ 84.045674605295062, 28.658606288954616, 3596.0 ], [ 84.045679969713092, 28.658575192093849, 3596.800000000000182 ], [ 84.045689525082707, 28.658567480742931, 3597.0 ], [ 84.045714922249317, 28.65855423733592, 3597.399999999999636 ], [ 84.045738223940134, 28.658545939251781, 3598.199999999999818 ], [ 84.045745600014925, 28.658541329205036, 3598.399999999999636 ], [ 84.045782228931785, 28.658514674752951, 3599.199999999999818 ], [ 84.045799663290381, 28.658501179888844, 3599.399999999999636 ], [ 84.045862443745136, 28.658451391384009, 3599.399999999999636 ], [ 84.045924721285701, 28.658416187390685, 3600.0 ], [ 84.045932264998555, 28.658413086086512, 3600.399999999999636 ], [ 84.045940982177854, 28.658397831022739, 3600.399999999999636 ], [ 84.046007785946131, 28.658354831859469, 3601.199999999999818 ], [ 84.046019352972507, 28.658350892364979, 3601.399999999999636 ], [ 84.046026729047298, 28.658358687534928, 3602.199999999999818 ], [ 84.046032512560487, 28.658357178792357, 3602.399999999999636 ], [ 84.046076433733106, 28.658332200720903, 3602.600000000000364 ], [ 84.046151535585523, 28.658273443579674, 3603.0 ], [ 84.046194283291698, 28.658238658681512, 3603.4 ], [ 84.046216998249292, 28.658211501315236, 3603.6 ], [ 84.046243485063314, 28.658189121633768, 3603.6 ], [ 84.046311629936099, 28.658141093328595, 3604.0 ], [ 84.046381367370486, 28.658108823001385, 3604.6 ], [ 84.046390922740102, 28.658103374764323, 3604.800000000000182 ], [ 84.046452445909381, 28.658073702827096, 3605.6 ], [ 84.04648857191205, 28.658056519925591, 3606.199999999999818 ], [ 84.046504916623235, 28.658042857423425, 3606.800000000000182 ], [ 84.046538276597857, 28.658014861866832, 3607.6 ], [ 84.04658923856914, 28.657991727814078, 3607.800000000000182 ], [ 84.046605918556452, 28.657983681187034, 3608.199999999999818 ], [ 84.046646319329739, 28.657967168837786, 3609.0 ], [ 84.046653443947434, 28.657963648438457, 3609.199999999999818 ], [ 84.046681858599186, 28.657945543527603, 3610.0 ], [ 84.046683451160789, 28.657942190766335, 3610.199999999999818 ], [ 84.046683451160789, 28.657942274585366, 3610.4 ], [ 84.046683451160789, 28.657942274585366, 3610.4 ], [ 84.046683451160789, 28.657942274585366, 3610.800000000000182 ], [ 84.046707171946764, 28.65792584605515, 3610.800000000000182 ], [ 84.046736173331738, 28.657903885468841, 3610.800000000000182 ], [ 84.046762743964791, 28.657891564071178, 3610.800000000000182 ], [ 84.046775819733739, 28.657886032015085, 3610.800000000000182 ], [ 84.046834828332067, 28.657844122499228, 3611.0 ], [ 84.046878581866622, 28.657821072265502, 3611.4 ], [ 84.046897105872631, 28.657811852172017, 3611.4 ], [ 84.04697522521019, 28.657769942656159, 3612.199999999999818 ], [ 84.047007830813527, 28.657738594338294, 3612.199999999999818 ], [ 84.047019146382809, 28.657729206606746, 3612.4 ], [ 84.047026271000504, 28.657726356759667, 3612.4 ], [ 84.047094918787479, 28.657684950158, 3612.800000000000182 ], [ 84.047151496633887, 28.657639604061838, 3613.4 ], [ 84.047156861051917, 28.65763021633029, 3613.6 ], [ 84.047198686748743, 28.657569531351328, 3614.0 ], [ 84.047221569344401, 28.657548241317272, 3614.6 ], [ 84.047244368121028, 28.657530220225453, 3615.4 ], [ 84.047254426404834, 28.657518653199077, 3615.6 ], [ 84.047285439446568, 28.657498117536303, 3616.199999999999818 ], [ 84.047321733087301, 28.657473139464855, 3616.199999999999818 ], [ 84.047352662310004, 28.657447909936309, 3616.800000000000182 ], [ 84.047357020899653, 28.657439444214106, 3617.0 ], [ 84.047414856031537, 28.657393511384729, 3617.800000000000182 ], [ 84.047423740848899, 28.657383872196078, 3618.0 ], [ 84.047467410564423, 28.657341711223125, 3618.0 ], [ 84.047532035037875, 28.657297203317285, 3618.199999999999818 ], [ 84.047587858512998, 28.657270632684231, 3618.6 ], [ 84.047609148547053, 28.657260490581393, 3618.800000000000182 ], [ 84.047653153538704, 28.657217575237155, 3619.0 ], [ 84.047704534605145, 28.657185388728976, 3619.0 ], [ 84.047737894579768, 28.65717139095068, 3619.800000000000182 ], [ 84.047753904014826, 28.657164517790079, 3620.199999999999818 ], [ 84.047773936763406, 28.657155381515626, 3620.6 ], [ 84.047817522659898, 28.657144401222467, 3621.199999999999818 ], [ 84.04782934114337, 28.657141216099262, 3621.4 ], [ 84.047884410247207, 28.657114980742335, 3622.0 ], [ 84.047909220680594, 28.657107185572382, 3622.199999999999818 ], [ 84.047948028892279, 28.657097378745675, 3623.0 ], [ 84.047962781041861, 28.65709369070828, 3623.4 ], [ 84.047989184036851, 28.657088242471215, 3623.800000000000182 ], [ 84.048059927299619, 28.657045159488916, 3624.4 ], [ 84.048102758824825, 28.657022779807448, 3625.199999999999818 ], [ 84.048107452690601, 28.657020181417465, 3625.4 ], [ 84.048154558986425, 28.656990677118301, 3626.0 ], [ 84.048155313357711, 28.656982546672225, 3626.199999999999818 ], [ 84.048157744109631, 28.656982714310288, 3626.6 ], [ 84.048168389126658, 28.656979193910956, 3626.6 ], [ 84.048258243128657, 28.656933763995767, 3626.6 ], [ 84.048310043290257, 28.656917838379741, 3627.4 ], [ 84.048317670822144, 28.656913479790092, 3627.6 ], [ 84.04837223701179, 28.656870815902948, 3628.199999999999818 ], [ 84.048446835950017, 28.656830079853535, 3628.4 ], [ 84.048473574221134, 28.656811723485589, 3629.0 ], [ 84.048541132360697, 28.656769311055541, 3629.199999999999818 ], [ 84.048583125695586, 28.656750619411469, 3629.6 ], [ 84.048605086281896, 28.656739890575409, 3630.0 ], [ 84.048613300547004, 28.656735448166728, 3630.199999999999818 ], [ 84.048675410449505, 28.656701920554038, 3630.6 ], [ 84.048729809001088, 28.656659005209804, 3631.0 ], [ 84.04874162748456, 28.656655484810472, 3631.199999999999818 ], [ 84.048837181180716, 28.656625645235181, 3631.4 ], [ 84.048866936936975, 28.656608965247869, 3632.0 ], [ 84.048875067383051, 28.656602762639523, 3632.0 ], [ 84.048897782340646, 28.656587256118655, 3632.4 ], [ 84.048914378508925, 28.656557584181428, 3633.199999999999818 ], [ 84.048923766240478, 28.656549202278256, 3633.6 ], [ 84.048954863101244, 28.656542245298624, 3634.199999999999818 ], [ 84.048964837566018, 28.656540904194117, 3634.6 ], [ 84.048985876142979, 28.656533360481266, 3635.4 ], [ 84.048995012417436, 28.656528498977423, 3635.6 ], [ 84.049034155905247, 28.656518189236522, 3636.4 ], [ 84.04907145537436, 28.65651031024754, 3637.4 ], [ 84.049110515043139, 28.656505364924669, 3638.199999999999818 ], [ 84.049130463972688, 28.656496899202462, 3638.6 ], [ 84.049146305769682, 28.656493378803138, 3639.0 ], [ 84.049170780926943, 28.65648734383285, 3639.6 ], [ 84.049182012677193, 28.656485751271248, 3639.800000000000182 ], [ 84.049221910536289, 28.656468233093619, 3640.4 ], [ 84.049244876950979, 28.65646731108427, 3640.800000000000182 ], [ 84.04928058385849, 28.656461276113987, 3641.0 ], [ 84.049350572749972, 28.656445518136024, 3641.4 ], [ 84.04937244951725, 28.656439650803804, 3641.800000000000182 ], [ 84.049398684874177, 28.65642867051065, 3642.0 ], [ 84.049467500299215, 28.656416852027174, 3642.4 ], [ 84.049501111730933, 28.656415175646544, 3642.800000000000182 ], [ 84.049558192491531, 28.656396064907312, 3643.800000000000182 ], [ 84.049567328765988, 28.656394639983773, 3644.199999999999818 ], [ 84.049600772559643, 28.65639790892601, 3644.800000000000182 ], [ 84.049623152241111, 28.656394723802805, 3645.199999999999818 ], [ 84.049641760066152, 28.6563949752599, 3645.4 ], [ 84.04967050999403, 28.656387766823173, 3646.199999999999818 ], [ 84.049710407853127, 28.656378127634525, 3646.6 ], [ 84.049739325419068, 28.656376283615828, 3647.4 ], [ 84.049760196357965, 28.656374355778095, 3647.800000000000182 ], [ 84.049788443371654, 28.656377540901303, 3648.4 ], [ 84.04979464598, 28.656371925026178, 3648.6 ], [ 84.04983420856297, 28.656358765438199, 3649.4 ], [ 84.04986497014761, 28.656353820115328, 3650.0 ], [ 84.04988894239068, 28.656358681619167, 3650.6 ], [ 84.049915345385671, 28.656363291665912, 3651.6 ], [ 84.04992263764143, 28.656360357999802, 3651.6 ], [ 84.049957757815719, 28.656351724639535, 3652.0 ], [ 84.050005953758955, 28.65634904243052, 3652.800000000000182 ], [ 84.050054233521223, 28.65634560585022, 3653.800000000000182 ], [ 84.050058508291841, 28.656347701326013, 3654.0 ], [ 84.050086922943592, 28.656352311372757, 3654.4 ], [ 84.050119277089834, 28.656351557001472, 3655.0 ], [ 84.050142411142588, 28.656353065744039, 3655.199999999999818 ], [ 84.050162946805358, 28.65635390393436, 3656.0 ], [ 84.050162946805358, 28.65635247901082, 3656.199999999999818 ], [ 84.050191529095173, 28.656353149563071, 3657.0 ], [ 84.050199659541249, 28.656350634992123, 3657.0 ], [ 84.050214663147926, 28.656349293887615, 3657.4 ], [ 84.05025003477931, 28.656345941126347, 3658.0 ], [ 84.050271660089493, 28.65634493529797, 3659.0 ], [ 84.050277359783649, 28.656341833993793, 3659.199999999999818 ], [ 84.050309713929892, 28.656331524252892, 3659.800000000000182 ], [ 84.050332177430391, 28.656324651092291, 3660.199999999999818 ], [ 84.050375930964947, 28.656318029388785, 3660.6 ], [ 84.050399148836732, 28.656321968883276, 3661.199999999999818 ], [ 84.050422534346581, 28.656317191198468, 3662.0 ], [ 84.050430078059435, 28.656314425170422, 3662.4 ], [ 84.050440387800336, 28.656314257532362, 3662.800000000000182 ], [ 84.050468970090151, 28.656314928084612, 3663.4 ], [ 84.050503503531218, 28.656316520646214, 3664.4 ], [ 84.050506940111518, 28.656315682455897, 3664.4 ], [ 84.050538539886475, 28.656302941963077, 3665.6 ], [ 84.050557315349579, 28.656303863972425, 3665.800000000000182 ], [ 84.050587909296155, 28.656289698556066, 3666.6 ], [ 84.050596877932549, 28.65628944709897, 3667.0 ], [ 84.050620347261429, 28.656278131529689, 3667.199999999999818 ], [ 84.050629232078791, 28.656276371330023, 3667.4 ], [ 84.05063753016293, 28.656273353844881, 3667.800000000000182 ], [ 84.050652701407671, 28.656269917264581, 3668.4 ], [ 84.050668207928538, 28.656265223398805, 3668.800000000000182 ], [ 84.050677511841059, 28.656264049932361, 3669.199999999999818 ], [ 84.050696706399322, 28.656260445713997, 3669.800000000000182 ], [ 84.050709279254079, 28.656260278075933, 3670.0 ], [ 84.050728725269437, 28.65625960752368, 3670.800000000000182 ], [ 84.050737526267767, 28.656250555068254, 3671.800000000000182 ], [ 84.050738113000989, 28.656250555068254, 3671.800000000000182 ], [ 84.050784213468432, 28.656234461814165, 3672.4 ], [ 84.050799049437046, 28.656230689957734, 3673.0 ], [ 84.050810616463423, 28.656223397701979, 3673.6 ], [ 84.050825703889132, 28.656219039112329, 3674.0 ], [ 84.050835510715842, 28.656215853989124, 3674.199999999999818 ], [ 84.050864595919847, 28.65621300414205, 3675.0 ], [ 84.050903907045722, 28.656202359125015, 3676.0 ], [ 84.050909774377942, 28.656200598925352, 3676.199999999999818 ], [ 84.050942799076438, 28.656185260042548, 3676.6 ], [ 84.051003651693463, 28.656166316941381, 3677.0 ], [ 84.051027959212661, 28.656149804592133, 3677.4 ], [ 84.051069365814328, 28.656133878976107, 3678.199999999999818 ], [ 84.051116639748216, 28.656110074371099, 3678.4 ], [ 84.051136253401637, 28.656099513173103, 3678.6 ], [ 84.05116424895823, 28.656086437404156, 3679.0 ], [ 84.051213869825006, 28.656065063551068, 3679.4 ], [ 84.051253013312817, 28.65605391561985, 3679.6 ], [ 84.051273381337523, 28.656047461554408, 3679.800000000000182 ], [ 84.051321325823665, 28.65604167804122, 3680.6 ], [ 84.051331048831344, 28.656041426584125, 3681.0 ], [ 84.051363486796618, 28.656040253117681, 3681.800000000000182 ], [ 84.051391817629337, 28.656034972518679, 3682.800000000000182 ], [ 84.051408497616649, 28.656032457947731, 3683.199999999999818 ], [ 84.051439007744193, 28.656028434634209, 3683.6 ], [ 84.051450826227665, 28.656024159863591, 3683.800000000000182 ], [ 84.05147354118526, 28.656028434634209, 3684.6 ], [ 84.051489299163222, 28.656028350815177, 3684.800000000000182 ], [ 84.051510253921151, 28.65602457895875, 3685.199999999999818 ], [ 84.051538752391934, 28.656018879264593, 3685.800000000000182 ], [ 84.051582757383585, 28.656021477654576, 3686.800000000000182 ], [ 84.051596587523818, 28.656021896749735, 3687.0 ], [ 84.051625756546855, 28.656026171520352, 3687.800000000000182 ], [ 84.051626259461045, 28.656026422977448, 3688.199999999999818 ], [ 84.051657943055034, 28.656019465997815, 3688.4 ], [ 84.051705552265048, 28.656029272824529, 3689.199999999999818 ], [ 84.051732206717134, 28.65603044629097, 3690.0 ], [ 84.051741259172559, 28.656028769910336, 3690.4 ], [ 84.05177160166204, 28.656026925891641, 3691.0 ], [ 84.051798759028316, 28.656023656949401, 3691.4 ], [ 84.05182683840394, 28.656022399663925, 3691.800000000000182 ], [ 84.051859611645341, 28.65601871162653, 3692.6 ], [ 84.051898084580898, 28.6560099106282, 3692.800000000000182 ], [ 84.051950555294752, 28.656010245904326, 3693.6 ], [ 84.051956506446004, 28.656015526503325, 3693.800000000000182 ], [ 84.05195533297956, 28.656017873436213, 3694.800000000000182 ], [ 84.05195533297956, 28.656017873436213, 3694.800000000000182 ], [ 84.051967151463032, 28.656032709404823, 3697.4 ], [ 84.051965223625302, 28.656035391613841, 3697.6 ], [ 84.051947202533484, 28.656055340543389, 3698.0 ], [ 84.051914429292083, 28.656079396605492, 3698.6 ], [ 84.051878387108445, 28.656115690246224, 3699.6 ], [ 84.05184636823833, 28.656132286414504, 3700.800000000000182 ], [ 84.051836645230651, 28.656142009422183, 3701.199999999999818 ], [ 84.051818121224642, 28.65616237744689, 3702.0 ], [ 84.051812924444675, 28.656164053827524, 3702.199999999999818 ], [ 84.051762381568551, 28.656185679137707, 3703.0 ], [ 84.051735643297434, 28.656213171780109, 3704.0 ], [ 84.051730027422309, 28.65621954202652, 3704.0 ], [ 84.051708737388253, 28.656229684129357, 3704.800000000000182 ], [ 84.051694069057703, 28.656237311661243, 3705.199999999999818 ], [ 84.051680406555533, 28.656247369945049, 3705.800000000000182 ], [ 84.051669426262379, 28.65626011043787, 3706.4 ], [ 84.051651656627655, 28.656279724091291, 3707.6 ], [ 84.051651321351528, 28.656286597251892, 3707.800000000000182 ], [ 84.051631288602948, 28.656303780153394, 3708.800000000000182 ], [ 84.051603209227324, 28.65632968023419, 3709.800000000000182 ], [ 84.051597760990262, 28.656335128471255, 3710.0 ], [ 84.051576722413301, 28.656354071572423, 3710.800000000000182 ], [ 84.051571022719145, 28.656360357999802, 3711.0 ], [ 84.051565239205956, 28.656376199796796, 3711.6 ], [ 84.051586529240012, 28.656371422111988, 3712.0 ], [ 84.05160010792315, 28.656364465132356, 3712.4 ], [ 84.051641095429659, 28.656351305544376, 3712.800000000000182 ], [ 84.051649309694767, 28.656360944733024, 3713.199999999999818 ], [ 84.0516372397542, 28.65638257004321, 3713.6 ], [ 84.051616955548525, 28.656398747116327, 3714.199999999999818 ], [ 84.051606897264719, 28.656404111534357, 3714.4 ], [ 84.051588457077742, 28.65642137825489, 3715.199999999999818 ], [ 84.051586193963885, 28.656422132626176, 3715.4 ], [ 84.051571357995272, 28.656438980251551, 3716.199999999999818 ], [ 84.051567586138844, 28.656442919746041, 3716.4 ], [ 84.051549397408962, 28.656460186466575, 3717.0 ], [ 84.051526347175241, 28.656472088769078, 3717.6 ], [ 84.051513439044356, 28.656479464843869, 3718.0 ], [ 84.051496926695108, 28.656490361317992, 3718.6 ], [ 84.051500363275409, 28.656494216993451, 3719.0 ], [ 84.051521234214306, 28.656496983021498, 3719.800000000000182 ], [ 84.051549984142184, 28.656492959707975, 3720.199999999999818 ], [ 84.051576051861048, 28.656484326347709, 3720.6 ], [ 84.051593653857708, 28.656479632481933, 3720.800000000000182 ], [ 84.051632126793265, 28.65647334605455, 3721.6 ], [ 84.051647381857038, 28.65646873600781, 3721.800000000000182 ], [ 84.051686944440007, 28.656456749886271, 3722.800000000000182 ], [ 84.051691386848688, 28.656454235315323, 3722.800000000000182 ], [ 84.051726339384913, 28.656456414610147, 3723.4 ], [ 84.051754251122475, 28.656457671895623, 3724.0 ], [ 84.051755676046014, 28.65646144375205, 3724.199999999999818 ], [ 84.051732206717134, 28.656489439308643, 3725.199999999999818 ], [ 84.05172617174685, 28.65649924613535, 3725.6 ], [ 84.051710665225983, 28.6565176025033, 3726.4 ], [ 84.051682753488421, 28.656540066003799, 3727.199999999999818 ], [ 84.051672611385584, 28.656544843688607, 3727.6 ], [ 84.051657440140843, 28.656562445685267, 3728.6 ], [ 84.051639083772898, 28.656568229198456, 3729.4 ], [ 84.051632629707456, 28.656572755426168, 3729.6 ], [ 84.051617458462715, 28.656582059338689, 3730.0 ], [ 84.051607986912131, 28.656602343544364, 3730.6 ], [ 84.051592983305454, 28.656619023531675, 3731.800000000000182 ], [ 84.05158007517457, 28.65663930773735, 3732.199999999999818 ], [ 84.051575213670731, 28.656649449840188, 3732.800000000000182 ], [ 84.051560629159212, 28.656666129827499, 3733.6 ], [ 84.05155174434185, 28.656673422083259, 3734.0 ], [ 84.051535986363888, 28.656686581671241, 3734.4 ], [ 84.051536908373237, 28.656696975231171, 3735.0 ], [ 84.051534812897444, 28.656694963574409, 3735.199999999999818 ], [ 84.051519641652703, 28.656710721552372, 3735.4 ], [ 84.051510840654373, 28.656715750694275, 3736.0 ], [ 84.051488041877747, 28.656732346862555, 3736.6 ], [ 84.051479240879416, 28.656737040728331, 3737.0 ], [ 84.051458202302456, 28.656757744029164, 3737.800000000000182 ], [ 84.051446802914143, 28.65676729939878, 3738.199999999999818 ], [ 84.051409168168902, 28.656796049326658, 3739.0 ], [ 84.051395589485765, 28.656813567504287, 3739.199999999999818 ], [ 84.051377568393946, 28.656830582767725, 3739.6 ], [ 84.051335491240025, 28.656850196421143, 3740.0 ], [ 84.051309339702129, 28.656878862529993, 3740.199999999999818 ], [ 84.051304142922163, 28.656881963834167, 3740.199999999999818 ], [ 84.051296599209309, 28.65688850171864, 3740.4 ], [ 84.051265250891447, 28.656908283010125, 3741.199999999999818 ], [ 84.051240105181932, 28.656931584700946, 3742.199999999999818 ], [ 84.051240272819996, 28.656935021281239, 3742.4 ], [ 84.051225436851382, 28.656954970210791, 3743.0 ], [ 84.051220575347543, 28.656966621056199, 3743.6 ], [ 84.051210600882769, 28.656981037929658, 3744.199999999999818 ], [ 84.051200291141868, 28.65699285641313, 3744.6 ], [ 84.051177157089114, 28.657012218609452, 3745.4 ], [ 84.051172295585275, 28.657019594684243, 3745.800000000000182 ], [ 84.051159890368581, 28.65704046562314, 3746.800000000000182 ], [ 84.051160058006644, 28.657040800899267, 3747.0 ], [ 84.051142036914825, 28.657075501978397, 3747.800000000000182 ], [ 84.05113784596324, 28.657078268006444, 3748.0 ], [ 84.051126865670085, 28.657090840861201, 3748.4 ], [ 84.051121836528182, 28.657092768698931, 3748.6 ], [ 84.051114711910486, 28.657100982964039, 3749.0 ], [ 84.051108006387949, 28.657121686264873, 3750.0 ], [ 84.051102139055729, 28.657152112573385, 3751.199999999999818 ], [ 84.051099624484777, 28.65715772844851, 3751.4 ], [ 84.051086967810988, 28.65718262270093, 3752.0 ], [ 84.051081771031022, 28.657189663499594, 3752.199999999999818 ], [ 84.051069868728518, 28.657217239961028, 3753.199999999999818 ], [ 84.051061989739537, 28.657232662662864, 3753.199999999999818 ], [ 84.051059307530522, 28.657233919948339, 3753.4 ], [ 84.051034161821008, 28.657263088971376, 3754.4 ], [ 84.051012955605984, 28.657289491966367, 3755.199999999999818 ], [ 84.051012201234698, 28.657289324328303, 3755.4 ], [ 84.050994515419006, 28.657306507229805, 3755.800000000000182 ], [ 84.050979260355234, 28.657327964901924, 3756.4 ], [ 84.050975488498807, 28.657332826405764, 3756.6 ], [ 84.050964424386621, 28.657341627404097, 3757.0 ], [ 84.050955707207322, 28.657353948801756, 3757.6 ], [ 84.050939530134201, 28.65737222135067, 3758.800000000000182 ], [ 84.050918743014336, 28.657392086461183, 3759.6 ], [ 84.050914300605655, 28.657398205250502, 3759.800000000000182 ], [ 84.05090625397861, 28.657409437000751, 3760.4 ], [ 84.050892842933536, 28.657414130866528, 3761.0 ], [ 84.050884125754237, 28.65742159076035, 3761.199999999999818 ], [ 84.050851101055741, 28.657445311546329, 3762.0 ], [ 84.050847580656409, 28.657449586316943, 3762.199999999999818 ], [ 84.050850849598646, 28.657458554953337, 3762.800000000000182 ], [ 84.0508549567312, 28.657458471134305, 3763.0 ], [ 84.050866104662418, 28.657454866915941, 3763.199999999999818 ], [ 84.050872894003987, 28.657453022897243, 3763.199999999999818 ], [ 84.050907343626022, 28.657445814460516, 3763.800000000000182 ], [ 84.050918743014336, 28.657449670135975, 3764.199999999999818 ], [ 84.050942212343216, 28.657448831945658, 3765.0 ], [ 84.050947492942214, 28.657448664307591, 3765.199999999999818 ], [ 84.050980266183615, 28.65744941867888, 3766.4 ], [ 84.051015889272094, 28.657451933249831, 3767.199999999999818 ], [ 84.051024354994297, 28.657447993755341, 3767.4 ], [ 84.051047069951892, 28.657443718984723, 3767.800000000000182 ], [ 84.051065007224679, 28.657437600195408, 3768.4 ], [ 84.051079591736197, 28.657439444214106, 3768.800000000000182 ], [ 84.051109934225678, 28.657441036775708, 3769.6 ], [ 84.051147066056728, 28.657439611852169, 3770.6 ], [ 84.051156202331185, 28.657438103109602, 3770.800000000000182 ], [ 84.051178246736526, 28.657444305717945, 3771.6 ], [ 84.051183443516493, 28.657445395365357, 3771.800000000000182 ], [ 84.051206074655056, 28.657448077574372, 3772.6 ], [ 84.051224179565907, 28.657445982098579, 3773.0 ], [ 84.051244128495455, 28.657439695671201, 3773.199999999999818 ], [ 84.051275476813316, 28.657421842217445, 3773.800000000000182 ], [ 84.051281176507473, 28.657421506941319, 3774.0 ], [ 84.051317889243364, 28.657411951571703, 3774.6 ], [ 84.051331467926502, 28.657404240220785, 3774.800000000000182 ], [ 84.051341190934181, 28.657400719821453, 3775.0 ], [ 84.051360301673412, 28.657387895509601, 3776.199999999999818 ], [ 84.051368599757552, 28.657381860539317, 3776.6 ], [ 84.051395421847701, 28.657369706779718, 3777.4 ], [ 84.051429117098451, 28.65736342035234, 3778.4 ], [ 84.051437750458717, 28.657364593818784, 3778.6 ], [ 84.051460716873407, 28.657353445887569, 3779.6 ], [ 84.051464656367898, 28.657353529706597, 3779.800000000000182 ], [ 84.051485694944859, 28.657343806698918, 3780.6 ], [ 84.051492903381586, 28.657340286299583, 3780.800000000000182 ], [ 84.05153607018292, 28.657321091741323, 3781.4 ], [ 84.051551995798945, 28.657315727323297, 3781.800000000000182 ], [ 84.051581835374236, 28.657302651554343, 3782.199999999999818 ], [ 84.051609160378575, 28.657283373177052, 3782.800000000000182 ], [ 84.051615530624986, 28.657281445339319, 3783.0 ], [ 84.051656601950526, 28.657275158911943, 3783.800000000000182 ], [ 84.051660038530827, 28.657276332378387, 3784.0 ], [ 84.051714353263378, 28.65726912394166, 3784.800000000000182 ], [ 84.051728686317801, 28.657273733988404, 3785.0 ], [ 84.051729692146182, 28.657286558300257, 3785.6 ], [ 84.051709910854697, 28.657299885526299, 3785.6 ], [ 84.051692560315132, 28.657338777557015, 3786.199999999999818 ], [ 84.051688117906451, 28.657348500564694, 3786.4 ], [ 84.051674790680408, 28.657371886074543, 3787.199999999999818 ], [ 84.051668671891093, 28.657384291291237, 3787.4 ], [ 84.051635144278407, 28.657400971278548, 3787.800000000000182 ], [ 84.051638077944517, 28.657393595203757, 3788.0 ], [ 84.051638077944517, 28.657393595203757, 3788.199999999999818 ], [ 84.051638077944517, 28.657393595203757, 3788.199999999999818 ], [ 84.051638077944517, 28.657393595203757, 3788.199999999999818 ], [ 84.051639083772898, 28.657409185543656, 3788.199999999999818 ], [ 84.051621146500111, 28.657427206635475, 3788.4 ], [ 84.051603963598609, 28.657453441992399, 3788.800000000000182 ], [ 84.05158787034452, 28.657488394528627, 3789.6 ], [ 84.051567167043686, 28.65751831792295, 3790.6 ], [ 84.051567418500781, 28.65755008533597, 3791.800000000000182 ], [ 84.051578314974904, 28.657566765323281, 3792.800000000000182 ], [ 84.051582841202617, 28.657569698989391, 3793.0 ], [ 84.051602287217975, 28.657568274065852, 3793.4 ], [ 84.051618799567223, 28.657560395076871, 3793.800000000000182 ], [ 84.051631120964885, 28.657556287944317, 3794.199999999999818 ], [ 84.051662217825651, 28.65754178725183, 3794.800000000000182 ], [ 84.05171200633049, 28.657530639320612, 3795.6 ], [ 84.051720388233662, 28.657528208568692, 3795.800000000000182 ], [ 84.05173203907907, 28.657522508874536, 3796.199999999999818 ], [ 84.05174620449543, 28.657514462247491, 3796.6 ], [ 84.051759280264378, 28.657512031495571, 3797.0 ], [ 84.051790628582239, 28.657505745068192, 3797.800000000000182 ], [ 84.051793562248349, 28.65750515833497, 3798.0 ], [ 84.051815690472722, 28.657502895221111, 3798.6 ], [ 84.051823820918798, 28.657503984868526, 3799.199999999999818 ], [ 84.051822563633323, 28.657502140849829, 3800.0 ], [ 84.051840668544173, 28.657488394528627, 3800.0 ], [ 84.051848715171218, 28.657481018453836, 3800.199999999999818 ], [ 84.051880734041333, 28.657466182485223, 3800.800000000000182 ], [ 84.051895821467042, 28.657466769218445, 3801.199999999999818 ], [ 84.051900850608945, 28.657488478347659, 3802.0 ], [ 84.05189473181963, 28.657501386478543, 3802.199999999999818 ], [ 84.051884757354856, 28.657518904656172, 3802.800000000000182 ], [ 84.051882158964872, 28.657525107264519, 3803.0 ], [ 84.051879309117794, 28.657533824443817, 3803.4 ], [ 84.051878973841667, 28.657543798908591, 3803.6 ], [ 84.0518634673208, 28.657563328742981, 3804.199999999999818 ], [ 84.051859444007277, 28.657571710646152, 3804.4 ], [ 84.051847457885742, 28.65759551525116, 3805.0 ], [ 84.051847541704774, 28.657622588798404, 3805.4 ], [ 84.051844859495759, 28.657625438645479, 3805.6 ], [ 84.051825497299433, 28.657656200230122, 3806.199999999999818 ], [ 84.051813762634993, 28.65767564624548, 3806.6 ], [ 84.051811583340168, 28.657677406445146, 3806.6 ], [ 84.051801776513457, 28.657705569639798, 3807.199999999999818 ], [ 84.051798759028316, 28.657714119181037, 3807.6 ], [ 84.051799681037664, 28.657732894644141, 3808.800000000000182 ], [ 84.05179699882865, 28.657753262668848, 3809.800000000000182 ], [ 84.051799094304442, 28.657751251012087, 3810.0 ], [ 84.051791131496429, 28.657783102244139, 3810.4 ], [ 84.051784174516797, 28.657793998718262, 3811.0 ], [ 84.051784928888083, 28.657805314287543, 3811.199999999999818 ], [ 84.051774200052023, 28.657828280702233, 3812.0 ], [ 84.051774367690086, 28.657834650948644, 3812.199999999999818 ], [ 84.051784174516797, 28.657846804708239, 3812.800000000000182 ], [ 84.051779732108116, 28.657842194661495, 3813.0 ], [ 84.051770428195596, 28.657836830243468, 3813.199999999999818 ], [ 84.051766991615295, 28.657844290137291, 3813.199999999999818 ], [ 84.05178283341229, 28.657844793051481, 3813.6 ], [ 84.05178283341229, 28.657844793051481, 3813.6 ], [ 84.05178283341229, 28.657844793051481, 3813.800000000000182 ], [ 84.051772020757198, 28.657842529937625, 3813.800000000000182 ], [ 84.05176917091012, 28.657842446118593, 3814.199999999999818 ], [ 84.05178283341229, 28.657844793051481, 3814.4 ], [ 84.05178283341229, 28.657844793051481, 3815.0 ], [ 84.051779480651021, 28.657861808314919, 3815.199999999999818 ], [ 84.051774870604277, 28.657886451110244, 3815.4 ], [ 84.05177554115653, 28.65791754797101, 3816.4 ], [ 84.051775876432657, 28.657905058935285, 3816.4 ], [ 84.051774870604277, 28.657904891297221, 3816.4 ], [ 84.05177160166204, 28.65790581330657, 3817.0 ], [ 84.051778558641672, 28.657915201038119, 3817.199999999999818 ], [ 84.051774116232991, 28.657924504950643, 3817.4 ], [ 84.051767075434327, 28.65797127597034, 3817.800000000000182 ], [ 84.051754418760538, 28.657987201586369, 3818.6 ], [ 84.051748299971223, 28.658001199364666, 3819.0 ], [ 84.051741007715464, 28.658039923757315, 3819.800000000000182 ], [ 84.051739247515798, 28.658046964555979, 3820.0 ], [ 84.05173153616488, 28.658058699220419, 3820.800000000000182 ], [ 84.051730530336499, 28.658065656200051, 3821.6 ], [ 84.051728937774897, 28.658073283731937, 3822.0 ], [ 84.051702450960875, 28.658103290945292, 3822.0 ], [ 84.051692560315132, 28.658114522695541, 3822.4 ], [ 84.051734805107117, 28.658103039488196, 3823.0 ], [ 84.051738325506449, 28.658100357279181, 3823.0 ], [ 84.051773361861706, 28.658089376986027, 3823.4 ], [ 84.051775792613626, 28.658108990639448, 3824.199999999999818 ], [ 84.051766321063042, 28.658115528523918, 3824.4 ], [ 84.05173790641129, 28.658145954832435, 3825.199999999999818 ], [ 84.051733883097768, 28.658151486888528, 3825.4 ], [ 84.051714017987251, 28.658178728073835, 3826.4 ], [ 84.051701864227653, 28.658193731680512, 3826.800000000000182 ], [ 84.051687866449356, 28.658223990350962, 3827.4 ], [ 84.051689710468054, 28.658228181302547, 3827.6 ], [ 84.051718125119805, 28.658236730843782, 3828.6 ], [ 84.051740085706115, 28.658243184909225, 3829.199999999999818 ], [ 84.051732961088419, 28.658246621489525, 3829.6 ], [ 84.051739331334829, 28.658259697258472, 3830.0 ], [ 84.051747964695096, 28.658266570419073, 3830.6 ], [ 84.051776714622974, 28.658290458843112, 3831.4 ], [ 84.051799681037664, 28.658318789675832, 3831.800000000000182 ], [ 84.051813930273056, 28.658352484926581, 3832.4 ], [ 84.051850223913789, 28.658395987004042, 3832.6 ], [ 84.051856929436326, 28.658398417755961, 3832.800000000000182 ], [ 84.051855085417628, 28.658400932326913, 3832.800000000000182 ], [ 84.051898587495089, 28.658420881256461, 3832.800000000000182 ], [ 84.051947873085737, 28.65845256485045, 3833.800000000000182 ], [ 84.051950806751847, 28.65845893509686, 3833.800000000000182 ], [ 84.051979305222631, 28.65851073525846, 3834.0 ], [ 84.052000679075718, 28.658559266477823, 3834.6 ], [ 84.052006965503097, 28.658583154901866, 3835.0 ], [ 84.052025657147169, 28.65860452875495, 3835.0 ], [ 84.052039654925466, 28.658654317259789, 3835.4 ], [ 84.05202666297555, 28.658685414120555, 3836.0 ], [ 84.052022723481059, 28.658697064965963, 3836.0 ], [ 84.052011407911777, 28.658709218725559, 3836.800000000000182 ], [ 84.052012832835317, 28.658737801015377, 3837.0 ], [ 84.052012581378222, 28.658746602013707, 3837.199999999999818 ], [ 84.052016353234649, 28.658778201788664, 3838.4 ], [ 84.052015179768205, 28.658803850412369, 3839.4 ], [ 84.052015263587236, 28.658813992515206, 3839.4 ], [ 84.052032446488738, 28.658845005556941, 3839.800000000000182 ], [ 84.052066812291741, 28.658829163759947, 3840.6 ], [ 84.052075445652008, 28.658815417438745, 3840.6 ], [ 84.052098747342825, 28.658794378861785, 3840.800000000000182 ], [ 84.052059100940824, 28.658814998343587, 3841.199999999999818 ], [ 84.052045689895749, 28.658832432702184, 3841.199999999999818 ], [ 84.051977461203933, 28.658874845132232, 3841.4 ], [ 84.051951309666038, 28.658904768526551, 3841.6 ], [ 84.051939742639661, 28.658936787396669, 3842.0 ], [ 84.051888445392251, 28.659002250060439, 3842.0 ], [ 84.051813511177897, 28.659050446003675, 3842.4 ], [ 84.05174670740962, 28.65908732637763, 3843.199999999999818 ], [ 84.051690716296434, 28.659128984436393, 3843.6 ], [ 84.051694991067052, 28.6591303255409, 3844.4 ], [ 84.051684094592929, 28.659134684130549, 3845.199999999999818 ], [ 84.051673617213964, 28.659143149852753, 3845.199999999999818 ], [ 84.051663894206285, 28.659152034670115, 3845.199999999999818 ], [ 84.051629863679409, 28.659171480685472, 3845.6 ], [ 84.051585774868727, 28.659186065196991, 3846.199999999999818 ], [ 84.051580494269729, 28.659185394644737, 3846.199999999999818 ], [ 84.051574543118477, 28.65917106159031, 3846.199999999999818 ], [ 84.051550654694438, 28.659120183438063, 3846.4 ], [ 84.051532382145524, 28.659047009423375, 3846.6 ], [ 84.051541266962886, 28.659037705510855, 3846.6 ], [ 84.051577476784587, 28.659017337486148, 3847.800000000000182 ], [ 84.051584601402283, 28.659012308344245, 3848.199999999999818 ], [ 84.051613938063383, 28.658980038017035, 3849.0 ], [ 84.051628522574902, 28.65896025672555, 3849.6 ], [ 84.051633132621646, 28.658952377736568, 3850.0 ], [ 84.051641849800944, 28.658946342766285, 3850.800000000000182 ], [ 84.051635982468724, 28.6589558981359, 3851.0 ], [ 84.05164361000061, 28.658963860943913, 3851.0 ], [ 84.051641598343849, 28.658963106572628, 3851.0 ], [ 84.051626930013299, 28.658962268382311, 3851.0 ], [ 84.051629109308124, 28.65896075963974, 3851.0 ], [ 84.05163137242198, 28.65896075963974, 3850.800000000000182 ], [ 84.051550235599279, 28.659163182601333, 3847.800000000000182 ], [ 84.051500111818314, 28.659178353846073, 3847.800000000000182 ], [ 84.051464069634676, 28.659269046038389, 3847.6 ], [ 84.051438756287098, 28.659343142062426, 3847.199999999999818 ], [ 84.051407324150205, 28.659387649968263, 3847.199999999999818 ], [ 84.051391733810306, 28.65940592251718, 3847.199999999999818 ], [ 84.051347309723496, 28.659470714628696, 3847.199999999999818 ], [ 84.051288133487105, 28.659507762640715, 3847.199999999999818 ], [ 84.051219569519162, 28.659532573074102, 3847.199999999999818 ], [ 84.051159387454391, 28.659544643014669, 3847.199999999999818 ], [ 84.051113538444042, 28.659547995775934, 3847.800000000000182 ], [ 84.051090655848384, 28.659553108736873, 3848.199999999999818 ], [ 84.051044387742877, 28.65956568159163, 3848.800000000000182 ], [ 84.051024187356234, 28.659572973847389, 3849.199999999999818 ], [ 84.050993341952562, 28.659583786502481, 3849.800000000000182 ], [ 84.05098395422101, 28.659586720168591, 3850.0 ], [ 84.050952354446054, 28.659596191719174, 3850.6 ], [ 84.050922095775604, 28.659604741260409, 3851.199999999999818 ], [ 84.050902565941215, 28.65959501825273, 3851.800000000000182 ], [ 84.050902482122183, 28.659591414034367, 3852.4 ], [ 84.050901141017675, 28.659590324386951, 3853.0 ], [ 84.050901141017675, 28.659590324386951, 3853.199999999999818 ], [ 84.050901141017675, 28.659590324386951, 3853.6 ], [ 84.050902985036373, 28.659595437347889, 3853.800000000000182 ], [ 84.050879683345556, 28.659631730988622, 3854.0 ], [ 84.050845317542553, 28.659676155075431, 3854.4 ], [ 84.05083442106843, 28.659684704616662, 3854.800000000000182 ], [ 84.050807598978281, 28.659724937751889, 3855.800000000000182 ], [ 84.050801647827029, 28.659767266362906, 3856.199999999999818 ], [ 84.050796451047063, 28.659809846431017, 3856.800000000000182 ], [ 84.05078211799264, 28.65983298048377, 3857.199999999999818 ], [ 84.050750518217683, 28.659859634935856, 3857.800000000000182 ], [ 84.050725707784295, 28.659896347671747, 3858.0 ], [ 84.05070785433054, 28.659923756495122, 3858.199999999999818 ], [ 84.050714056938887, 28.659956697374582, 3858.199999999999818 ], [ 84.050708524882793, 28.660004558041692, 3858.4 ], [ 84.050728473812342, 28.660023584961891, 3859.0 ], [ 84.050725623965263, 28.660060632973909, 3859.4 ], [ 84.050718666985631, 28.660084940493107, 3860.199999999999818 ], [ 84.050710368901491, 28.660094076767564, 3860.6 ], [ 84.050673488527536, 28.660101620480415, 3861.0 ], [ 84.050651779398322, 28.660106146708131, 3861.199999999999818 ], [ 84.050644487142563, 28.660107739269733, 3861.4 ], [ 84.050641804933548, 28.660108577460051, 3861.4 ], [ 84.05063359066844, 28.660142859444026, 3862.199999999999818 ], [ 84.050631411373615, 28.660155683755875, 3862.6 ], [ 84.050626298412681, 28.660175381228328, 3863.0 ], [ 84.050605846568942, 28.660195162519813, 3863.4 ], [ 84.050586819648743, 28.660204550251365, 3863.6 ], [ 84.050556644797325, 28.660211004316807, 3864.199999999999818 ], [ 84.050550861284137, 28.66021603345871, 3864.6 ], [ 84.05055589042604, 28.660221984609962, 3864.800000000000182 ], [ 84.050579275935888, 28.660241765901446, 3865.6 ], [ 84.050582712516189, 28.660240592434999, 3865.800000000000182 ], [ 84.050592938438058, 28.66024000570178, 3866.199999999999818 ], [ 84.050597297027707, 28.660240340977907, 3866.4 ], [ 84.050608277320862, 28.660241346806288, 3866.6 ], [ 84.050612384453416, 28.660244699567556, 3866.800000000000182 ], [ 84.050617497414351, 28.660249644890428, 3867.0 ], [ 84.05060819350183, 28.660263977944851, 3867.800000000000182 ], [ 84.050606349483132, 28.66026246920228, 3868.0 ], [ 84.050602745264769, 28.660257691517472, 3868.800000000000182 ], [ 84.050602745264769, 28.660257691517472, 3868.800000000000182 ], [ 84.050602745264769, 28.660257691517472, 3869.800000000000182 ], [ 84.050602745264769, 28.660257691517472, 3870.0 ], [ 84.050595201551914, 28.660271605476737, 3870.0 ], [ 84.050603667274117, 28.660284597426653, 3870.199999999999818 ], [ 84.050642643123865, 28.660306222736835, 3871.0 ], [ 84.050644487142563, 28.660311503335834, 3871.4 ], [ 84.050634177401662, 28.660326087847352, 3872.0 ], [ 84.050629734992981, 28.66032843478024, 3872.199999999999818 ], [ 84.050629315897822, 28.660329272970557, 3872.199999999999818 ], [ 84.050629651173949, 28.660328686237335, 3872.4 ], [ 84.050617581233382, 28.660352993756533, 3872.6 ], [ 84.050583718344569, 28.660361710935831, 3872.800000000000182 ], [ 84.050573157146573, 28.660363554954529, 3873.199999999999818 ], [ 84.050573157146573, 28.660372272133827, 3873.4 ], [ 84.050563266500831, 28.660381240770221, 3874.0 ], [ 84.050554297864437, 28.660386437550187, 3874.199999999999818 ], [ 84.050549939274788, 28.660400100052357, 3874.6 ], [ 84.050541473552585, 28.660414097830653, 3875.4 ], [ 84.050530325621367, 28.660417199134827, 3876.0 ], [ 84.050512555986643, 28.66043153218925, 3877.0 ], [ 84.050497217103839, 28.660439411178231, 3878.0 ], [ 84.050507443025708, 28.660455169156194, 3878.4 ], [ 84.050514986738563, 28.660461707040668, 3879.199999999999818 ], [ 84.050515238195658, 28.660459276288748, 3879.6 ], [ 84.050518590956926, 28.660459695383903, 3880.199999999999818 ], [ 84.050529906526208, 28.660461036488417, 3880.4 ], [ 84.050542479380965, 28.660464556887742, 3880.4 ], [ 84.050544574856758, 28.660466065630317, 3880.6 ], [ 84.050575336441398, 28.660475285723805, 3881.6 ], [ 84.050586065277457, 28.660477884113789, 3882.0 ], [ 84.050604337826371, 28.660487188026309, 3882.800000000000182 ], [ 84.05061062425375, 28.6604911275208, 3882.800000000000182 ], [ 84.05061305500567, 28.660494312644005, 3883.199999999999818 ], [ 84.05063652433455, 28.660500599071383, 3883.800000000000182 ], [ 84.050661250948906, 28.660510992631316, 3885.0 ], [ 84.050669632852077, 28.660511747002602, 3885.4 ], [ 84.050686229020357, 28.660513842478395, 3886.0 ], [ 84.050693772733212, 28.660515518859029, 3886.199999999999818 ], [ 84.050712129101157, 28.660537647083402, 3886.800000000000182 ], [ 84.050705255940557, 28.660549717023969, 3887.199999999999818 ], [ 84.050695030018687, 28.660549381747838, 3888.0 ], [ 84.05065362341702, 28.66057276725769, 3888.199999999999818 ], [ 84.050642307847738, 28.660574778914452, 3888.4 ], [ 84.050628058612347, 28.660585507750511, 3888.4 ], [ 84.050611043348908, 28.660607803612947, 3889.199999999999818 ], [ 84.05061355791986, 28.660613168030977, 3889.4 ], [ 84.050620766356587, 28.660619789734483, 3890.0 ], [ 84.050634009763598, 28.660627920180559, 3890.4 ], [ 84.050641134381294, 28.660632446408272, 3890.800000000000182 ], [ 84.050649767741561, 28.660630770027637, 3891.6 ], [ 84.050657395273447, 28.660627417266369, 3892.199999999999818 ], [ 84.050656137987971, 28.660626746714115, 3892.6 ], [ 84.050656137987971, 28.660626746714115, 3893.0 ], [ 84.050655299797654, 28.660627333447337, 3893.199999999999818 ], [ 84.050656137987971, 28.660626746714115, 3893.800000000000182 ], [ 84.050678936764598, 28.66064359433949, 3894.0 ], [ 84.050683965906501, 28.660663794726133, 3894.800000000000182 ], [ 84.050680948421359, 28.660666896030307, 3895.4 ], [ 84.050667034462094, 28.660678379237652, 3896.0 ], [ 84.050671393051744, 28.660700172185894, 3896.0 ], [ 84.050648342818022, 28.660714505240321, 3896.199999999999818 ], [ 84.050646917894483, 28.660724814981226, 3896.199999999999818 ], [ 84.050641721114516, 28.660730263218284, 3896.199999999999818 ], [ 84.050631243735552, 28.660731939598922, 3896.4 ], [ 84.050620011985302, 28.660735292360187, 3896.6 ], [ 84.050597464665771, 28.660737806931134, 3896.6 ], [ 84.050603834912181, 28.660724060609937, 3897.0 ], [ 84.050606181845069, 28.660722132772207, 3900.0 ], [ 84.050606265664101, 28.660720204934481, 3900.0 ], [ 84.050587406381965, 28.660731688141823, 3900.0 ], [ 84.050574246793985, 28.660737387835979, 3900.6 ], [ 84.050582628697157, 28.660751217976213, 3900.800000000000182 ], [ 84.050588412210345, 28.660745183005929, 3901.0 ], [ 84.05058866366744, 28.660745769739151, 3901.199999999999818 ], [ 84.050593357533216, 28.660786338150501, 3902.4 ], [ 84.050602912902832, 28.660800168290734, 3903.0 ], [ 84.050600649788976, 28.660805616527796, 3903.6 ], [ 84.050589585676789, 28.66081316024065, 3904.0 ], [ 84.050561254844069, 28.660820871591568, 3904.6 ], [ 84.050553208217025, 28.660821206867695, 3904.800000000000182 ], [ 84.050521105527878, 28.660835372284055, 3905.800000000000182 ], [ 84.050511885434389, 28.660845765843987, 3906.4 ], [ 84.050504425540566, 28.66084928624332, 3907.0 ], [ 84.050508616492152, 28.660851046442986, 3907.199999999999818 ], [ 84.050516495481133, 28.660863367840648, 3907.800000000000182 ], [ 84.050514986738563, 28.660862613469359, 3907.800000000000182 ], [ 84.050527224317193, 28.660865295678377, 3908.0 ], [ 84.050532002002001, 28.660877784714103, 3909.0 ], [ 84.050531834363937, 28.660875605419282, 3909.199999999999818 ], [ 84.050544742494822, 28.660896560177207, 3910.199999999999818 ], [ 84.050548346713185, 28.660905109718438, 3910.4 ], [ 84.0505700558424, 28.660918520763516, 3911.4 ], [ 84.050591932609677, 28.660926148295403, 3912.199999999999818 ], [ 84.050615318119526, 28.660924891009927, 3912.4 ], [ 84.050623364746571, 28.660929836332802, 3912.800000000000182 ], [ 84.050632752478123, 28.660943666473031, 3913.4 ], [ 84.050649013370275, 28.660951042547826, 3914.199999999999818 ], [ 84.050644403323531, 28.660942744463679, 3914.6 ], [ 84.050644487142563, 28.660942576825619, 3915.199999999999818 ], [ 84.050644487142563, 28.660942576825619, 3915.4 ], [ 84.050644487142563, 28.660942576825619, 3915.4 ], [ 84.050644487142563, 28.660942576825619, 3915.4 ], [ 84.050648426637053, 28.660943247377872, 3915.6 ], [ 84.050684804096818, 28.660963112488389, 3916.0 ], [ 84.050716822966933, 28.660985492169857, 3916.6 ], [ 84.050717074424028, 28.660986162722111, 3916.800000000000182 ], [ 84.050728138536215, 28.660991191864017, 3917.4 ], [ 84.050732664763927, 28.660998065024614, 3917.6 ], [ 84.050739873200655, 28.661007452756166, 3917.800000000000182 ], [ 84.050739873200655, 28.661032347008582, 3918.6 ], [ 84.050761247053742, 28.661028072237968, 3918.800000000000182 ], [ 84.050765773281455, 28.661022037267685, 3919.0 ], [ 84.050795109942555, 28.661018768325448, 3919.800000000000182 ], [ 84.050798797979951, 28.661021115258336, 3920.0 ], [ 84.050810532644391, 28.661051709204912, 3921.0 ], [ 84.050816064700484, 28.661056570708752, 3921.0 ], [ 84.050848502665758, 28.661061096936464, 3922.0 ], [ 84.050858477130532, 28.661061516031623, 3922.0 ], [ 84.050878342241049, 28.661093367263675, 3923.0 ], [ 84.050871469080448, 28.661104096099734, 3923.199999999999818 ], [ 84.050850262865424, 28.66112781688571, 3923.199999999999818 ], [ 84.050812209025025, 28.661147262901068, 3923.199999999999818 ], [ 84.050774909555912, 28.661141563206911, 3923.6 ], [ 84.050746662542224, 28.661143407225609, 3924.199999999999818 ], [ 84.050747333094478, 28.661145837977529, 3924.4 ], [ 84.05072788707912, 28.661153465509415, 3924.800000000000182 ], [ 84.050696790218353, 28.661164697259665, 3925.199999999999818 ], [ 84.050687318667769, 28.661167798563842, 3925.4 ], [ 84.050675500184298, 28.661179449409246, 3926.0 ], [ 84.050698801875114, 28.661199901252985, 3926.4 ], [ 84.050716487690806, 28.661203002557158, 3927.0 ], [ 84.050737526267767, 28.661209959536791, 3927.4 ], [ 84.050740711390972, 28.661211719736457, 3927.6 ], [ 84.050764096900821, 28.661224711686373, 3928.4 ], [ 84.050768036395311, 28.66122605279088, 3928.6 ], [ 84.050779519602656, 28.661230830475688, 3929.0 ], [ 84.050792343914509, 28.661236949265003, 3929.6 ], [ 84.050795529037714, 28.661244828253984, 3929.6 ], [ 84.050806006416678, 28.661252707242969, 3930.6 ], [ 84.050815897062421, 28.661260083317757, 3930.800000000000182 ], [ 84.05084079131484, 28.661284474655982, 3931.4 ], [ 84.050850598141551, 28.661292521283031, 3931.800000000000182 ], [ 84.050870295614004, 28.661292102187872, 3932.0 ], [ 84.050893262028694, 28.66130861453712, 3932.4 ], [ 84.050901727750897, 28.661316996440291, 3933.0 ], [ 84.05090969055891, 28.661315906792879, 3933.6 ], [ 84.050906840711832, 28.661316074430943, 3933.800000000000182 ], [ 84.050906840711832, 28.661316074430943, 3934.0 ], [ 84.050906840711832, 28.661316074430943, 3934.199999999999818 ], [ 84.050906840711832, 28.661316074430943, 3934.6 ], [ 84.050906840711832, 28.661316074430943, 3935.0 ], [ 84.050930896773934, 28.661326803266999, 3936.199999999999818 ], [ 84.050941122695804, 28.661338202655315, 3936.800000000000182 ], [ 84.050947241485119, 28.661347925662991, 3937.199999999999818 ], [ 84.050953444093466, 28.661364857107401, 3938.199999999999818 ], [ 84.050962245091796, 28.661362929269671, 3938.4 ], [ 84.050996527075768, 28.661370975896716, 3939.4 ], [ 84.050997784361243, 28.661374999210238, 3939.6 ], [ 84.051000718027353, 28.661402408033609, 3940.6 ], [ 84.05101278796792, 28.66141757927835, 3941.6 ], [ 84.051014631986618, 28.661418417468667, 3941.800000000000182 ], [ 84.051025696098804, 28.661434091627601, 3942.6 ], [ 84.051047321408987, 28.661444736644626, 3943.4 ], [ 84.051066683605313, 28.661444736644626, 3943.800000000000182 ], [ 84.051072467118502, 28.661443395540122, 3944.199999999999818 ], [ 84.051094092428684, 28.661448759958148, 3944.800000000000182 ], [ 84.051123093813658, 28.661458315327764, 3945.800000000000182 ], [ 84.051127200946212, 28.66145865060389, 3945.800000000000182 ], [ 84.051156789064407, 28.661461500450969, 3946.800000000000182 ], [ 84.051157291978598, 28.661462506279349, 3947.0 ], [ 84.051173385232687, 28.661457393318415, 3947.800000000000182 ], [ 84.0511779114604, 28.661454292014241, 3948.199999999999818 ], [ 84.051177240908146, 28.661453453823924, 3948.800000000000182 ], [ 84.05120138078928, 28.661438701674346, 3949.0 ], [ 84.051211690530181, 28.661433085799217, 3949.199999999999818 ], [ 84.051219737157226, 28.661428391933441, 3949.4 ], [ 84.051266759634018, 28.661431241780519, 3950.4 ], [ 84.051269609481096, 28.661438785493377, 3950.800000000000182 ], [ 84.051262149587274, 28.661473486572504, 3951.800000000000182 ], [ 84.051233734935522, 28.661517994478345, 3952.800000000000182 ], [ 84.051231136545539, 28.66152117960155, 3953.0 ], [ 84.05119207687676, 28.66156317293644, 3953.6 ], [ 84.051175396889448, 28.661576248705387, 3953.800000000000182 ], [ 84.051158549264073, 28.661593934521079, 3954.199999999999818 ], [ 84.051145892590284, 28.661622684448957, 3954.800000000000182 ], [ 84.051139438524842, 28.661627797409892, 3955.0 ], [ 84.05111831612885, 28.66165068000555, 3955.800000000000182 ], [ 84.051104569807649, 28.66165671497583, 3956.0 ], [ 84.051091326400638, 28.661661325022578, 3956.4 ], [ 84.051074478775263, 28.661674903705716, 3956.6 ], [ 84.051051428541541, 28.661686303094029, 3957.199999999999818 ], [ 84.051050422713161, 28.661686889827251, 3957.199999999999818 ], [ 84.051027540117502, 28.661694601178169, 3957.4 ], [ 84.050998454913497, 28.661699797958136, 3958.199999999999818 ], [ 84.050984373316169, 28.661698205396533, 3958.6 ], [ 84.050972303375602, 28.661686219275001, 3959.199999999999818 ], [ 84.050969453528523, 28.661683453246951, 3959.6 ], [ 84.050961239263415, 28.661693762987852, 3960.199999999999818 ], [ 84.050942547619343, 28.661703066900373, 3960.199999999999818 ], [ 84.050919329747558, 28.661713292822238, 3960.800000000000182 ], [ 84.050914887338877, 28.661715472117063, 3961.199999999999818 ], [ 84.050907008349895, 28.661719830706716, 3961.4 ], [ 84.050887562334538, 28.661727542057633, 3962.0 ], [ 84.050873564556241, 28.661733996123075, 3962.6 ], [ 84.050862919539213, 28.661741623654962, 3963.0 ], [ 84.050848670303822, 28.661757633090019, 3963.6 ], [ 84.050834085792303, 28.661760985851288, 3963.800000000000182 ], [ 84.050833750516176, 28.661745730787516, 3964.6 ], [ 84.050828637555242, 28.661746401339769, 3964.6 ], [ 84.050824111327529, 28.66174447350204, 3964.800000000000182 ], [ 84.050800055265427, 28.661714382469658, 3965.199999999999818 ], [ 84.050786225125194, 28.661701222881675, 3965.6 ], [ 84.050787733867764, 28.661706503480673, 3965.6 ], [ 84.050784716382623, 28.661708347499371, 3965.6 ], [ 84.050783207640052, 28.66170784458518, 3965.800000000000182 ], [ 84.050771640613675, 28.661708850413561, 3966.0 ], [ 84.050755128264427, 28.661708096042275, 3966.6 ], [ 84.050752026960254, 28.661709604784846, 3966.800000000000182 ], [ 84.05073719099164, 28.6617102753371, 3967.199999999999818 ], [ 84.050720762461424, 28.661729721352454, 3968.0 ], [ 84.050715314224362, 28.661733660846949, 3968.0 ], [ 84.050707938149571, 28.661740953102708, 3968.199999999999818 ], [ 84.050689414143562, 28.661740953102708, 3969.0 ], [ 84.050687486305833, 28.661726117134094, 3969.4 ], [ 84.050678685307503, 28.661711197346449, 3970.0 ], [ 84.050655383616686, 28.661694684997201, 3970.800000000000182 ], [ 84.050654461607337, 28.661695187911391, 3971.0 ], [ 84.050625460222363, 28.661673394963145, 3972.0 ], [ 84.050623616203666, 28.661670377478004, 3972.0 ], [ 84.050610205158591, 28.661653278395537, 3972.0 ], [ 84.050613809376955, 28.661651769652963, 3972.199999999999818 ], [ 84.050636691972613, 28.661652440205216, 3972.6 ], [ 84.050619844347239, 28.661634754389524, 3972.6 ], [ 84.050604924559593, 28.66164967417717, 3972.6 ], [ 84.050599560141563, 28.661645650863647, 3972.800000000000182 ], [ 84.050586987286806, 28.661629473790526, 3973.0 ], [ 84.050574246793985, 28.661640202626582, 3973.0 ], [ 84.05056519433856, 28.661657301709056, 3973.4 ], [ 84.050554130226374, 28.661682279780507, 3974.199999999999818 ], [ 84.050514819100499, 28.661652021110054, 3975.0 ], [ 84.050506018102169, 28.661648584529757, 3975.199999999999818 ], [ 84.050508197396994, 28.661643890663981, 3976.0 ], [ 84.050507443025708, 28.661643723025922, 3976.199999999999818 ], [ 84.050473663955927, 28.661631401628256, 3976.199999999999818 ], [ 84.050471400842071, 28.66162771359086, 3976.4 ], [ 84.050441309809685, 28.661599298939109, 3977.6 ], [ 84.050403591245413, 28.661585133522749, 3978.6 ], [ 84.050379283726215, 28.661577254533768, 3980.0 ], [ 84.050361765548587, 28.661590414121747, 3981.0 ], [ 84.05036780051887, 28.661606926470995, 3982.0 ], [ 84.050365705043077, 28.661612793803215, 3982.199999999999818 ], [ 84.050365202128887, 28.661642801016569, 3983.4 ], [ 84.050364783033729, 28.661652021110054, 3983.4 ], [ 84.050356149673462, 28.661655206233263, 3983.6 ], [ 84.050318263471127, 28.661644728854299, 3984.4 ], [ 84.050269816070795, 28.661633413285017, 3985.199999999999818 ], [ 84.050256405025721, 28.661633497104049, 3985.6 ], [ 84.050246346741915, 28.661637017503381, 3986.0 ], [ 84.050238048657775, 28.661636263132095, 3986.4 ], [ 84.05023779720068, 28.66163550876081, 3986.800000000000182 ], [ 84.050228325650096, 28.661639029160145, 3987.199999999999818 ], [ 84.050202509388328, 28.661651518195868, 3987.6 ], [ 84.050187170505524, 28.661667192354798, 3988.0 ], [ 84.050182644277811, 28.661676328629255, 3988.4 ], [ 84.050175938755274, 28.661679429933429, 3989.0 ], [ 84.050145260989666, 28.66169024258852, 3989.6 ], [ 84.050146602094173, 28.661691248416901, 3990.0 ], [ 84.050135454162955, 28.661702899262309, 3990.6 ], [ 84.050098909065127, 28.661708682775497, 3991.0 ], [ 84.050093125551939, 28.661713460460305, 3991.199999999999818 ], [ 84.050092119723558, 28.661731481552124, 3992.199999999999818 ], [ 84.050087425857782, 28.661744054406881, 3992.6 ], [ 84.050068818032742, 28.661766601726413, 3993.199999999999818 ], [ 84.050060268491507, 28.661790825426579, 3994.0 ], [ 84.050065549090505, 28.661797530949116, 3994.4 ], [ 84.050075355917215, 28.661800380796191, 3995.199999999999818 ], [ 84.050081893801689, 28.661798285320401, 3995.800000000000182 ], [ 84.050074433907866, 28.661798369139433, 3996.199999999999818 ], [ 84.050071500241756, 28.661797195672989, 3996.6 ], [ 84.050121121108532, 28.661805912852287, 4004.0 ], [ 84.05013126321137, 28.661808762699369, 4004.199999999999818 ], [ 84.050140315666795, 28.661813288927078, 4004.4 ], [ 84.050181889906526, 28.661811780184507, 4005.4 ], [ 84.050187924876809, 28.661809600889683, 4005.800000000000182 ], [ 84.050210304558277, 28.661819491535425, 4006.4 ], [ 84.050211813300848, 28.661825945600867, 4006.6 ], [ 84.050212735310197, 28.661842625588179, 4006.800000000000182 ], [ 84.050187338143587, 28.661869782954454, 4007.6 ], [ 84.050157833844423, 28.66187447682023, 4008.6 ], [ 84.050145512446761, 28.661879086866975, 4008.800000000000182 ], [ 84.050136627629399, 28.661882858723398, 4009.0 ], [ 84.050144590437412, 28.661887468770143, 4009.199999999999818 ], [ 84.050150960683823, 28.661894174292684, 4009.4 ], [ 84.050155989825726, 28.66190574131906, 4009.800000000000182 ], [ 84.050159426406026, 28.661928288638592, 4010.6 ], [ 84.050154481083155, 28.661938682198524, 4011.0 ], [ 84.050135957077146, 28.66193943656981, 4011.6 ], [ 84.050121204927564, 28.661943795159459, 4012.0 ], [ 84.050097400322556, 28.661942789331079, 4013.199999999999818 ], [ 84.050056496635079, 28.661949159577489, 4014.199999999999818 ], [ 84.05005113221705, 28.661954356357455, 4014.4 ], [ 84.050053143873811, 28.661963744089007, 4015.0 ], [ 84.050050629302859, 28.661970198154449, 4015.4 ], [ 84.050043169409037, 28.661979334428903, 4016.199999999999818 ], [ 84.050049791112542, 28.661992829293013, 4016.4 ], [ 84.05004283413291, 28.661994589492679, 4017.0 ], [ 84.050036799162626, 28.662001462653279, 4017.6 ], [ 84.050034200772643, 28.662006827071309, 4017.800000000000182 ], [ 84.050004612654448, 28.662025770172477, 4018.6 ], [ 84.050010563805699, 28.662044797092676, 4019.0 ], [ 84.050007965415716, 28.662054687738419, 4019.800000000000182 ], [ 84.050009055063128, 28.662059465423223, 4020.0 ], [ 84.050020202994347, 28.662064075469971, 4020.4 ], [ 84.050034787505865, 28.662068350240588, 4020.800000000000182 ], [ 84.050052473321557, 28.662073379382491, 4021.0 ], [ 84.050055239349604, 28.662096513435245, 4021.6 ], [ 84.050037804991007, 28.662097016349435, 4021.800000000000182 ], [ 84.050029003992677, 28.662096261978149, 4022.6 ], [ 84.050029842182994, 28.66210313513875, 4023.0 ], [ 84.050018358975649, 28.662123084068298, 4023.6 ], [ 84.050027076154947, 28.662136243656281, 4023.800000000000182 ], [ 84.050045432522893, 28.662129789590836, 4024.0 ], [ 84.050066638737917, 28.662124928086996, 4024.4 ], [ 84.050076445564628, 28.662125179544091, 4025.199999999999818 ], [ 84.050073763355613, 28.662127442657948, 4025.4 ], [ 84.050112655386329, 28.662131633609533, 4026.0 ], [ 84.050123635679483, 28.662135489284992, 4026.199999999999818 ], [ 84.050137382000685, 28.662146972492337, 4026.4 ], [ 84.050136962905526, 28.662185864523053, 4027.4 ], [ 84.050136208534241, 28.662182847037911, 4027.800000000000182 ], [ 84.050142746418715, 28.662188965827227, 4028.800000000000182 ], [ 84.050167473033071, 28.662201538681984, 4029.0 ], [ 84.050157582387328, 28.662228863686323, 4029.0 ], [ 84.050170825794339, 28.662251159548759, 4030.0 ], [ 84.05017233453691, 28.662277227267623, 4030.4 ], [ 84.050180213525891, 28.662302456796169, 4031.199999999999818 ], [ 84.050185661762953, 28.662310922518373, 4031.4 ], [ 84.050196055322886, 28.662319304421544, 4032.199999999999818 ], [ 84.050207119435072, 28.662334643304348, 4032.199999999999818 ], [ 84.050203934311867, 28.662339337170124, 4032.199999999999818 ], [ 84.050192115828395, 28.662359453737736, 4033.199999999999818 ], [ 84.050199827179313, 28.662374457344413, 4034.0 ], [ 84.050199156627059, 28.662376971915364, 4034.199999999999818 ], [ 84.050193624570966, 28.662405051290989, 4034.4 ], [ 84.050222542136908, 28.66243346594274, 4035.199999999999818 ], [ 84.050205275416374, 28.662463640794162, 4035.800000000000182 ], [ 84.050188511610031, 28.662475124001503, 4036.199999999999818 ], [ 84.050183733925223, 28.662477135658264, 4036.4 ], [ 84.050162779167295, 28.662478225305676, 4037.0 ], [ 84.050153559073806, 28.662481494247913, 4037.199999999999818 ], [ 84.050153978168964, 28.662485098466277, 4037.4 ], [ 84.050160935148597, 28.66250722669065, 4037.6 ], [ 84.050171412527561, 28.662526169791818, 4037.800000000000182 ], [ 84.050176022574306, 28.662548214197159, 4038.4 ], [ 84.050179962068796, 28.662552321329713, 4038.6 ], [ 84.050176693126559, 28.662579394876957, 4039.6 ], [ 84.050142075866461, 28.662597835063934, 4040.4 ], [ 84.050125144422054, 28.662596074864268, 4040.6 ], [ 84.050120869651437, 28.662599259987473, 4040.800000000000182 ], [ 84.050094718113542, 28.66261325776577, 4041.199999999999818 ], [ 84.050073092803359, 28.662617281079292, 4041.6 ], [ 84.050073176622391, 28.662615353241563, 4041.800000000000182 ], [ 84.050058424472809, 28.662623316049576, 4042.199999999999818 ], [ 84.050064124166965, 28.662637397646904, 4042.800000000000182 ], [ 84.050068147480488, 28.6626479588449, 4043.199999999999818 ], [ 84.050071835517883, 28.66266455501318, 4043.800000000000182 ], [ 84.050083067268133, 28.662679893895984, 4044.0 ], [ 84.050084492191672, 28.662681989371777, 4044.0 ], [ 84.050082815811038, 28.662709398195148, 4045.0 ], [ 84.050100333988667, 28.662728508934379, 4045.4 ], [ 84.050115589052439, 28.662752145901319, 4046.0 ], [ 84.050118941813707, 28.662755331024528, 4046.199999999999818 ], [ 84.050117265433073, 28.662768406793475, 4047.0 ], [ 84.050117684528232, 28.662773184478283, 4047.0 ], [ 84.050125479698181, 28.662803778424859, 4047.800000000000182 ], [ 84.050130508840084, 28.662821128964424, 4048.199999999999818 ], [ 84.050130676478148, 28.662828085944057, 4048.800000000000182 ], [ 84.050129000097513, 28.662828588858247, 4049.4 ], [ 84.050128078088164, 28.662829427048564, 4049.4 ], [ 84.050134448334575, 28.662860104814172, 4049.6 ], [ 84.050128497183323, 28.662877539172769, 4050.4 ], [ 84.050130005925894, 28.66288248449564, 4050.800000000000182 ], [ 84.050129754468799, 28.662898913025856, 4051.6 ], [ 84.050133693963289, 28.662919281050563, 4052.199999999999818 ], [ 84.05012933537364, 28.66293235681951, 4052.800000000000182 ], [ 84.050131095573306, 28.662937134504318, 4053.0 ], [ 84.050128329545259, 28.662966135889292, 4054.0 ], [ 84.050127072259784, 28.662972338497639, 4054.199999999999818 ], [ 84.050125312060118, 28.662970578297973, 4054.800000000000182 ], [ 84.050134615972638, 28.662982899695635, 4055.0 ], [ 84.050147607922554, 28.663013409823179, 4055.0 ], [ 84.050143416970968, 28.663013828918334, 4055.4 ], [ 84.050132939592004, 28.663033358752728, 4056.199999999999818 ], [ 84.050131430849433, 28.663039645180103, 4056.4 ], [ 84.050123216584325, 28.663060013204813, 4056.800000000000182 ], [ 84.050118941813707, 28.663079710677263, 4057.199999999999818 ], [ 84.050121624022722, 28.663085913285613, 4057.6 ], [ 84.050131933763623, 28.663097899407148, 4057.6 ], [ 84.050127323716879, 28.663114327937365, 4057.800000000000182 ], [ 84.050133107230067, 28.663126733154058, 4058.0 ], [ 84.050145260989666, 28.663130421191457, 4058.199999999999818 ], [ 84.050160767510533, 28.663173085078597, 4058.800000000000182 ], [ 84.050156157463789, 28.663196889683604, 4059.4 ], [ 84.050150876864791, 28.663213653489947, 4060.0 ], [ 84.050171580165625, 28.66322161629796, 4060.4 ], [ 84.050178369507194, 28.663227315992117, 4060.6 ], [ 84.05017820186913, 28.663226310163736, 4061.199999999999818 ], [ 84.05017820186913, 28.663226310163736, 4061.6 ], [ 84.05017820186913, 28.663226310163736, 4062.199999999999818 ], [ 84.05017820186913, 28.663226310163736, 4062.6 ], [ 84.05017820186913, 28.663226310163736, 4062.800000000000182 ], [ 84.050186667591333, 28.663236787542701, 4063.199999999999818 ], [ 84.050179794430733, 28.663258999586105, 4063.800000000000182 ], [ 84.05017577111721, 28.663260927423835, 4064.4 ], [ 84.050173172727227, 28.663276266306639, 4065.199999999999818 ], [ 84.050176190212369, 28.663293952122331, 4065.800000000000182 ], [ 84.050186332315207, 28.663319852203131, 4065.800000000000182 ], [ 84.05018943361938, 28.66333594545722, 4066.199999999999818 ], [ 84.050186416134238, 28.663341645151377, 4066.4 ], [ 84.050173675641418, 28.663355056196451, 4067.0 ], [ 84.050179710611701, 28.663380285725001, 4067.4 ], [ 84.050226313993335, 28.66340241394937, 4068.199999999999818 ], [ 84.050258249044418, 28.663408197462559, 4068.4 ], [ 84.050266379490495, 28.66340191103518, 4069.0 ], [ 84.050281383097172, 28.66341951303184, 4069.4 ], [ 84.050283310934901, 28.663423787802454, 4069.6 ], [ 84.050309965386987, 28.663437534123659, 4070.800000000000182 ], [ 84.050346594303846, 28.663442898541689, 4071.6 ], [ 84.050354892387986, 28.663442898541689, 4071.800000000000182 ], [ 84.050358748063445, 28.663442060351372, 4072.0 ], [ 84.050365621224046, 28.663442563265559, 4072.199999999999818 ], [ 84.050365788862109, 28.66344147361815, 4072.199999999999818 ], [ 84.050372997298837, 28.663457650691271, 4072.6 ], [ 84.050381882116199, 28.663463098928332, 4072.800000000000182 ], [ 84.050394035875797, 28.663472151383761, 4073.6 ], [ 84.050396969541907, 28.663473995402455, 4073.800000000000182 ], [ 84.050405099987984, 28.663474833592772, 4074.6 ], [ 84.050412978976965, 28.663472067564729, 4074.800000000000182 ], [ 84.050456397235394, 28.66346444003284, 4076.0 ], [ 84.050480620935559, 28.663460919633508, 4076.800000000000182 ], [ 84.05048212967813, 28.663463601842523, 4077.0 ], [ 84.050479447469115, 28.663477934896942, 4077.6 ], [ 84.050477100536227, 28.663478773087263, 4077.6 ], [ 84.050482716411352, 28.663480784744024, 4078.0 ], [ 84.050490260124207, 28.663488496094946, 4078.6 ], [ 84.050492439419031, 28.663516575470567, 4078.6 ], [ 84.050499396398664, 28.663525292649865, 4079.4 ], [ 84.050514232367277, 28.663531746715307, 4080.199999999999818 ], [ 84.050531666725874, 28.663534596562386, 4080.4 ], [ 84.050548346713185, 28.663536524400115, 4080.6 ], [ 84.050574833527207, 28.663529735058543, 4081.6 ], [ 84.050599560141563, 28.663527555763721, 4082.6 ], [ 84.050620850175619, 28.663534093648195, 4083.4 ], [ 84.050632165744901, 28.663533758372068, 4083.6 ], [ 84.050643565133214, 28.663543984293938, 4084.4 ], [ 84.050649264827371, 28.663548761978745, 4084.800000000000182 ], [ 84.050643816590309, 28.663545660674572, 4085.0 ], [ 84.050643816590309, 28.663545660674572, 4085.4 ], [ 84.050629651173949, 28.663577763363719, 4085.800000000000182 ], [ 84.0506252925843, 28.663590336218476, 4085.800000000000182 ], [ 84.05061699450016, 28.66362227126956, 4086.4 ], [ 84.050605511292815, 28.663628390058875, 4086.800000000000182 ], [ 84.050598135218024, 28.663634676486257, 4087.4 ], [ 84.050582544878125, 28.663646914064884, 4087.6 ], [ 84.050572151318192, 28.663659235462543, 4087.800000000000182 ], [ 84.050568714737892, 28.663678932934999, 4088.4 ], [ 84.050568295642734, 28.663680357858539, 4088.6 ], [ 84.050568882375956, 28.663682788610458, 4088.800000000000182 ], [ 84.050574665889144, 28.663693014532328, 4089.0 ], [ 84.05057106167078, 28.663702486082911, 4089.800000000000182 ], [ 84.050566954538226, 28.663712963461876, 4090.0 ], [ 84.05057592317462, 28.663741964846849, 4091.0 ], [ 84.050578773021698, 28.663744730874896, 4091.0 ], [ 84.050591513514519, 28.663743389770389, 4092.0 ], [ 84.05059352517128, 28.663743725046515, 4092.199999999999818 ], [ 84.050615150481462, 28.663738779723644, 4092.199999999999818 ], [ 84.050621772184968, 28.663714975118637, 4093.199999999999818 ], [ 84.050659574568272, 28.663722854107618, 4094.0 ], [ 84.050667202100158, 28.663724279031157, 4094.199999999999818 ], [ 84.050684217363596, 28.66371463984251, 4095.0 ], [ 84.050690336152911, 28.663710784167051, 4095.199999999999818 ], [ 84.05069176107645, 28.66370927542448, 4096.399999999999636 ], [ 84.05069176107645, 28.66370927542448, 4096.399999999999636 ], [ 84.05069176107645, 28.66370927542448, 4096.600000000000364 ], [ 84.050715649500489, 28.663718663156033, 4096.600000000000364 ], [ 84.050721516832709, 28.663731822744012, 4096.800000000000182 ], [ 84.050717074424028, 28.663741964846849, 4097.399999999999636 ], [ 84.050718247890472, 28.663747915998101, 4097.800000000000182 ], [ 84.050718918442726, 28.663762165233493, 4098.399999999999636 ], [ 84.050716403871775, 28.663762835785747, 4098.600000000000364 ], [ 84.05072352848947, 28.663779264315963, 4099.199999999999818 ], [ 84.050736352801323, 28.663800219073892, 4099.600000000000364 ], [ 84.050741298124194, 28.663819413632151, 4099.600000000000364 ], [ 84.050733922049403, 28.663832154124975, 4100.600000000000364 ], [ 84.050728306174278, 28.66383953019977, 4101.0 ], [ 84.050728809088469, 28.663847995921969, 4101.399999999999636 ], [ 84.050726545974612, 28.66385193541646, 4101.600000000000364 ], [ 84.05070785433054, 28.663879260420799, 4102.399999999999636 ], [ 84.050697712227702, 28.663895688951015, 4102.600000000000364 ], [ 84.050690168514848, 28.663906082510948, 4103.399999999999636 ], [ 84.050691593438387, 28.663916308432817, 4103.800000000000182 ], [ 84.05069419182837, 28.663923013955355, 4104.0 ], [ 84.050698969513178, 28.66392276249826, 4104.199999999999818 ], [ 84.050709865987301, 28.663929887115955, 4104.800000000000182 ], [ 84.050686480477452, 28.663928126916289, 4105.199999999999818 ], [ 84.050709949806333, 28.66391496732831, 4105.199999999999818 ], [ 84.050712380558252, 28.663912452757359, 4105.399999999999636 ], [ 84.050749177113175, 28.663916476070881, 4106.199999999999818 ], [ 84.050746830180287, 28.663917481899261, 4106.399999999999636 ], [ 84.050757139921188, 28.663919493556023, 4106.800000000000182 ], [ 84.05077432282269, 28.663921756669879, 4107.399999999999636 ], [ 84.050795696675777, 28.663925528526303, 4108.600000000000364 ], [ 84.050806174054742, 28.663919074460864, 4109.399999999999636 ], [ 84.050808437168598, 28.663916476070881, 4109.399999999999636 ], [ 84.050812879577279, 28.66391446441412, 4109.800000000000182 ], [ 84.050818914547563, 28.66390960291028, 4110.399999999999636 ], [ 84.050820674747229, 28.663907255977392, 4110.800000000000182 ], [ 84.050832157954574, 28.663908764719963, 4111.0 ], [ 84.050850262865424, 28.663896778598428, 4111.600000000000364 ], [ 84.050852777436376, 28.663895688951015, 4112.0 ], [ 84.05087549239397, 28.663894264027476, 4112.600000000000364 ], [ 84.05088278464973, 28.663897030055523, 4112.800000000000182 ], [ 84.050883958116174, 28.663899460807443, 4113.0 ], [ 84.050890663638711, 28.663902478292584, 4113.199999999999818 ], [ 84.050906086340547, 28.663907507434487, 4113.199999999999818 ], [ 84.050919581204653, 28.663909854367375, 4113.199999999999818 ], [ 84.050926119089127, 28.66390616632998, 4113.800000000000182 ], [ 84.050936596468091, 28.663903065025806, 4114.399999999999636 ], [ 84.050956461578608, 28.663907088339329, 4115.0 ], [ 84.050963837653399, 28.663915805518627, 4115.399999999999636 ], [ 84.050954282283783, 28.66392376832664, 4116.600000000000364 ], [ 84.050954198464751, 28.66392376832664, 4117.199999999999818 ], [ 84.050954198464751, 28.66392376832664, 4117.199999999999818 ], [ 84.050956796854734, 28.663944974541664, 4117.600000000000364 ], [ 84.050949085503817, 28.663956290110946, 4117.600000000000364 ], [ 84.050925699993968, 28.663967689499259, 4117.600000000000364 ], [ 84.050917066633701, 28.663979424163699, 4117.800000000000182 ], [ 84.050898291170597, 28.664002474397421, 4118.0 ], [ 84.050894184038043, 28.664008425548673, 4118.199999999999818 ], [ 84.050891250371933, 28.66401513107121, 4118.199999999999818 ], [ 84.050877252593637, 28.664033403620124, 4118.399999999999636 ], [ 84.050878090783954, 28.664046311751008, 4118.600000000000364 ], [ 84.05087792314589, 28.664046730846167, 4118.600000000000364 ], [ 84.050868786871433, 28.664061147719622, 4119.399999999999636 ], [ 84.050880772992969, 28.664071960374713, 4119.600000000000364 ], [ 84.050876833498478, 28.664069613441825, 4119.600000000000364 ], [ 84.050904158502817, 28.664076654240489, 4120.600000000000364 ], [ 84.050910025835037, 28.664086880162358, 4122.0 ], [ 84.050919329747558, 28.66409232839942, 4122.600000000000364 ], [ 84.050922598689795, 28.664108505472541, 4123.199999999999818 ], [ 84.050933411344886, 28.664110852405429, 4123.399999999999636 ], [ 84.050935506820679, 28.664130717515945, 4123.399999999999636 ], [ 84.050933578982949, 28.664145637303591, 4123.600000000000364 ], [ 84.050941625609994, 28.664130968973041, 4123.600000000000364 ], [ 84.050947995856404, 28.664127448573709, 4123.800000000000182 ], [ 84.050962748005986, 28.664125353097916, 4124.199999999999818 ], [ 84.050962831825018, 28.664125353097916, 4124.199999999999818 ], [ 84.050987390801311, 28.664112025871873, 4125.0 ], [ 84.050995269790292, 28.664104985073209, 4125.199999999999818 ], [ 84.051006082445383, 28.664101967588067, 4126.0 ], [ 84.051005830988288, 28.664102051407099, 4126.199999999999818 ], [ 84.051005830988288, 28.664102051407099, 4126.399999999999636 ], [ 84.051031731069088, 28.664088724181056, 4127.199999999999818 ], [ 84.051031898707151, 28.664088640362024, 4127.399999999999636 ], [ 84.051064001396298, 28.664077827706933, 4128.0 ], [ 84.051084704697132, 28.664075480774045, 4128.399999999999636 ], [ 84.051086800172925, 28.664074474945664, 4128.399999999999636 ], [ 84.051087806001306, 28.664076486602426, 4129.399999999999636 ], [ 84.051090320572257, 28.66407623514533, 4129.600000000000364 ], [ 84.051104569807649, 28.664072044193745, 4129.800000000000182 ], [ 84.051134157925844, 28.664072630926967, 4130.399999999999636 ], [ 84.051134325563908, 28.664072547107935, 4130.600000000000364 ], [ 84.051141198724508, 28.66407279856503, 4131.600000000000364 ], [ 84.051156705245376, 28.664071289822459, 4131.800000000000182 ], [ 84.051172966137528, 28.664071625098583, 4132.0 ], [ 84.051183862611651, 28.664072463288903, 4132.800000000000182 ], [ 84.051192663609982, 28.664101464673877, 4133.800000000000182 ], [ 84.051176318898797, 28.664121078327295, 4133.800000000000182 ], [ 84.051162991672754, 28.664127867668867, 4133.800000000000182 ], [ 84.051164416596293, 28.664134321734309, 4134.399999999999636 ], [ 84.051163326948881, 28.664143793284893, 4134.600000000000364 ], [ 84.051163075491786, 28.664147397503257, 4134.600000000000364 ], [ 84.051154442131519, 28.664164077490568, 4134.600000000000364 ], [ 84.051142623648047, 28.664174303412437, 4134.800000000000182 ], [ 84.051137510687113, 28.664181847125292, 4134.800000000000182 ], [ 84.051140444353223, 28.66418519988656, 4134.800000000000182 ], [ 84.05114178545773, 28.664196766912937, 4135.0 ], [ 84.0511588845402, 28.664189642295241, 4135.0 ], [ 84.051174307242036, 28.664188720285892, 4135.399999999999636 ], [ 84.051176821812987, 28.664188385009769, 4135.600000000000364 ], [ 84.051185119897127, 28.664183272048831, 4136.0 ], [ 84.051185036078095, 28.664183607324961, 4136.399999999999636 ], [ 84.051185036078095, 28.664183607324961, 4137.0 ], [ 84.051185036078095, 28.664183607324961, 4137.399999999999636 ], [ 84.051210433244705, 28.664169190451503, 4138.199999999999818 ], [ 84.051242871209979, 28.664167262613773, 4139.199999999999818 ], [ 84.051250163465738, 28.664173968136311, 4139.399999999999636 ], [ 84.051252594217658, 28.664177320897579, 4139.600000000000364 ], [ 84.051249157637358, 28.664188049733639, 4139.800000000000182 ], [ 84.051243374124169, 28.664203472435471, 4140.199999999999818 ], [ 84.051246475428343, 28.66420229896903, 4140.399999999999636 ], [ 84.05125267803669, 28.664199449121952, 4140.800000000000182 ], [ 84.051272626966238, 28.664192743599415, 4141.199999999999818 ], [ 84.051282098516822, 28.664192156866193, 4141.600000000000364 ], [ 84.051289726048708, 28.664195593446493, 4142.399999999999636 ], [ 84.05129081569612, 28.664195341989402, 4142.800000000000182 ], [ 84.05130498111248, 28.664193162694573, 4143.600000000000364 ], [ 84.051306825131178, 28.664192911237478, 4144.199999999999818 ], [ 84.051309926435351, 28.664191821590062, 4144.800000000000182 ], [ 84.051332306116819, 28.664185367524624, 4145.199999999999818 ], [ 84.051337419077754, 28.664183272048831, 4145.800000000000182 ], [ 84.05134211294353, 28.664184110239148, 4146.0 ], [ 84.051372539252043, 28.664187798276544, 4146.0 ], [ 84.051372623071074, 28.66418763063848, 4146.600000000000364 ], [ 84.051377736032009, 28.664182685315609, 4147.0 ], [ 84.051383938640356, 28.664177991449833, 4147.600000000000364 ], [ 84.051416292786598, 28.664174303412437, 4148.0 ], [ 84.051423668861389, 28.664189893752337, 4148.600000000000364 ], [ 84.051422495394945, 28.664194252341986, 4148.800000000000182 ], [ 84.051414281129837, 28.664184445515275, 4148.800000000000182 ], [ 84.051413778215647, 28.664185367524624, 4148.800000000000182 ], [ 84.051414281129837, 28.664184445515275, 4148.800000000000182 ], [ 84.051414281129837, 28.664184445515275, 4149.0 ], [ 84.051414281129837, 28.664184445515275, 4149.199999999999818 ], [ 84.051414281129837, 28.664184445515275, 4149.399999999999636 ], [ 84.051420232281089, 28.664197018370032, 4149.600000000000364 ], [ 84.051443533971906, 28.664194839075208, 4149.600000000000364 ], [ 84.051454765722156, 28.664187379181385, 4150.199999999999818 ], [ 84.051461219787598, 28.664187798276544, 4150.399999999999636 ], [ 84.051470356062055, 28.664182601496577, 4151.199999999999818 ], [ 84.051470356062055, 28.664182601496577, 4151.600000000000364 ], [ 84.051486868411303, 28.664174219593409, 4151.800000000000182 ], [ 84.051511846482754, 28.664170699194074, 4152.0 ], [ 84.051520898938179, 28.664179081097245, 4152.0 ], [ 84.051520898938179, 28.664179081097245, 4152.199999999999818 ], [ 84.051512684673071, 28.664183858782053, 4152.399999999999636 ], [ 84.051507152616978, 28.664197605103254, 4152.399999999999636 ], [ 84.051515031605959, 28.664212441071868, 4152.600000000000364 ], [ 84.051515031605959, 28.664212357252836, 4152.800000000000182 ], [ 84.051531543955207, 28.664209339767694, 4153.0 ], [ 84.051543613895774, 28.664207411929965, 4153.399999999999636 ], [ 84.051549313589931, 28.66420766338706, 4154.0 ], [ 84.05155903659761, 28.664207328110933, 4154.600000000000364 ], [ 84.05158250592649, 28.664207244291902, 4155.399999999999636 ], [ 84.051590552553535, 28.664212021976709, 4155.800000000000182 ], [ 84.051591726019979, 28.664209255948663, 4156.199999999999818 ], [ 84.051598599180579, 28.664205651730299, 4156.800000000000182 ], [ 84.051604382693768, 28.664203975349665, 4157.199999999999818 ], [ 84.051637994125485, 28.664203053340316, 4157.800000000000182 ], [ 84.051649980247021, 28.664206322282553, 4158.199999999999818 ], [ 84.051657440140843, 28.664204310625792, 4158.800000000000182 ], [ 84.051673365756869, 28.66420129314065, 4159.0 ], [ 84.051689710468054, 28.664190312847495, 4160.199999999999818 ], [ 84.051718460395932, 28.664199616760015, 4160.800000000000182 ], [ 84.051718795672059, 28.664206573739648, 4161.399999999999636 ], [ 84.05171686783433, 28.664218978956342, 4162.399999999999636 ], [ 84.051710329949856, 28.664227947592735, 4162.600000000000364 ], [ 84.051700523123145, 28.66424479521811, 4162.600000000000364 ], [ 84.051696667447686, 28.664258290082216, 4162.800000000000182 ], [ 84.051705300807953, 28.664261559024453, 4163.199999999999818 ], [ 84.051705300807953, 28.664261559024453, 4163.600000000000364 ], [ 84.051705300807953, 28.664261559024453, 4163.800000000000182 ], [ 84.051705300807953, 28.664261559024453, 4164.600000000000364 ], [ 84.051705300807953, 28.664261559024453, 4164.800000000000182 ], [ 84.051723321899772, 28.664252925664183, 4165.600000000000364 ], [ 84.051733715459704, 28.664256781339645, 4165.800000000000182 ], [ 84.051737822592258, 28.664260385558009, 4165.800000000000182 ], [ 84.051750479266047, 28.664269018918276, 4166.800000000000182 ], [ 84.051745114848018, 28.664268516004089, 4167.0 ], [ 84.051748216152191, 28.664268767461181, 4167.199999999999818 ], [ 84.051752742379904, 28.664268935099244, 4167.399999999999636 ], [ 84.051773026585579, 28.664259379729629, 4167.800000000000182 ], [ 84.051774954423308, 28.664258206263185, 4168.0 ], [ 84.051795490086079, 28.664243035018444, 4168.0 ], [ 84.051815774291754, 28.664245465770364, 4168.199999999999818 ], [ 84.051826419308782, 28.664248986169696, 4169.0 ], [ 84.051833543926477, 28.664250997826457, 4169.800000000000182 ], [ 84.051837818697095, 28.664252003654841, 4170.0 ], [ 84.051856677979231, 28.664255104959011, 4170.800000000000182 ], [ 84.05186983756721, 28.664255607873201, 4171.0 ], [ 84.051885847002268, 28.664254937320948, 4171.399999999999636 ], [ 84.051885847002268, 28.664254937320948, 4172.199999999999818 ], [ 84.051885847002268, 28.664254937320948, 4172.199999999999818 ], [ 84.051885847002268, 28.664254937320948, 4172.399999999999636 ], [ 84.05193043872714, 28.664262061938643, 4173.0 ], [ 84.051934713497758, 28.66426139138639, 4173.199999999999818 ], [ 84.051947621628642, 28.664259295910597, 4174.199999999999818 ], [ 84.051957344636321, 28.66425946354866, 4174.600000000000364 ], [ 84.051985424011946, 28.66426675580442, 4174.800000000000182 ], [ 84.051986429840326, 28.664268348366026, 4175.399999999999636 ], [ 84.052003445103765, 28.664270360022783, 4176.600000000000364 ], [ 84.052029093727469, 28.664281340315934, 4177.199999999999818 ], [ 84.052024818956852, 28.664294751361012, 4177.800000000000182 ], [ 84.052022639662027, 28.66429852321744, 4179.0 ], [ 84.052020879462361, 28.664308246225119, 4179.600000000000364 ], [ 84.052017275243998, 28.664317717775702, 4179.800000000000182 ], [ 84.052006881684065, 28.664338085800409, 4180.0 ], [ 84.051996320486069, 28.664362309500575, 4180.0 ], [ 84.051990788429976, 28.66436616517603, 4180.0 ], [ 84.051976287737489, 28.664379576221108, 4181.0 ], [ 84.051971593871713, 28.664383348077536, 4181.199999999999818 ], [ 84.051965726539493, 28.664405308663845, 4181.600000000000364 ], [ 84.051966061815619, 28.664417378604412, 4181.600000000000364 ], [ 84.051949717104435, 28.664442440494895, 4182.0 ], [ 84.051944771781564, 28.66444738581777, 4182.0 ], [ 84.051941502839327, 28.664469011127949, 4182.0 ], [ 84.051924739032984, 28.664495078846812, 4182.800000000000182 ], [ 84.051914177834988, 28.664506729692221, 4183.0 ], [ 84.051902610808611, 28.664507819339633, 4183.399999999999636 ], [ 84.051882326602936, 28.664517374709249, 4184.199999999999818 ], [ 84.051876710727811, 28.664522068575025, 4184.399999999999636 ], [ 84.051868077367544, 28.664528438821435, 4185.0 ], [ 84.0518669039011, 28.664536569267511, 4185.199999999999818 ], [ 84.051858186721802, 28.664552997797728, 4186.0 ], [ 84.05185223557055, 28.66455358453095, 4186.199999999999818 ], [ 84.051851816475391, 28.664552746340632, 4186.600000000000364 ], [ 84.051842428743839, 28.664570935070515, 4187.0 ], [ 84.05184293165803, 28.664588956162333, 4187.199999999999818 ], [ 84.051841339096427, 28.664601193740964, 4187.399999999999636 ], [ 84.051840249449015, 28.664604714140296, 4187.399999999999636 ], [ 84.051848296076059, 28.66461955010891, 4187.600000000000364 ], [ 84.051853073760867, 28.664642851799726, 4188.199999999999818 ], [ 84.051850475370884, 28.664664728567004, 4188.199999999999818 ], [ 84.051848463714123, 28.664687862619761, 4188.199999999999818 ], [ 84.051838237792253, 28.664709404110909, 4188.199999999999818 ], [ 84.051834885030985, 28.664745949208736, 4188.199999999999818 ], [ 84.051833041012287, 28.664768161252141, 4188.199999999999818 ], [ 84.051838405430317, 28.664802359417081, 4188.399999999999636 ], [ 84.051840249449015, 28.664827505126595, 4188.399999999999636 ], [ 84.051841674372554, 28.664847370237112, 4188.600000000000364 ], [ 84.051845446228981, 28.664874779060483, 4188.600000000000364 ], [ 84.051845027133822, 28.6648756172508, 4188.800000000000182 ], [ 84.051837064325809, 28.664909061044455, 4188.800000000000182 ], [ 84.051834549754858, 28.664934122934937, 4189.399999999999636 ], [ 84.051829185336828, 28.664949461817741, 4189.600000000000364 ], [ 84.051807308569551, 28.664986090734601, 4189.800000000000182 ], [ 84.051797166466713, 28.665018025785685, 4189.800000000000182 ], [ 84.05179456807673, 28.665060354396701, 4189.800000000000182 ], [ 84.051787862554193, 28.665089355781671, 4190.199999999999818 ], [ 84.051782665774226, 28.665119027718902, 4190.399999999999636 ], [ 84.051767997443676, 28.665163703262809, 4190.399999999999636 ], [ 84.051762297749519, 28.665196308866143, 4190.600000000000364 ], [ 84.051748048514128, 28.66523964330554, 4190.600000000000364 ], [ 84.051725920289755, 28.665276356041431, 4190.800000000000182 ], [ 84.051705552265048, 28.665323713794351, 4191.0 ], [ 84.05169683508575, 28.665351625531912, 4191.600000000000364 ], [ 84.051696164533496, 28.665356319397688, 4191.600000000000364 ], [ 84.051695158705115, 28.665384734049439, 4191.800000000000182 ], [ 84.051694320514798, 28.665420860052109, 4192.600000000000364 ], [ 84.051698846742511, 28.665432007983327, 4193.399999999999636 ], [ 84.051696080714464, 28.665435696020719, 4193.600000000000364 ], [ 84.051698176190257, 28.665445921942592, 4194.0 ], [ 84.051703875884414, 28.665458830073476, 4194.800000000000182 ], [ 84.051708821207285, 28.665458913892508, 4195.0 ], [ 84.051716113463044, 28.665469055995345, 4195.800000000000182 ], [ 84.051716951653361, 28.665470816195011, 4196.800000000000182 ], [ 84.051716448739171, 28.665476767346263, 4196.800000000000182 ], [ 84.051712593063712, 28.66550107486546, 4197.800000000000182 ], [ 84.051712676882744, 28.665501158684492, 4198.0 ], [ 84.051714185625315, 28.665501242503524, 4199.199999999999818 ], [ 84.051714185625315, 28.665501242503524, 4199.199999999999818 ], [ 84.051714185625315, 28.665501242503524, 4199.199999999999818 ], [ 84.05170907266438, 28.66549956612289, 4201.199999999999818 ], [ 84.051701612770557, 28.665499398484823, 4201.199999999999818 ], [ 84.051698595285416, 28.665508786216375, 4201.399999999999636 ], [ 84.051699349656701, 28.6655318364501, 4202.199999999999818 ], [ 84.051703875884414, 28.665544325485826, 4202.399999999999636 ], [ 84.051705384626985, 28.665569303557277, 4202.800000000000182 ], [ 84.051705133169889, 28.665584223344919, 4203.0 ], [ 84.051703792065382, 28.665593946352601, 4203.199999999999818 ], [ 84.051702199503779, 28.665596209466457, 4203.199999999999818 ], [ 84.051701864227653, 28.665600148960948, 4203.199999999999818 ], [ 84.051704211160541, 28.6656129732728, 4203.199999999999818 ], [ 84.051703792065382, 28.66561783477664, 4203.199999999999818 ], [ 84.051714604720473, 28.665636610239744, 4203.399999999999636 ], [ 84.051717035472393, 28.66564373485744, 4203.399999999999636 ], [ 84.0517149399966, 28.665658738464117, 4203.800000000000182 ], [ 84.051716951653361, 28.665662594139576, 4204.0 ], [ 84.051720220595598, 28.665669299662113, 4204.199999999999818 ], [ 84.051731955260038, 28.66567843593657, 4204.800000000000182 ], [ 84.051746958866715, 28.665705090388656, 4205.399999999999636 ], [ 84.051750143989921, 28.665723195299503, 4205.800000000000182 ], [ 84.051751988008618, 28.665728224441409, 4206.0 ], [ 84.051757603883743, 28.665747921913862, 4206.199999999999818 ], [ 84.051745953038335, 28.66576929576695, 4206.399999999999636 ], [ 84.051746372133493, 28.665777426213022, 4206.399999999999636 ], [ 84.051744528114796, 28.665791759267449, 4206.800000000000182 ], [ 84.051736649125814, 28.665815060958263, 4207.0 ], [ 84.051729943603277, 28.665832411497831, 4207.199999999999818 ], [ 84.051709491759539, 28.665855545550585, 4207.199999999999818 ], [ 84.05170320533216, 28.665866190567613, 4207.399999999999636 ], [ 84.051703121513128, 28.665871471166611, 4207.399999999999636 ], [ 84.051699433475733, 28.665878344327211, 4207.800000000000182 ], [ 84.051702031865716, 28.665874823927879, 4207.800000000000182 ], [ 84.051702031865716, 28.665874823927879, 4208.399999999999636 ], [ 84.051701109856367, 28.665902484208345, 4208.800000000000182 ], [ 84.05170370824635, 28.665911201387644, 4209.199999999999818 ], [ 84.051703792065382, 28.66591296158731, 4209.600000000000364 ], [ 84.051703540608287, 28.665913045406342, 4210.0 ], [ 84.051709827035666, 28.665920672938228, 4210.399999999999636 ], [ 84.051699852570891, 28.665936179459095, 4210.600000000000364 ], [ 84.051698092371225, 28.665940286591649, 4211.0 ], [ 84.05169490724802, 28.665952691808343, 4211.600000000000364 ], [ 84.051692644134164, 28.665959481149912, 4211.600000000000364 ], [ 84.051692979410291, 28.665965180844069, 4211.800000000000182 ], [ 84.051684178411961, 28.665987895801663, 4212.399999999999636 ], [ 84.051667749881744, 28.666003737598658, 4212.800000000000182 ], [ 84.051658781245351, 28.666012454777956, 4213.0 ], [ 84.051645705476403, 28.666022093966603, 4213.399999999999636 ], [ 84.051644783467054, 28.666023015975952, 4213.600000000000364 ], [ 84.051642352715135, 28.666024608537555, 4213.800000000000182 ], [ 84.051636150106788, 28.666033493354917, 4214.399999999999636 ], [ 84.051628606393933, 28.66604003123939, 4214.800000000000182 ], [ 84.05162064358592, 28.666042545810345, 4215.199999999999818 ], [ 84.051599521189928, 28.666043551638719, 4216.0 ], [ 84.051595665514469, 28.66604539565742, 4216.600000000000364 ], [ 84.051592228934169, 28.666051765903831, 4217.199999999999818 ], [ 84.051580829545856, 28.66606249473989, 4218.199999999999818 ], [ 84.051580410450697, 28.666062662377954, 4219.399999999999636 ], [ 84.051571441814303, 28.666075402870774, 4220.199999999999818 ], [ 84.051561886444688, 28.666083114221692, 4220.399999999999636 ], [ 84.051553336903453, 28.666087975725532, 4220.399999999999636 ], [ 84.051553336903453, 28.666088059544563, 4220.399999999999636 ], [ 84.05154000967741, 28.666104068979621, 4221.199999999999818 ], [ 84.051536992192268, 28.666106499731541, 4221.600000000000364 ], [ 84.051533220335841, 28.666118402034044, 4222.0 ], [ 84.051536237820983, 28.666131142526865, 4222.399999999999636 ], [ 84.051550151780248, 28.666131058707833, 4222.600000000000364 ], [ 84.051556186750531, 28.666126448661089, 4222.600000000000364 ], [ 84.051579236984253, 28.666134914383292, 4223.600000000000364 ], [ 84.051583344116807, 28.666152013465759, 4224.600000000000364 ], [ 84.051583344116807, 28.666152013465759, 4225.0 ], [ 84.05158351175487, 28.666177159175277, 4225.600000000000364 ], [ 84.051586529240012, 28.666184535250068, 4225.800000000000182 ], [ 84.051590887829661, 28.666191911324859, 4226.199999999999818 ], [ 84.051589127629995, 28.666222505271435, 4226.800000000000182 ], [ 84.051587618887424, 28.666231222450733, 4227.0 ], [ 84.051600443199277, 28.666227618232369, 4227.0 ], [ 84.051627768203616, 28.666240526363257, 4227.600000000000364 ], [ 84.051629193127155, 28.666245304048061, 4228.0 ], [ 84.051644364371896, 28.666260307654738, 4228.800000000000182 ], [ 84.051658362150192, 28.666265169158574, 4229.0 ], [ 84.051678730174899, 28.666268521919847, 4229.199999999999818 ], [ 84.051694320514798, 28.666275395080447, 4230.0 ], [ 84.051697421818972, 28.666274221614003, 4230.0 ], [ 84.05171686783433, 28.666276233270764, 4231.399999999999636 ], [ 84.051726590842009, 28.666279753670096, 4232.600000000000364 ], [ 84.05172667466104, 28.666279753670096, 4233.600000000000364 ], [ 84.051742432639003, 28.666284782811999, 4234.800000000000182 ], [ 84.051746958866715, 28.666285872459412, 4235.199999999999818 ], [ 84.05176866799593, 28.666312526911497, 4235.600000000000364 ], [ 84.051771266385913, 28.666315712034702, 4235.800000000000182 ], [ 84.0517892036587, 28.666319483891129, 4235.800000000000182 ], [ 84.051796747371554, 28.666319567710161, 4236.0 ], [ 84.051828347146511, 28.66632292047143, 4236.199999999999818 ], [ 84.051856007426977, 28.666325099766254, 4236.800000000000182 ], [ 84.051877297461033, 28.666320908814669, 4237.399999999999636 ], [ 84.051883164793253, 28.666322836652402, 4237.800000000000182 ], [ 84.051890708506107, 28.666325435042381, 4238.0 ], [ 84.051923230290413, 28.666329039260745, 4238.600000000000364 ], [ 84.051924990490079, 28.66633222438395, 4239.0 ], [ 84.051937982439995, 28.666330464184284, 4239.0 ], [ 84.051976623013616, 28.666318561881781, 4239.399999999999636 ], [ 84.052012916654348, 28.666314287111163, 4240.0 ], [ 84.052015515044332, 28.666315209120512, 4240.199999999999818 ], [ 84.052044348791242, 28.666306240484118, 4240.399999999999636 ], [ 84.052069578319788, 28.66628528572619, 4240.600000000000364 ], [ 84.052098579704762, 28.666268941015005, 4241.0 ], [ 84.052125737071037, 28.666255278512836, 4241.399999999999636 ], [ 84.052150966599584, 28.666237341240048, 4241.800000000000182 ], [ 84.052166054025292, 28.666225271299481, 4242.199999999999818 ], [ 84.052191786468029, 28.666212363168597, 4242.600000000000364 ], [ 84.052213495597243, 28.666207250207663, 4243.199999999999818 ], [ 84.052237635478377, 28.666183948516849, 4244.399999999999636 ], [ 84.052242077887058, 28.666180847212672, 4244.600000000000364 ], [ 84.052267223596573, 28.666162407025695, 4245.600000000000364 ], [ 84.05226806178689, 28.666160898283124, 4245.600000000000364 ], [ 84.052282981574535, 28.666141536086801, 4246.600000000000364 ], [ 84.052325561642647, 28.666123934090137, 4247.800000000000182 ], [ 84.052332350984216, 28.666122844442725, 4248.600000000000364 ], [ 84.052340816706419, 28.666120581328869, 4248.800000000000182 ], [ 84.052376858890057, 28.666098369285464, 4249.199999999999818 ], [ 84.052408039569855, 28.666090993210673, 4250.0 ], [ 84.052424049004912, 28.66609375923872, 4250.199999999999818 ], [ 84.052434442564845, 28.66609719581902, 4251.0 ], [ 84.052437962964177, 28.66609669290483, 4251.0 ], [ 84.052467718720436, 28.666078252717853, 4252.0 ], [ 84.052466377615929, 28.666077749803662, 4252.399999999999636 ], [ 84.052473418414593, 28.666079845279455, 4259.399999999999636 ], [ 84.052476519718766, 28.666080180555586, 4259.600000000000364 ], [ 84.052504263818264, 28.666096944361925, 4259.600000000000364 ], [ 84.052527816966176, 28.666114043444395, 4260.0 ], [ 84.052560003474355, 28.666119072586294, 4260.600000000000364 ], [ 84.05259688384831, 28.666130555793643, 4261.0 ], [ 84.052631165832281, 28.666146984323859, 4261.600000000000364 ], [ 84.052630998194218, 28.666147319599983, 4261.600000000000364 ], [ 84.052645582705736, 28.666158718988299, 4262.0 ], [ 84.052661759778857, 28.666161149740219, 4262.199999999999818 ], [ 84.052682211622596, 28.666180595755577, 4262.600000000000364 ], [ 84.052681205794215, 28.666181098669767, 4262.800000000000182 ], [ 84.052694030106068, 28.666194844990969, 4263.199999999999818 ], [ 84.052694533020258, 28.666201801970601, 4263.399999999999636 ], [ 84.052694365382195, 28.666209178045392, 4264.0 ], [ 84.052695874124765, 28.666208758950233, 4264.800000000000182 ], [ 84.052698472514749, 28.666215129196644, 4265.0 ], [ 84.052705010399222, 28.666237760335207, 4265.0 ], [ 84.052725378423929, 28.666271036490802, 4265.0 ], [ 84.052742393687367, 28.666267683729529, 4265.199999999999818 ], [ 84.052771395072341, 28.666256703436375, 4265.399999999999636 ], [ 84.052781956270337, 28.66628285497427, 4265.600000000000364 ], [ 84.052783716470003, 28.66630389355123, 4265.600000000000364 ], [ 84.052792266011238, 28.666329374536872, 4265.600000000000364 ], [ 84.052793774753809, 28.666350496932864, 4265.800000000000182 ], [ 84.052792936563492, 28.66636885330081, 4265.800000000000182 ], [ 84.052797881886363, 28.666375055909157, 4266.0 ], [ 84.052805844694376, 28.66638402454555, 4266.199999999999818 ], [ 84.052810706198215, 28.666395423933864, 4266.600000000000364 ], [ 84.052810622379184, 28.666410259902477, 4266.800000000000182 ], [ 84.052812131121755, 28.666419144719839, 4267.0 ], [ 84.052813639864326, 28.666422916576263, 4267.199999999999818 ], [ 84.052811209112406, 28.666438004001975, 4267.399999999999636 ], [ 84.052810035645962, 28.666448313742876, 4267.399999999999636 ], [ 84.052810035645962, 28.666448313742876, 4268.600000000000364 ], [ 84.052810035645962, 28.666448313742876, 4269.0 ], [ 84.052810035645962, 28.666448313742876, 4269.600000000000364 ], [ 84.052819591015577, 28.666458455845714, 4270.600000000000364 ], [ 84.05282218940556, 28.666464993730187, 4271.0 ], [ 84.052829649299383, 28.666461976245049, 4271.800000000000182 ], [ 84.052829733118415, 28.666459964588284, 4272.199999999999818 ], [ 84.052837947383523, 28.666457533836365, 4273.199999999999818 ], [ 84.052837947383523, 28.666457533836365, 4273.399999999999636 ], [ 84.052852280437946, 28.66645535454154, 4274.399999999999636 ], [ 84.052860327064991, 28.666453175246716, 4274.600000000000364 ], [ 84.052891088649631, 28.66644898429513, 4275.399999999999636 ], [ 84.052891088649631, 28.66644898429513, 4275.600000000000364 ], [ 84.052905086427927, 28.666444877162576, 4276.199999999999818 ], [ 84.052908690646291, 28.666443871334195, 4276.399999999999636 ], [ 84.052930567413568, 28.666438004001975, 4277.199999999999818 ], [ 84.052942888811231, 28.666436327621341, 4277.600000000000364 ], [ 84.052954623475671, 28.666438674554229, 4278.199999999999818 ], [ 84.052959820255637, 28.666439093649387, 4278.600000000000364 ], [ 84.052970884367824, 28.666440518572927, 4278.800000000000182 ], [ 84.052975410595536, 28.666438674554229, 4279.600000000000364 ], [ 84.052984463050961, 28.66644068621099, 4280.199999999999818 ], [ 84.0530049148947, 28.666443284600973, 4280.199999999999818 ], [ 84.053015392273664, 28.666449571028352, 4280.399999999999636 ], [ 84.053029054775834, 28.666462479159236, 4280.800000000000182 ], [ 84.053027294576168, 28.666465580463409, 4281.399999999999636 ], [ 84.053030898794532, 28.666485613211989, 4281.600000000000364 ], [ 84.053034000098705, 28.666493324562907, 4282.0 ], [ 84.053029138594866, 28.666498018428683, 4282.199999999999818 ], [ 84.05304548330605, 28.666511178016663, 4282.399999999999636 ], [ 84.053063085302711, 28.666516542434692, 4282.600000000000364 ], [ 84.053093511611223, 28.666515033692122, 4282.800000000000182 ], [ 84.053099295124412, 28.666516207158569, 4283.0 ], [ 84.053116226568818, 28.666515368968248, 4283.199999999999818 ], [ 84.053130391985178, 28.666518218815327, 4283.199999999999818 ], [ 84.053137600421906, 28.666524672880769, 4284.0 ], [ 84.053151430562139, 28.666532300412655, 4284.199999999999818 ], [ 84.053163332864642, 28.66655015386641, 4284.600000000000364 ], [ 84.053177833557129, 28.666557278484103, 4285.199999999999818 ], [ 84.053189819678664, 28.666563481092453, 4285.600000000000364 ], [ 84.053215216845274, 28.666565995663404, 4285.600000000000364 ], [ 84.053243463858962, 28.666568007320169, 4286.199999999999818 ], [ 84.05326341278851, 28.666577897965908, 4286.800000000000182 ], [ 84.053265089169145, 28.666579741984609, 4286.800000000000182 ], [ 84.053273219615221, 28.666596673429012, 4287.199999999999818 ], [ 84.053277745842934, 28.666597846895456, 4287.399999999999636 ], [ 84.05329761095345, 28.666595751419663, 4288.0 ], [ 84.053306076675653, 28.666594075039029, 4288.399999999999636 ], [ 84.053319487720728, 28.666588207706809, 4288.600000000000364 ], [ 84.053332898765802, 28.666598098352551, 4289.199999999999818 ], [ 84.053342705592513, 28.666620478034019, 4289.199999999999818 ], [ 84.053341699764132, 28.666633889079097, 4289.399999999999636 ], [ 84.053336083889008, 28.666648641228676, 4289.399999999999636 ], [ 84.053337424993515, 28.66666741669178, 4289.399999999999636 ], [ 84.053346058353782, 28.666671942919493, 4289.399999999999636 ], [ 84.053358128294349, 28.666683007031679, 4289.399999999999636 ], [ 84.05335963703692, 28.66668334230781, 4289.800000000000182 ], [ 84.05335963703692, 28.66668334230781, 4290.600000000000364 ], [ 84.05335963703692, 28.66668334230781, 4291.800000000000182 ], [ 84.053360559046268, 28.666685437783599, 4292.600000000000364 ], [ 84.053372461348772, 28.666697172448039, 4293.0 ], [ 84.053374221548438, 28.666698848828673, 4293.199999999999818 ], [ 84.05338360927999, 28.666704632341862, 4294.0 ], [ 84.053383525460958, 28.666704716160893, 4294.600000000000364 ], [ 84.053387800231576, 28.66671988740563, 4295.0 ], [ 84.053389644250274, 28.666722737252712, 4295.199999999999818 ], [ 84.053396098315716, 28.666729275137182, 4296.199999999999818 ], [ 84.05340070836246, 28.666733046993613, 4296.600000000000364 ], [ 84.053404312580824, 28.666746206581593, 4297.199999999999818 ], [ 84.053404647856951, 28.666746458038688, 4297.399999999999636 ], [ 84.053418142721057, 28.666758360341191, 4298.0 ], [ 84.05341831035912, 28.66675827652216, 4298.399999999999636 ], [ 84.05341831035912, 28.66675827652216, 4299.0 ], [ 84.05341831035912, 28.66675827652216, 4299.399999999999636 ], [ 84.053438259288669, 28.666758192703128, 4300.0 ], [ 84.053461560979486, 28.666749475523829, 4300.600000000000364 ], [ 84.053462566807866, 28.66675048135221, 4301.399999999999636 ], [ 84.05346617102623, 28.666749643161893, 4301.800000000000182 ], [ 84.053477151319385, 28.666742602363229, 4303.0 ], [ 84.053497100248933, 28.666737908497453, 4303.199999999999818 ], [ 84.053517635911703, 28.666756013408303, 4303.399999999999636 ], [ 84.053522245958447, 28.666762132197618, 4304.0 ], [ 84.053522497415543, 28.666762635111809, 4304.0 ], [ 84.05352576635778, 28.666762048378587, 4304.199999999999818 ], [ 84.053531549870968, 28.66675928235054, 4304.800000000000182 ], [ 84.053533226251602, 28.66675685159862, 4305.199999999999818 ], [ 84.05353800393641, 28.666752409189939, 4305.600000000000364 ], [ 84.053547726944089, 28.666749224066734, 4305.800000000000182 ], [ 84.053572118282318, 28.666766071692109, 4306.0 ], [ 84.053577147424221, 28.666775124147534, 4306.0 ], [ 84.053578237071633, 28.666776968166232, 4306.199999999999818 ], [ 84.053586032241583, 28.666793061420321, 4306.800000000000182 ], [ 84.053589887917042, 28.666792726144195, 4307.399999999999636 ], [ 84.053603131324053, 28.666798174381256, 4308.399999999999636 ], [ 84.05360153876245, 28.66679834201932, 4308.600000000000364 ], [ 84.053605226799846, 28.6667959112674, 4309.600000000000364 ], [ 84.053632384166121, 28.666791720315818, 4310.600000000000364 ], [ 84.053632384166121, 28.66679104976356, 4310.800000000000182 ], [ 84.053641939535737, 28.666788199916478, 4311.0 ], [ 84.053670018911362, 28.666785266250372, 4311.199999999999818 ], [ 84.053678316995502, 28.66681644693017, 4311.199999999999818 ], [ 84.053664151579142, 28.666844023391604, 4311.399999999999636 ], [ 84.053664905950427, 28.666858524084091, 4311.399999999999636 ], [ 84.053666330873966, 28.666860032826666, 4311.800000000000182 ], [ 84.05366750434041, 28.66685944609344, 4311.800000000000182 ], [ 84.053669180721045, 28.666858859360214, 4312.199999999999818 ], [ 84.053716287016869, 28.666856260970235, 4312.800000000000182 ], [ 84.05373833142221, 28.666856763884425, 4314.0 ], [ 84.053754005581141, 28.666858021169901, 4314.600000000000364 ], [ 84.053756603971124, 28.666858859360214, 4315.399999999999636 ], [ 84.053765991702676, 28.666857266798615, 4316.199999999999818 ], [ 84.053773200139403, 28.666857853531837, 4316.399999999999636 ], [ 84.053789293393493, 28.666860787197948, 4317.0 ], [ 84.053797507658601, 28.666864978149533, 4317.600000000000364 ], [ 84.053803374990821, 28.666867827996612, 4318.199999999999818 ], [ 84.05383019708097, 28.666873443871737, 4318.800000000000182 ], [ 84.053837824612856, 28.666884591802955, 4319.199999999999818 ], [ 84.053853247314692, 28.666885932907466, 4319.399999999999636 ], [ 84.053899012506008, 28.666895739734173, 4319.399999999999636 ], [ 84.05391133390367, 28.666919460520148, 4319.600000000000364 ], [ 84.053923320025206, 28.666953491047025, 4319.600000000000364 ], [ 84.053916949778795, 28.666953155770894, 4319.800000000000182 ], [ 84.053917871788144, 28.666953155770894, 4320.0 ], [ 84.053908064961433, 28.66694594733417, 4320.800000000000182 ], [ 84.053921643644571, 28.666952820494771, 4320.800000000000182 ], [ 84.053977550938725, 28.666976541280743, 4321.0 ], [ 84.05398459173739, 28.666975870728493, 4321.0 ], [ 84.054044606164098, 28.666987689211965, 4321.600000000000364 ], [ 84.054087437689304, 28.666996657848362, 4321.600000000000364 ], [ 84.054112918674946, 28.667007721960545, 4322.0 ], [ 84.05410872772336, 28.667008308693767, 4322.0 ], [ 84.054140578955412, 28.667019121348854, 4322.399999999999636 ], [ 84.054173519834876, 28.667032616212964, 4322.399999999999636 ], [ 84.054178465157747, 28.667049296200275, 4322.800000000000182 ], [ 84.054199839010835, 28.667077124118805, 4323.0 ], [ 84.054203694686294, 28.667081063613296, 4323.199999999999818 ], [ 84.054227331653237, 28.667120793834329, 4323.399999999999636 ], [ 84.054265217855573, 28.667147532105449, 4323.600000000000364 ], [ 84.054314000532031, 28.667172845453024, 4324.199999999999818 ], [ 84.054364208132029, 28.667200673371553, 4324.800000000000182 ], [ 84.054384827613831, 28.667213497683409, 4325.199999999999818 ], [ 84.054397903382778, 28.667222047224641, 4325.800000000000182 ], [ 84.054411314427853, 28.667230764403939, 4326.199999999999818 ], [ 84.054435286670923, 28.667241241782904, 4326.399999999999636 ], [ 84.054476357996464, 28.667260687798262, 4326.800000000000182 ], [ 84.054500916972756, 28.667276445776224, 4327.199999999999818 ], [ 84.054512148723006, 28.667284408584237, 4327.199999999999818 ], [ 84.05453335493803, 28.667295221239328, 4327.600000000000364 ], [ 84.054574510082603, 28.667305866256356, 4328.399999999999636 ], [ 84.054609378799796, 28.667305279523134, 4329.600000000000364 ], [ 84.054663525894284, 28.667310224846005, 4330.600000000000364 ], [ 84.054669225588441, 28.667311733588576, 4330.600000000000364 ], [ 84.054702753201127, 28.66732656955719, 4331.399999999999636 ], [ 84.054725216701627, 28.667338471859697, 4331.800000000000182 ], [ 84.054772406816483, 28.667372921481729, 4332.0 ], [ 84.054849185049534, 28.667395384982228, 4332.399999999999636 ], [ 84.054899476468563, 28.667422542348504, 4332.600000000000364 ], [ 84.054953707382083, 28.667457830160856, 4332.800000000000182 ], [ 84.054964100942016, 28.667462021112438, 4333.0 ], [ 84.055001400411129, 28.667480796575543, 4333.800000000000182 ], [ 84.055037861689925, 28.667508289217949, 4334.0 ], [ 84.055083375424147, 28.667556820437312, 4335.0 ], [ 84.055105252191424, 28.667569309473041, 4335.199999999999818 ], [ 84.05516317114234, 28.667606608942151, 4335.800000000000182 ], [ 84.055187981575727, 28.667616583406925, 4335.800000000000182 ], [ 84.055220670998096, 28.667630245909095, 4336.0 ], [ 84.055274063721299, 28.667667545378208, 4336.0 ], [ 84.055280601605773, 28.667670646682382, 4336.0 ], [ 84.055300885811448, 28.667687075212601, 4336.199999999999818 ], [ 84.05531320720911, 28.667694283649325, 4336.199999999999818 ], [ 84.055349668487906, 28.667711969465017, 4337.0 ], [ 84.055357463657856, 28.667715238407258, 4337.199999999999818 ], [ 84.055388476699591, 28.667745077982545, 4338.199999999999818 ], [ 84.055383950471878, 28.667753459885716, 4338.199999999999818 ], [ 84.055383950471878, 28.667753459885716, 4338.600000000000364 ], [ 84.055481934919953, 28.667800650000572, 4342.0 ], [ 84.055496100336313, 28.667852366343141, 4342.399999999999636 ], [ 84.055526442825794, 28.667846918106079, 4345.0 ], [ 84.055527364835143, 28.667847756296396, 4345.399999999999636 ], [ 84.055552762001753, 28.667862256988883, 4345.399999999999636 ], [ 84.055587882176042, 28.667864939197894, 4345.399999999999636 ], [ 84.055606238543987, 28.667869465425611, 4345.399999999999636 ], [ 84.055634569376707, 28.667887067422271, 4345.399999999999636 ], [ 84.055646136403084, 28.667897880077359, 4345.399999999999636 ], [ 84.055670695379376, 28.667915649712089, 4345.600000000000364 ], [ 84.05568896792829, 28.66792269051075, 4345.600000000000364 ], [ 84.055701624602079, 28.667927468195561, 4345.600000000000364 ], [ 84.055727189406753, 28.667939957231283, 4345.800000000000182 ], [ 84.055734230205417, 28.667939705774188, 4345.800000000000182 ], [ 84.055786868557334, 28.667968539521095, 4346.0 ], [ 84.055807404220104, 28.667982872575521, 4346.600000000000364 ], [ 84.055812265723944, 28.66798672825098, 4346.600000000000364 ], [ 84.055820815265179, 28.667994355782863, 4346.800000000000182 ], [ 84.055832633748651, 28.668003994971514, 4346.800000000000182 ], [ 84.055842692032456, 28.668015142902732, 4347.0 ], [ 84.055858282372355, 28.668031319975853, 4347.800000000000182 ], [ 84.05585702508688, 28.668052358552817, 4349.0 ], [ 84.055862473323941, 28.668052274733785, 4349.199999999999818 ], [ 84.055894240736961, 28.668078342452645, 4349.600000000000364 ], [ 84.055907316505909, 28.668106505647302, 4350.199999999999818 ], [ 84.055906813591719, 28.668109104037285, 4350.399999999999636 ], [ 84.055912429466844, 28.66814355365932, 4351.199999999999818 ], [ 84.055915111675858, 28.668158054351807, 4351.199999999999818 ], [ 84.055920392274857, 28.668172471225262, 4351.800000000000182 ], [ 84.055925589054823, 28.668202897533774, 4352.199999999999818 ], [ 84.055940173566341, 28.668222762644291, 4352.399999999999636 ], [ 84.055947382003069, 28.668247740715746, 4352.800000000000182 ], [ 84.055946879088879, 28.66827355697751, 4353.199999999999818 ], [ 84.055949980393052, 28.668292919173837, 4353.800000000000182 ], [ 84.055970851331949, 28.66831798106432, 4354.199999999999818 ], [ 84.055975042283535, 28.668344803154469, 4354.800000000000182 ], [ 84.055993482470512, 28.66837321780622, 4355.199999999999818 ], [ 84.055997673422098, 28.668374223634601, 4355.399999999999636 ], [ 84.056018628180027, 28.668379001319408, 4355.800000000000182 ], [ 84.056036481633782, 28.668389311060309, 4356.399999999999636 ], [ 84.056041007861495, 28.668392999097705, 4356.600000000000364 ], [ 84.056047964841127, 28.668419569730759, 4357.0 ], [ 84.056052742525935, 28.668437171727419, 4357.399999999999636 ], [ 84.056054670363665, 28.668441195040941, 4357.399999999999636 ], [ 84.056077050045133, 28.668457372114062, 4357.399999999999636 ], [ 84.056104626506567, 28.668477237224579, 4357.600000000000364 ], [ 84.056109404191375, 28.668490564450622, 4357.600000000000364 ], [ 84.056105883792043, 28.668488971889019, 4357.800000000000182 ], [ 84.056105213239789, 28.668491905555129, 4357.800000000000182 ], [ 84.056107392534614, 28.668493749573827, 4357.800000000000182 ], [ 84.056111667305231, 28.668500203639269, 4358.0 ], [ 84.056117366999388, 28.668509256094698, 4361.399999999999636 ], [ 84.056115606799722, 28.668509423732761, 4361.600000000000364 ], [ 84.056115439161658, 28.668515542522073, 4361.600000000000364 ], [ 84.056117199361324, 28.66853691637516, 4361.600000000000364 ], [ 84.056129520758986, 28.668565163388848, 4362.399999999999636 ], [ 84.056133544072509, 28.668570779263973, 4362.800000000000182 ], [ 84.056141003966331, 28.668578322976828, 4363.399999999999636 ], [ 84.05615072697401, 28.668591314926744, 4363.800000000000182 ], [ 84.056156678125262, 28.668603133410215, 4364.199999999999818 ], [ 84.056165395304561, 28.668610760942101, 4364.600000000000364 ], [ 84.056169334799051, 28.668621825054288, 4365.0 ], [ 84.056168915703893, 28.668623417615891, 4365.0 ], [ 84.056169334799051, 28.668640935793519, 4365.800000000000182 ], [ 84.056169837713242, 28.668649736791849, 4366.0 ], [ 84.056166149675846, 28.668667590245605, 4366.600000000000364 ], [ 84.056174028664827, 28.668682174757123, 4366.800000000000182 ], [ 84.056174280121922, 28.668691981583834, 4367.0 ], [ 84.056177213788033, 28.66869474761188, 4367.199999999999818 ], [ 84.056189032271504, 28.668712684884667, 4367.800000000000182 ], [ 84.056188948452473, 28.668713271617889, 4368.199999999999818 ], [ 84.056192301213741, 28.668712684884667, 4368.399999999999636 ], [ 84.05621225014329, 28.668726095929745, 4369.0 ], [ 84.05621568672359, 28.668726766481996, 4369.199999999999818 ], [ 84.056227169930935, 28.668742692098022, 4370.0 ], [ 84.056230690330267, 28.668746463954449, 4370.399999999999636 ], [ 84.056229516863823, 28.668745793402195, 4370.399999999999636 ], [ 84.056249465793371, 28.668760545551777, 4371.199999999999818 ], [ 84.056256590411067, 28.668768173083663, 4371.399999999999636 ], [ 84.05626991763711, 28.66877194494009, 4372.0 ], [ 84.056277796626091, 28.668784182518721, 4372.600000000000364 ], [ 84.056280478835106, 28.66878904402256, 4372.800000000000182 ], [ 84.056274443864822, 28.668804382905364, 4373.399999999999636 ], [ 84.056274276226759, 28.668810250237584, 4373.800000000000182 ], [ 84.056283999234438, 28.66882081143558, 4374.399999999999636 ], [ 84.056295733898878, 28.668835395947099, 4374.800000000000182 ], [ 84.056295482441783, 28.668837491422892, 4375.0 ], [ 84.056296655908227, 28.668864481151104, 4375.399999999999636 ], [ 84.056304953992367, 28.668865403160453, 4375.800000000000182 ], [ 84.056306881830096, 28.668863978236914, 4376.0 ], [ 84.056323645636439, 28.668845035135742, 4376.600000000000364 ], [ 84.056337308138609, 28.668838161975145, 4377.0 ], [ 84.056334039196372, 28.668841179460287, 4377.0 ], [ 84.056330854073167, 28.668862553313375, 4378.0 ], [ 84.056331356987357, 28.668861379846931, 4378.399999999999636 ], [ 84.056345857679844, 28.668865235522389, 4378.800000000000182 ], [ 84.056354742497206, 28.668867666274309, 4379.0 ], [ 84.056355413049459, 28.668870348483324, 4379.199999999999818 ], [ 84.056351222097874, 28.668881664052609, 4379.800000000000182 ], [ 84.056363292038441, 28.668892476707697, 4380.399999999999636 ], [ 84.056367315351963, 28.668891889974475, 4380.600000000000364 ], [ 84.05638474971056, 28.668899182230231, 4381.399999999999636 ], [ 84.056386090815067, 28.668899768963456, 4381.399999999999636 ], [ 84.056387348100543, 28.668924244120717, 4382.399999999999636 ], [ 84.05638525262475, 28.668926674872637, 4382.399999999999636 ], [ 84.056391706690192, 28.668935978785157, 4383.0 ], [ 84.056413834914565, 28.668932290747762, 4383.199999999999818 ], [ 84.056427162140608, 28.668938828632236, 4383.600000000000364 ], [ 84.056430095806718, 28.668943354859948, 4383.800000000000182 ], [ 84.056417271494865, 28.66896053776145, 4384.0 ], [ 84.056419283151627, 28.668989287689328, 4384.399999999999636 ], [ 84.056430514901876, 28.669016361236572, 4384.600000000000364 ], [ 84.056434538215399, 28.669024910777807, 4384.600000000000364 ], [ 84.056444680318236, 28.669034298509359, 4385.0 ], [ 84.056454822421074, 28.669035639613867, 4385.600000000000364 ], [ 84.05644778162241, 28.669018289074302, 4385.600000000000364 ], [ 84.0564517211169, 28.66900873370469, 4385.800000000000182 ], [ 84.056469993665814, 28.668990209698677, 4386.800000000000182 ], [ 84.056474938988686, 28.668992388993502, 4387.199999999999818 ], [ 84.056478375568986, 28.669008146971464, 4387.800000000000182 ], [ 84.056477369740605, 28.66901233792305, 4388.0 ], [ 84.056506454944611, 28.669032538309693, 4389.0 ], [ 84.056519279256463, 28.669062126427889, 4389.600000000000364 ], [ 84.056528583168983, 28.669062545523047, 4390.0 ], [ 84.056541156023741, 28.669064808636904, 4390.399999999999636 ], [ 84.056549035012722, 28.669075118377805, 4390.800000000000182 ], [ 84.056561775505543, 28.66909196600318, 4391.0 ], [ 84.056563787162304, 28.669093893840909, 4391.199999999999818 ], [ 84.05657728202641, 28.66911350749433, 4391.199999999999818 ], [ 84.056583484634757, 28.669133624061946, 4391.399999999999636 ], [ 84.056599829345942, 28.669138569384813, 4391.800000000000182 ], [ 84.056617598980665, 28.669143347069621, 4391.800000000000182 ], [ 84.056634027510881, 28.669155668467283, 4391.800000000000182 ], [ 84.056638889014721, 28.669173270463943, 4392.0 ], [ 84.056643499061465, 28.669177880510688, 4392.199999999999818 ], [ 84.05666034668684, 28.669176958501339, 4392.199999999999818 ], [ 84.056685492396355, 28.669170085340738, 4392.199999999999818 ], [ 84.056697562336922, 28.669191710650921, 4393.0 ], [ 84.056698651984334, 28.669198164716363, 4393.199999999999818 ], [ 84.056710721924901, 28.669205624610186, 4393.399999999999636 ], [ 84.056724384427071, 28.669220628216863, 4393.399999999999636 ], [ 84.056738801300526, 28.669235715642571, 4393.800000000000182 ], [ 84.056751960888505, 28.669248791411519, 4394.0 ], [ 84.056755900382996, 28.669256251305342, 4394.199999999999818 ], [ 84.056763863191009, 28.669270249083642, 4394.399999999999636 ], [ 84.056769479066133, 28.669284246861935, 4394.399999999999636 ], [ 84.056780710816383, 28.669296400621533, 4394.600000000000364 ], [ 84.056796301156282, 28.669315511360765, 4395.0 ], [ 84.056822033599019, 28.669325402006507, 4395.199999999999818 ], [ 84.056838545948267, 28.66933286190033, 4395.600000000000364 ], [ 84.056855477392673, 28.669330263510343, 4396.399999999999636 ], [ 84.05686360783875, 28.669332107529044, 4396.800000000000182 ], [ 84.056875510141253, 28.669345015659928, 4397.399999999999636 ], [ 84.056874336674809, 28.669345350936055, 4397.399999999999636 ], [ 84.056884227320552, 28.669349541887641, 4398.0 ], [ 84.056897973641753, 28.669355241581801, 4398.600000000000364 ], [ 84.05690610408783, 28.669357756152749, 4398.800000000000182 ], [ 84.056927058845758, 28.669362366199493, 4399.600000000000364 ], [ 84.056937955319881, 28.669363036751747, 4399.800000000000182 ], [ 84.056951534003019, 28.66936462931335, 4400.600000000000364 ], [ 84.056950276717544, 28.669365970417857, 4400.600000000000364 ], [ 84.056976428255439, 28.669364713132381, 4401.199999999999818 ], [ 84.056990258395672, 28.669364545494322, 4401.800000000000182 ], [ 84.057013224810362, 28.669368987902999, 4402.600000000000364 ], [ 84.057022193446755, 28.669372005388141, 4402.800000000000182 ], [ 84.057009285315871, 28.669377118349075, 4403.800000000000182 ], [ 84.057006100192666, 28.669376783072948, 4404.0 ], [ 84.057008279487491, 28.669377956539392, 4404.399999999999636 ], [ 84.057049266993999, 28.669387344270945, 4405.0 ], [ 84.057061756029725, 28.669387008994818, 4405.399999999999636 ], [ 84.057092098519206, 28.669388936832547, 4406.199999999999818 ], [ 84.057103749364614, 28.669389691203833, 4406.600000000000364 ], [ 84.05712260864675, 28.669400922954079, 4407.0 ], [ 84.057125123217702, 28.669403772801161, 4407.199999999999818 ], [ 84.057135432958603, 28.669411232694983, 4407.600000000000364 ], [ 84.057155884802341, 28.669426823034883, 4408.199999999999818 ], [ 84.057166529819369, 28.669435121119022, 4408.600000000000364 ], [ 84.057194441556931, 28.669447610154748, 4409.199999999999818 ], [ 84.057221179828048, 28.669472755864263, 4409.199999999999818 ], [ 84.057220173999667, 28.669512737542391, 4409.600000000000364 ], [ 84.05722226947546, 28.669532099738717, 4409.600000000000364 ], [ 84.057157728821039, 28.669573171064258, 4409.600000000000364 ], [ 84.057134762406349, 28.669585157185793, 4410.399999999999636 ], [ 84.057123279199004, 28.66959236562252, 4410.800000000000182 ], [ 84.05710257589817, 28.669595550745729, 4411.600000000000364 ], [ 84.05707810074091, 28.669600496068597, 4412.199999999999818 ], [ 84.057054547592998, 28.669606782495975, 4412.600000000000364 ], [ 84.057041052728891, 28.669606447219849, 4413.0 ], [ 84.057023115456104, 28.66961088962853, 4413.199999999999818 ], [ 84.057007106021047, 28.669614074751735, 4413.600000000000364 ], [ 84.056987492367625, 28.669622791931033, 4413.800000000000182 ], [ 84.056950444355607, 28.66963192820549, 4414.199999999999818 ], [ 84.056933848187327, 28.669638801366091, 4414.600000000000364 ], [ 84.056921191513538, 28.669642070308328, 4415.0 ], [ 84.056920018047094, 28.669642154127359, 4415.199999999999818 ], [ 84.056862853467464, 28.669662941247225, 4416.0 ], [ 84.056826392188668, 28.669673167169098, 4416.800000000000182 ], [ 84.056811723858118, 28.66967786103487, 4417.199999999999818 ], [ 84.056788003072143, 28.669685069471601, 4417.800000000000182 ], [ 84.056766126304865, 28.669691188260913, 4418.199999999999818 ], [ 84.056744417175651, 28.669692948460579, 4418.800000000000182 ], [ 84.056719439104199, 28.66969546303153, 4419.399999999999636 ], [ 84.05670971609652, 28.669696217402816, 4419.600000000000364 ], [ 84.056690772995353, 28.669706108048558, 4420.0 ], [ 84.056673087179661, 28.669712143018842, 4420.399999999999636 ], [ 84.056653724983335, 28.669716501608491, 4421.199999999999818 ], [ 84.056636793538928, 28.669718094170097, 4421.399999999999636 ], [ 84.056642325595021, 28.66971549578011, 4421.600000000000364 ], [ 84.056655066087842, 28.669707030057907, 4422.0 ], [ 84.056655066087842, 28.669707030057907, 4422.600000000000364 ], [ 84.056655066087842, 28.669707030057907, 4422.600000000000364 ], [ 84.056655066087842, 28.669707030057907, 4422.600000000000364 ], [ 84.056655066087842, 28.669707030057907, 4422.800000000000182 ], [ 84.056650120764971, 28.669721866026521, 4423.399999999999636 ], [ 84.056633440777659, 28.669731002300978, 4423.800000000000182 ], [ 84.056623298674822, 28.669733935967088, 4424.0 ], [ 84.056592453271151, 28.669734774157405, 4424.600000000000364 ], [ 84.056593710556626, 28.669733852148056, 4424.800000000000182 ], [ 84.056572001427412, 28.669739048928022, 4425.600000000000364 ], [ 84.056562362238765, 28.669739719480276, 4425.800000000000182 ], [ 84.056530678644776, 28.669745838269591, 4426.399999999999636 ], [ 84.056527409702539, 28.669744664803147, 4426.600000000000364 ], [ 84.056523805484176, 28.669743658974767, 4426.800000000000182 ], [ 84.056494804099202, 28.669754303991795, 4428.0 ], [ 84.056465299800038, 28.669758411124349, 4428.800000000000182 ], [ 84.056450463831425, 28.669759752228856, 4429.0 ], [ 84.056427078321576, 28.669764529913664, 4429.800000000000182 ], [ 84.056409224867821, 28.669767128303647, 4430.0 ], [ 84.056390281766653, 28.669772073626518, 4430.399999999999636 ], [ 84.056364297866821, 28.669784814119339, 4431.0 ], [ 84.056352730840445, 28.669787915423512, 4431.399999999999636 ], [ 84.056316101923585, 28.669788502156734, 4432.199999999999818 ], [ 84.056311743333936, 28.669789340347052, 4432.199999999999818 ], [ 84.056273270398378, 28.669790429994464, 4432.800000000000182 ], [ 84.056216524913907, 28.66978858597577, 4433.199999999999818 ], [ 84.056186685338616, 28.669791268184781, 4433.600000000000364 ], [ 84.056144943460822, 28.669798644259572, 4433.800000000000182 ], [ 84.056115271523595, 28.669801913201809, 4434.199999999999818 ], [ 84.0560959931463, 28.669806607067585, 4434.800000000000182 ], [ 84.056074535474181, 28.669814905151725, 4435.399999999999636 ], [ 84.056081240996718, 28.669823035597801, 4435.600000000000364 ], [ 84.056067662313581, 28.669833848252892, 4435.800000000000182 ], [ 84.056057268753648, 28.669839883223176, 4436.600000000000364 ], [ 84.056053999811411, 28.669842565432191, 4437.0 ], [ 84.05604125931859, 28.669856982305649, 4437.800000000000182 ], [ 84.056033128872514, 28.669861257076263, 4438.0 ], [ 84.056014185771346, 28.669868968427181, 4438.800000000000182 ], [ 84.056017119437456, 28.66986645385623, 4438.800000000000182 ], [ 84.055988118052483, 28.669871315360069, 4439.600000000000364 ], [ 84.055988201871514, 28.669871231541041, 4439.800000000000182 ], [ 84.055976718664169, 28.669872572645545, 4440.399999999999636 ], [ 84.055957775563002, 28.669880703091621, 4440.800000000000182 ], [ 84.055929696187377, 28.669891599565744, 4441.399999999999636 ], [ 84.055910920724273, 28.669897383078933, 4441.600000000000364 ], [ 84.055876135826111, 28.669899813830853, 4441.800000000000182 ], [ 84.055863982066512, 28.66990115493536, 4441.800000000000182 ], [ 84.055824419483542, 28.669905010610819, 4442.199999999999818 ], [ 84.055809080600739, 28.669908531010151, 4442.600000000000364 ], [ 84.055815115571022, 28.669909704476595, 4442.800000000000182 ], [ 84.055770104750991, 28.669913476333026, 4443.0 ], [ 84.055724842473865, 28.669923702254891, 4443.199999999999818 ], [ 84.055695086717606, 28.669932838529348, 4443.800000000000182 ], [ 84.055695086717606, 28.669932838529348, 4443.800000000000182 ], [ 84.05570019967854, 28.669935520738363, 4444.0 ], [ 84.055663822218776, 28.669937532395124, 4444.600000000000364 ], [ 84.0556366648525, 28.669939544051889, 4445.0 ], [ 84.055644208565354, 28.669940466061231, 4445.0 ], [ 84.055608753114939, 28.669951027259231, 4445.399999999999636 ], [ 84.055578075349331, 28.669956140220165, 4446.0 ], [ 84.055572124198079, 28.669959744438529, 4446.0 ], [ 84.055557874962687, 28.669964019209143, 4446.199999999999818 ], [ 84.055530717596412, 28.669978184625503, 4447.0 ], [ 84.055523592978716, 28.669980699196454, 4447.0 ], [ 84.055504146963358, 28.669983800500631, 4447.800000000000182 ], [ 84.055493082851171, 28.66998421959579, 4448.199999999999818 ], [ 84.055475313216448, 28.669991428032517, 4448.399999999999636 ], [ 84.055448658764362, 28.670000731945041, 4448.800000000000182 ], [ 84.055420495569706, 28.67000425234437, 4449.199999999999818 ], [ 84.055397110059857, 28.670007102191448, 4450.0 ], [ 84.055379005149007, 28.670012047514319, 4450.199999999999818 ], [ 84.055374814197421, 28.67001355625689, 4450.399999999999636 ], [ 84.055343801155686, 28.670022692531347, 4451.199999999999818 ], [ 84.0553361736238, 28.670024704188108, 4451.199999999999818 ], [ 84.055322092026472, 28.670033002272248, 4452.0 ], [ 84.055311111733317, 28.670035097748041, 4452.399999999999636 ], [ 84.055290743708611, 28.670039121061563, 4452.800000000000182 ], [ 84.055261490866542, 28.670043982565403, 4453.399999999999636 ], [ 84.055251181125641, 28.670045575127009, 4453.600000000000364 ], [ 84.055217150598764, 28.670051693916321, 4454.600000000000364 ], [ 84.055204074829817, 28.670052364468575, 4454.600000000000364 ], [ 84.055159734562039, 28.670061500743032, 4455.199999999999818 ], [ 84.055143389850855, 28.670063344761729, 4455.600000000000364 ], [ 84.055129140615463, 28.670065775513649, 4455.800000000000182 ], [ 84.055098546668887, 28.670065188780427, 4456.600000000000364 ], [ 84.055075161159039, 28.670070301741362, 4457.0 ], [ 84.055044902488589, 28.670075498521328, 4457.800000000000182 ], [ 84.055012296885252, 28.670083964243531, 4458.399999999999636 ], [ 84.054996371269226, 28.670091005042195, 4458.800000000000182 ], [ 84.054984468966722, 28.670092849060893, 4459.0 ], [ 84.054963011294603, 28.670098800212145, 4459.600000000000364 ], [ 84.054950438439846, 28.670102991163731, 4459.800000000000182 ], [ 84.054916072636843, 28.6701132170856, 4460.199999999999818 ], [ 84.054895704612136, 28.670112965628505, 4461.0 ], [ 84.054872570559382, 28.670121263712645, 4461.399999999999636 ], [ 84.054864523932338, 28.670124616473913, 4461.800000000000182 ], [ 84.054856728762388, 28.670128555968404, 4462.0 ], [ 84.054815573617816, 28.67013375274837, 4462.800000000000182 ], [ 84.054804928600788, 28.6701356805861, 4462.800000000000182 ], [ 84.054826470091939, 28.670116486027837, 4463.600000000000364 ], [ 84.054830241948366, 28.670109864324331, 4464.0 ], [ 84.054830241948366, 28.670109864324331, 4464.199999999999818 ], [ 84.054830241948366, 28.670109864324331, 4464.199999999999818 ], [ 84.054830241948366, 28.670109864324331, 4464.199999999999818 ], [ 84.054830241948366, 28.670109864324331, 4464.199999999999818 ], [ 84.0548250451684, 28.670122185721993, 4464.199999999999818 ], [ 84.05482211150229, 28.67012201808393, 4464.199999999999818 ], [ 84.05479378066957, 28.670132914558053, 4464.199999999999818 ], [ 84.054746758192778, 28.670155042782422, 4464.199999999999818 ], [ 84.054730497300625, 28.670173734426498, 4465.199999999999818 ], [ 84.0547248814255, 28.670167531818151, 4465.199999999999818 ], [ 84.054722199216485, 28.670161915943027, 4466.0 ], [ 84.054745165631175, 28.670156467705965, 4466.800000000000182 ], [ 84.054745165631175, 28.670156635344028, 4467.199999999999818 ], [ 84.054688336327672, 28.670169711112976, 4467.199999999999818 ], [ 84.054649863392115, 28.670186391100287, 4468.199999999999818 ], [ 84.054643157869577, 28.670195611193776, 4468.600000000000364 ], [ 84.054663609713316, 28.670194102451205, 4468.600000000000364 ], [ 84.054675176739693, 28.670191504061226, 4469.600000000000364 ], [ 84.054675176739693, 28.670191504061226, 4469.600000000000364 ], [ 84.054618263617158, 28.670201310887933, 4470.600000000000364 ], [ 84.054563697427511, 28.670218661427494, 4471.600000000000364 ], [ 84.054526649415493, 28.670224780216813, 4472.800000000000182 ], [ 84.054490439593792, 28.670250093564391, 4472.800000000000182 ], [ 84.054472669959068, 28.670262582600117, 4472.800000000000182 ], [ 84.054457247257233, 28.670276328921322, 4473.0 ], [ 84.054423719644547, 28.670288817957044, 4474.0 ], [ 84.054412487894297, 28.670293092727661, 4474.399999999999636 ], [ 84.054382145404816, 28.670332236215472, 4475.199999999999818 ], [ 84.054381307214499, 28.670331230387092, 4475.199999999999818 ], [ 84.05436965636909, 28.670371128246188, 4475.600000000000364 ], [ 84.054373679682612, 28.670374229550362, 4475.600000000000364 ], [ 84.054367141798139, 28.670383952558041, 4476.399999999999636 ], [ 84.054357167333364, 28.670417312532663, 4477.199999999999818 ], [ 84.054357083514333, 28.670420330017805, 4477.199999999999818 ], [ 84.054364711046219, 28.670442039147019, 4478.199999999999818 ], [ 84.054364711046219, 28.670441703870893, 4478.199999999999818 ], [ 84.054369991645217, 28.670455617830157, 4478.199999999999818 ], [ 84.054371668025851, 28.670478919520978, 4478.199999999999818 ], [ 84.054387761279941, 28.670504903420809, 4478.199999999999818 ], [ 84.054390611127019, 28.670528288930655, 4478.199999999999818 ], [ 84.054394718259573, 28.670548992231488, 4478.199999999999818 ], [ 84.05440335161984, 28.670574808493257, 4478.199999999999818 ], [ 84.054403603076935, 28.670587632805109, 4478.199999999999818 ], [ 84.054409386590123, 28.670614873990417, 4478.199999999999818 ], [ 84.054409386590123, 28.670640690252185, 4478.199999999999818 ], [ 84.054412571713328, 28.670649994164705, 4478.199999999999818 ], [ 84.054413912817836, 28.670658376067877, 4478.399999999999636 ], [ 84.05442388728261, 28.670684611424804, 4478.399999999999636 ], [ 84.054428748786449, 28.670690897852182, 4478.600000000000364 ], [ 84.054436963051558, 28.670724593102932, 4479.399999999999636 ], [ 84.054444339126348, 28.670745547860861, 4479.800000000000182 ], [ 84.054452888667583, 28.670766083523631, 4479.800000000000182 ], [ 84.054454145953059, 28.670785948634148, 4480.399999999999636 ], [ 84.054456325247884, 28.670808663591743, 4480.600000000000364 ], [ 84.054457666352391, 28.67081880569458, 4480.600000000000364 ], [ 84.05446495860815, 28.670850740745664, 4481.399999999999636 ], [ 84.054465964436531, 28.670854009687901, 4481.600000000000364 ], [ 84.054458839818835, 28.670872785151005, 4482.0 ], [ 84.054458420723677, 28.670891560614109, 4482.399999999999636 ], [ 84.054457917809486, 28.670893991366029, 4482.399999999999636 ], [ 84.054456409066916, 28.670926345512271, 4483.600000000000364 ], [ 84.054453810676932, 28.670930452644825, 4483.600000000000364 ], [ 84.054462276399136, 28.670957023277879, 4484.0 ], [ 84.054467724636197, 28.670975882560015, 4484.600000000000364 ], [ 84.054466634988785, 28.670980157330632, 4484.600000000000364 ], [ 84.054467556998134, 28.67101133801043, 4485.600000000000364 ], [ 84.05446982011199, 28.671020977199081, 4485.800000000000182 ], [ 84.054467054083943, 28.671026509255171, 4486.0 ], [ 84.054470742121339, 28.671055426821113, 4486.800000000000182 ], [ 84.054468311369419, 28.671063808724284, 4487.600000000000364 ], [ 84.054468143731356, 28.671071939170361, 4488.0 ], [ 84.054471328854561, 28.671091804280877, 4488.399999999999636 ], [ 84.054473759606481, 28.671114519238472, 4488.800000000000182 ], [ 84.054474178701639, 28.671123487874866, 4489.199999999999818 ], [ 84.054476357996464, 28.671139664947987, 4489.600000000000364 ], [ 84.054475100710988, 28.671138323843479, 4489.600000000000364 ], [ 84.054473508149385, 28.671143939718604, 4490.199999999999818 ], [ 84.054471999406815, 28.671163888648152, 4490.399999999999636 ], [ 84.054467054083943, 28.671187357977033, 4490.800000000000182 ], [ 84.054463868960738, 28.671197919175029, 4491.199999999999818 ], [ 84.054465712979436, 28.671217951923609, 4492.399999999999636 ], [ 84.054472334682941, 28.671241840347648, 4493.199999999999818 ], [ 84.054473508149385, 28.671248462051153, 4493.399999999999636 ], [ 84.054477866739035, 28.671258771792058, 4493.600000000000364 ], [ 84.05447568744421, 28.671284001320601, 4494.0 ], [ 84.054474513977766, 28.671302190050483, 4494.600000000000364 ], [ 84.054472083225846, 28.671300932765007, 4494.600000000000364 ], [ 84.054483901709318, 28.671338064596057, 4494.600000000000364 ], [ 84.054489266127348, 28.671357175335288, 4494.800000000000182 ], [ 84.054487086832523, 28.671369999647141, 4495.199999999999818 ], [ 84.054488847032189, 28.671395480632786, 4495.399999999999636 ], [ 84.054490188136697, 28.671412160620093, 4495.600000000000364 ], [ 84.054486751556396, 28.671430181711912, 4495.800000000000182 ], [ 84.05449035577476, 28.671471504494548, 4496.600000000000364 ], [ 84.054489517584443, 28.671475192531943, 4496.600000000000364 ], [ 84.05448985286057, 28.671487346291546, 4496.600000000000364 ], [ 84.054488679394126, 28.671495309099555, 4497.199999999999818 ], [ 84.054483901709318, 28.671510731801391, 4497.600000000000364 ], [ 84.054478788748384, 28.671534536406401, 4498.0 ], [ 84.054472502321005, 28.671561190858483, 4498.399999999999636 ], [ 84.054467976093292, 28.671569069847465, 4498.600000000000364 ], [ 84.054460264742374, 28.67156152613461, 4499.199999999999818 ], [ 84.054459929466248, 28.671561358496547, 4499.800000000000182 ], [ 84.054459929466248, 28.671561358496547, 4500.600000000000364 ], [ 84.054459929466248, 28.671561358496547, 4500.600000000000364 ], [ 84.054442076012492, 28.671590443700552, 4500.600000000000364 ], [ 84.054429335519671, 28.671621372923255, 4501.399999999999636 ], [ 84.054417433217168, 28.67164216004312, 4501.800000000000182 ], [ 84.054412571713328, 28.671651463955641, 4501.800000000000182 ], [ 84.054398909211159, 28.67166755720973, 4503.0 ], [ 84.054390527307987, 28.671694044023752, 4504.0 ], [ 84.05438968911767, 28.671695468947291, 4504.399999999999636 ], [ 84.054382564499974, 28.67171541787684, 4505.199999999999818 ], [ 84.054381726309657, 28.671718100085855, 4505.399999999999636 ], [ 84.05437845736742, 28.671730505302548, 4505.600000000000364 ], [ 84.054377619177103, 28.671748442575336, 4506.399999999999636 ], [ 84.054374685510993, 28.67175305262208, 4506.399999999999636 ], [ 84.054368985816836, 28.671768056228757, 4507.600000000000364 ], [ 84.054365381598473, 28.671780126169324, 4508.199999999999818 ], [ 84.054364040493965, 28.671789010986689, 4508.600000000000364 ], [ 84.054355239495635, 28.671807702630758, 4509.0 ], [ 84.054336128756404, 28.671827903017402, 4509.399999999999636 ], [ 84.054333362728357, 28.671830836683512, 4509.600000000000364 ], [ 84.054332105442882, 28.671842655166984, 4509.600000000000364 ], [ 84.054337134584785, 28.67183561436832, 4510.0 ], [ 84.054382564499974, 28.671829663217068, 4510.0 ], [ 84.054418187588453, 28.671826729550961, 4510.0 ], [ 84.054416175931692, 28.671830082312223, 4510.0 ], [ 84.054388264194131, 28.671839805319905, 4510.0 ], [ 84.054388180375099, 28.671842236071825, 4510.0 ], [ 84.054388180375099, 28.671842236071825, 4510.399999999999636 ], [ 84.054390611127019, 28.671847935765982, 4510.399999999999636 ], [ 84.05438918620348, 28.671838715672493, 4510.399999999999636 ], [ 84.054402010515332, 28.671830836683512, 4510.399999999999636 ], [ 84.054477447643876, 28.671810468658805, 4510.399999999999636 ], [ 84.054526565596461, 28.67180485278368, 4510.399999999999636 ], [ 84.054545005783439, 28.671801332384348, 4510.600000000000364 ], [ 84.05459295026958, 28.671792363747951, 4511.199999999999818 ], [ 84.054628992453218, 28.671785406768318, 4511.399999999999636 ], [ 84.054645672440529, 28.671780126169324, 4511.600000000000364 ], [ 84.054702753201127, 28.671759674325585, 4511.600000000000364 ], [ 84.054732508957386, 28.671753387898207, 4512.399999999999636 ], [ 84.05473611317575, 28.671753639355305, 4512.600000000000364 ], [ 84.0547766815871, 28.671739976853132, 4512.800000000000182 ], [ 84.054800821468234, 28.671729331836104, 4513.0 ], [ 84.054822362959385, 28.671719273552299, 4513.600000000000364 ], [ 84.054831918329, 28.671715250238776, 4514.0 ], [ 84.054850023239851, 28.671718183904886, 4514.600000000000364 ], [ 84.054873073473573, 28.671712148934603, 4515.399999999999636 ], [ 84.054897297173738, 28.671703431755304, 4515.800000000000182 ], [ 84.054899476468563, 28.671704521402717, 4515.800000000000182 ], [ 84.054920012131333, 28.671703180298209, 4516.600000000000364 ], [ 84.054922526702285, 28.671700078994036, 4516.800000000000182 ], [ 84.05494331382215, 28.671692032366991, 4517.399999999999636 ], [ 84.054943649098277, 28.671691277995706, 4517.399999999999636 ], [ 84.054958987981081, 28.671682560816407, 4517.399999999999636 ], [ 84.05496921390295, 28.671683985739943, 4517.399999999999636 ], [ 84.054979272186756, 28.671694127842784, 4517.800000000000182 ], [ 84.054983463138342, 28.671723967418075, 4518.199999999999818 ], [ 84.054981283843517, 28.671733690425754, 4518.600000000000364 ], [ 84.054981283843517, 28.671733690425754, 4519.0 ], [ 84.054977679625154, 28.671760093420744, 4519.0 ], [ 84.054963849484921, 28.671814408153296, 4519.600000000000364 ], [ 84.054951947182417, 28.671837877482176, 4520.0 ], [ 84.054948259145021, 28.671844834461808, 4520.0 ], [ 84.05493694357574, 28.671862185001373, 4521.0 ], [ 84.054932501167059, 28.671875260770321, 4521.199999999999818 ], [ 84.054909870028496, 28.67191918194294, 4521.800000000000182 ], [ 84.054905092343688, 28.671920020133257, 4522.0 ], [ 84.05489444732666, 28.671931754797697, 4522.600000000000364 ], [ 84.054891765117645, 28.671935610473156, 4523.0 ], [ 84.054881287738681, 28.671949775889516, 4524.199999999999818 ], [ 84.054878773167729, 28.671950865536928, 4524.399999999999636 ], [ 84.054867038503289, 28.67197391577065, 4525.399999999999636 ], [ 84.054857650771737, 28.67198565043509, 4525.800000000000182 ], [ 84.054851783439517, 28.6719920206815, 4526.399999999999636 ], [ 84.054843736812472, 28.672007862478495, 4526.800000000000182 ], [ 84.0548284817487, 28.67202227935195, 4527.399999999999636 ], [ 84.054826134815812, 28.67202278226614, 4527.600000000000364 ], [ 84.054816998541355, 28.672030661255121, 4528.399999999999636 ], [ 84.054803755134344, 28.672050274908543, 4528.800000000000182 ], [ 84.054792271926999, 28.672058824449778, 4529.399999999999636 ], [ 84.054774921387434, 28.672084556892511, 4529.800000000000182 ], [ 84.054767126217484, 28.672106014564633, 4530.600000000000364 ], [ 84.054757570847869, 28.672118252143264, 4530.800000000000182 ], [ 84.054723791778088, 28.672144236043096, 4531.600000000000364 ], [ 84.05469998717308, 28.672164101153612, 4532.600000000000364 ], [ 84.054696885868907, 28.672165274620056, 4532.800000000000182 ], [ 84.054683558642864, 28.67219301871955, 4533.600000000000364 ], [ 84.054672410711646, 28.672210872173309, 4534.399999999999636 ], [ 84.054661765694618, 28.672226462513208, 4534.800000000000182 ], [ 84.05465698800981, 28.672237694263458, 4535.600000000000364 ], [ 84.054656401276588, 28.672243058681488, 4536.0 ], [ 84.054677607491612, 28.672268120571971, 4536.399999999999636 ], [ 84.054702753201127, 28.672277005389333, 4536.399999999999636 ], [ 84.054718427360058, 28.67227490991354, 4536.399999999999636 ], [ 84.054749272763729, 28.672280022874475, 4536.399999999999636 ], [ 84.054763438180089, 28.672290500253439, 4536.399999999999636 ], [ 84.054796965792775, 28.67230424657464, 4536.600000000000364 ], [ 84.054798306897283, 28.672327548265457, 4536.800000000000182 ], [ 84.054790930822492, 28.672350682318211, 4536.800000000000182 ], [ 84.054768132045865, 28.672363338992, 4536.800000000000182 ], [ 84.054759666323662, 28.672382449731231, 4536.800000000000182 ], [ 84.054731670767069, 28.672393430024385, 4536.800000000000182 ], [ 84.05471901409328, 28.672403488308191, 4537.399999999999636 ], [ 84.054706189781427, 28.672415474429727, 4538.0 ], [ 84.05469998717308, 28.672418827190995, 4538.199999999999818 ], [ 84.054684983566403, 28.672431483864784, 4539.0 ], [ 84.054679702967405, 28.672437267377973, 4539.399999999999636 ], [ 84.054650869220495, 28.672453779727221, 4540.199999999999818 ], [ 84.054648019373417, 28.672454282641411, 4540.399999999999636 ], [ 84.054636368528008, 28.672477835789323, 4541.0 ], [ 84.05463544651866, 28.672482194378972, 4541.199999999999818 ], [ 84.054622957482934, 28.672501724213362, 4541.800000000000182 ], [ 84.054615749046206, 28.672510357573628, 4542.0 ], [ 84.054592363536358, 28.67253701202571, 4543.0 ], [ 84.054585071280599, 28.672547908499837, 4543.199999999999818 ], [ 84.054580461233854, 28.672555787488815, 4543.600000000000364 ], [ 84.054565373808146, 28.672569785267115, 4544.199999999999818 ], [ 84.054554142057896, 28.672581939026713, 4544.600000000000364 ], [ 84.054535198956728, 28.672599708661437, 4544.600000000000364 ], [ 84.05453092418611, 28.672630973160267, 4545.0 ], [ 84.054512064903975, 28.672647988423705, 4545.600000000000364 ], [ 84.054508963599801, 28.672648156061769, 4545.600000000000364 ], [ 84.054486164823174, 28.672673553228378, 4546.199999999999818 ], [ 84.054471077397466, 28.672698112204671, 4546.800000000000182 ], [ 84.054470825940371, 28.672703476622701, 4546.800000000000182 ], [ 84.054458420723677, 28.672742201015353, 4547.399999999999636 ], [ 84.054449200630188, 28.672750415280461, 4547.800000000000182 ], [ 84.054433777928352, 28.672770028933883, 4548.399999999999636 ], [ 84.054423719644547, 28.672782853245735, 4549.0 ], [ 84.054394299164414, 28.672801461070776, 4549.800000000000182 ], [ 84.054390443488955, 28.672803388908505, 4550.0 ], [ 84.054383905604482, 28.672817470505834, 4550.800000000000182 ], [ 84.054379798471928, 28.67282509803772, 4551.0 ], [ 84.054375356063247, 28.672841107472777, 4551.399999999999636 ], [ 84.054357083514333, 28.672871114686131, 4551.600000000000364 ], [ 84.05435792170465, 28.672867845743895, 4552.199999999999818 ], [ 84.05435741879046, 28.672861810773611, 4552.600000000000364 ], [ 84.054357083514333, 28.672861559316516, 4553.0 ], [ 84.054357083514333, 28.672861559316516, 4553.0 ], [ 84.054359178990126, 28.672863403335217, 4553.0 ], [ 84.054359430447221, 28.672876060009003, 4553.199999999999818 ], [ 84.054346773773432, 28.672912018373609, 4553.399999999999636 ], [ 84.054338475689292, 28.672950994223356, 4554.399999999999636 ], [ 84.05433009378612, 28.672956442460418, 4554.800000000000182 ], [ 84.05430419370532, 28.672980833798647, 4555.399999999999636 ], [ 84.054295225068927, 28.672990556806329, 4555.600000000000364 ], [ 84.054286759346724, 28.673006733879447, 4556.199999999999818 ], [ 84.054285418242216, 28.673027856275439, 4556.800000000000182 ], [ 84.054285334423184, 28.673032047227025, 4557.0 ], [ 84.05427728779614, 28.673056354746222, 4557.600000000000364 ], [ 84.05427535995841, 28.673066748306155, 4557.800000000000182 ], [ 84.054266642779112, 28.673076890408993, 4558.199999999999818 ], [ 84.054259769618511, 28.67308946326375, 4558.800000000000182 ], [ 84.054250214248896, 28.673102203756571, 4559.199999999999818 ], [ 84.05423722229898, 28.673122990876436, 4559.199999999999818 ], [ 84.054226828739047, 28.673129696398973, 4559.800000000000182 ], [ 84.054209059104323, 28.673142185434699, 4560.199999999999818 ], [ 84.05420595780015, 28.673147214576598, 4560.199999999999818 ], [ 84.054192882031202, 28.67316372692585, 4560.399999999999636 ], [ 84.054179387167096, 28.673186777159572, 4561.0 ], [ 84.054174441844225, 28.673198679462075, 4561.399999999999636 ], [ 84.054165221750736, 28.673211252316833, 4561.800000000000182 ], [ 84.054141165688634, 28.673218712210655, 4562.600000000000364 ], [ 84.054130520671606, 28.673226591199636, 4563.199999999999818 ], [ 84.054129179567099, 28.673237152397633, 4563.600000000000364 ], [ 84.05412632972002, 28.673240505158901, 4564.399999999999636 ], [ 84.05412632972002, 28.673240505158901, 4564.399999999999636 ], [ 84.05411409214139, 28.673266489058733, 4564.600000000000364 ], [ 84.05411216430366, 28.673283504322171, 4565.600000000000364 ], [ 84.054111912846565, 28.673283252865076, 4565.800000000000182 ], [ 84.05409942381084, 28.673300016671419, 4566.399999999999636 ], [ 84.054086348041892, 28.673319714143872, 4566.399999999999636 ], [ 84.054072685539722, 28.673336477950215, 4566.399999999999636 ], [ 84.054069584235549, 28.673339495435357, 4566.399999999999636 ], [ 84.054065644741058, 28.673344943672419, 4566.399999999999636 ], [ 84.05406572856009, 28.67334502749145, 4566.399999999999636 ], [ 84.05406572856009, 28.67334502749145, 4566.399999999999636 ], [ 84.05406572856009, 28.67334502749145, 4566.0 ], [ 84.054065560922027, 28.673339579254389, 4566.0 ], [ 84.054054915904999, 28.673345781862736, 4566.0 ], [ 84.05404812656343, 28.673357851803303, 4566.0 ], [ 84.054026836529374, 28.673379896208644, 4566.0 ], [ 84.054021891206503, 28.673381991684437, 4566.0 ], [ 84.05401200056076, 28.673392217606303, 4566.399999999999636 ], [ 84.054006971418858, 28.67341225035489, 4567.0 ], [ 84.054005295038223, 28.673416189849377, 4567.199999999999818 ], [ 84.053993476554751, 28.673436222597957, 4568.199999999999818 ], [ 84.053991883993149, 28.673441000282764, 4568.399999999999636 ], [ 84.053987693041563, 28.673447538167238, 4568.600000000000364 ], [ 84.053988615050912, 28.673465391620994, 4569.199999999999818 ], [ 84.053977467119694, 28.673497997224331, 4570.600000000000364 ], [ 84.053976712748408, 28.673507468774915, 4571.800000000000182 ], [ 84.053975623100996, 28.673513839021325, 4572.399999999999636 ], [ 84.053967325016856, 28.673524651676416, 4572.800000000000182 ], [ 84.053944610059261, 28.673547198995948, 4573.0 ], [ 84.053937569260597, 28.673557257279754, 4573.199999999999818 ], [ 84.05389130115509, 28.673640070483088, 4573.399999999999636 ], [ 84.053887194022536, 28.673697570338845, 4573.600000000000364 ], [ 84.053878141567111, 28.673739228397608, 4573.800000000000182 ], [ 84.053872944787145, 28.673759680241343, 4574.0 ], [ 84.053871938958764, 28.673805529251695, 4574.199999999999818 ], [ 84.053872777149081, 28.673816677182913, 4574.199999999999818 ], [ 84.053875207901001, 28.673871913924813, 4574.600000000000364 ], [ 84.053877303376794, 28.673941567540169, 4574.600000000000364 ], [ 84.053880823776126, 28.673973167315125, 4574.600000000000364 ], [ 84.053891804069281, 28.674010382965207, 4574.600000000000364 ], [ 84.053905969485641, 28.674071319401264, 4574.600000000000364 ], [ 84.053910076618195, 28.674120353534818, 4574.600000000000364 ], [ 84.053951147943735, 28.674169471487403, 4574.600000000000364 ], [ 84.053989872336388, 28.674222780391577, 4574.600000000000364 ], [ 84.053985010832548, 28.674241555854682, 4574.600000000000364 ], [ 84.053985010832548, 28.674241555854682, 4574.600000000000364 ], [ 84.053985010832548, 28.674241555854682, 4574.600000000000364 ], [ 84.054015185683966, 28.67427047342062, 4574.800000000000182 ], [ 84.054045611992478, 28.674341551959515, 4574.800000000000182 ], [ 84.054045779630542, 28.674367452040315, 4574.800000000000182 ], [ 84.054042845964432, 28.674389747902751, 4575.199999999999818 ], [ 84.054039493203163, 28.674451438710093, 4575.600000000000364 ], [ 84.054030608385801, 28.674528887495399, 4575.600000000000364 ], [ 84.05403203330934, 28.674541208893061, 4575.600000000000364 ], [ 84.054034966975451, 28.674570797011256, 4576.199999999999818 ], [ 84.054047120735049, 28.674638103693724, 4576.600000000000364 ], [ 84.054054245352745, 28.674699626863003, 4576.600000000000364 ], [ 84.054063800722361, 28.674730975180864, 4576.800000000000182 ], [ 84.054074781015515, 28.674754779785872, 4576.800000000000182 ], [ 84.054090371355414, 28.674792414531112, 4576.800000000000182 ], [ 84.054118366912007, 28.674847902730107, 4577.0 ], [ 84.054194139316678, 28.67490959353745, 4577.0 ], [ 84.054267313331366, 28.67493792437017, 4577.199999999999818 ], [ 84.054358759894967, 28.675005817785859, 4577.199999999999818 ], [ 84.054372254759073, 28.675081422552463, 4577.199999999999818 ], [ 84.054355239495635, 28.675174294039607, 4577.199999999999818 ], [ 84.054402597248554, 28.675263728946447, 4577.399999999999636 ], [ 84.054490439593792, 28.675321564078331, 4577.399999999999636 ], [ 84.054573588073254, 28.675401024520397, 4577.399999999999636 ], [ 84.0545953810215, 28.675434133037925, 4577.399999999999636 ], [ 84.054643912240863, 28.675477551296353, 4577.399999999999636 ], [ 84.054653802886605, 28.675486268475652, 4577.399999999999636 ], [ 84.054723875597119, 28.67551795206964, 4577.399999999999636 ], [ 84.054812807589769, 28.675562795251608, 4577.399999999999636 ], [ 84.054842311888933, 28.675587018951777, 4577.399999999999636 ], [ 84.054914899170399, 28.675644099712372, 4577.399999999999636 ], [ 84.054945660755038, 28.675727164372798, 4577.399999999999636 ], [ 84.05497214756906, 28.6758135817945, 4577.399999999999636 ], [ 84.054975667968392, 28.675825484097004, 4577.399999999999636 ], [ 84.054993856698275, 28.675880301743742, 4578.199999999999818 ], [ 84.054999388754368, 28.6758878454566, 4578.199999999999818 ], [ 84.055019253864884, 28.675915338099003, 4578.399999999999636 ], [ 84.05503123998642, 28.675924893468618, 4578.399999999999636 ], [ 84.055028893053532, 28.675924809649587, 4578.600000000000364 ], [ 84.055024199187756, 28.675915254279971, 4578.600000000000364 ], [ 84.055050015449524, 28.675927491858602, 4578.800000000000182 ], [ 84.05508890748024, 28.675968395546079, 4579.399999999999636 ], [ 84.055102486163378, 28.675991697236896, 4579.399999999999636 ], [ 84.055119249969721, 28.676030086353421, 4579.600000000000364 ], [ 84.055118076503277, 28.676028493791819, 4579.600000000000364 ], [ 84.05510407872498, 28.676025560125709, 4580.399999999999636 ], [ 84.055104246363044, 28.67602564394474, 4580.600000000000364 ], [ 84.055104246363044, 28.67602564394474, 4580.600000000000364 ], [ 84.055104246363044, 28.67602564394474, 4580.600000000000364 ], [ 84.055104246363044, 28.67602564394474, 4580.600000000000364 ], [ 84.055098965764046, 28.676024721935391, 4580.600000000000364 ], [ 84.055105000734329, 28.676080210134387, 4581.0 ], [ 84.055098714306951, 28.676100997254252, 4581.800000000000182 ], [ 84.055086225271225, 28.676128657534719, 4582.0 ], [ 84.055057559162378, 28.676157658919692, 4582.600000000000364 ], [ 84.055060492828488, 28.676158161833879, 4583.0 ], [ 84.055065019056201, 28.676154306158423, 4584.399999999999636 ], [ 84.055071556940675, 28.676152462139729, 4584.800000000000182 ], [ 84.055073149502277, 28.676154389977455, 4585.0 ], [ 84.055031826719642, 28.676152126863599, 4585.0 ], [ 84.055032413452864, 28.676163945347071, 4585.399999999999636 ], [ 84.055031491443515, 28.676195042207837, 4585.399999999999636 ], [ 84.055033503100276, 28.676262181252241, 4585.800000000000182 ], [ 84.05506937764585, 28.67633493617177, 4585.800000000000182 ], [ 84.055110616609454, 28.676395872607827, 4586.0 ], [ 84.055151855573058, 28.676451779901981, 4586.0 ], [ 84.055206254124641, 28.676519589498639, 4586.399999999999636 ], [ 84.05522670596838, 28.676537442952391, 4586.399999999999636 ], [ 84.055261155590415, 28.676568372175097, 4586.399999999999636 ], [ 84.055286971852183, 28.676589075475931, 4586.600000000000364 ], [ 84.055357966572046, 28.676646323874593, 4586.600000000000364 ], [ 84.055427284911275, 28.676710361614823, 4587.0 ], [ 84.055514624342322, 28.676798203960061, 4587.199999999999818 ], [ 84.055574974045157, 28.676839359104633, 4587.199999999999818 ], [ 84.055599281564355, 28.676855284720659, 4587.399999999999636 ], [ 84.055635742843151, 28.67687213234603, 4588.0 ], [ 84.055698607116938, 28.676890153437853, 4588.199999999999818 ], [ 84.055726435035467, 28.67689342238009, 4588.600000000000364 ], [ 84.055792987346649, 28.676890572533011, 4589.600000000000364 ], [ 84.055820060893893, 28.676892332732677, 4589.800000000000182 ], [ 84.055840848013759, 28.676900630816817, 4590.199999999999818 ], [ 84.0558663289994, 28.676918232813481, 4590.800000000000182 ], [ 84.055908573791385, 28.67695108987391, 4591.399999999999636 ], [ 84.055978814139962, 28.677001381292939, 4591.399999999999636 ], [ 84.056004798039794, 28.677014037966728, 4591.800000000000182 ], [ 84.056051066145301, 28.677058462053537, 4592.800000000000182 ], [ 84.056073362007737, 28.677073633298281, 4593.0 ], [ 84.056107308715582, 28.677095007151365, 4593.199999999999818 ], [ 84.056151397526264, 28.677123757079244, 4594.0 ], [ 84.056177968159318, 28.677143873646855, 4594.0 ], [ 84.056230438873172, 28.677159799262881, 4594.600000000000364 ], [ 84.05627335421741, 28.677187040448189, 4594.800000000000182 ], [ 84.056288525462151, 28.677206402644515, 4595.0 ], [ 84.056309144943953, 28.677216963842511, 4595.800000000000182 ], [ 84.056318365037441, 28.677220232784748, 4596.0 ], [ 84.056350635364652, 28.677230626344681, 4596.199999999999818 ], [ 84.056388605386019, 28.677252922207117, 4596.800000000000182 ], [ 84.056429592892528, 28.677274296060205, 4597.0 ], [ 84.056435879319906, 28.677283935248852, 4597.399999999999636 ], [ 84.056472927331924, 28.677306398749352, 4598.0 ], [ 84.05649027787149, 28.677309164777402, 4598.0 ], [ 84.056505532935262, 28.67731151171029, 4598.0 ], [ 84.056513076648116, 28.677314780652523, 4598.199999999999818 ], [ 84.056523721665144, 28.67732098326087, 4598.199999999999818 ], [ 84.056603517383337, 28.677351241931319, 4598.800000000000182 ], [ 84.056622125208378, 28.677350822836161, 4599.199999999999818 ], [ 84.056621873751283, 28.677352834492918, 4599.399999999999636 ], [ 84.056626316159964, 28.677356941625476, 4599.399999999999636 ], [ 84.056666800752282, 28.677379069849849, 4599.600000000000364 ], [ 84.056676439940929, 28.677386362105608, 4600.399999999999636 ], [ 84.056736538186669, 28.677435563877225, 4600.399999999999636 ], [ 84.056748105213046, 28.677447298541665, 4600.399999999999636 ], [ 84.05679470859468, 28.677479652687907, 4600.399999999999636 ], [ 84.056847179308534, 28.677521729841828, 4600.800000000000182 ], [ 84.056901074945927, 28.677567578852177, 4601.399999999999636 ], [ 84.056933848187327, 28.677617032080889, 4601.399999999999636 ], [ 84.056998388841748, 28.677673609927297, 4602.0 ], [ 84.057071562856436, 28.67772038094699, 4602.399999999999636 ], [ 84.057120094075799, 28.677762961015105, 4603.199999999999818 ], [ 84.057137025520205, 28.677772851660848, 4603.399999999999636 ], [ 84.057174241170287, 28.677803948521618, 4604.0 ], [ 84.057239284738898, 28.677836554124951, 4604.199999999999818 ], [ 84.057256300002337, 28.677847366780043, 4604.600000000000364 ], [ 84.057305669412017, 28.6778892762959, 4605.0 ], [ 84.057360989972949, 28.677918612957001, 4605.399999999999636 ], [ 84.057379430159926, 28.677940405905247, 4605.600000000000364 ], [ 84.057398373261094, 28.677967227995396, 4606.0 ], [ 84.057447742670774, 28.677994720637798, 4606.399999999999636 ], [ 84.057486215606332, 28.678013831377029, 4606.600000000000364 ], [ 84.057506583631039, 28.678033696487542, 4607.0 ], [ 84.057551342993975, 28.678054232150316, 4607.800000000000182 ], [ 84.057556791231036, 28.678056495264173, 4608.0 ], [ 84.057588474825025, 28.678081892430782, 4608.399999999999636 ], [ 84.057631557807326, 28.678104607388377, 4608.399999999999636 ], [ 84.057641867548227, 28.678112234920263, 4608.800000000000182 ], [ 84.057640274986625, 28.6781120672822, 4609.0 ], [ 84.057640274986625, 28.6781120672822, 4609.399999999999636 ], [ 84.057667348533869, 28.678117599338293, 4609.600000000000364 ], [ 84.057693500071764, 28.678122041746978, 4609.800000000000182 ], [ 84.057735158130527, 28.678131848573685, 4610.0 ], [ 84.057762483134866, 28.678145427256823, 4610.800000000000182 ], [ 84.05776172876358, 28.678147355094552, 4611.0 ], [ 84.057777989655733, 28.678154060617089, 4611.399999999999636 ], [ 84.057788131758571, 28.678162191063169, 4611.800000000000182 ], [ 84.057796010747552, 28.678170992061496, 4611.800000000000182 ], [ 84.057815540581942, 28.678191192448139, 4611.800000000000182 ], [ 84.057830041274428, 28.678204352036119, 4611.800000000000182 ], [ 84.057837584987283, 28.678212314844131, 4611.800000000000182 ], [ 84.057878656312823, 28.678238550201058, 4612.399999999999636 ], [ 84.057891396805644, 28.678248440846801, 4613.0 ], [ 84.057901790365577, 28.678250201046467, 4613.0 ], [ 84.057955602183938, 28.678284483030438, 4613.199999999999818 ], [ 84.057998182252049, 28.678295966237783, 4613.600000000000364 ], [ 84.058022405952215, 28.67831096984446, 4614.0 ], [ 84.058041768148541, 28.678322955965996, 4614.199999999999818 ], [ 84.058072278276086, 28.678336702287197, 4614.199999999999818 ], [ 84.058084599673748, 28.678345838561658, 4614.399999999999636 ], [ 84.058128604665399, 28.678374337032437, 4614.399999999999636 ], [ 84.058187529444695, 28.678396381437778, 4615.0 ], [ 84.058248046785593, 28.678448852151632, 4615.199999999999818 ], [ 84.058324825018644, 28.678447343409061, 4616.0 ], [ 84.058335050940514, 28.678445918485519, 4616.0 ], [ 84.058380480855703, 28.67843946442008, 4616.199999999999818 ], [ 84.058436471968889, 28.678433177992702, 4616.600000000000364 ], [ 84.058513669297099, 28.678432339802384, 4617.199999999999818 ], [ 84.058568570762873, 28.678420856595039, 4617.800000000000182 ], [ 84.058609306812286, 28.678424041718245, 4618.0 ], [ 84.058618694543839, 28.678426304832101, 4618.199999999999818 ], [ 84.058671332895756, 28.678426388651133, 4618.600000000000364 ], [ 84.05871357768774, 28.678429909050465, 4619.0 ], [ 84.058807706460357, 28.678449438884854, 4619.199999999999818 ], [ 84.058856489136815, 28.678471148014069, 4619.600000000000364 ], [ 84.058863194659352, 28.678486654534936, 4619.600000000000364 ], [ 84.058871660381556, 28.67851129733026, 4620.0 ], [ 84.058871073648334, 28.67852202616632, 4620.0 ], [ 84.058875180780888, 28.678614143282175, 4620.199999999999818 ], [ 84.058882053941488, 28.67865202948451, 4620.199999999999818 ], [ 84.058904014527798, 28.67868228815496, 4621.0 ], [ 84.058909211307764, 28.678685473278165, 4621.399999999999636 ], [ 84.058914911001921, 28.678692681714892, 4621.800000000000182 ], [ 84.058924885466695, 28.678702572360635, 4622.399999999999636 ], [ 84.058939050883055, 28.678706930950284, 4622.800000000000182 ], [ 84.058955563232303, 28.678718665614724, 4623.399999999999636 ], [ 84.058968219906092, 28.678730987012383, 4624.0 ], [ 84.05898816883564, 28.678751103580002, 4624.600000000000364 ], [ 84.058992527425289, 28.678754456341267, 4624.800000000000182 ], [ 84.059007363393903, 28.678776333108544, 4626.0 ], [ 84.05900870449841, 28.678786475211385, 4626.399999999999636 ], [ 84.059026977047324, 28.678801311179996, 4626.600000000000364 ], [ 84.059036029502749, 28.678801478818059, 4627.0 ], [ 84.05904776416719, 28.67879351601005, 4627.600000000000364 ], [ 84.059060085564852, 28.678784547373652, 4628.0 ], [ 84.059090428054333, 28.678785217925903, 4628.0 ], [ 84.059101156890392, 28.678786642849445, 4628.0 ], [ 84.059144994243979, 28.678797455504537, 4628.0 ], [ 84.059207942336798, 28.678799383342263, 4628.0 ], [ 84.059243565425277, 28.678804747760296, 4628.0 ], [ 84.059326713904738, 28.67880541831255, 4628.0 ], [ 84.05939175747335, 28.678803239017725, 4628.0 ], [ 84.059455962851644, 28.678803574293852, 4627.800000000000182 ], [ 84.059467446058989, 28.678806088864803, 4627.800000000000182 ], [ 84.059511367231607, 28.678825870156288, 4627.800000000000182 ], [ 84.059527544304729, 28.678842717781663, 4627.600000000000364 ], [ 84.059580015018582, 28.678879346698523, 4627.399999999999636 ], [ 84.059642376378179, 28.678892841562629, 4627.399999999999636 ], [ 84.059688560664654, 28.678889069706202, 4627.399999999999636 ], [ 84.0597431268543, 28.678893009200692, 4627.0 ], [ 84.059797609224916, 28.678898792713881, 4627.0 ], [ 84.059847816824913, 28.678889572620392, 4626.600000000000364 ], [ 84.059898778796196, 28.678879933431745, 4626.0 ], [ 84.059915374964476, 28.678875155746937, 4625.600000000000364 ], [ 84.05996885150671, 28.678862247616053, 4625.600000000000364 ], [ 84.060001624748111, 28.678864343091849, 4624.600000000000364 ], [ 84.060055604204535, 28.678875826299191, 4624.0 ], [ 84.060096591711044, 28.678882028907537, 4623.800000000000182 ], [ 84.060148894786835, 28.678876496851444, 4623.600000000000364 ], [ 84.060162641108036, 28.678875491023064, 4623.399999999999636 ], [ 84.060192313045263, 28.678862247616053, 4623.199999999999818 ], [ 84.060195749625564, 28.678830564022064, 4623.199999999999818 ], [ 84.060197174549103, 28.678830480203032, 4623.199999999999818 ], [ 84.060092568397522, 28.67888119071722, 4623.199999999999818 ], [ 84.060008162632585, 28.678854703903198, 4623.199999999999818 ], [ 84.059942197054625, 28.678814386948943, 4623.199999999999818 ], [ 84.059862401336432, 28.678785469383001, 4623.800000000000182 ], [ 84.059785539284348, 28.678749846294519, 4624.600000000000364 ], [ 84.059758130460978, 28.678742134943604, 4625.0 ], [ 84.059722842648625, 28.678750349208713, 4625.399999999999636 ], [ 84.059700965881348, 28.678750768303871, 4625.399999999999636 ], [ 84.059636928141117, 28.678744565695524, 4625.399999999999636 ], [ 84.059555204585195, 28.678736770525575, 4625.600000000000364 ], [ 84.059490663930774, 28.678729059174657, 4625.600000000000364 ], [ 84.059439282864332, 28.678712379187346, 4625.600000000000364 ], [ 84.059367617592216, 28.678681533783671, 4625.600000000000364 ], [ 84.059342220425606, 28.678663009777665, 4625.399999999999636 ], [ 84.059242811053991, 28.678644234314561, 4625.399999999999636 ], [ 84.059210540726781, 28.678618669509888, 4625.0 ], [ 84.059207271784544, 28.678621016442776, 4624.600000000000364 ], [ 84.059160584583879, 28.678615484386683, 4623.199999999999818 ], [ 84.059141641482711, 28.678608443588018, 4622.800000000000182 ], [ 84.059125129133463, 28.678607018664479, 4622.199999999999818 ], [ 84.059090176597238, 28.678588578477505, 4621.199999999999818 ], [ 84.059085818007588, 28.678584387525916, 4621.0 ], [ 84.059068048372865, 28.678571647033095, 4620.0 ], [ 84.059040388092399, 28.678568126633763, 4619.0 ], [ 84.059018595144153, 28.678565360605717, 4618.399999999999636 ], [ 84.059000574052334, 28.678566701710224, 4618.0 ], [ 84.058938547968864, 28.678590254858136, 4618.0 ], [ 84.058926478028297, 28.67858899757266, 4618.0 ], [ 84.058886915445328, 28.678564606234431, 4618.0 ], [ 84.058888927102089, 28.678567120805383, 4617.800000000000182 ], [ 84.058885155245662, 28.678556056693196, 4617.600000000000364 ], [ 84.0588538069278, 28.678503083065152, 4617.600000000000364 ], [ 84.058773927390575, 28.678444745019078, 4617.600000000000364 ], [ 84.058684911578894, 28.678438039496541, 4617.600000000000364 ], [ 84.058597488328815, 28.678409038111567, 4617.199999999999818 ], [ 84.058556081727147, 28.678386490792036, 4617.0 ], [ 84.058517022058368, 28.678360842168331, 4616.0 ], [ 84.058492965996265, 28.678344329819083, 4615.800000000000182 ], [ 84.058413337916136, 28.678295128047463, 4615.600000000000364 ], [ 84.058369668200612, 28.678241651505232, 4615.399999999999636 ], [ 84.058302696794271, 28.678178368136287, 4615.399999999999636 ], [ 84.058178225532174, 28.678163951262832, 4615.199999999999818 ], [ 84.058101950213313, 28.678165208548307, 4614.800000000000182 ], [ 84.058082336559892, 28.678165879100561, 4614.399999999999636 ], [ 84.058032548055053, 28.678174428641796, 4613.800000000000182 ], [ 84.058005139231682, 28.678168896585703, 4613.600000000000364 ], [ 84.057963900268078, 28.67813310585916, 4613.199999999999818 ], [ 84.057961972430348, 28.678133022040129, 4613.0 ], [ 84.057941101491451, 28.678138135001063, 4613.0 ], [ 84.057931965216994, 28.678141739219427, 4612.800000000000182 ], [ 84.057913441210985, 28.67814039811492, 4612.600000000000364 ], [ 84.057859126478434, 28.678110307082537, 4612.0 ], [ 84.057833142578602, 28.678097063675523, 4611.600000000000364 ], [ 84.0578090865165, 28.678100500255823, 4611.199999999999818 ], [ 84.057805147022009, 28.678103433921933, 4611.0 ], [ 84.057806907221675, 28.678103685379028, 4610.800000000000182 ], [ 84.057765332981944, 28.678081557154655, 4610.399999999999636 ], [ 84.057682268321514, 28.67805490270257, 4610.0 ], [ 84.057630635797977, 28.678050376474857, 4609.399999999999636 ], [ 84.05757456086576, 28.67804367095232, 4608.600000000000364 ], [ 84.05751982703805, 28.678020285442472, 4608.399999999999636 ], [ 84.057509182021022, 28.678016010671858, 4608.399999999999636 ], [ 84.057475402951241, 28.678014501929283, 4608.399999999999636 ], [ 84.057472217828035, 28.678010646253824, 4608.199999999999818 ], [ 84.057456543669105, 28.678004778921604, 4607.399999999999636 ], [ 84.057382363826036, 28.677933951839805, 4607.199999999999818 ], [ 84.057368617504835, 28.677923977375031, 4607.0 ], [ 84.057293850928545, 28.677846193313599, 4606.399999999999636 ], [ 84.057257808744907, 28.677815599367023, 4606.0 ], [ 84.057178935036063, 28.677754579111937, 4605.399999999999636 ], [ 84.057145155966282, 28.677723398432136, 4605.0 ], [ 84.057095283642411, 28.677662713453177, 4603.800000000000182 ], [ 84.057070724666119, 28.677646620199084, 4603.600000000000364 ], [ 84.056975673884153, 28.677602363750339, 4602.800000000000182 ], [ 84.056952372193336, 28.677588701248169, 4602.800000000000182 ], [ 84.056866625323892, 28.677520807832479, 4602.399999999999636 ], [ 84.056830080226064, 28.677479485049844, 4601.800000000000182 ], [ 84.056770149618387, 28.677435731515288, 4601.0 ], [ 84.056651461869478, 28.67736398242414, 4600.800000000000182 ], [ 84.056636961176991, 28.677361886948347, 4600.800000000000182 ], [ 84.056554986163974, 28.677324838936329, 4599.800000000000182 ], [ 84.056541742756963, 28.677318384870887, 4599.600000000000364 ], [ 84.056396819651127, 28.67725744843483, 4598.600000000000364 ], [ 84.056264972314239, 28.677194081246853, 4597.399999999999636 ], [ 84.056201605126262, 28.677148651331663, 4596.399999999999636 ], [ 84.056173022836447, 28.677136329934001, 4596.0 ], [ 84.056120468303561, 28.677107328549027, 4595.399999999999636 ], [ 84.056097250431776, 28.67709525860846, 4594.800000000000182 ], [ 84.056091969832778, 28.677085619419813, 4594.800000000000182 ], [ 84.05605735257268, 28.677054774016145, 4594.600000000000364 ], [ 84.056010246276855, 28.677015714347363, 4594.399999999999636 ], [ 84.055944196879864, 28.676963914185759, 4593.600000000000364 ], [ 84.055922403931618, 28.676950503140688, 4593.199999999999818 ], [ 84.055849565193057, 28.676891410723329, 4592.800000000000182 ], [ 84.055802207440138, 28.676888728514314, 4592.199999999999818 ], [ 84.05578812584281, 28.676890237256885, 4592.0 ], [ 84.05571143142879, 28.676894260570407, 4591.0 ], [ 84.05564839951694, 28.676873138174415, 4590.199999999999818 ], [ 84.055631384253502, 28.67686802521348, 4590.0 ], [ 84.055550750344992, 28.676825612783432, 4590.0 ], [ 84.055471708998084, 28.676757467910647, 4589.800000000000182 ], [ 84.055406078696251, 28.676676834002137, 4589.600000000000364 ], [ 84.055314799770713, 28.676598379388452, 4589.600000000000364 ], [ 84.055244894698262, 28.67655185982585, 4589.600000000000364 ], [ 84.055240787565708, 28.676539370790124, 4589.199999999999818 ], [ 84.055207679048181, 28.67650450207293, 4589.199999999999818 ], [ 84.055188652127981, 28.676477177068591, 4589.0 ], [ 84.05512603931129, 28.676415150985122, 4589.0 ], [ 84.055066108703613, 28.676310209557418, 4588.199999999999818 ], [ 84.055053116753697, 28.676285902038217, 4588.199999999999818 ], [ 84.055062001571059, 28.676211889833212, 4588.199999999999818 ], [ 84.055120255798101, 28.676176518201828, 4588.199999999999818 ], [ 84.055158058181405, 28.676165118813515, 4588.199999999999818 ], [ 84.055159986019135, 28.676161682233214, 4588.199999999999818 ], [ 84.055205835029483, 28.676150199025869, 4589.600000000000364 ], [ 84.055191334336996, 28.676151288673282, 4589.600000000000364 ], [ 84.055176917463541, 28.676153048872948, 4589.600000000000364 ], [ 84.055127967149019, 28.676167214289308, 4590.800000000000182 ], [ 84.055121596902609, 28.676160341128707, 4590.800000000000182 ], [ 84.055120507255197, 28.676138631999493, 4590.800000000000182 ], [ 84.055111957713962, 28.676112731918693, 4590.800000000000182 ], [ 84.055106090381742, 28.676109462976456, 4590.800000000000182 ], [ 84.055086728185415, 28.67608574219048, 4590.800000000000182 ], [ 84.05510013923049, 28.676030253991485, 4590.800000000000182 ], [ 84.055102653801441, 28.676016675308347, 4591.199999999999818 ], [ 84.055107599124312, 28.675998486578465, 4591.199999999999818 ], [ 84.055067533627152, 28.675966383889321, 4591.199999999999818 ], [ 84.055022858083248, 28.675938220694661, 4590.600000000000364 ], [ 84.055007267743349, 28.67592380382121, 4590.600000000000364 ], [ 84.054989665746689, 28.675898658111691, 4590.399999999999636 ], [ 84.05496820807457, 28.675855323672295, 4590.399999999999636 ], [ 84.05496234074235, 28.675842164084315, 4590.600000000000364 ], [ 84.054970722645521, 28.675839984789491, 4591.199999999999818 ], [ 84.054971728473902, 28.67584090679884, 4591.199999999999818 ], [ 84.054971728473902, 28.67584090679884, 4591.199999999999818 ], [ 84.054973488673568, 28.67582967504859, 4590.600000000000364 ], [ 84.054968794807792, 28.675807295367122, 4590.399999999999636 ], [ 84.05495990999043, 28.675779048353434, 4590.399999999999636 ], [ 84.054941050708294, 28.675735797733068, 4590.0 ], [ 84.054936356842518, 28.675720207393169, 4590.0 ], [ 84.054913390427828, 28.675664383918047, 4590.399999999999636 ], [ 84.054893776774406, 28.675644099712372, 4590.600000000000364 ], [ 84.054863350465894, 28.675624150782824, 4590.399999999999636 ], [ 84.054804341867566, 28.675573440268636, 4590.0 ], [ 84.0546799544245, 28.67551384493709, 4590.0 ], [ 84.054656401276588, 28.675505211576819, 4590.0 ], [ 84.054608205333352, 28.675461709499359, 4589.800000000000182 ], [ 84.054518602788448, 28.675352828577161, 4589.800000000000182 ], [ 84.054456241428852, 28.675303710624576, 4589.800000000000182 ], [ 84.054409554228187, 28.675274206325412, 4589.800000000000182 ], [ 84.054365297779441, 28.675183430314064, 4589.399999999999636 ], [ 84.054393963888288, 28.675066502764821, 4589.0 ], [ 84.054394131526351, 28.675048984587193, 4588.800000000000182 ], [ 84.054349036887288, 28.67498779669404, 4588.600000000000364 ], [ 84.054312575608492, 28.674965919926763, 4588.399999999999636 ], [ 84.054241329431534, 28.674940187484022, 4588.199999999999818 ], [ 84.054153570905328, 28.674884783104066, 4588.199999999999818 ], [ 84.054097244516015, 28.674793085083365, 4588.199999999999818 ], [ 84.054068578407168, 28.67469266988337, 4587.800000000000182 ], [ 84.054049886763096, 28.674557469785213, 4587.600000000000364 ], [ 84.054071763530374, 28.674459317699075, 4586.800000000000182 ], [ 84.054074697196484, 28.674444314092401, 4586.800000000000182 ], [ 84.054066650569439, 28.674350855872035, 4585.800000000000182 ], [ 84.054052568972111, 28.674308946356177, 4585.199999999999818 ], [ 84.054000517353415, 28.674216326326132, 4584.600000000000364 ], [ 84.053971767425537, 28.674174919724464, 4584.199999999999818 ], [ 84.053929187357426, 28.674119347706437, 4583.600000000000364 ], [ 84.05391912907362, 28.674047598615289, 4583.399999999999636 ], [ 84.053908484056592, 28.673942657187581, 4583.399999999999636 ], [ 84.053904041647911, 28.673913404345512, 4583.0 ], [ 84.053898174315691, 28.673810139298439, 4582.600000000000364 ], [ 84.053912172093987, 28.673672340810299, 4582.199999999999818 ], [ 84.05392549932003, 28.673635041341186, 4582.199999999999818 ], [ 84.053944190964103, 28.673581900075082, 4582.199999999999818 ], [ 84.053985346108675, 28.673516437411308, 4582.0 ], [ 84.054005546495318, 28.673491291701794, 4582.0 ], [ 84.054011162370443, 28.673476874828339, 4580.800000000000182 ], [ 84.05401929281652, 28.673451561480761, 4579.600000000000364 ], [ 84.054026333615184, 28.673435971140862, 4579.399999999999636 ], [ 84.054028345271945, 28.673425242304798, 4578.399999999999636 ], [ 84.054028345271945, 28.673425242304798, 4578.399999999999636 ], [ 84.054028345271945, 28.673425242304798, 4578.399999999999636 ], [ 84.054028345271945, 28.673425242304798, 4578.199999999999818 ], [ 84.054026585072279, 28.673424907028675, 4578.199999999999818 ], [ 84.054028345271945, 28.673425242304798, 4577.199999999999818 ], [ 84.054030608385801, 28.673422979190946, 4577.199999999999818 ], [ 84.054078636690974, 28.673387439921498, 4577.0 ], [ 84.054089114069939, 28.673372101038694, 4576.0 ], [ 84.054121216759086, 28.67332398891449, 4575.0 ], [ 84.054129095748067, 28.673314936459064, 4574.800000000000182 ], [ 84.054146530106664, 28.673271015286449, 4573.800000000000182 ], [ 84.054162874817848, 28.673250060528517, 4572.600000000000364 ], [ 84.054181398823857, 28.673232542350888, 4571.600000000000364 ], [ 84.054190535098314, 28.673222484067079, 4571.0 ], [ 84.054194893687963, 28.673212341964245, 4570.399999999999636 ], [ 84.054232276976109, 28.673175713047385, 4569.600000000000364 ], [ 84.054243424907327, 28.673154674470425, 4569.399999999999636 ], [ 84.054274773225188, 28.67312366142869, 4568.199999999999818 ], [ 84.054295057430863, 28.673089882358909, 4567.0 ], [ 84.05431148596108, 28.673057109117508, 4566.199999999999818 ], [ 84.054317185655236, 28.673046045005322, 4565.800000000000182 ], [ 84.054350880905986, 28.67298980243504, 4564.600000000000364 ], [ 84.054350629448891, 28.672991562634703, 4564.0 ], [ 84.054348031058908, 28.672990724444389, 4563.800000000000182 ], [ 84.054350629448891, 28.67298536002636, 4563.800000000000182 ], [ 84.054350461810827, 28.672985276207328, 4563.800000000000182 ], [ 84.054350461810827, 28.672985276207328, 4563.800000000000182 ], [ 84.054350461810827, 28.672985276207328, 4563.399999999999636 ], [ 84.054350461810827, 28.672985276207328, 4563.399999999999636 ], [ 84.054357754066586, 28.672974212095141, 4562.600000000000364 ], [ 84.054363202303648, 28.672964237630367, 4562.600000000000364 ], [ 84.054383989423513, 28.672927273437381, 4562.600000000000364 ], [ 84.054387090727687, 28.67292819544673, 4562.600000000000364 ], [ 84.054406872019172, 28.672870108857751, 4562.600000000000364 ], [ 84.054440734907985, 28.672819146886468, 4561.199999999999818 ], [ 84.05445758253336, 28.67280439473689, 4560.199999999999818 ], [ 84.054466215893626, 28.672795929014683, 4559.800000000000182 ], [ 84.054485578089952, 28.672779249027371, 4559.199999999999818 ], [ 84.054517429322004, 28.672719318419695, 4558.0 ], [ 84.054521201178432, 28.672709343954921, 4557.600000000000364 ], [ 84.054538803175092, 28.672682521864772, 4557.0 ], [ 84.054568391293287, 28.672640528529879, 4556.0 ], [ 84.05458121560514, 28.6726189032197, 4555.600000000000364 ], [ 84.0546212811023, 28.672548411414027, 4554.600000000000364 ], [ 84.054633434861898, 28.672528546303511, 4554.0 ], [ 84.054646175354719, 28.672507256269455, 4553.399999999999636 ], [ 84.054680289700627, 28.672457635402679, 4552.399999999999636 ], [ 84.054706860333681, 28.672438440844417, 4551.800000000000182 ], [ 84.054704429581761, 28.672442883253098, 4551.199999999999818 ], [ 84.054700657725334, 28.672448834404349, 4551.0 ], [ 84.054709374904633, 28.672437015920877, 4551.0 ], [ 84.054778441786766, 28.672381611540914, 4550.399999999999636 ], [ 84.054791014641523, 28.672370966523889, 4550.0 ], [ 84.054811550304294, 28.672339199110866, 4549.199999999999818 ], [ 84.05481331050396, 28.672343641519547, 4549.0 ], [ 84.05481724999845, 28.672348335385323, 4548.399999999999636 ], [ 84.054793361574411, 28.672345569357276, 4545.399999999999636 ], [ 84.054779363796115, 28.672336600720879, 4545.199999999999818 ], [ 84.054708369076252, 28.672305587679148, 4545.0 ], [ 84.054662436246872, 28.672276502475142, 4544.600000000000364 ], [ 84.054662184789777, 28.672259319573641, 4544.600000000000364 ], [ 84.054667968302965, 28.672239622101188, 4543.800000000000182 ], [ 84.054686240851879, 28.672219421714544, 4542.600000000000364 ], [ 84.054707530885935, 28.672193689271808, 4541.399999999999636 ], [ 84.054769640788436, 28.672138955444098, 4540.600000000000364 ], [ 84.054773077368736, 28.672137698158625, 4540.600000000000364 ], [ 84.054773077368736, 28.672137698158625, 4540.600000000000364 ], [ 84.05477961525321, 28.672125963494182, 4540.399999999999636 ], [ 84.054782213643193, 28.672120934352279, 4540.399999999999636 ], [ 84.054806102067232, 28.67207508534193, 4539.399999999999636 ], [ 84.054819010198116, 28.672051448374987, 4539.199999999999818 ], [ 84.054871229454875, 28.671993864700202, 4538.0 ], [ 84.054900063201785, 28.671944914385676, 4536.800000000000182 ], [ 84.054924035444856, 28.671909291297197, 4536.199999999999818 ], [ 84.054932333528996, 28.671901747584343, 4535.800000000000182 ], [ 84.054933004081249, 28.671898394823071, 4534.800000000000182 ], [ 84.054933004081249, 28.671898394823071, 4534.800000000000182 ], [ 84.054938033223152, 28.671870985999703, 4534.199999999999818 ], [ 84.054950354620814, 28.671843577176332, 4534.0 ], [ 84.054957143962383, 28.671843158081177, 4531.600000000000364 ], [ 84.054963514208794, 28.671841816976663, 4531.399999999999636 ], [ 84.054969632998109, 28.671797811985016, 4531.399999999999636 ], [ 84.054982038214803, 28.671732852235436, 4531.0 ], [ 84.054972650483251, 28.671708209440112, 4530.399999999999636 ], [ 84.054965609684587, 28.671705862507224, 4530.0 ], [ 84.054952701553702, 28.67171298712492, 4529.0 ], [ 84.054945912212133, 28.671721536666155, 4529.0 ], [ 84.054897129535675, 28.671740228310227, 4528.600000000000364 ], [ 84.054858153685927, 28.671743664890528, 4527.800000000000182 ], [ 84.054848849773407, 28.671745173633099, 4527.399999999999636 ], [ 84.054835271090269, 28.671748694032431, 4526.399999999999636 ], [ 84.054786739870906, 28.671762943267822, 4525.600000000000364 ], [ 84.054759414866567, 28.671770989894867, 4525.199999999999818 ], [ 84.054721780121326, 28.671786412596703, 4524.399999999999636 ], [ 84.054666040465236, 28.671796638518572, 4523.399999999999636 ], [ 84.054626813158393, 28.671814240515232, 4523.399999999999636 ], [ 84.054551711305976, 28.671834357082844, 4522.199999999999818 ], [ 84.054484153166413, 28.671840559691191, 4521.600000000000364 ], [ 84.054462276399136, 28.671849612146616, 4521.199999999999818 ], [ 84.054408129304647, 28.671868722885847, 4520.600000000000364 ], [ 84.054375188425183, 28.671874422580004, 4520.600000000000364 ], [ 84.054348785430193, 28.671882469207048, 4520.0 ], [ 84.054336464032531, 28.671867046505213, 4519.399999999999636 ], [ 84.05434375628829, 28.67185321636498, 4519.0 ], [ 84.054350880905986, 28.671837542206049, 4518.600000000000364 ], [ 84.054382396861911, 28.67177241481841, 4517.800000000000182 ], [ 84.054395724087954, 28.6717364564538, 4516.800000000000182 ], [ 84.054400166496634, 28.671725895255804, 4516.399999999999636 ], [ 84.054407710209489, 28.671703683212399, 4515.600000000000364 ], [ 84.054430006071925, 28.671669568866491, 4514.600000000000364 ], [ 84.054440902546048, 28.671643752604723, 4514.0 ], [ 84.05448691919446, 28.671556664630771, 4513.600000000000364 ], [ 84.054486667737365, 28.67154199630022, 4513.399999999999636 ], [ 84.054493037983775, 28.671505702659488, 4512.199999999999818 ], [ 84.054502593353391, 28.671469744294878, 4511.199999999999818 ], [ 84.054502258077264, 28.67142858915031, 4511.199999999999818 ], [ 84.05449035577476, 28.671354660764337, 4510.199999999999818 ], [ 84.054485997185111, 28.671315014362335, 4509.399999999999636 ], [ 84.054486081004143, 28.671304620802399, 4509.0 ], [ 84.054480716586113, 28.671245444566011, 4507.800000000000182 ], [ 84.05447568744421, 28.67120110429823, 4506.800000000000182 ], [ 84.054480297490954, 28.671181742101908, 4506.199999999999818 ], [ 84.054483314976096, 28.671171180903912, 4505.600000000000364 ], [ 84.054489936679602, 28.671136228367686, 4504.399999999999636 ], [ 84.054492451250553, 28.671095240861177, 4503.399999999999636 ], [ 84.054496306926012, 28.671056013554335, 4502.600000000000364 ], [ 84.054493457078934, 28.671047631651163, 4502.199999999999818 ], [ 84.054491277784109, 28.671054253354669, 4502.199999999999818 ], [ 84.054489936679602, 28.671053415164351, 4501.199999999999818 ], [ 84.054489517584443, 28.671056013554335, 4501.0 ], [ 84.054486248642206, 28.671036316081882, 4501.0 ], [ 84.054483398795128, 28.671010583639145, 4500.600000000000364 ], [ 84.054478453472257, 28.670967249199748, 4499.600000000000364 ], [ 84.054474933072925, 28.670952413231134, 4499.199999999999818 ], [ 84.054473172873259, 28.670920310541987, 4498.399999999999636 ], [ 84.054474094882607, 28.670873371884227, 4497.199999999999818 ], [ 84.054471580311656, 28.670832049101591, 4496.199999999999818 ], [ 84.054470406845212, 28.670783769339323, 4495.199999999999818 ], [ 84.054464623332024, 28.670774381607771, 4494.800000000000182 ], [ 84.054450793191791, 28.670736495405436, 4494.0 ], [ 84.054449368268251, 28.67072987370193, 4493.800000000000182 ], [ 84.054441824555397, 28.670704811811447, 4492.600000000000364 ], [ 84.054435202851892, 28.670675558969378, 4491.399999999999636 ], [ 84.054432772099972, 28.670665249228477, 4491.0 ], [ 84.054424557834864, 28.670644462108612, 4490.399999999999636 ], [ 84.05441215261817, 28.670613616704941, 4489.399999999999636 ], [ 84.054408213123679, 28.670576736330982, 4488.399999999999636 ], [ 84.054394802078605, 28.670540023595095, 4487.0 ], [ 84.054374014958739, 28.670482272282243, 4486.0 ], [ 84.05436965636909, 28.670470369979739, 4485.800000000000182 ], [ 84.054377786815166, 28.670398285612464, 4485.800000000000182 ], [ 84.054407374933362, 28.670356795191765, 4485.0 ], [ 84.054432353004813, 28.670337768271565, 4483.199999999999818 ], [ 84.054454145953059, 28.670321339741349, 4482.0 ], [ 84.054465545341372, 28.670312035828829, 4481.800000000000182 ], [ 84.054485410451889, 28.670294685289264, 4481.0 ], [ 84.05454944819212, 28.670263085514307, 4479.800000000000182 ], [ 84.054566211998463, 28.67025981657207, 4479.0 ], [ 84.054583813995123, 28.670255457982421, 4479.0 ], [ 84.054643828421831, 28.670227713882923, 4478.199999999999818 ], [ 84.054741142317653, 28.670196700841188, 4476.800000000000182 ], [ 84.054756900295615, 28.670193767175078, 4476.600000000000364 ], [ 84.054798474535346, 28.670179517939687, 4475.600000000000364 ], [ 84.054859997704625, 28.670165352523327, 4474.600000000000364 ], [ 84.054874079301953, 28.670161496847868, 4474.199999999999818 ], [ 84.054917665198445, 28.670150600373745, 4473.0 ], [ 84.05496041290462, 28.670138111338019, 4472.0 ], [ 84.055004250258207, 28.670125119388103, 4471.399999999999636 ], [ 84.05501707457006, 28.670121850445867, 4471.0 ], [ 84.055059654638171, 28.670112295076251, 4469.600000000000364 ], [ 84.055119752883911, 28.670101063326001, 4468.199999999999818 ], [ 84.055164093151689, 28.670095112174749, 4467.199999999999818 ], [ 84.055245816707611, 28.670087065547705, 4466.0 ], [ 84.055295521393418, 28.670077091082931, 4465.399999999999636 ], [ 84.05533860437572, 28.670064434409142, 4465.199999999999818 ], [ 84.055380094796419, 28.670049933716655, 4464.0 ], [ 84.055391997098923, 28.670046580955383, 4463.600000000000364 ], [ 84.055419741198421, 28.670039204880595, 4463.0 ], [ 84.055468440055847, 28.670025710016489, 4461.600000000000364 ], [ 84.055532729253173, 28.670013388618827, 4460.399999999999636 ], [ 84.055588552728295, 28.669997043907639, 4459.0 ], [ 84.055627109482884, 28.669982207939029, 4457.800000000000182 ], [ 84.055663906037807, 28.669973742216825, 4457.0 ], [ 84.055696176365018, 28.669968880712982, 4456.800000000000182 ], [ 84.055750658735633, 28.669950608164072, 4455.600000000000364 ], [ 84.055797681212425, 28.669943567365408, 4454.399999999999636 ], [ 84.055964481085539, 28.669916577637196, 4453.800000000000182 ], [ 84.05598996207118, 28.669906016439199, 4453.399999999999636 ], [ 84.056046959012747, 28.669891767203808, 4452.199999999999818 ], [ 84.056067243218422, 28.669882211834192, 4451.800000000000182 ], [ 84.056085264310241, 28.669857233762741, 4451.0 ], [ 84.056113176047802, 28.669835608452559, 4450.0 ], [ 84.056128598749638, 28.669834099709988, 4449.600000000000364 ], [ 84.056159611791372, 28.669826639816165, 4448.800000000000182 ], [ 84.056228930130601, 28.669821107760072, 4447.600000000000364 ], [ 84.056277126073837, 28.669820437207814, 4447.199999999999818 ], [ 84.056333117187023, 28.669821275398135, 4446.600000000000364 ], [ 84.056347701698542, 28.669822281226516, 4446.399999999999636 ], [ 84.056403692811728, 28.66981172002852, 4445.600000000000364 ], [ 84.056499917060137, 28.669789088889956, 4444.399999999999636 ], [ 84.05654601752758, 28.669778443872929, 4443.399999999999636 ], [ 84.056601924821734, 28.669770481064916, 4442.199999999999818 ], [ 84.056652719154954, 28.669761763885617, 4441.199999999999818 ], [ 84.056665794923902, 28.669757405295968, 4440.800000000000182 ], [ 84.056709632277489, 28.669739719480276, 4439.600000000000364 ], [ 84.056760426610708, 28.66972622461617, 4438.800000000000182 ], [ 84.05677417293191, 28.669722871854901, 4438.399999999999636 ], [ 84.056824967265129, 28.669708371162415, 4437.0 ], [ 84.05689294449985, 28.669686578214169, 4436.399999999999636 ], [ 84.056948600336909, 28.66966562345624, 4436.0 ], [ 84.057052284479141, 28.669633520767093, 4435.0 ], [ 84.057167703285813, 28.669594209641215, 4433.800000000000182 ], [ 84.057214390486479, 28.669529166072607, 4433.0 ], [ 84.057208020240068, 28.669517515227199, 4433.0 ], [ 84.057175917550921, 28.669485747814178, 4432.800000000000182 ], [ 84.057152615860105, 28.669468061998487, 4432.399999999999636 ], [ 84.05712260864675, 28.669450962916017, 4431.800000000000182 ], [ 84.057072820141912, 28.669432522729039, 4430.600000000000364 ], [ 84.057030491530895, 28.669420033693314, 4429.600000000000364 ], [ 84.057002998888493, 28.669411735609177, 4428.800000000000182 ], [ 84.05697257257998, 28.66940762847662, 4428.600000000000364 ], [ 84.056914402171969, 28.669410310685635, 4427.399999999999636 ], [ 84.056870061904192, 28.669398492202163, 4426.199999999999818 ], [ 84.056827481836081, 28.66937636397779, 4425.0 ], [ 84.056799234822392, 28.66936756297946, 4423.600000000000364 ], [ 84.056771490722895, 28.66934803314507, 4422.199999999999818 ], [ 84.056751038879156, 28.669317187741399, 4421.0 ], [ 84.056732850149274, 28.669283911585808, 4420.0 ], [ 84.056708123534918, 28.669255748391151, 4419.0 ], [ 84.056694963946939, 28.669242337346077, 4418.399999999999636 ], [ 84.056680211797357, 28.669231859967113, 4417.800000000000182 ], [ 84.056671410799026, 28.669204032048583, 4416.600000000000364 ], [ 84.056656826287508, 28.669198667630553, 4415.600000000000364 ], [ 84.056630926206708, 28.669210653752089, 4414.600000000000364 ], [ 84.056623633950949, 28.669203193858262, 4414.399999999999636 ], [ 84.056583568453789, 28.669181652367115, 4413.399999999999636 ], [ 84.056565128266811, 28.66916430182755, 4412.800000000000182 ], [ 84.05655624344945, 28.669148292392492, 4412.399999999999636 ], [ 84.056529756635427, 28.669122811406851, 4411.199999999999818 ], [ 84.056517938151956, 28.669100934639573, 4410.0 ], [ 84.056494133546948, 28.669078554958105, 4408.800000000000182 ], [ 84.056481476873159, 28.669054415076971, 4408.0 ], [ 84.056482566520572, 28.66904410533607, 4407.600000000000364 ], [ 84.056473933160305, 28.669018540531397, 4407.399999999999636 ], [ 84.056473597884178, 28.669022312387824, 4407.199999999999818 ], [ 84.056473597884178, 28.669022312387824, 4406.600000000000364 ], [ 84.056477202102542, 28.66902650333941, 4406.399999999999636 ], [ 84.056482063606381, 28.669044440612197, 4406.399999999999636 ], [ 84.056472675874829, 28.66904117166996, 4406.399999999999636 ], [ 84.056462701410055, 28.669031281024218, 4406.0 ], [ 84.056442668661475, 28.669057264924049, 4405.199999999999818 ], [ 84.056428838521242, 28.669053912162781, 4404.600000000000364 ], [ 84.056432694196701, 28.669041423127055, 4404.199999999999818 ], [ 84.056419283151627, 28.66899867542088, 4402.800000000000182 ], [ 84.056415678933263, 28.668981241062284, 4401.800000000000182 ], [ 84.056390449404716, 28.668977133929729, 4401.0 ], [ 84.056377122178674, 28.668976882472631, 4400.600000000000364 ], [ 84.056371254846454, 28.66896866820753, 4400.199999999999818 ], [ 84.056377373635769, 28.668962884694334, 4400.0 ], [ 84.056379636749625, 28.668953999876976, 4399.600000000000364 ], [ 84.056381145492196, 28.668947210535407, 4399.399999999999636 ], [ 84.056372344493866, 28.668943019583821, 4398.800000000000182 ], [ 84.056365974247456, 28.668941175565124, 4398.600000000000364 ], [ 84.05634225346148, 28.6689234059304, 4397.800000000000182 ], [ 84.056339738890529, 28.668912760913372, 4397.399999999999636 ], [ 84.056322472169995, 28.668890129774809, 4396.0 ], [ 84.056319622322917, 28.668884513899684, 4395.600000000000364 ], [ 84.056315096095204, 28.66888920776546, 4395.0 ], [ 84.056314509361982, 28.668898260220885, 4394.600000000000364 ], [ 84.056288693100214, 28.668904043734074, 4393.800000000000182 ], [ 84.056268576532602, 28.668854422867295, 4392.800000000000182 ], [ 84.056254997849464, 28.668816955760121, 4391.399999999999636 ], [ 84.056235048919916, 28.668808406218886, 4390.399999999999636 ], [ 84.056225912645459, 28.668798012658954, 4389.800000000000182 ], [ 84.056220045313239, 28.668785272166133, 4389.199999999999818 ], [ 84.056198755279183, 28.668762389570475, 4388.0 ], [ 84.056189954280853, 28.668742524459962, 4387.399999999999636 ], [ 84.056178973987699, 28.668726095929745, 4386.600000000000364 ], [ 84.056154415011406, 28.668712684884667, 4385.399999999999636 ], [ 84.056148212403059, 28.668690891936421, 4384.800000000000182 ], [ 84.056147122755647, 28.668670523911715, 4384.399999999999636 ], [ 84.056134549900889, 28.66863171570003, 4383.199999999999818 ], [ 84.056117283180356, 28.668601624667645, 4382.600000000000364 ], [ 84.056102950125933, 28.668585950508714, 4382.0 ], [ 84.056090461090207, 28.668547729030252, 4381.0 ], [ 84.056077972054482, 28.668512273579836, 4380.0 ], [ 84.056071182712913, 28.668499197810888, 4379.600000000000364 ], [ 84.056045617908239, 28.668471118435264, 4378.399999999999636 ], [ 84.056025836616755, 28.66842795163393, 4377.199999999999818 ], [ 84.056022316217422, 28.668417558073997, 4376.800000000000182 ], [ 84.056006306782365, 28.668408337980509, 4376.199999999999818 ], [ 84.055992476642132, 28.668405152857304, 4376.0 ], [ 84.055953668430448, 28.668388640508056, 4374.800000000000182 ], [ 84.055948723107576, 28.668373636901379, 4374.199999999999818 ], [ 84.055948723107576, 28.668347150087357, 4373.399999999999636 ], [ 84.055930450558662, 28.668302809819579, 4372.600000000000364 ], [ 84.055923577398062, 28.668274730443951, 4372.199999999999818 ], [ 84.055900191888213, 28.66822661831975, 4371.199999999999818 ], [ 84.055894408375025, 28.668195772916079, 4370.199999999999818 ], [ 84.055890468880534, 28.668184541165829, 4370.0 ], [ 84.055870771408081, 28.668124359101057, 4368.800000000000182 ], [ 84.055864736437798, 28.668116312474012, 4368.199999999999818 ], [ 84.055875213816762, 28.668126538395882, 4368.199999999999818 ], [ 84.055859036743641, 28.668111702427268, 4368.0 ], [ 84.055850990116596, 28.668094854801893, 4367.600000000000364 ], [ 84.05583799816668, 28.668047999963164, 4366.399999999999636 ], [ 84.055820144712925, 28.668006341904398, 4366.399999999999636 ], [ 84.055799273774028, 28.667986141517758, 4366.399999999999636 ], [ 84.055790137499571, 28.667988572269682, 4366.199999999999818 ], [ 84.055792903527617, 28.667990583926439, 4365.800000000000182 ], [ 84.055792903527617, 28.667990583926439, 4365.600000000000364 ], [ 84.055795669555664, 28.66798622533679, 4365.399999999999636 ], [ 84.055744539946318, 28.667971137911081, 4365.399999999999636 ], [ 84.055656278505921, 28.667956218123436, 4365.0 ], [ 84.055585535243154, 28.66791321896017, 4365.0 ], [ 84.055562149733305, 28.667888157069683, 4364.800000000000182 ], [ 84.05553943477571, 28.667871477082372, 4364.399999999999636 ], [ 84.055445892736316, 28.667825376614928, 4363.199999999999818 ], [ 84.055323265492916, 28.667776845395565, 4362.800000000000182 ], [ 84.055264927446842, 28.667749939486384, 4362.0 ], [ 84.055257216095924, 28.667737785726786, 4362.0 ], [ 84.055251181125641, 28.667726721614599, 4362.0 ], [ 84.055256964638829, 28.667724374681711, 4361.600000000000364 ], [ 84.055259563028812, 28.667725548148155, 4361.600000000000364 ], [ 84.055232321843505, 28.667706269770861, 4361.199999999999818 ], [ 84.055200219154358, 28.667645249515772, 4361.0 ], [ 84.05518613755703, 28.667624378576875, 4360.800000000000182 ], [ 84.055175995454192, 28.667612140998244, 4360.399999999999636 ], [ 84.055088153108954, 28.66755816154182, 4360.399999999999636 ], [ 84.05502688139677, 28.667599651962519, 4360.0 ], [ 84.054951863363385, 28.667600071057677, 4360.0 ], [ 84.054935686290264, 28.66758992895484, 4359.800000000000182 ], [ 84.054933758452535, 28.667585570365191, 4359.800000000000182 ], [ 84.054933758452535, 28.667585570365191, 4359.600000000000364 ], [ 84.054933758452535, 28.667585570365191, 4359.600000000000364 ], [ 84.054933758452535, 28.667585570365191, 4359.399999999999636 ], [ 84.054933758452535, 28.667585570365191, 4358.800000000000182 ], [ 84.054930238053203, 28.667595461010933, 4358.800000000000182 ], [ 84.0549320820719, 28.667599568143487, 4358.800000000000182 ], [ 84.054932165890932, 28.667599651962519, 4358.800000000000182 ], [ 84.054932165890932, 28.667599651962519, 4358.600000000000364 ], [ 84.054932249709964, 28.667599651962519, 4358.600000000000364 ], [ 84.054932165890932, 28.667599651962519, 4358.600000000000364 ], [ 84.054926130920649, 28.667606273666024, 4358.600000000000364 ], [ 84.054909702390432, 28.667605854570866, 4358.600000000000364 ], [ 84.054892854765058, 28.667602250352505, 4358.399999999999636 ], [ 84.05487734824419, 28.667598394677043, 4358.0 ], [ 84.054837115108967, 28.667585235089064, 4357.600000000000364 ], [ 84.054751116782427, 28.66753377020359, 4357.399999999999636 ], [ 84.054743070155382, 28.66752563975751, 4357.399999999999636 ], [ 84.054716834798455, 28.667503092437983, 4357.199999999999818 ], [ 84.054671991616488, 28.667442575097084, 4356.800000000000182 ], [ 84.054637122899294, 28.667405107989907, 4356.199999999999818 ], [ 84.054585993289948, 28.667352050542831, 4356.199999999999818 ], [ 84.054477866739035, 28.667265716940165, 4355.199999999999818 ], [ 84.054419696331024, 28.667252138257027, 4354.0 ], [ 84.054350964725018, 28.66723763756454, 4352.600000000000364 ], [ 84.054273515939713, 28.66717510856688, 4351.800000000000182 ], [ 84.054253064095974, 28.667148286476731, 4351.600000000000364 ], [ 84.054197911173105, 28.667083829641346, 4351.0 ], [ 84.054157258942723, 28.667065221816301, 4350.399999999999636 ], [ 84.054118199273944, 28.667058683931828, 4349.0 ], [ 84.05409162864089, 28.667057510465384, 4348.199999999999818 ], [ 84.054075703024864, 28.667050050571561, 4348.0 ], [ 84.054025830700994, 28.667037477716804, 4347.0 ], [ 84.053980484604836, 28.667031526565552, 4345.800000000000182 ], [ 84.053855761885643, 28.666948797181249, 4344.800000000000182 ], [ 84.053802285343409, 28.666932033374906, 4343.600000000000364 ], [ 84.053771775215864, 28.666920633986592, 4342.600000000000364 ], [ 84.053748473525047, 28.666909988969564, 4342.199999999999818 ], [ 84.053748641163111, 28.666910659521815, 4341.399999999999636 ], [ 84.053746545687318, 28.666913341730833, 4341.199999999999818 ], [ 84.053740426898003, 28.666910994797945, 4341.0 ], [ 84.053716203197837, 28.666904708370566, 4340.399999999999636 ], [ 84.05367823317647, 28.666900182142857, 4339.600000000000364 ], [ 84.05366213992238, 28.666893811896443, 4339.199999999999818 ], [ 84.053652668371797, 28.666876712813973, 4338.600000000000364 ], [ 84.053662307560444, 28.666850728914142, 4338.399999999999636 ], [ 84.053656775504351, 28.666827930137515, 4337.800000000000182 ], [ 84.053648058325052, 28.6668252479285, 4337.800000000000182 ], [ 84.053630707785487, 28.666828852146864, 4336.600000000000364 ], [ 84.053611764684319, 28.666836898773909, 4335.0 ], [ 84.053563065826893, 28.666816195473075, 4334.0 ], [ 84.05354923568666, 28.666799431666732, 4333.800000000000182 ], [ 84.053524006158113, 28.666800521314144, 4332.800000000000182 ], [ 84.053511181846261, 28.666803119704127, 4332.399999999999636 ], [ 84.053477654233575, 28.666792893782254, 4331.199999999999818 ], [ 84.053460974246264, 28.666798090562224, 4330.399999999999636 ], [ 84.053450832143426, 28.66680521517992, 4330.0 ], [ 84.053413113579154, 28.666820973157883, 4328.800000000000182 ], [ 84.053398026153445, 28.66681108251214, 4328.399999999999636 ], [ 84.053391152992845, 28.666783422231671, 4327.600000000000364 ], [ 84.053363157436252, 28.666743524372578, 4326.600000000000364 ], [ 84.053355697542429, 28.666734807193279, 4326.399999999999636 ], [ 84.053324935957789, 28.666706811636686, 4325.399999999999636 ], [ 84.053313536569476, 28.666680576279759, 4324.399999999999636 ], [ 84.053317727521062, 28.666670015081763, 4324.199999999999818 ], [ 84.053309848532081, 28.666619807481769, 4322.600000000000364 ], [ 84.053287385031581, 28.666619220748544, 4321.199999999999818 ], [ 84.053269363939762, 28.666625339537859, 4320.199999999999818 ], [ 84.053228795528412, 28.666600277647376, 4320.199999999999818 ], [ 84.053189316764474, 28.666597008705139, 4319.0 ], [ 84.053158555179834, 28.666585944592953, 4317.600000000000364 ], [ 84.053107425570488, 28.666544118896127, 4316.800000000000182 ], [ 84.053093679249287, 28.666541185230017, 4316.600000000000364 ], [ 84.053080603480339, 28.666540514677763, 4316.399999999999636 ], [ 84.053048919886351, 28.666543196886774, 4315.199999999999818 ], [ 84.053017990663648, 28.666537581011653, 4314.399999999999636 ], [ 84.053003992885351, 28.66652961820364, 4314.199999999999818 ], [ 84.052992761135101, 28.666508244350553, 4314.0 ], [ 84.052999801933765, 28.666474800556895, 4313.600000000000364 ], [ 84.052994437515736, 28.666466251015663, 4313.0 ], [ 84.052962753921747, 28.666469939053059, 4311.800000000000182 ], [ 84.052939200773835, 28.666479410603639, 4310.600000000000364 ], [ 84.052908942103386, 28.666484942659736, 4309.199999999999818 ], [ 84.052879605442286, 28.666493911296129, 4308.600000000000364 ], [ 84.052864601835608, 28.666494246572256, 4308.199999999999818 ], [ 84.052798971533775, 28.66649718023837, 4307.199999999999818 ], [ 84.052800815552473, 28.666488295421004, 4307.0 ], [ 84.052803413942456, 28.666449906304479, 4306.0 ], [ 84.052798468619585, 28.666433813050389, 4304.800000000000182 ], [ 84.052783213555813, 28.666420904919505, 4303.800000000000182 ], [ 84.052775166928768, 28.666422665119171, 4303.399999999999636 ], [ 84.052759408950806, 28.666410846635699, 4302.800000000000182 ], [ 84.052757397294044, 28.666404727846384, 4302.800000000000182 ], [ 84.052763599902391, 28.666397435590625, 4302.600000000000364 ], [ 84.052768126130104, 28.666352508589625, 4301.600000000000364 ], [ 84.052757313475013, 28.666317136958241, 4300.399999999999636 ], [ 84.052750524133444, 28.66629115305841, 4299.199999999999818 ], [ 84.052738789469004, 28.666291069239374, 4298.399999999999636 ], [ 84.052732167765498, 28.666295511648059, 4298.0 ], [ 84.052725629881024, 28.666302049532533, 4297.600000000000364 ], [ 84.052699143067002, 28.666297774761915, 4297.0 ], [ 84.052681792527437, 28.666246058419347, 4296.199999999999818 ], [ 84.052669554948807, 28.666223427280784, 4295.600000000000364 ], [ 84.052644409239292, 28.66618855856359, 4294.600000000000364 ], [ 84.052609205245972, 28.666171375662088, 4293.600000000000364 ], [ 84.052603170275688, 28.666164670139551, 4293.399999999999636 ], [ 84.052545083686709, 28.666147906333208, 4292.199999999999818 ], [ 84.052477777004242, 28.666127119213343, 4290.800000000000182 ], [ 84.052454810589552, 28.666126951575279, 4290.199999999999818 ], [ 84.05244491994381, 28.666127119213343, 4289.800000000000182 ], [ 84.052412901073694, 28.666143883019689, 4288.600000000000364 ], [ 84.052362274378538, 28.66614019498229, 4287.600000000000364 ], [ 84.052351210266352, 28.666136339306831, 4287.600000000000364 ], [ 84.05232866294682, 28.66612846031785, 4287.399999999999636 ], [ 84.05233159661293, 28.666122928261757, 4286.800000000000182 ], [ 84.052335284650326, 28.666127119213343, 4286.199999999999818 ], [ 84.052319023758173, 28.666115971282125, 4286.0 ], [ 84.052259931340814, 28.666121084243059, 4285.0 ], [ 84.05223143287003, 28.666122509166598, 4284.0 ], [ 84.052198324352503, 28.666135082021356, 4283.0 ], [ 84.052150212228298, 28.666159138083454, 4282.199999999999818 ], [ 84.052136549726129, 28.666162239387631, 4281.800000000000182 ], [ 84.052088521420956, 28.666155282407999, 4280.800000000000182 ], [ 84.05204426497221, 28.666157210245728, 4279.600000000000364 ], [ 84.052028674632311, 28.666177745908499, 4278.600000000000364 ], [ 84.051989112049341, 28.666180428117514, 4277.199999999999818 ], [ 84.051946112886071, 28.666156120598316, 4276.199999999999818 ], [ 84.051940245553851, 28.666158970445395, 4276.0 ], [ 84.051938066259027, 28.666158886626363, 4275.600000000000364 ], [ 84.051935886964202, 28.666159473359585, 4275.199999999999818 ], [ 84.051919374614954, 28.666176404803991, 4274.600000000000364 ], [ 84.051916357129812, 28.666224349290133, 4274.0 ], [ 84.051918368786573, 28.666248824447393, 4273.399999999999636 ], [ 84.051897749304771, 28.666257206350565, 4273.199999999999818 ], [ 84.051882745698094, 28.666271287947893, 4273.199999999999818 ], [ 84.051843686029315, 28.666273718699813, 4272.800000000000182 ], [ 84.051810242235661, 28.666268941015005, 4271.800000000000182 ], [ 84.051762884482741, 28.666266510263085, 4270.800000000000182 ], [ 84.05173103325069, 28.666268102824688, 4270.0 ], [ 84.051721561700106, 28.666266677901149, 4269.600000000000364 ], [ 84.051697673276067, 28.666265001520511, 4268.600000000000364 ], [ 84.051698595285416, 28.666266342625025, 4268.600000000000364 ], [ 84.051698595285416, 28.666266342625025, 4268.600000000000364 ], [ 84.051660792902112, 28.666260810568929, 4268.399999999999636 ], [ 84.051630953326821, 28.666263408958912, 4267.199999999999818 ], [ 84.051599940285087, 28.666268773376942, 4266.199999999999818 ], [ 84.051556857302785, 28.666249746456742, 4265.0 ], [ 84.051557444036007, 28.666226109489799, 4264.0 ], [ 84.051557527855039, 28.6662139557302, 4263.0 ], [ 84.051556689664721, 28.666215129196644, 4262.800000000000182 ], [ 84.051556689664721, 28.666215129196644, 4262.600000000000364 ], [ 84.051550654694438, 28.666204400360584, 4262.399999999999636 ], [ 84.051550151780248, 28.666202640160918, 4262.399999999999636 ], [ 84.05155073851347, 28.666199706494808, 4262.0 ], [ 84.051546128466725, 28.666204065084457, 4261.800000000000182 ], [ 84.051556689664721, 28.666215129196644, 4261.600000000000364 ], [ 84.051556689664721, 28.666215129196644, 4260.600000000000364 ], [ 84.051546631380916, 28.66618562489748, 4260.600000000000364 ], [ 84.051539925858378, 28.666169364005327, 4259.600000000000364 ], [ 84.05153120867908, 28.666170369833708, 4259.399999999999636 ], [ 84.051506901159883, 28.666149415075779, 4258.199999999999818 ], [ 84.051550067961216, 28.666105074808002, 4257.199999999999818 ], [ 84.051556941121817, 28.666099794209003, 4256.800000000000182 ], [ 84.051567502319813, 28.666087808087468, 4256.0 ], [ 84.051579069346189, 28.666072050109506, 4254.800000000000182 ], [ 84.051600946113467, 28.666059309616685, 4253.600000000000364 ], [ 84.051620559766889, 28.666058974340562, 4252.600000000000364 ], [ 84.051651572808623, 28.666023937985301, 4251.600000000000364 ], [ 84.05165484175086, 28.666016729548573, 4251.199999999999818 ], [ 84.051659200340509, 28.666002480313185, 4250.199999999999818 ], [ 84.051670264452696, 28.665975909680128, 4249.0 ], [ 84.05167093500495, 28.66597113199532, 4248.800000000000182 ], [ 84.051680071279407, 28.665949506685138, 4248.0 ], [ 84.051679903641343, 28.665934419259429, 4247.399999999999636 ], [ 84.051679819822311, 28.665930815041065, 4247.0 ], [ 84.05168023891747, 28.665915727615356, 4246.0 ], [ 84.051679903641343, 28.665892593562603, 4244.800000000000182 ], [ 84.051685100421309, 28.665879853069782, 4244.600000000000364 ], [ 84.051706977188587, 28.665839787572622, 4243.800000000000182 ], [ 84.051709407940507, 28.665785975754261, 4242.600000000000364 ], [ 84.05170856975019, 28.665759740397338, 4242.199999999999818 ], [ 84.051699098199606, 28.665726715698838, 4241.399999999999636 ], [ 84.051690381020308, 28.665700983256102, 4240.399999999999636 ], [ 84.051687950268388, 28.665678016841412, 4239.600000000000364 ], [ 84.05168367549777, 28.665663683786988, 4239.399999999999636 ], [ 84.05168266966939, 28.665601573884487, 4238.199999999999818 ], [ 84.051683926954865, 28.665590761229396, 4237.800000000000182 ], [ 84.0516856033355, 28.665573159232736, 4237.199999999999818 ], [ 84.051676131784916, 28.665534937754273, 4236.199999999999818 ], [ 84.051672695204616, 28.665526388213038, 4235.600000000000364 ], [ 84.051685519516468, 28.665498392656449, 4235.0 ], [ 84.051675461232662, 28.665484981611371, 4234.600000000000364 ], [ 84.051660541445017, 28.665468888357282, 4234.0 ], [ 84.051661044359207, 28.665461177006364, 4233.800000000000182 ], [ 84.051653249189258, 28.665448017418385, 4232.800000000000182 ], [ 84.051650566980243, 28.665443072095513, 4232.600000000000364 ], [ 84.051655177026987, 28.665417758747935, 4231.800000000000182 ], [ 84.051666492596269, 28.665370233356953, 4230.800000000000182 ], [ 84.051671773195267, 28.665357995778319, 4230.600000000000364 ], [ 84.051710162311792, 28.665282391011715, 4229.600000000000364 ], [ 84.05171686783433, 28.665268896147609, 4229.399999999999636 ], [ 84.051745031028986, 28.665200751274824, 4228.600000000000364 ], [ 84.051759280264378, 28.665160266682506, 4228.199999999999818 ], [ 84.051760118454695, 28.665126487612724, 4227.600000000000364 ], [ 84.051766572520137, 28.665070999413729, 4226.399999999999636 ], [ 84.0517667401582, 28.665061527863145, 4226.199999999999818 ], [ 84.051772356033325, 28.66502515040338, 4225.199999999999818 ], [ 84.051801608875394, 28.664974523708224, 4224.600000000000364 ], [ 84.05180437490344, 28.66495231166482, 4224.199999999999818 ], [ 84.051808314397931, 28.664921382442117, 4222.800000000000182 ], [ 84.051808649674058, 28.664887854829431, 4222.600000000000364 ], [ 84.051806386560202, 28.66480722092092, 4221.800000000000182 ], [ 84.051805213093758, 28.664757097139955, 4221.399999999999636 ], [ 84.051817199215293, 28.664716947823763, 4220.600000000000364 ], [ 84.051813762634993, 28.664682079106569, 4219.399999999999636 ], [ 84.051803704351187, 28.664609994739298, 4219.199999999999818 ], [ 84.051807979121804, 28.664611671119928, 4218.0 ], [ 84.051808230578899, 28.664615610614419, 4217.0 ], [ 84.051813762634993, 28.664602534845471, 4216.600000000000364 ], [ 84.051862042397261, 28.664537742733955, 4215.600000000000364 ], [ 84.051872519776225, 28.664531372487545, 4215.0 ], [ 84.051883248612285, 28.664527097716928, 4214.399999999999636 ], [ 84.051894145086408, 28.664515111595392, 4213.199999999999818 ], [ 84.051901437342167, 28.66448636166751, 4212.199999999999818 ], [ 84.051924906671047, 28.664457527920604, 4210.800000000000182 ], [ 84.051931193098426, 28.664450151845813, 4210.399999999999636 ], [ 84.051943933591247, 28.664437076076865, 4209.399999999999636 ], [ 84.051964972168207, 28.664377564564347, 4208.199999999999818 ], [ 84.05198073014617, 28.664356861263514, 4207.600000000000364 ], [ 84.051982657983899, 28.664350239560008, 4207.0 ], [ 84.051982406526804, 28.664348227903247, 4206.399999999999636 ], [ 84.051983747631311, 28.664349485188723, 4206.199999999999818 ], [ 84.051973856985569, 28.66432836279273, 4206.0 ], [ 84.051954327151179, 28.664327189326286, 4205.600000000000364 ], [ 84.051924906671047, 28.664320986717939, 4205.199999999999818 ], [ 84.051899258047342, 28.66431855596602, 4204.399999999999636 ], [ 84.051873190328479, 28.664317885413769, 4203.399999999999636 ], [ 84.051863886415958, 28.664315706118941, 4203.199999999999818 ], [ 84.051827006042004, 28.664310425519943, 4202.0 ], [ 84.051807643845677, 28.664306150749329, 4201.600000000000364 ], [ 84.051760621368885, 28.66430975496769, 4201.0 ], [ 84.05174377374351, 28.664314784109592, 4200.199999999999818 ], [ 84.051740169525146, 28.66431545466185, 4200.0 ], [ 84.051696164533496, 28.664321321994063, 4199.0 ], [ 84.051685351878405, 28.664317550137639, 4198.600000000000364 ], [ 84.051657440140843, 28.66429558955133, 4198.0 ], [ 84.051682921126485, 28.664247058331966, 4196.800000000000182 ], [ 84.051650147885084, 28.664252255111933, 4195.800000000000182 ], [ 84.051646376028657, 28.664255272597075, 4195.600000000000364 ], [ 84.051600862294436, 28.664256110787392, 4194.600000000000364 ], [ 84.051584182307124, 28.664250327274203, 4193.800000000000182 ], [ 84.051575548946857, 28.664248147979379, 4193.399999999999636 ], [ 84.051544200628996, 28.66424722597003, 4192.199999999999818 ], [ 84.051520898938179, 28.664254602044821, 4191.199999999999818 ], [ 84.051517210900784, 28.664257870987058, 4190.800000000000182 ], [ 84.051487119868398, 28.664259715005755, 4189.800000000000182 ], [ 84.051486449316144, 28.664253009483215, 4189.600000000000364 ], [ 84.051489550620317, 28.664232641458511, 4188.800000000000182 ], [ 84.051489215344191, 28.664226941764355, 4188.600000000000364 ], [ 84.051461219787598, 28.664232222363353, 4187.600000000000364 ], [ 84.051431883126497, 28.664249321445823, 4186.399999999999636 ], [ 84.051392655819654, 28.664257284253836, 4185.199999999999818 ], [ 84.051383771002293, 28.664231467992067, 4184.199999999999818 ], [ 84.051374467089772, 28.664221577346325, 4183.600000000000364 ], [ 84.051348818466067, 28.664236413314939, 4183.0 ], [ 84.051324930042028, 28.66424839943647, 4182.0 ], [ 84.05132501386106, 28.664244040846825, 4181.399999999999636 ], [ 84.05132501386106, 28.664244040846825, 4181.199999999999818 ], [ 84.05132501386106, 28.664244040846825, 4181.199999999999818 ], [ 84.051299784332514, 28.664238760247827, 4181.0 ], [ 84.051281930878758, 28.664243789389729, 4179.800000000000182 ], [ 84.051255527883768, 28.664256446063519, 4179.0 ], [ 84.051241865381598, 28.664252003654841, 4178.800000000000182 ], [ 84.051215881481767, 28.664250327274203, 4177.800000000000182 ], [ 84.051189897581935, 28.664248567074537, 4176.800000000000182 ], [ 84.051191993057728, 28.664250746369358, 4176.0 ], [ 84.051186461001635, 28.664251081645489, 4175.800000000000182 ], [ 84.051167936995625, 28.664239682257175, 4175.600000000000364 ], [ 84.051156369969249, 28.66423549130559, 4174.399999999999636 ], [ 84.051122842356563, 28.664242615923285, 4174.0 ], [ 84.051110185682774, 28.664241023361683, 4173.399999999999636 ], [ 84.051109682768583, 28.66420766338706, 4173.399999999999636 ], [ 84.05111881904304, 28.664178662002087, 4172.800000000000182 ], [ 84.051117142662406, 28.664166424423456, 4172.399999999999636 ], [ 84.051119908690453, 28.664158461615443, 4172.199999999999818 ], [ 84.051136253401637, 28.664147397503257, 4171.0 ], [ 84.051154106855392, 28.66414220072329, 4169.800000000000182 ], [ 84.051163243129849, 28.664138931781057, 4169.199999999999818 ], [ 84.051166176795959, 28.664131471887231, 4168.600000000000364 ], [ 84.051143461838365, 28.664115210995082, 4167.399999999999636 ], [ 84.051092583686113, 28.664125856012102, 4166.199999999999818 ], [ 84.05108411796391, 28.664124179631472, 4166.0 ], [ 84.05105771496892, 28.664126442745328, 4165.199999999999818 ], [ 84.051020918413997, 28.664134573191404, 4164.0 ], [ 84.051014045253396, 28.664139350876212, 4163.600000000000364 ], [ 84.050999796018004, 28.664152678102255, 4162.800000000000182 ], [ 84.050971297547221, 28.664164412766695, 4161.800000000000182 ], [ 84.050947492942214, 28.664183858782053, 4160.800000000000182 ], [ 84.050927124917507, 28.664195090532303, 4160.0 ], [ 84.050902314484119, 28.66419592872262, 4159.600000000000364 ], [ 84.050891920924187, 28.664165418595076, 4158.199999999999818 ], [ 84.050863673910499, 28.664134489372373, 4157.399999999999636 ], [ 84.050849340856075, 28.664118479937315, 4157.0 ], [ 84.050833247601986, 28.664115378633142, 4156.399999999999636 ], [ 84.050827464088798, 28.664108421653509, 4156.0 ], [ 84.050826961174607, 28.66409040056169, 4154.800000000000182 ], [ 84.050833163782954, 28.664072044193745, 4154.0 ], [ 84.050872139632702, 28.664042623713613, 4153.600000000000364 ], [ 84.050877001136541, 28.664038851857185, 4153.199999999999818 ], [ 84.050887813791633, 28.664026614278555, 4152.199999999999818 ], [ 84.050908517092466, 28.664004318416119, 4151.0 ], [ 84.050923939794302, 28.663989063352343, 4150.199999999999818 ], [ 84.050928046926856, 28.663984034210443, 4150.0 ], [ 84.050925616174936, 28.663983028382063, 4149.600000000000364 ], [ 84.050925616174936, 28.663983028382063, 4149.600000000000364 ], [ 84.050926035270095, 28.663984704762697, 4149.0 ], [ 84.050927460193634, 28.663964252918959, 4148.399999999999636 ], [ 84.050889993086457, 28.663951931521297, 4147.800000000000182 ], [ 84.050884377211332, 28.663954110816121, 4147.800000000000182 ], [ 84.050853280350566, 28.663950338959697, 4146.600000000000364 ], [ 84.050832828506827, 28.663954362273216, 4145.800000000000182 ], [ 84.050821429118514, 28.663959139958024, 4145.399999999999636 ], [ 84.050795529037714, 28.663961738348007, 4144.399999999999636 ], [ 84.050787063315511, 28.663959559053183, 4143.800000000000182 ], [ 84.050775077193975, 28.663972886279225, 4143.199999999999818 ], [ 84.050751188769937, 28.663989482447505, 4142.600000000000364 ], [ 84.050743896514177, 28.663989650085568, 4142.199999999999818 ], [ 84.05075429007411, 28.663984704762697, 4141.600000000000364 ], [ 84.050755128264427, 28.663984201848507, 4141.399999999999636 ], [ 84.050754122436047, 28.663983447477221, 4141.399999999999636 ], [ 84.050744147971272, 28.663977663964033, 4141.399999999999636 ], [ 84.050712967291474, 28.663974814116955, 4141.0 ], [ 84.050676757469773, 28.663967186585069, 4140.0 ], [ 84.050671644508839, 28.663973305374384, 4139.600000000000364 ], [ 84.050644235685468, 28.663970874622464, 4138.800000000000182 ], [ 84.050647588446736, 28.663939693942663, 4137.399999999999636 ], [ 84.050663933157921, 28.663929468020797, 4136.800000000000182 ], [ 84.050678266212344, 28.663921421393752, 4136.199999999999818 ], [ 84.050681283697486, 28.663901640102267, 4135.600000000000364 ], [ 84.050678852945566, 28.663891833275557, 4135.199999999999818 ], [ 84.050690168514848, 28.663872806355357, 4134.0 ], [ 84.050691593438387, 28.663874063640833, 4133.800000000000182 ], [ 84.050699388608336, 28.663864592090249, 4133.600000000000364 ], [ 84.050698634237051, 28.663855791091919, 4133.399999999999636 ], [ 84.05068882741034, 28.663839362561703, 4133.0 ], [ 84.050673907622695, 28.663819832727313, 4131.600000000000364 ], [ 84.050679774954915, 28.663820419460535, 4130.600000000000364 ], [ 84.050678182393312, 28.663822347298265, 4129.600000000000364 ], [ 84.050677679479122, 28.663821341469884, 4129.399999999999636 ], [ 84.050675332546234, 28.663822850212455, 4126.800000000000182 ], [ 84.050682876259089, 28.66382310166955, 4126.199999999999818 ], [ 84.050663514062762, 28.663790915161371, 4126.0 ], [ 84.050669884309173, 28.663764093071222, 4125.0 ], [ 84.050631830468774, 28.663783706724644, 4123.600000000000364 ], [ 84.050617245957255, 28.663781862705942, 4123.199999999999818 ], [ 84.050585143268108, 28.663772810250521, 4122.199999999999818 ], [ 84.050579275935888, 28.663789574056864, 4121.800000000000182 ], [ 84.050572151318192, 28.663795106112957, 4121.600000000000364 ], [ 84.050556980073452, 28.663791082799435, 4121.399999999999636 ], [ 84.050521105527878, 28.663773648440841, 4121.399999999999636 ], [ 84.050520770251751, 28.663764260709289, 4121.199999999999818 ], [ 84.050524374470115, 28.663754453882575, 4120.800000000000182 ], [ 84.050519345328212, 28.663733163848519, 4120.0 ], [ 84.0505285654217, 28.663700558245186, 4119.0 ], [ 84.050537534058094, 28.66369117051363, 4118.800000000000182 ], [ 84.050579108297825, 28.663664432242513, 4117.600000000000364 ], [ 84.050591262057424, 28.663653619587421, 4116.800000000000182 ], [ 84.050586149096489, 28.663642052561045, 4116.600000000000364 ], [ 84.050590004771948, 28.663634341210127, 4116.399999999999636 ], [ 84.050597632303834, 28.663625624030828, 4115.600000000000364 ], [ 84.050605511292815, 28.663614392280579, 4115.199999999999818 ], [ 84.050612216815352, 28.663602657616138, 4114.800000000000182 ], [ 84.050610791891813, 28.663591090589762, 4114.199999999999818 ], [ 84.050604589283466, 28.663586061447859, 4114.0 ], [ 84.050567960366607, 28.663584468886256, 4113.600000000000364 ], [ 84.050544323399663, 28.663593018427491, 4113.0 ], [ 84.050505766645074, 28.663599556311965, 4112.0 ], [ 84.050480201840401, 28.663601232692599, 4110.800000000000182 ], [ 84.050462935119867, 28.663590000942349, 4110.199999999999818 ], [ 84.050464695319533, 28.663573991507292, 4109.800000000000182 ], [ 84.050461761653423, 28.663563765585423, 4109.399999999999636 ], [ 84.050452122464776, 28.663553539663553, 4108.600000000000364 ], [ 84.050422785803676, 28.663549516350031, 4107.199999999999818 ], [ 84.050405602902174, 28.663542307913303, 4106.199999999999818 ], [ 84.050397556275129, 28.663538368418813, 4106.0 ], [ 84.050368135794997, 28.663528561592106, 4104.600000000000364 ], [ 84.050341229885817, 28.663519257679582, 4103.600000000000364 ], [ 84.05033309943974, 28.663510456681252, 4103.199999999999818 ], [ 84.050310468301177, 28.663497883826498, 4102.399999999999636 ], [ 84.050245760008693, 28.663479862734675, 4102.0 ], [ 84.05024173669517, 28.66346837952733, 4101.800000000000182 ], [ 84.050207287073135, 28.663451028987765, 4101.800000000000182 ], [ 84.050180548802018, 28.663450106978416, 4101.199999999999818 ], [ 84.050136040896177, 28.663426302373409, 4100.0 ], [ 84.05013520270586, 28.663391098380089, 4099.199999999999818 ], [ 84.050136879086494, 28.663359247148037, 4098.600000000000364 ], [ 84.050114834681153, 28.663327563554049, 4097.600000000000364 ], [ 84.050118355080485, 28.663302585482597, 4096.800000000000182 ], [ 84.05011810362339, 28.663272745907307, 4096.800000000000182 ], [ 84.050101339817047, 28.66324458271265, 4096.399999999999636 ], [ 84.050107542425394, 28.66323527880013, 4096.199999999999818 ], [ 84.050117349252105, 28.663203259930015, 4095.199999999999818 ], [ 84.050116343423724, 28.663183394819495, 4094.6 ], [ 84.050105530768633, 28.663180880248547, 4094.199999999999818 ], [ 84.050083989277482, 28.663157997652888, 4093.199999999999818 ], [ 84.050082480534911, 28.663146933540705, 4093.199999999999818 ], [ 84.050086084753275, 28.663131594657894, 4093.0 ], [ 84.050119360908866, 28.663056325167418, 4092.800000000000182 ], [ 84.05008683912456, 28.662990024313331, 4092.6 ], [ 84.050086922943592, 28.662976361811161, 4091.4 ], [ 84.050092622637749, 28.662955239415169, 4090.4 ], [ 84.05009220354259, 28.662925735116005, 4088.800000000000182 ], [ 84.050091616809368, 28.662915928289294, 4088.199999999999818 ], [ 84.0500917006284, 28.662896482273936, 4087.4 ], [ 84.050083067268133, 28.662857841700315, 4086.6 ], [ 84.050093293190002, 28.662859434261922, 4085.800000000000182 ], [ 84.050092119723558, 28.662846023216844, 4084.800000000000182 ], [ 84.050088934600353, 28.66283755749464, 4084.4 ], [ 84.050075858831406, 28.662811825051904, 4083.6 ], [ 84.050069320946932, 28.6627999227494, 4083.4 ], [ 84.050057753920555, 28.662783997133378, 4082.6 ], [ 84.05005213804543, 28.662775028496981, 4082.199999999999818 ], [ 84.050044678151608, 28.662756672129035, 4081.199999999999818 ], [ 84.050040654838085, 28.662746278569102, 4081.0 ], [ 84.050015760585666, 28.662649048492312, 4080.4 ], [ 84.050030848011374, 28.662640582770109, 4080.199999999999818 ], [ 84.050052808597684, 28.662641923874617, 4079.800000000000182 ], [ 84.050077954307199, 28.662638068199161, 4079.0 ], [ 84.050095723941922, 28.662630021572113, 4077.4 ], [ 84.050128078088164, 28.662625243887305, 4077.0 ], [ 84.050135621801019, 28.662623483687639, 4076.4 ], [ 84.050145847722888, 28.66260395385325, 4076.199999999999818 ], [ 84.050133442506194, 28.662570426240563, 4076.0 ], [ 84.050124222412705, 28.662546873092651, 4075.4 ], [ 84.050122378394008, 28.662540167570111, 4074.4 ], [ 84.050121121108532, 28.662532791495323, 4073.0 ], [ 84.050128245726228, 28.662525163963437, 4072.199999999999818 ], [ 84.050130425021052, 28.662526337429881, 4072.0 ], [ 84.050131179392338, 28.662507394328713, 4072.0 ], [ 84.050145428627729, 28.662472944706678, 4070.800000000000182 ], [ 84.050133107230067, 28.662449643015862, 4070.199999999999818 ], [ 84.050134280696511, 28.662419971078631, 4069.6 ], [ 84.050138555467129, 28.662416869774461, 4069.199999999999818 ], [ 84.050152050331235, 28.662413768470287, 4068.6 ], [ 84.050144171342254, 28.66238459944725, 4068.4 ], [ 84.050135454162955, 28.662345539778471, 4068.4 ], [ 84.050132520496845, 28.662335649132729, 4068.4 ], [ 84.050122126936913, 28.662288123741742, 4067.800000000000182 ], [ 84.050114918500185, 28.662266917526718, 4067.800000000000182 ], [ 84.050114750862122, 28.662250740453601, 4067.800000000000182 ], [ 84.05011516995728, 28.662252500653267, 4067.800000000000182 ], [ 84.05009413138032, 28.662236323580142, 4067.800000000000182 ], [ 84.050092119723558, 28.662221990525723, 4067.800000000000182 ], [ 84.050087593495846, 28.662220733240247, 4067.800000000000182 ], [ 84.050087593495846, 28.662220733240247, 4067.800000000000182 ], [ 84.050086252391338, 28.662222158163782, 4067.800000000000182 ], [ 84.050087006762624, 28.662217883393168, 4067.800000000000182 ], [ 84.05008926987648, 28.662215620279312, 4066.0 ], [ 84.050102513283491, 28.66220916621387, 4065.0 ], [ 84.050107039511204, 28.662209333851933, 4064.800000000000182 ], [ 84.050100250169635, 28.662209752947092, 4063.800000000000182 ], [ 84.050100920721889, 28.662209585309029, 4063.800000000000182 ], [ 84.050100836902857, 28.662194749340415, 4062.6 ], [ 84.05008583329618, 28.662190390750769, 4061.800000000000182 ], [ 84.050058759748936, 28.662185613065962, 4060.6 ], [ 84.050027243793011, 28.662180583924055, 4059.800000000000182 ], [ 84.050018694251776, 28.662181170657277, 4059.4 ], [ 84.049986926838756, 28.662181841209531, 4058.199999999999818 ], [ 84.049974605441093, 28.662157198414207, 4057.4 ], [ 84.050002517178655, 28.662109337747097, 4057.199999999999818 ], [ 84.049964547157288, 28.662086622789506, 4056.0 ], [ 84.049963289871812, 28.662076229229569, 4055.4 ], [ 84.049965301528573, 28.662063740193844, 4054.800000000000182 ], [ 84.049983574077487, 28.662040354683995, 4054.6 ], [ 84.050013329833746, 28.662006910890341, 4054.0 ], [ 84.05001106671989, 28.661997523158789, 4054.0 ], [ 84.050061106681824, 28.661960726603866, 4053.800000000000182 ], [ 84.050127575173974, 28.661955613642931, 4051.4 ], [ 84.050127575173974, 28.661949662491679, 4050.199999999999818 ], [ 84.050126988440752, 28.661945890635252, 4049.0 ], [ 84.050121959298849, 28.661929881200191, 4048.199999999999818 ], [ 84.050116594880819, 28.661922756582499, 4047.4 ], [ 84.050124725326896, 28.661900125443935, 4046.4 ], [ 84.05013419687748, 28.661897107958794, 4046.0 ], [ 84.050133610144258, 28.661886043846607, 4045.4 ], [ 84.050114247947931, 28.661883193999529, 4045.0 ], [ 84.050104105845094, 28.661882439628243, 4044.800000000000182 ], [ 84.050093460828066, 28.661876572296023, 4043.199999999999818 ], [ 84.050084827467799, 28.661866346374151, 4042.0 ], [ 84.050074769183993, 28.661859221756458, 4041.4 ], [ 84.050068147480488, 28.661846397444609, 4041.0 ], [ 84.050045683979988, 28.661849414929748, 4040.800000000000182 ], [ 84.050024393945932, 28.661844972521067, 4040.0 ], [ 84.050024393945932, 28.661844972521067, 4039.800000000000182 ], [ 84.050031853839755, 28.66181630641222, 4039.0 ], [ 84.050045013427734, 28.661804487928748, 4038.800000000000182 ], [ 84.050066471099854, 28.661755034700036, 4038.199999999999818 ], [ 84.050071835517883, 28.661737432703376, 4037.6 ], [ 84.050101507455111, 28.661727039143443, 4037.4 ], [ 84.050130425021052, 28.661711029708385, 4036.6 ], [ 84.050143249332905, 28.661708766594529, 4036.6 ], [ 84.050148110836744, 28.661709101870656, 4035.800000000000182 ], [ 84.050174849107862, 28.661704491823912, 4035.0 ], [ 84.050174513831735, 28.66170197725296, 4034.199999999999818 ], [ 84.050176693126559, 28.661687560379505, 4033.199999999999818 ], [ 84.05017820186913, 28.66168194450438, 4032.800000000000182 ], [ 84.050182644277811, 28.661677083000541, 4032.0 ], [ 84.050199994817376, 28.661672305315733, 4030.6 ], [ 84.050236959010363, 28.66166777908802, 4028.4 ], [ 84.050244335085154, 28.661667611449957, 4027.800000000000182 ], [ 84.050267972052097, 28.661670461297035, 4026.199999999999818 ], [ 84.050304098054767, 28.661687728017569, 4025.199999999999818 ], [ 84.050322035327554, 28.661687225103378, 4025.199999999999818 ], [ 84.050333183258772, 28.661660738289356, 4024.199999999999818 ], [ 84.050317257642746, 28.661648500710729, 4023.4 ], [ 84.050310887396336, 28.661645734682679, 4023.0 ], [ 84.050333434715867, 28.661619834601879, 4022.6 ], [ 84.050353886559606, 28.661622516810898, 4022.0 ], [ 84.050368638709188, 28.661626121029258, 4020.800000000000182 ], [ 84.050382804125547, 28.661631653085351, 4019.6 ], [ 84.050414152443409, 28.661652943119407, 4018.6 ], [ 84.050425132736564, 28.661660235375169, 4018.199999999999818 ], [ 84.050446506589651, 28.661678591743112, 4017.199999999999818 ], [ 84.050496043637395, 28.66169954650104, 4016.0 ], [ 84.050506772473454, 28.66170491091907, 4015.800000000000182 ], [ 84.05051683075726, 28.661719160154465, 4014.800000000000182 ], [ 84.050530157983303, 28.661719495430589, 4013.800000000000182 ], [ 84.050536109134555, 28.661717148497701, 4013.6 ], [ 84.050531918182969, 28.661707760766149, 4013.4 ], [ 84.050554214045405, 28.661675490438935, 4013.4 ], [ 84.050564942881465, 28.661679849028587, 4013.0 ], [ 84.050586735829711, 28.661692338064313, 4012.4 ], [ 84.050622107461095, 28.661728631705049, 4012.0 ], [ 84.050628812983632, 28.661741791293025, 4011.199999999999818 ], [ 84.050647169351578, 28.661742294207215, 4010.0 ], [ 84.050656137987971, 28.661746317520738, 4010.0 ], [ 84.050675584003329, 28.661761991679668, 4008.800000000000182 ], [ 84.05069075524807, 28.661762410774827, 4008.0 ], [ 84.050693186, 28.661753861233592, 4008.0 ], [ 84.050699304789305, 28.661745982244611, 4007.800000000000182 ], [ 84.050743309780955, 28.66173910908401, 4007.0 ], [ 84.050770550966263, 28.661762662231919, 4006.6 ], [ 84.050810113549232, 28.66177381016314, 4005.4 ], [ 84.050828469917178, 28.661778252571821, 4004.0 ], [ 84.050832157954574, 28.661771379411221, 4003.6 ], [ 84.050843892619014, 28.661749418824911, 4002.6 ], [ 84.050853112712502, 28.661745814606547, 4002.4 ], [ 84.050863925367594, 28.66174983792007, 4001.199999999999818 ], [ 84.050879934802651, 28.661746149882671, 4000.199999999999818 ], [ 84.050888903439045, 28.66174254566431, 3999.800000000000182 ], [ 84.050913127139211, 28.661731230095029, 3998.800000000000182 ], [ 84.050956964492798, 28.661729469895363, 3998.0 ], [ 84.050997951999307, 28.661718154326081, 3997.6 ], [ 84.051023600623012, 28.661713544279337, 3997.0 ], [ 84.051093673333526, 28.661670964211226, 3997.0 ], [ 84.051106749102473, 28.661660570651293, 3996.6 ], [ 84.051142036914825, 28.661614470183849, 3995.4 ], [ 84.051178665831685, 28.661568453535441, 3994.199999999999818 ], [ 84.051192160695791, 28.661551102995872, 3993.6 ], [ 84.051203308627009, 28.661534339189529, 3993.199999999999818 ], [ 84.051218731328845, 28.661487568169832, 3992.4 ], [ 84.051212528720498, 28.661489328369498, 3992.0 ], [ 84.051187550649047, 28.661498632282019, 3990.800000000000182 ], [ 84.051177492365241, 28.661509109660983, 3990.6 ], [ 84.051119489595294, 28.661518497392535, 3989.6 ], [ 84.051088895648718, 28.661509528756142, 3988.4 ], [ 84.051083698868752, 28.661509612575173, 3988.199999999999818 ], [ 84.051047740504146, 28.661498548462987, 3987.4 ], [ 84.051037598401308, 28.661496033892035, 3986.4 ], [ 84.050991162657738, 28.661502320319418, 3986.199999999999818 ], [ 84.050985630601645, 28.661496955901384, 3986.199999999999818 ], [ 84.050970878452063, 28.661476671695709, 3985.0 ], [ 84.050972638651729, 28.661466278135777, 3984.0 ], [ 84.05097515322268, 28.661468205973502, 3983.800000000000182 ], [ 84.050962412729859, 28.661459740251303, 3983.800000000000182 ], [ 84.050957215949893, 28.66144155152142, 3983.6 ], [ 84.05095998197794, 28.661434343084693, 3983.4 ], [ 84.050965765491128, 28.66142001003027, 3982.800000000000182 ], [ 84.050940116867423, 28.661406934261318, 3982.0 ], [ 84.050915809348226, 28.661399306729436, 3981.800000000000182 ], [ 84.050896782428026, 28.661373406648636, 3980.4 ], [ 84.050890412181616, 28.661367371678352, 3980.199999999999818 ], [ 84.050864931195974, 28.661361085250977, 3979.4 ], [ 84.050851184874773, 28.661345997825265, 3978.800000000000182 ], [ 84.050839031115174, 28.661339543759823, 3978.4 ], [ 84.050798043608665, 28.661323115229607, 3977.199999999999818 ], [ 84.050792176276445, 28.661317080259323, 3977.0 ], [ 84.050742806866765, 28.661292186006904, 3976.4 ], [ 84.050735179334879, 28.661289671435952, 3976.199999999999818 ], [ 84.050707016140223, 28.661279361695051, 3975.0 ], [ 84.050682373344898, 28.661269219592217, 3974.0 ], [ 84.050675081089139, 28.661264441907409, 3973.6 ], [ 84.05065312050283, 28.661251785233617, 3972.6 ], [ 84.050626885145903, 28.6612319201231, 3971.4 ], [ 84.05063602142036, 28.66122362203896, 3971.0 ], [ 84.050694862380624, 28.661199314519763, 3970.199999999999818 ], [ 84.050701819360256, 28.661195458844304, 3970.199999999999818 ], [ 84.050718080252409, 28.661176096647974, 3969.0 ], [ 84.050726462155581, 28.661173582077023, 3968.4 ], [ 84.050743477419019, 28.661172240972519, 3968.0 ], [ 84.050798797979951, 28.66116251796484, 3966.800000000000182 ], [ 84.050817657262087, 28.661119686439633, 3966.0 ], [ 84.050802486017346, 28.661114741116759, 3965.6 ], [ 84.050773316994309, 28.661105604842305, 3965.199999999999818 ], [ 84.050767282024026, 28.661080542951822, 3964.4 ], [ 84.050735011696815, 28.661065874621272, 3963.199999999999818 ], [ 84.050681283697486, 28.661053385585543, 3962.0 ], [ 84.050666363909841, 28.661014996469021, 3961.0 ], [ 84.05065068975091, 28.661013403907418, 3960.199999999999818 ], [ 84.05064239166677, 28.661011392250657, 3959.800000000000182 ], [ 84.050613893195987, 28.660997478291392, 3958.6 ], [ 84.050585562363267, 28.660990772768855, 3957.800000000000182 ], [ 84.050575168803334, 28.660986749455333, 3957.6 ], [ 84.05055396258831, 28.660976104438305, 3956.4 ], [ 84.050525799393654, 28.660966213792559, 3955.800000000000182 ], [ 84.050510376691818, 28.660959424450994, 3955.4 ], [ 84.050489589571953, 28.660937631502748, 3954.199999999999818 ], [ 84.050487829372287, 28.660919107496738, 3953.4 ], [ 84.050488667562604, 28.660906786099076, 3953.0 ], [ 84.050470478832722, 28.660895302891731, 3951.800000000000182 ], [ 84.050453715026379, 28.660888848826289, 3951.199999999999818 ], [ 84.050445919856429, 28.660874599590898, 3950.800000000000182 ], [ 84.050466706976295, 28.66087032482028, 3950.800000000000182 ], [ 84.050540803000331, 28.660845430567861, 3949.6 ], [ 84.050552621483803, 28.660847190767527, 3949.0 ], [ 84.050560919567943, 28.660842496901751, 3948.6 ], [ 84.050557734444737, 28.66082975640893, 3948.0 ], [ 84.050545413047075, 28.660819698125124, 3947.199999999999818 ], [ 84.05053585767746, 28.660807712003589, 3946.199999999999818 ], [ 84.050540132448077, 28.660807963460684, 3945.800000000000182 ], [ 84.050555387511849, 28.660779045894746, 3945.199999999999818 ], [ 84.050580617040396, 28.660773681476712, 3944.6 ], [ 84.050590172410011, 28.660777369514108, 3944.199999999999818 ], [ 84.050616826862097, 28.660778040066361, 3943.199999999999818 ], [ 84.050622610375285, 28.660774184390903, 3943.0 ], [ 84.050623700022697, 28.660759516060352, 3942.6 ], [ 84.0506252925843, 28.660739902406931, 3942.199999999999818 ], [ 84.050632249563932, 28.660732358694077, 3942.0 ], [ 84.050644068047404, 28.660733783617616, 3941.800000000000182 ], [ 84.050653958693147, 28.660722887143493, 3940.6 ], [ 84.050650103017688, 28.660705788061023, 3939.4 ], [ 84.050646582618356, 28.660702435299751, 3939.199999999999818 ], [ 84.050647420808673, 28.660702602937818, 3938.6 ], [ 84.05064289458096, 28.66069782525301, 3938.4 ], [ 84.050595536828041, 28.660690868273377, 3937.800000000000182 ], [ 84.050587238743901, 28.660687934607267, 3937.6 ], [ 84.050580700859427, 28.660684414207935, 3937.4 ], [ 84.05057106167078, 28.660650802776217, 3936.800000000000182 ], [ 84.050583802163601, 28.660635966807604, 3936.4 ], [ 84.050609953701496, 28.660622974857688, 3935.199999999999818 ], [ 84.050637697800994, 28.660610569640991, 3934.199999999999818 ], [ 84.05064239166677, 28.660608222708102, 3934.0 ], [ 84.050667369738221, 28.66058466956019, 3932.6 ], [ 84.050659826025367, 28.660568660125136, 3932.0 ], [ 84.050601320341229, 28.660563882440329, 3931.6 ], [ 84.050592267885804, 28.660559356212616, 3931.199999999999818 ], [ 84.050562931224704, 28.66054929792881, 3930.199999999999818 ], [ 84.050522027537227, 28.660535551607609, 3929.199999999999818 ], [ 84.050512975081801, 28.660530857741833, 3929.0 ], [ 84.05048456043005, 28.660516859963536, 3928.0 ], [ 84.050459079444408, 28.660500515252352, 3927.4 ], [ 84.050457654520869, 28.660495486110449, 3927.0 ], [ 84.050457235425711, 28.660475453361869, 3926.0 ], [ 84.050479615107179, 28.660462209954854, 3925.6 ], [ 84.050495624542236, 28.660451313480735, 3924.800000000000182 ], [ 84.050506856292486, 28.660444859415293, 3923.6 ], [ 84.050520267337561, 28.660425748676062, 3923.0 ], [ 84.050541892647743, 28.660409990698099, 3922.4 ], [ 84.050565529614687, 28.660403788089752, 3921.0 ], [ 84.050575839355588, 28.660393729805943, 3920.800000000000182 ], [ 84.05059989541769, 28.660348048433661, 3920.0 ], [ 84.050600230693817, 28.660341845825315, 3919.800000000000182 ], [ 84.050592435523868, 28.660342264920473, 3919.4 ], [ 84.050576593726873, 28.660327512770891, 3919.0 ], [ 84.050583299249411, 28.660320304334164, 3918.800000000000182 ], [ 84.050585310906172, 28.660295493900776, 3918.0 ], [ 84.050556058064103, 28.660288704559207, 3917.800000000000182 ], [ 84.050527978688478, 28.660260206088424, 3916.6 ], [ 84.05053392983973, 28.660239754244685, 3916.0 ], [ 84.050545329228044, 28.660236233845353, 3915.800000000000182 ], [ 84.050566116347909, 28.660237910225987, 3915.4 ], [ 84.050591178238392, 28.660223241895437, 3915.0 ], [ 84.050605176016688, 28.660186110064387, 3914.4 ], [ 84.05061355791986, 28.660172028467059, 3913.6 ], [ 84.050611965358257, 28.660166161134839, 3913.4 ], [ 84.050643481314182, 28.660139758139849, 3912.4 ], [ 84.050651947036386, 28.660139255225658, 3912.199999999999818 ], [ 84.050683127716184, 28.660132633522153, 3911.199999999999818 ], [ 84.050702573731542, 28.660111175850034, 3910.199999999999818 ], [ 84.050696874037385, 28.660055352374911, 3910.0 ], [ 84.050675500184298, 28.660046551376581, 3909.6 ], [ 84.050674829632044, 28.660018220543861, 3908.800000000000182 ], [ 84.050679355859756, 28.659998774528503, 3908.6 ], [ 84.050678182393312, 28.659968934953213, 3907.800000000000182 ], [ 84.050699304789305, 28.659932808950543, 3907.800000000000182 ], [ 84.050743393599987, 28.659877069294453, 3907.0 ], [ 84.050750434398651, 28.659866927191615, 3906.800000000000182 ], [ 84.050766946747899, 28.65983440540731, 3905.6 ], [ 84.050774993374944, 28.659813785925508, 3905.6 ], [ 84.050785722211003, 28.659750418737531, 3905.199999999999818 ], [ 84.050803324207664, 28.659733068197969, 3904.6 ], [ 84.050845066085458, 28.659692499786615, 3903.6 ], [ 84.05093114823103, 28.659636173397303, 3902.6 ], [ 84.050946738570929, 28.6596345808357, 3902.6 ], [ 84.050999125465751, 28.659618152305484, 3901.4 ], [ 84.051049249246716, 28.659598706290129, 3900.800000000000182 ], [ 84.051093002781272, 28.659589318558577, 3900.0 ], [ 84.051147066056728, 28.659579930827022, 3899.0 ], [ 84.051157543435693, 28.659576494246721, 3898.800000000000182 ], [ 84.051271956413984, 28.659547073766589, 3897.800000000000182 ], [ 84.051280254498124, 28.659544391557574, 3897.800000000000182 ], [ 84.051306657493114, 28.659526286646724, 3896.800000000000182 ], [ 84.051344627514482, 28.659484209492803, 3896.6 ], [ 84.051390727981925, 28.65941321477294, 3896.0 ], [ 84.051424255594611, 28.659369209781289, 3895.800000000000182 ], [ 84.05145158059895, 28.659343896433711, 3895.6 ], [ 84.051490221172571, 28.6592822894454, 3895.4 ], [ 84.051593486219645, 28.65922219119966, 3895.199999999999818 ], [ 84.051674036309123, 28.659171229228377, 3895.0 ], [ 84.051700439304113, 28.659160835668445, 3894.4 ], [ 84.051773780956864, 28.659112052991983, 3893.6 ], [ 84.051793059334159, 28.659092020243406, 3893.4 ], [ 84.051844188943505, 28.659066706895828, 3892.199999999999818 ], [ 84.051857013255358, 28.659057654440403, 3892.0 ], [ 84.051904957741499, 28.658986911177635, 3891.6 ], [ 84.051930271089077, 28.658952293917537, 3891.199999999999818 ], [ 84.05197486281395, 28.658904265612364, 3890.4 ], [ 84.051983999088407, 28.658885741606355, 3890.0 ], [ 84.051986932754517, 28.658845843747255, 3889.800000000000182 ], [ 84.051987351849675, 28.658820781856775, 3889.800000000000182 ], [ 84.051978467032313, 28.658789768815041, 3888.800000000000182 ], [ 84.051985088735819, 28.658767053857449, 3887.4 ], [ 84.052002774551511, 28.658733442425728, 3886.6 ], [ 84.052006043493748, 28.658723467960954, 3886.199999999999818 ], [ 84.05198659747839, 28.658658675849441, 3885.0 ], [ 84.051963714882731, 28.658617604523897, 3883.800000000000182 ], [ 84.051924487575889, 28.658544011414051, 3883.800000000000182 ], [ 84.051915351301432, 28.658533366397023, 3883.6 ], [ 84.051924236118793, 28.658534036949277, 3883.199999999999818 ], [ 84.051922308281064, 28.658537054434419, 3882.800000000000182 ], [ 84.051882578060031, 28.658508136868477, 3882.6 ], [ 84.051808062940836, 28.658455079421401, 3882.6 ], [ 84.051793226972222, 28.658436806872487, 3882.0 ], [ 84.051778307184577, 28.658411493524909, 3881.4 ], [ 84.051761459559202, 28.658371679484844, 3881.0 ], [ 84.051735727116466, 28.658356424421072, 3880.4 ], [ 84.051727261394262, 28.658347874879837, 3880.199999999999818 ], [ 84.051704714074731, 28.65832524374127, 3879.0 ], [ 84.051686357706785, 28.658309569582343, 3878.199999999999818 ], [ 84.051682250574231, 28.658303702250123, 3877.800000000000182 ], [ 84.051680322736502, 28.658281657844785, 3876.6 ], [ 84.05165484175086, 28.65827277302742, 3875.800000000000182 ], [ 84.051653919741511, 28.658269252628088, 3875.6 ], [ 84.051663391292095, 28.658237988129255, 3874.800000000000182 ], [ 84.051670683547854, 28.658233461901546, 3874.6 ], [ 84.051704714074731, 28.658211082220081, 3873.199999999999818 ], [ 84.051726590842009, 28.658195827156305, 3872.199999999999818 ], [ 84.051750479266047, 28.658173950389028, 3871.0 ], [ 84.051734134554863, 28.658149559050798, 3869.800000000000182 ], [ 84.051709491759539, 28.658155929297209, 3869.6 ], [ 84.051673701032996, 28.658169591799378, 3868.800000000000182 ], [ 84.051659200340509, 28.658155677840114, 3867.800000000000182 ], [ 84.051663223654032, 28.658150648698211, 3867.6 ], [ 84.051692560315132, 28.65812617354095, 3866.6 ], [ 84.051697086542845, 28.658121898770332, 3866.6 ], [ 84.051709994673729, 28.658065656200051, 3865.6 ], [ 84.051731117069721, 28.65803238004446, 3864.4 ], [ 84.051733715459704, 28.658026596531272, 3864.0 ], [ 84.051741007715464, 28.658011173829436, 3863.199999999999818 ], [ 84.051748551428318, 28.657967252656817, 3862.0 ], [ 84.051749221980572, 28.657959960401055, 3861.800000000000182 ], [ 84.051756262779236, 28.657938251271844, 3861.0 ], [ 84.051750060170889, 28.657907573506236, 3860.199999999999818 ], [ 84.051746791228652, 28.657900951802731, 3860.0 ], [ 84.051741091534495, 28.657879997044802, 3858.800000000000182 ], [ 84.051747210323811, 28.657862562686205, 3858.199999999999818 ], [ 84.051756514236331, 28.657851917669177, 3857.6 ], [ 84.051773110404611, 28.657808667048812, 3856.800000000000182 ], [ 84.051775373518467, 28.657792238518596, 3856.4 ], [ 84.051775624975562, 28.657769439741969, 3855.0 ], [ 84.051780570298433, 28.657743791118264, 3853.800000000000182 ], [ 84.051785180345178, 28.657730212435126, 3852.800000000000182 ], [ 84.051803788170218, 28.657702468335629, 3851.6 ], [ 84.051819713786244, 28.657666426151991, 3850.6 ], [ 84.051833460107446, 28.657617811113596, 3849.4 ], [ 84.051839243620634, 28.657600292935967, 3848.6 ], [ 84.051841925829649, 28.657594593241811, 3848.4 ], [ 84.051853409036994, 28.657564334571362, 3847.0 ], [ 84.051866736263037, 28.657543463632464, 3846.4 ], [ 84.051863551139832, 28.657531142234799, 3846.4 ], [ 84.051868245005608, 28.657530471682549, 3846.4 ], [ 84.051872855052352, 28.657533153891563, 3846.4 ], [ 84.051874363794923, 28.657537847757339, 3846.0 ], [ 84.051879057660699, 28.657534578815103, 3846.0 ], [ 84.051875285804272, 28.657532315701246, 3845.800000000000182 ], [ 84.051870508119464, 28.657534914091229, 3845.6 ], [ 84.051831532269716, 28.657554024830461, 3845.0 ], [ 84.051823150366545, 28.657557209953666, 3845.0 ], [ 84.051806973293424, 28.657564586028457, 3845.0 ], [ 84.051773529499769, 28.657581098377705, 3843.800000000000182 ], [ 84.051763052120805, 28.657583361491561, 3843.6 ], [ 84.051714353263378, 28.657585959881544, 3842.800000000000182 ], [ 84.05168610624969, 28.65759308449924, 3841.6 ], [ 84.051676215603948, 28.657594677060843, 3841.199999999999818 ], [ 84.051646627485752, 28.657602304592729, 3840.6 ], [ 84.051603376865387, 28.657629126682881, 3839.800000000000182 ], [ 84.051593821495771, 28.657634910196062, 3839.6 ], [ 84.051542272791266, 28.657639687880874, 3838.6 ], [ 84.051539674401283, 28.657632144168019, 3838.4 ], [ 84.051539925858378, 28.657624684274197, 3838.0 ], [ 84.051544284448028, 28.657611105591059, 3837.199999999999818 ], [ 84.051549900323153, 28.657585373148319, 3836.199999999999818 ], [ 84.051558785140514, 28.65755251608789, 3835.4 ], [ 84.051569765433669, 28.657538266852495, 3835.0 ], [ 84.051577895879745, 28.657516138628125, 3833.800000000000182 ], [ 84.051582841202617, 28.657506667077541, 3833.6 ], [ 84.05162357725203, 28.657449586316943, 3832.6 ], [ 84.051637407392263, 28.657436175271869, 3832.0 ], [ 84.051654087379575, 28.657418573275208, 3831.4 ], [ 84.051666911691427, 28.657394936308265, 3830.4 ], [ 84.051686441525817, 28.657370125874877, 3829.6 ], [ 84.051694488152862, 28.657365180552009, 3829.199999999999818 ], [ 84.051706306636333, 28.657346908003092, 3828.800000000000182 ], [ 84.051702367141843, 28.657334335148335, 3828.6 ], [ 84.051694991067052, 28.657330479472876, 3828.4 ], [ 84.051680993288755, 28.657333832234144, 3828.0 ], [ 84.051638161763549, 28.657339867204428, 3826.800000000000182 ], [ 84.051630115136504, 28.657342549413443, 3826.4 ], [ 84.051606059074402, 28.657346740365028, 3825.6 ], [ 84.051567586138844, 28.657359480857849, 3824.800000000000182 ], [ 84.051556522026658, 28.657361995428801, 3824.6 ], [ 84.051519809290767, 28.657383704558015, 3823.6 ], [ 84.051492819562554, 28.657401222735643, 3823.0 ], [ 84.051456861197948, 28.657418405637145, 3822.4 ], [ 84.051421405747533, 28.657432235777375, 3821.199999999999818 ], [ 84.051410676911473, 28.657436091452837, 3821.0 ], [ 84.051373712718487, 28.657450005412102, 3820.199999999999818 ], [ 84.051358625292778, 28.6574621591717, 3819.4 ], [ 84.051345800980926, 28.657471211627129, 3819.0 ], [ 84.051308333873749, 28.657495016232133, 3817.6 ], [ 84.051274051889777, 28.657500883564353, 3816.800000000000182 ], [ 84.051263155415654, 28.657500548288223, 3816.4 ], [ 84.051215630024672, 28.65750758908689, 3815.199999999999818 ], [ 84.051198111847043, 28.657511528581381, 3814.800000000000182 ], [ 84.051144300028682, 28.657513372600079, 3814.0 ], [ 84.051099456846714, 28.657514713704582, 3813.0 ], [ 84.051064504310489, 28.65752058103681, 3812.0 ], [ 84.051018068566918, 28.657517312094569, 3810.800000000000182 ], [ 84.050971465185285, 28.657512115314603, 3809.800000000000182 ], [ 84.050912791863084, 28.657518150284886, 3808.6 ], [ 84.050899464637041, 28.657519156113267, 3808.4 ], [ 84.050864176824689, 28.657518234103922, 3807.6 ], [ 84.050826290622354, 28.65751639008522, 3806.4 ], [ 84.050821764394641, 28.657509014010429, 3806.199999999999818 ], [ 84.050821093842387, 28.657499542459849, 3805.800000000000182 ], [ 84.050836935639381, 28.657484035938975, 3805.199999999999818 ], [ 84.050854286178946, 28.657474145293236, 3804.6 ], [ 84.050862165167928, 28.657468445599079, 3804.199999999999818 ], [ 84.050896195694804, 28.657446317374703, 3803.0 ], [ 84.050902565941215, 28.657441707327958, 3802.800000000000182 ], [ 84.050914971157908, 28.65744045004249, 3798.199999999999818 ], [ 84.050915976986289, 28.657437935471535, 3798.199999999999818 ], [ 84.050934752449393, 28.657400719821453, 3798.199999999999818 ], [ 84.050934836268425, 28.657407173886895, 3797.4 ], [ 84.050951851531863, 28.657386302948002, 3797.4 ], [ 84.050957299768925, 28.65738051943481, 3797.199999999999818 ], [ 84.050965597853065, 28.657374400645494, 3796.800000000000182 ], [ 84.050979930907488, 28.657358391210437, 3795.800000000000182 ], [ 84.050990240648389, 28.657345399260521, 3794.800000000000182 ], [ 84.051011027768254, 28.657324947416782, 3793.800000000000182 ], [ 84.051023600623012, 28.65730432793498, 3793.199999999999818 ], [ 84.051036927849054, 28.657283121719956, 3792.4 ], [ 84.05103868804872, 28.657268537208441, 3792.0 ], [ 84.051044890657067, 28.65724255330861, 3791.4 ], [ 84.051053607836366, 28.657236099243164, 3791.199999999999818 ], [ 84.051067354157567, 28.657217742875218, 3790.199999999999818 ], [ 84.051065258681774, 28.657158566638827, 3789.0 ], [ 84.051073389127851, 28.657145071774721, 3788.0 ], [ 84.051084285601974, 28.657137276604772, 3787.6 ], [ 84.051113370805979, 28.657116992399096, 3787.0 ], [ 84.051137594506145, 28.657088913023472, 3786.0 ], [ 84.051155196502805, 28.657060246914625, 3785.4 ], [ 84.05116374604404, 28.65704926662147, 3784.800000000000182 ], [ 84.051184114068747, 28.657026886939999, 3783.800000000000182 ], [ 84.051192244514823, 28.657012302428484, 3783.4 ], [ 84.051205068826675, 28.656997382640839, 3782.6 ], [ 84.051219988614321, 28.656986905261871, 3781.4 ], [ 84.051245804876089, 28.656966621056199, 3780.4 ], [ 84.051261059939861, 28.656953042373061, 3779.4 ], [ 84.051270615309477, 28.656943151727319, 3779.0 ], [ 84.051301460713148, 28.656920185312629, 3778.0 ], [ 84.051332892850041, 28.656887328252196, 3777.199999999999818 ], [ 84.051341945305467, 28.656875928863883, 3776.800000000000182 ], [ 84.051418136805296, 28.65681130439043, 3775.800000000000182 ], [ 84.051454346626997, 28.65678389556706, 3774.4 ], [ 84.051487119868398, 28.656756905838847, 3773.4 ], [ 84.051497094333172, 28.656749194487929, 3773.0 ], [ 84.051514696329832, 28.656728575006127, 3772.199999999999818 ], [ 84.051535231992602, 28.656712733209133, 3771.199999999999818 ], [ 84.051539842039347, 28.656710973009467, 3771.0 ], [ 84.051557276397943, 28.656687503680587, 3769.800000000000182 ], [ 84.051574794575572, 28.656670739874244, 3768.6 ], [ 84.051608657464385, 28.656634194776416, 3767.4 ], [ 84.051615698263049, 28.656627405434847, 3767.0 ], [ 84.051631791517138, 28.656617179512978, 3766.199999999999818 ], [ 84.051658026874065, 28.656590860337019, 3765.199999999999818 ], [ 84.051680993288755, 28.65656353533268, 3764.4 ], [ 84.0516890399158, 28.656557332724333, 3764.0 ], [ 84.051708905026317, 28.656542580574751, 3762.800000000000182 ], [ 84.051740253344178, 28.656512154266242, 3761.6 ], [ 84.051728015765548, 28.656511232256889, 3761.199999999999818 ], [ 84.051706809550524, 28.656522044911981, 3760.6 ], [ 84.051696918904781, 28.656525313854218, 3760.4 ], [ 84.051607986912131, 28.656541742384434, 3759.4 ], [ 84.051599353551865, 28.656544173136353, 3759.4 ], [ 84.051462477073073, 28.656564624980092, 3759.199999999999818 ], [ 84.051443450152874, 28.656556829810143, 3758.800000000000182 ], [ 84.051456861197948, 28.656544843688607, 3758.4 ], [ 84.051466668024659, 28.656538389623165, 3758.199999999999818 ], [ 84.051484018564224, 28.656517351046205, 3758.0 ], [ 84.051535818725824, 28.656473597511649, 3757.4 ], [ 84.051542021334171, 28.656465131789449, 3756.800000000000182 ], [ 84.051568256691098, 28.656450882554054, 3756.0 ], [ 84.051620224490762, 28.656429089605808, 3754.800000000000182 ], [ 84.051626678556204, 28.656413750723004, 3754.6 ], [ 84.051613602787256, 28.656408721581101, 3754.6 ], [ 84.051577728241682, 28.656425988301635, 3754.6 ], [ 84.051522072404623, 28.65643747150898, 3754.0 ], [ 84.051523245871067, 28.656428167596459, 3753.800000000000182 ], [ 84.051528861746192, 28.656420037150383, 3753.4 ], [ 84.051544284448028, 28.656402686610814, 3752.6 ], [ 84.051578147336841, 28.65636957809329, 3751.6 ], [ 84.051588205620646, 28.656358933076262, 3751.199999999999818 ], [ 84.05159717425704, 28.65634267218411, 3750.4 ], [ 84.051610082387924, 28.656324818730351, 3749.0 ], [ 84.051618548110127, 28.656309312209487, 3747.800000000000182 ], [ 84.051629947498441, 28.656299253925681, 3746.800000000000182 ], [ 84.051638664677739, 28.656292213127017, 3746.4 ], [ 84.051648722961545, 28.656284920871254, 3745.199999999999818 ], [ 84.051688369363546, 28.656260026618838, 3744.199999999999818 ], [ 84.051699182018638, 28.656252818182111, 3743.800000000000182 ], [ 84.051726842299104, 28.656242256984115, 3742.800000000000182 ], [ 84.051753664389253, 28.656232366338372, 3741.6 ], [ 84.051777301356196, 28.656220715492964, 3740.800000000000182 ], [ 84.051797166466713, 28.656208729371428, 3740.4 ], [ 84.051825413480401, 28.656179895624518, 3739.199999999999818 ], [ 84.051832454279065, 28.656172854825854, 3739.0 ], [ 84.051854833960533, 28.65615407936275, 3738.0 ], [ 84.05187469907105, 28.656137064099312, 3737.0 ], [ 84.051910657435656, 28.656108230352402, 3736.199999999999818 ], [ 84.051918117329478, 28.65610345266759, 3735.800000000000182 ], [ 84.051940497010946, 28.656076798215508, 3734.800000000000182 ], [ 84.051934210583568, 28.656071098521352, 3734.6 ], [ 84.051928427070379, 28.656067829579115, 3734.4 ], [ 84.051913255825639, 28.65606757812202, 3734.199999999999818 ], [ 84.051862377673388, 28.65607394836843, 3733.4 ], [ 84.051806973293424, 28.656088029965758, 3732.800000000000182 ], [ 84.051764225587249, 28.6560910474509, 3732.6 ], [ 84.051752742379904, 28.65609398111701, 3732.4 ], [ 84.051717035472393, 28.656100686639547, 3732.4 ], [ 84.051645705476403, 28.65609934553504, 3731.199999999999818 ], [ 84.051635311916471, 28.65609984844923, 3731.0 ], [ 84.051583176478744, 28.656091801822186, 3730.199999999999818 ], [ 84.051543530076742, 28.656094986945391, 3729.6 ], [ 84.051523162052035, 28.656097250059247, 3729.199999999999818 ], [ 84.051471361890435, 28.656098507344723, 3728.0 ], [ 84.051441103219986, 28.65610521286726, 3727.4 ], [ 84.051430290564895, 28.656105464324355, 3727.0 ], [ 84.051356697455049, 28.656107978895307, 3726.0 ], [ 84.051342867314816, 28.656111499294639, 3725.199999999999818 ], [ 84.051340604200959, 28.656110661104321, 3725.0 ], [ 84.051340436562896, 28.656110661104321, 3725.0 ], [ 84.051297605037689, 28.656105129048228, 3724.4 ], [ 84.051275812089443, 28.656110744923353, 3723.6 ], [ 84.051220407709479, 28.656120803207159, 3722.4 ], [ 84.051198195666075, 28.656132537871599, 3722.4 ], [ 84.051091829314828, 28.65617168135941, 3721.6 ], [ 84.051077831536531, 28.656176794320345, 3721.4 ], [ 84.051004322245717, 28.656226163730025, 3720.6 ], [ 84.050922682508826, 28.656264720484614, 3720.4 ], [ 84.050897033885121, 28.656273521482944, 3720.0 ], [ 84.05085252597928, 28.656289782375097, 3719.199999999999818 ], [ 84.050816232338548, 28.656288692727685, 3718.199999999999818 ], [ 84.050805168226361, 28.656291626393795, 3718.0 ], [ 84.050775747746229, 28.656303444877267, 3717.0 ], [ 84.050769964233041, 28.656305037438869, 3716.800000000000182 ], [ 84.050739454105496, 28.656314592808485, 3716.0 ], [ 84.050700394436717, 28.65632557310164, 3714.800000000000182 ], [ 84.050648426637053, 28.656329931691289, 3713.800000000000182 ], [ 84.050638703629375, 28.656330853700641, 3713.6 ], [ 84.050620766356587, 28.656338648870587, 3712.800000000000182 ], [ 84.050592184066772, 28.656352227553725, 3711.6 ], [ 84.050584807991982, 28.656358513981104, 3711.4 ], [ 84.050577264279127, 28.65637150593102, 3710.6 ], [ 84.050576006993651, 28.656370751559734, 3710.6 ], [ 84.050489338114858, 28.656375277787447, 3709.4 ], [ 84.05045916326344, 28.656385168433189, 3708.6 ], [ 84.050459079444408, 28.656385168433189, 3708.4 ], [ 84.050412643700838, 28.656388018280268, 3708.0 ], [ 84.050392024219036, 28.656394723802805, 3707.4 ], [ 84.050373500213027, 28.65639673545957, 3706.199999999999818 ], [ 84.050349108874798, 28.656398160383105, 3705.199999999999818 ], [ 84.050326896831393, 28.656396567821503, 3704.6 ], [ 84.050296638160944, 28.656404362991452, 3704.0 ], [ 84.050245005637407, 28.65640914067626, 3703.0 ], [ 84.050200246274471, 28.656412828713655, 3701.800000000000182 ], [ 84.050174178555608, 28.656414924189448, 3701.4 ], [ 84.050117852166295, 28.656423892825838, 3700.6 ], [ 84.050083486363292, 28.65642330609262, 3699.6 ], [ 84.050081558525562, 28.656416600570083, 3698.4 ], [ 84.050053143873811, 28.656416097655892, 3698.4 ], [ 84.050036882981658, 28.656416432932019, 3698.199999999999818 ], [ 84.049987932667136, 28.656421462073919, 3697.0 ], [ 84.049951387569308, 28.656423138454556, 3695.800000000000182 ], [ 84.049943340942264, 28.656423725187778, 3695.6 ], [ 84.049915261566639, 28.65643160417676, 3694.6 ], [ 84.049865389242768, 28.65642917342484, 3693.6 ], [ 84.049854408949614, 28.656425569206476, 3693.4 ], [ 84.049790287390351, 28.656440237537023, 3692.6 ], [ 84.04977411031723, 28.65644090808928, 3692.199999999999818 ], [ 84.049736643210053, 28.656449625268579, 3691.6 ], [ 84.049707977101207, 28.656451301649213, 3690.6 ], [ 84.049693224951625, 28.656452223658562, 3690.199999999999818 ], [ 84.049621727317572, 28.656467394903306, 3689.199999999999818 ], [ 84.04959624633193, 28.656472424045205, 3688.800000000000182 ], [ 84.049555258825421, 28.656473513692617, 3688.199999999999818 ], [ 84.04951267875731, 28.656469658017159, 3687.4 ], [ 84.049497339874506, 28.656471334397793, 3687.0 ], [ 84.049444701522589, 28.656484158709645, 3686.0 ], [ 84.049421735107899, 28.656486757099628, 3685.6 ], [ 84.049302544444799, 28.656520871445537, 3685.4 ], [ 84.049238590523601, 28.656542748212814, 3685.4 ], [ 84.049210092052817, 28.656546771526337, 3684.800000000000182 ], [ 84.049170780926943, 28.656559847295284, 3684.4 ], [ 84.049166170880198, 28.65656646899879, 3684.199999999999818 ], [ 84.049131385982037, 28.656574515625831, 3684.199999999999818 ], [ 84.049108335748315, 28.656574431806803, 3683.800000000000182 ], [ 84.049074053764343, 28.656580969691277, 3682.800000000000182 ], [ 84.04906265437603, 28.656586585566401, 3682.6 ], [ 84.049039268866181, 28.656593710184097, 3681.800000000000182 ], [ 84.049027785658836, 28.656595386564732, 3681.4 ], [ 84.049005741253495, 28.656600331887603, 3680.800000000000182 ], [ 84.048970704898238, 28.656610054895278, 3680.199999999999818 ], [ 84.048938350751996, 28.656613994389772, 3679.6 ], [ 84.048932902514935, 28.656614329665899, 3679.199999999999818 ], [ 84.048901554197073, 28.656628830358382, 3678.0 ], [ 84.048877749592066, 28.656652132049203, 3677.0 ], [ 84.04882175847888, 28.656698064878583, 3676.0 ], [ 84.048810862004757, 28.656703680753708, 3675.800000000000182 ], [ 84.048768784850836, 28.656709045171738, 3674.800000000000182 ], [ 84.048743136227131, 28.656719774007797, 3674.199999999999818 ], [ 84.048655210062861, 28.656768137589097, 3674.199999999999818 ], [ 84.048541467636824, 28.656844412907962, 3674.0 ], [ 84.04851196333766, 28.656851537525657, 3673.6 ], [ 84.048470975831151, 28.65687157027423, 3673.199999999999818 ], [ 84.048376260325313, 28.656932422891259, 3672.6 ], [ 84.048364777117968, 28.65694030188024, 3672.4 ], [ 84.048261092975736, 28.656992604956031, 3671.800000000000182 ], [ 84.048248939216137, 28.656996712088585, 3671.6 ], [ 84.048188757151365, 28.657018505036831, 3670.4 ], [ 84.048167550936341, 28.657033676281571, 3670.199999999999818 ], [ 84.048159085214138, 28.657040381804109, 3670.0 ], [ 84.048113152384758, 28.657084805890921, 3669.4 ], [ 84.048074427992105, 28.657104168087244, 3669.199999999999818 ], [ 84.048009971156716, 28.657133253291249, 3668.199999999999818 ], [ 84.047969486564398, 28.657156806439161, 3667.199999999999818 ], [ 84.04795590788126, 28.657160243019462, 3667.199999999999818 ], [ 84.047863790765405, 28.657187987118959, 3666.0 ], [ 84.047776367515326, 28.657220508903265, 3665.0 ], [ 84.047714089974761, 28.657250013202429, 3664.0 ], [ 84.04768131673336, 28.65726426243782, 3663.199999999999818 ], [ 84.04767201282084, 28.657270548865199, 3663.0 ], [ 84.047603951767087, 28.657317738980055, 3662.0 ], [ 84.047585176303983, 28.657332574948668, 3661.800000000000182 ], [ 84.047507895156741, 28.657381189987063, 3661.4 ], [ 84.047444444149733, 28.65742402151227, 3661.199999999999818 ], [ 84.047429692000151, 28.65744061768055, 3661.0 ], [ 84.047358110547066, 28.657488813623782, 3661.0 ], [ 84.047347046434879, 28.657496273517609, 3661.0 ], [ 84.047284852713346, 28.657556790858507, 3659.800000000000182 ], [ 84.047274207696319, 28.65756718441844, 3659.800000000000182 ], [ 84.047217210754752, 28.657624516636133, 3658.800000000000182 ], [ 84.04717655852437, 28.657657792791724, 3658.0 ], [ 84.047154430299997, 28.65767271257937, 3657.6 ], [ 84.047114113345742, 28.657732391729951, 3657.199999999999818 ], [ 84.047091817483306, 28.657745718955994, 3657.0 ], [ 84.047058457508683, 28.657767679542303, 3656.800000000000182 ], [ 84.047033898532391, 28.657779162749648, 3656.4 ], [ 84.046967932954431, 28.657835489138961, 3656.0 ], [ 84.046881934627891, 28.657884439453483, 3655.800000000000182 ], [ 84.046808090060949, 28.657932551577687, 3655.6 ], [ 84.046752853319049, 28.657967420294881, 3655.199999999999818 ], [ 84.046711446717381, 28.657984854653481, 3655.199999999999818 ], [ 84.046649923548102, 28.65802131593227, 3654.800000000000182 ], [ 84.046592675149441, 28.658054424449801, 3654.0 ], [ 84.04656627215445, 28.658068170771003, 3653.6 ], [ 84.046522853896022, 28.658087449148297, 3653.0 ], [ 84.046480525285006, 28.658125419169664, 3653.0 ], [ 84.046418918296695, 28.658154252916574, 3651.6 ], [ 84.046405171975493, 28.658159952610731, 3651.4 ], [ 84.046358317136765, 28.658183757215738, 3650.6 ], [ 84.046282293274999, 28.658225163817409, 3650.199999999999818 ], [ 84.046216495335102, 28.658272940665483, 3649.6 ], [ 84.046193696558475, 28.658293141052127, 3649.199999999999818 ], [ 84.046129742637277, 28.658360615372658, 3648.800000000000182 ], [ 84.046107949689031, 28.658374026417732, 3648.6 ], [ 84.046035949140787, 28.658417863771319, 3648.199999999999818 ], [ 84.045962942764163, 28.65844183601439, 3647.6 ], [ 84.045950369909406, 28.65845256485045, 3647.199999999999818 ], [ 84.045941652730107, 28.658463964238763, 3647.0 ], [ 84.045857582241297, 28.658514423295856, 3646.199999999999818 ], [ 84.045809889212251, 28.658545603975657, 3645.6 ], [ 84.04578641988337, 28.658563122153279, 3645.0 ], [ 84.045703941956162, 28.658623555675149, 3644.800000000000182 ], [ 84.045685669407248, 28.658636715263128, 3644.0 ], [ 84.045664211735129, 28.65865859203041, 3642.800000000000182 ], [ 84.045652393251657, 28.658684743568301, 3641.800000000000182 ], [ 84.04560805298388, 28.658752720803022, 3641.0 ], [ 84.045597827062011, 28.658759258687496, 3640.6 ], [ 84.045563377439976, 28.658767221495509, 3639.4 ], [ 84.04550788924098, 28.658771999180317, 3638.199999999999818 ], [ 84.045451311394572, 28.658773759379983, 3637.199999999999818 ], [ 84.045421974733472, 28.658781973645091, 3636.800000000000182 ], [ 84.04538475908339, 28.658804520964622, 3635.800000000000182 ], [ 84.045336060225964, 28.658842574805021, 3635.4 ], [ 84.045295407995582, 28.658862607553601, 3634.800000000000182 ], [ 84.045271100476384, 28.658870570361614, 3634.6 ], [ 84.045197172090411, 28.658909043297172, 3634.0 ], [ 84.045174121856689, 28.658929411321878, 3633.800000000000182 ], [ 84.045138247311115, 28.658951371908188, 3633.800000000000182 ], [ 84.045140007510781, 28.658949695527554, 3633.6 ], [ 84.045139085501432, 28.658945085480809, 3633.6 ], [ 84.045090973377228, 28.658943912014365, 3633.4 ], [ 84.045071862637997, 28.658953551203012, 3632.6 ], [ 84.045041855424643, 28.658976936712861, 3631.4 ], [ 84.045005897060037, 28.659002417698503, 3630.800000000000182 ], [ 84.04498552903533, 28.659015325829387, 3630.4 ], [ 84.044923083856702, 28.659047512337565, 3629.6 ], [ 84.044910511001945, 28.659062515944239, 3629.199999999999818 ], [ 84.044878073036671, 28.659110376611352, 3628.0 ], [ 84.044869355857372, 28.659120937809348, 3628.0 ], [ 84.044801294803619, 28.659170642495155, 3627.4 ], [ 84.044786207377911, 28.659177683293819, 3627.0 ], [ 84.044752595946193, 28.659203499555588, 3625.800000000000182 ], [ 84.044735915958881, 28.659242726862431, 3625.4 ], [ 84.044661736115813, 28.659307351335883, 3624.800000000000182 ], [ 84.044589987024665, 28.659369293600321, 3624.800000000000182 ], [ 84.044515052810311, 28.659426877275109, 3624.4 ], [ 84.044469287618995, 28.659454789012671, 3623.800000000000182 ], [ 84.044461576268077, 28.659458896145225, 3623.6 ], [ 84.044421762228012, 28.65949678234756, 3622.800000000000182 ], [ 84.044404914602637, 28.659525029361248, 3622.4 ], [ 84.044403238222003, 28.659568196162581, 3621.6 ], [ 84.044403908774257, 28.659604489803311, 3621.4 ], [ 84.044385636225343, 28.659694092348214, 3621.199999999999818 ], [ 84.044333249330521, 28.65973885171115, 3621.0 ], [ 84.044307013973594, 28.65976357832551, 3620.4 ], [ 84.044272564351559, 28.659805152565241, 3619.199999999999818 ], [ 84.044263679534197, 28.65981001406908, 3619.199999999999818 ], [ 84.044219674542546, 28.65985544398427, 3618.0 ], [ 84.044204838573933, 28.659867430105805, 3617.199999999999818 ], [ 84.044191762804985, 28.659887714311481, 3616.800000000000182 ], [ 84.044155972078443, 28.659926941618323, 3615.6 ], [ 84.044125378131866, 28.659950494766235, 3615.199999999999818 ], [ 84.044093359261751, 28.659969940781593, 3614.6 ], [ 84.044054802507162, 28.659995589405298, 3613.4 ], [ 84.044034099206328, 28.660007575526834, 3613.199999999999818 ], [ 84.043992608785629, 28.660055184736848, 3612.199999999999818 ], [ 84.043979030102491, 28.660078151151534, 3611.800000000000182 ], [ 84.043970815837383, 28.660102374851704, 3611.800000000000182 ], [ 84.043954638764262, 28.660131627693772, 3611.800000000000182 ], [ 84.043974168598652, 28.660113774240017, 3611.800000000000182 ], [ 84.043971402570605, 28.660107320174575, 3611.800000000000182 ], [ 84.043971234932542, 28.660104554146528, 3611.800000000000182 ], [ 84.043969474732876, 28.660105979070067, 3611.800000000000182 ], [ 84.043953130021691, 28.660104218870401, 3611.800000000000182 ], [ 84.043939132243395, 28.660116707906127, 3611.800000000000182 ], [ 84.04393007978797, 28.660124503076077, 3611.800000000000182 ], [ 84.043919267132878, 28.66013053804636, 3611.800000000000182 ], [ 84.043895378708839, 28.660133387893438, 3611.6 ], [ 84.043878363445401, 28.660119473934177, 3611.199999999999818 ], [ 84.043842405080795, 28.660074966028333, 3610.0 ], [ 84.043786833062768, 28.660027859732509, 3609.6 ], [ 84.043783480301499, 28.659997349604964, 3609.199999999999818 ], [ 84.043785156682134, 28.659997265785933, 3609.0 ], [ 84.043787000700831, 28.659981340169907, 3608.800000000000182 ], [ 84.043789096176624, 28.659927863627672, 3608.199999999999818 ], [ 84.043787335976958, 28.659918643534184, 3607.800000000000182 ], [ 84.043763196095824, 28.659867346286777, 3606.6 ], [ 84.043757328763604, 28.659857120364904, 3606.4 ], [ 84.043742660433054, 28.659828035160899, 3605.6 ], [ 84.043732434511185, 28.659787131473426, 3604.199999999999818 ], [ 84.043725812807679, 28.65976994857192, 3603.4 ], [ 84.04372195713222, 28.659765254706144, 3603.0 ], [ 84.043706031516194, 28.659759135916829, 3602.800000000000182 ], [ 84.043676946312189, 28.659722171723843, 3602.199999999999818 ], [ 84.043665295466781, 28.659704988822341, 3601.800000000000182 ], [ 84.043635204434395, 28.65969811566174, 3600.800000000000182 ], [ 84.043627995997667, 28.659700797870755, 3600.399999999999636 ], [ 84.04360611923039, 28.659704234451056, 3599.600000000000364 ], [ 84.043570915237069, 28.659713706001639, 3598.399999999999636 ], [ 84.043568735942245, 28.659726195037365, 3598.0 ], [ 84.043563790619373, 28.659736756235361, 3597.800000000000182 ], [ 84.04354459606111, 28.659754442051053, 3597.199999999999818 ], [ 84.043495394289494, 28.659793334081769, 3596.0 ], [ 84.043484162539244, 28.65980020724237, 3595.800000000000182 ], [ 84.043408138677478, 28.659826526418328, 3594.800000000000182 ], [ 84.043389111757278, 28.659842619672418, 3594.0 ], [ 84.043370923027396, 28.65984907373786, 3593.6 ], [ 84.043321637436748, 28.65986131131649, 3592.4 ], [ 84.043292049318552, 28.659880254417654, 3591.6 ], [ 84.043277632445097, 28.659890815615658, 3591.4 ], [ 84.043259276077151, 28.659903975203633, 3590.800000000000182 ], [ 84.043240584433079, 28.659911770373583, 3590.4 ], [ 84.043204877525568, 28.659913782030344, 3589.0 ], [ 84.043187694624066, 28.659914536401629, 3588.6 ], [ 84.043161626905203, 28.659919817000628, 3587.800000000000182 ], [ 84.043118627741933, 28.659928785637021, 3586.4 ], [ 84.043103121221066, 28.65993800573051, 3585.6 ], [ 84.043095661327243, 28.659941609948874, 3585.199999999999818 ], [ 84.043053416535258, 28.659938927739859, 3583.6 ], [ 84.043017709627748, 28.659946219995614, 3582.4 ], [ 84.042989546433091, 28.65994437597692, 3581.199999999999818 ], [ 84.042983343824744, 28.659924175590277, 3581.0 ], [ 84.042958281934261, 28.659904478117824, 3580.4 ], [ 84.042932968586683, 28.659894755110145, 3579.6 ], [ 84.042925676330924, 28.65988964214921, 3579.4 ], [ 84.042899021878839, 28.659869190305471, 3578.199999999999818 ], [ 84.04287370853126, 28.659856449812651, 3577.199999999999818 ], [ 84.042848227545619, 28.659858293831348, 3577.0 ], [ 84.042794080451131, 28.659863574430343, 3575.800000000000182 ], [ 84.042782345786691, 28.659870531409979, 3575.4 ], [ 84.042745130136609, 28.659884696826339, 3574.6 ], [ 84.042695760726929, 28.659887714311481, 3574.4 ], [ 84.042650833725929, 28.659913362935185, 3574.4 ], [ 84.042642787098885, 28.659907830879092, 3574.4 ], [ 84.042654437944293, 28.65988964214921, 3574.0 ], [ 84.042721912264824, 28.659861478954554, 3574.0 ], [ 84.042734149843454, 28.659845301881433, 3573.6 ], [ 84.042713278904557, 28.659818898886439, 3573.199999999999818 ], [ 84.042713781818748, 28.659815043210983, 3572.6 ], [ 84.042709758505225, 28.659806242212653, 3572.0 ], [ 84.042702717706561, 28.659790400415659, 3571.4 ], [ 84.042697520926595, 28.659752598032355, 3570.4 ], [ 84.042693832889199, 28.659742204472423, 3570.0 ], [ 84.04267874546349, 28.659716136753559, 3569.199999999999818 ], [ 84.042686875909567, 28.659706078469753, 3568.800000000000182 ], [ 84.042705567553639, 28.659689985215664, 3568.6 ], [ 84.042754266411066, 28.65964237600565, 3568.199999999999818 ], [ 84.042773293331265, 28.659632066264749, 3567.800000000000182 ], [ 84.042798187583685, 28.659627875313163, 3566.800000000000182 ], [ 84.042814448475838, 28.659618739038702, 3566.199999999999818 ], [ 84.042815119028091, 28.659586049616337, 3565.4 ], [ 84.042803719639778, 28.659567106515169, 3565.0 ], [ 84.04279206879437, 28.659538524225351, 3564.6 ], [ 84.042775388807058, 28.659502482041717, 3563.6 ], [ 84.042787794023752, 28.659485131502151, 3563.6 ], [ 84.04279600828886, 28.659476498141885, 3563.4 ], [ 84.042809419333935, 28.659463338553905, 3563.0 ], [ 84.042909583076835, 28.659416316077113, 3562.800000000000182 ], [ 84.042988372966647, 28.659367617219687, 3562.4 ], [ 84.043036233633757, 28.659319588914514, 3561.4 ], [ 84.043046794831753, 28.659297795966268, 3560.4 ], [ 84.043063391000032, 28.659257898107171, 3560.199999999999818 ], [ 84.043069593608379, 28.659216491505504, 3559.800000000000182 ], [ 84.043050399050117, 28.659173576161265, 3559.0 ], [ 84.043039754033089, 28.6591752525419, 3559.0 ], [ 84.043017458170652, 28.659179024398327, 3558.4 ], [ 84.043006394058466, 28.659182544797659, 3558.199999999999818 ], [ 84.042961886152625, 28.659188495948911, 3557.6 ], [ 84.042947553098202, 28.659193189814687, 3557.199999999999818 ], [ 84.042936908081174, 28.659194950014353, 3557.199999999999818 ], [ 84.042891310527921, 28.65920945070684, 3555.800000000000182 ], [ 84.042847640812397, 28.659229734912515, 3555.800000000000182 ], [ 84.04275787062943, 28.65926292724907, 3555.800000000000182 ], [ 84.042691569775343, 28.659280529245738, 3555.0 ], [ 84.042618731036782, 28.659293269738555, 3553.6 ], [ 84.042610516771674, 28.659296287223697, 3553.199999999999818 ], [ 84.04259123839438, 28.659299556165937, 3552.4 ], [ 84.042557207867503, 28.659292431548241, 3551.4 ], [ 84.042548071593046, 28.659294527024031, 3551.199999999999818 ], [ 84.04250867664814, 28.659292012453079, 3550.4 ], [ 84.042498115450144, 28.659288575872779, 3550.0 ], [ 84.042451679706573, 28.659254880622029, 3549.199999999999818 ], [ 84.042425444349647, 28.659245576709509, 3548.800000000000182 ], [ 84.042336093261838, 28.659233339130878, 3548.6 ], [ 84.042268451303244, 28.659224286675453, 3547.800000000000182 ], [ 84.042235761880875, 28.659207439050078, 3546.800000000000182 ], [ 84.042232576757669, 28.659199811518192, 3546.800000000000182 ], [ 84.042238024994731, 28.659189082682133, 3546.6 ], [ 84.042240455746651, 28.659169720485806, 3545.800000000000182 ], [ 84.042241629213095, 28.65916502662003, 3545.4 ], [ 84.042244562879205, 28.659129738807682, 3544.6 ], [ 84.042261326685548, 28.659074837341905, 3543.4 ], [ 84.04226191341877, 28.659064024686813, 3543.4 ], [ 84.042252358049154, 28.659011386334896, 3542.199999999999818 ], [ 84.042234756052494, 28.658946510404348, 3541.4 ], [ 84.042231319472194, 28.658930836245418, 3541.4 ], [ 84.042221596464515, 28.658833857625723, 3540.199999999999818 ], [ 84.042186308652163, 28.658738136291504, 3539.6 ], [ 84.042185051366687, 28.658713912591335, 3539.0 ], [ 84.042180525138974, 28.658682480454445, 3538.199999999999818 ], [ 84.042176166549325, 28.658658424392343, 3537.800000000000182 ], [ 84.042167533189058, 28.658622801303864, 3536.800000000000182 ], [ 84.042163342237473, 28.658584244549271, 3535.6 ], [ 84.042124282568693, 28.658544514328241, 3534.800000000000182 ], [ 84.0420410502702, 28.658497659489512, 3534.4 ], [ 84.04202738776803, 28.658490115776655, 3534.199999999999818 ], [ 84.041987992823124, 28.65845013409853, 3533.199999999999818 ], [ 84.041956309229136, 28.658417612314224, 3532.6 ], [ 84.041924960911274, 28.658387018367648, 3531.800000000000182 ], [ 84.041881207376719, 28.658357011154298, 3530.800000000000182 ], [ 84.041868969798088, 28.658336810767651, 3530.6 ], [ 84.041846171021461, 28.658293979242444, 3530.199999999999818 ], [ 84.04178598895669, 28.658240335062143, 3529.6 ], [ 84.041718346998096, 28.658213429152969, 3528.199999999999818 ], [ 84.041691021993756, 28.658185433596373, 3527.4 ], [ 84.04163452796638, 28.658125754445791, 3527.4 ], [ 84.041603431105614, 28.658119635656476, 3526.6 ], [ 84.041584236547351, 28.658121144399047, 3526.0 ], [ 84.041535705327988, 28.658161712810397, 3525.4 ], [ 84.041523886844516, 28.65818677470088, 3525.199999999999818 ], [ 84.041485665366054, 28.65823170170188, 3524.800000000000182 ], [ 84.041439397260547, 28.658269587904215, 3524.0 ], [ 84.041402768343687, 28.658291632309556, 3524.0 ], [ 84.0413623675704, 28.658308312296867, 3523.199999999999818 ], [ 84.04132422991097, 28.658319795504212, 3522.800000000000182 ], [ 84.041232112795115, 28.658332116901875, 3522.6 ], [ 84.041151897981763, 28.658318538218737, 3522.6 ], [ 84.0410774666816, 28.658273946493864, 3521.800000000000182 ], [ 84.04106724075973, 28.658262882381681, 3521.800000000000182 ], [ 84.041030779480934, 28.658235389739275, 3521.4 ], [ 84.041020972654223, 28.658225415274501, 3521.4 ], [ 84.040961712598801, 28.658169843256474, 3520.6 ], [ 84.04093774035573, 28.658154923468828, 3520.0 ], [ 84.040925083681941, 28.65814721211791, 3519.199999999999818 ], [ 84.04089180752635, 28.658135142177343, 3518.199999999999818 ], [ 84.04085517860949, 28.658107062801719, 3517.800000000000182 ], [ 84.040807066485286, 28.658059537410736, 3517.199999999999818 ], [ 84.040771359577775, 28.658027434721589, 3516.4 ], [ 84.04076230712235, 28.658017544075847, 3516.0 ], [ 84.040716625750065, 28.657942358404402, 3515.800000000000182 ], [ 84.040665831416845, 28.657837919890881, 3514.800000000000182 ], [ 84.040592825040221, 28.657733481377363, 3513.800000000000182 ], [ 84.040551502257586, 28.657702719792724, 3513.4 ], [ 84.040513532236218, 28.657656535506248, 3513.199999999999818 ], [ 84.040516633540392, 28.657657960429788, 3513.199999999999818 ], [ 84.040528871119022, 28.657670030370355, 3513.0 ], [ 84.040528368204832, 28.657669359818101, 3512.800000000000182 ], [ 84.040486039593816, 28.657609932124615, 3512.6 ], [ 84.040414039045572, 28.657467188313603, 3512.199999999999818 ], [ 84.040408758446574, 28.657442461699247, 3511.6 ], [ 84.040397861972451, 28.657356211915612, 3510.6 ], [ 84.040396269410849, 28.657339531928301, 3510.4 ], [ 84.040393587201834, 28.657284546643496, 3509.199999999999818 ], [ 84.040397861972451, 28.657229896634817, 3508.800000000000182 ], [ 84.040389312431216, 28.657198129221797, 3508.199999999999818 ], [ 84.040386965498328, 28.657137611880898, 3507.6 ], [ 84.040386378765106, 28.657103246077895, 3507.199999999999818 ], [ 84.040375901386142, 28.657048596069217, 3506.199999999999818 ], [ 84.040372129529715, 28.657033341005445, 3506.0 ], [ 84.040329130366445, 28.6569734942168, 3505.0 ], [ 84.040292166173458, 28.656959999352697, 3504.6 ], [ 84.040269032120705, 28.656943067908287, 3504.6 ], [ 84.040245981886983, 28.656914653256536, 3504.6 ], [ 84.040246568620205, 28.65690853446722, 3504.6 ], [ 84.040212202817202, 28.656966704875231, 3504.6 ], [ 84.040150679647923, 28.657005177810788, 3504.6 ], [ 84.040067363530397, 28.657034765928984, 3504.6 ], [ 84.040005672723055, 28.657062677666545, 3504.6 ], [ 84.039968624711037, 28.657081872224808, 3505.0 ], [ 84.039945155382156, 28.65709369070828, 3505.199999999999818 ], [ 84.03990282677114, 28.657115902751684, 3505.199999999999818 ], [ 84.039866449311376, 28.657135684043169, 3505.4 ], [ 84.039794532582164, 28.657164517790079, 3505.4 ], [ 84.039710713550448, 28.657197626307607, 3505.6 ], [ 84.039649106562138, 28.65724029019475, 3505.6 ], [ 84.039626978337765, 28.657250432297587, 3505.800000000000182 ], [ 84.039556989446282, 28.6572808586061, 3505.800000000000182 ], [ 84.039527820423245, 28.657279182225466, 3506.0 ], [ 84.039520276710391, 28.657276248559356, 3506.199999999999818 ], [ 84.039521450176835, 28.65726669318974, 3506.199999999999818 ], [ 84.039509631693363, 28.657297538593411, 3506.4 ], [ 84.039465459063649, 28.657332994043827, 3506.199999999999818 ], [ 84.039442492648959, 28.657355457544327, 3506.199999999999818 ], [ 84.039399996399879, 28.657383369281888, 3506.199999999999818 ], [ 84.039340820163488, 28.657431649044156, 3506.0 ], [ 84.039262114092708, 28.657495435327291, 3506.0 ], [ 84.039188353344798, 28.657544301822782, 3506.0 ], [ 84.039103528484702, 28.657605824992061, 3505.800000000000182 ], [ 84.039015853777528, 28.65766667760909, 3505.4 ], [ 84.039006382226944, 28.657674724236131, 3505.4 ], [ 84.038945781067014, 28.657716466113925, 3505.4 ], [ 84.038866572082043, 28.657761309295893, 3505.4 ], [ 84.038843438029289, 28.657775474712253, 3505.4 ], [ 84.038745621219277, 28.657833142206073, 3505.4 ], [ 84.038670603185892, 28.657894749194384, 3505.4 ], [ 84.038570523262024, 28.657950488850471, 3505.6 ], [ 84.038468515500426, 28.657998433336616, 3505.800000000000182 ], [ 84.038418559357524, 28.658018298447132, 3506.4 ], [ 84.038383103907108, 28.658035984262824, 3506.6 ], [ 84.038308588787913, 28.658070182427764, 3506.6 ], [ 84.038283107802272, 28.65808124653995, 3506.6 ], [ 84.038269948214293, 28.658087868243456, 3506.6 ], [ 84.038181770592928, 28.658137740567327, 3506.6 ], [ 84.038068279623985, 28.658208232372999, 3506.6 ], [ 84.037988735362887, 28.658255925402045, 3506.4 ], [ 84.037975324317813, 28.658264139667153, 3506.4 ], [ 84.037892678752542, 28.658316358923912, 3505.800000000000182 ], [ 84.037777259945869, 28.65835826843977, 3505.6 ], [ 84.037734260782599, 28.658379390835758, 3505.4 ], [ 84.037673994898796, 28.658401602879167, 3505.4 ], [ 84.037577183917165, 28.658445188775659, 3505.0 ], [ 84.037470733746886, 28.658490451052785, 3504.800000000000182 ], [ 84.037440475076437, 28.658502353355289, 3504.4 ], [ 84.037404600530863, 28.65851417183876, 3503.4 ], [ 84.037394877523184, 28.658521631732583, 3503.4 ], [ 84.037294881418347, 28.658566474914551, 3503.4 ], [ 84.037159094586968, 28.658615760505199, 3503.199999999999818 ], [ 84.037071922793984, 28.658652724698182, 3503.199999999999818 ], [ 84.036982739344239, 28.658688683062792, 3503.0 ], [ 84.036889616400003, 28.658730760216713, 3503.0 ], [ 84.036775203421712, 28.658778956159949, 3503.0 ], [ 84.036659114062786, 28.658834779635072, 3503.0 ], [ 84.036556771025062, 28.658879706636071, 3503.0 ], [ 84.036462726071477, 28.658913569524884, 3503.199999999999818 ], [ 84.036370106041431, 28.658949946984649, 3503.199999999999818 ], [ 84.036301877349615, 28.65897299721837, 3503.4 ], [ 84.036229457706213, 28.658996969461441, 3503.4 ], [ 84.036135580390692, 28.659030580893159, 3503.4 ], [ 84.036032818257809, 28.65905899554491, 3503.4 ], [ 84.035909688100219, 28.659089924767613, 3503.4 ], [ 84.035786725580692, 28.659111885353923, 3503.4 ], [ 84.035673150792718, 28.659124625846744, 3503.4 ], [ 84.035674491897225, 28.659123368561268, 3503.4 ], [ 84.035628223791718, 28.65913225337863, 3503.199999999999818 ], [ 84.035598887130618, 28.659138958901167, 3503.199999999999818 ], [ 84.03558480553329, 28.659140970557928, 3503.0 ], [ 84.035479193553329, 28.659147005528212, 3502.199999999999818 ], [ 84.03545287437737, 28.659149268642068, 3502.199999999999818 ], [ 84.035366205498576, 28.659148430451751, 3502.0 ], [ 84.035239303484559, 28.659140048548579, 3501.800000000000182 ], [ 84.035185910761356, 28.659143317490816, 3501.0 ], [ 84.03514408506453, 28.659143652766943, 3501.0 ], [ 84.035022212192416, 28.659152453765273, 3501.0 ], [ 84.034886006265879, 28.659146167337894, 3500.800000000000182 ], [ 84.034764133393764, 28.65912445820868, 3500.800000000000182 ], [ 84.034652905538678, 28.659113394096497, 3500.800000000000182 ], [ 84.034478729590774, 28.659119680523872, 3500.800000000000182 ], [ 84.034379571676254, 28.659129654988647, 3501.0 ], [ 84.034224003553391, 28.659143233671784, 3501.0 ], [ 84.034055862575769, 28.659172067418694, 3501.0 ], [ 84.033915968611836, 28.659197799861431, 3501.199999999999818 ], [ 84.033774565905333, 28.659237110987306, 3501.199999999999818 ], [ 84.033673228695989, 28.659280026331544, 3501.4 ], [ 84.033553870394826, 28.65931942127645, 3501.800000000000182 ], [ 84.033539872616529, 28.65932285785675, 3502.0 ], [ 84.033427303656936, 28.659365940839052, 3502.4 ], [ 84.033415485173464, 28.659371389076114, 3502.4 ], [ 84.033288331702352, 28.659428218379617, 3502.6 ], [ 84.033194119110703, 28.659474235028028, 3502.6 ], [ 84.033080795779824, 28.659508852288127, 3502.6 ], [ 84.033059421926737, 28.659518240019679, 3502.800000000000182 ], [ 84.032927406951785, 28.659551683813337, 3502.800000000000182 ], [ 84.03278692625463, 28.659569201990958, 3503.0 ], [ 84.032623646780849, 28.659609854221344, 3503.0 ], [ 84.032512754201889, 28.659652769565582, 3503.0 ], [ 84.032408818602562, 28.659696774557233, 3503.199999999999818 ], [ 84.032322065904737, 28.659754693508148, 3503.199999999999818 ], [ 84.032239336520433, 28.659828370437022, 3503.199999999999818 ], [ 84.032158115878701, 28.65991017781198, 3503.199999999999818 ], [ 84.032090390101075, 28.659964827820659, 3503.199999999999818 ], [ 84.031982263550162, 28.660049065947533, 3503.199999999999818 ], [ 84.031883189454675, 28.660125425085425, 3503.199999999999818 ], [ 84.031797526404262, 28.660184852778912, 3503.199999999999818 ], [ 84.031689818948507, 28.660272192209959, 3503.199999999999818 ], [ 84.031615136191249, 28.660322399809957, 3503.6 ], [ 84.031515726819634, 28.660402530804276, 3503.6 ], [ 84.031412042677402, 28.660490205511451, 3503.800000000000182 ], [ 84.031392512843013, 28.660527672618628, 3504.4 ], [ 84.031364433467388, 28.660566229373217, 3504.6 ], [ 84.031296372413635, 28.660638481378555, 3505.0 ], [ 84.031255301088095, 28.660683240741491, 3505.4 ], [ 84.031248092651367, 28.660691706463695, 3505.4 ], [ 84.031185563653708, 28.660755325108767, 3505.4 ], [ 84.03112605214119, 28.660823553800583, 3505.4 ], [ 84.031051117926836, 28.66088449023664, 3505.6 ], [ 84.030947685241699, 28.660965710878372, 3506.0 ], [ 84.030868811532855, 28.661029748618603, 3506.199999999999818 ], [ 84.03079379349947, 28.661102335900068, 3506.199999999999818 ], [ 84.030766384676099, 28.661121781915423, 3506.4 ], [ 84.030720200389624, 28.661173833534122, 3506.4 ], [ 84.030643841251731, 28.661236278712749, 3507.0 ], [ 84.030545689165592, 28.661314649507403, 3507.199999999999818 ], [ 84.030477376654744, 28.661376675590873, 3507.199999999999818 ], [ 84.03045960702002, 28.661391763016582, 3507.4 ], [ 84.030392551794648, 28.661443311721087, 3508.0 ], [ 84.030320467427373, 28.661507265642285, 3508.199999999999818 ], [ 84.0302465390414, 28.661566190421581, 3508.199999999999818 ], [ 84.030199516564608, 28.661602903157473, 3508.4 ], [ 84.030184261500835, 28.661615392193202, 3508.6 ], [ 84.030136317014694, 28.661655876785517, 3509.199999999999818 ], [ 84.030071441084146, 28.661714131012559, 3509.4 ], [ 84.03006280772388, 28.661721758544445, 3509.4 ], [ 84.029989298433065, 28.66177917458117, 3509.6 ], [ 84.029941270127892, 28.661821754649282, 3510.199999999999818 ], [ 84.029867677018046, 28.661875650286671, 3510.6 ], [ 84.029860887676477, 28.661880763247609, 3510.6 ], [ 84.029791401699185, 28.661933653056622, 3510.800000000000182 ], [ 84.029730968177319, 28.661979585886002, 3511.800000000000182 ], [ 84.029672713950276, 28.662026943638921, 3512.199999999999818 ], [ 84.029612531885505, 28.662083353847265, 3512.800000000000182 ], [ 84.029597947373986, 28.662101458758116, 3512.800000000000182 ], [ 84.02954145334661, 28.662151833996177, 3513.0 ], [ 84.029499711468816, 28.66219986230135, 3513.4 ], [ 84.029459813609719, 28.66223799996078, 3513.6 ], [ 84.029428632929921, 28.662265576422215, 3513.800000000000182 ], [ 84.029412120580673, 28.662280160933733, 3514.0 ], [ 84.02936945669353, 28.662320896983147, 3514.6 ], [ 84.029345232993364, 28.662341181188825, 3514.800000000000182 ], [ 84.029323607683182, 28.662357944995165, 3515.0 ], [ 84.029275244101882, 28.662394657731056, 3516.0 ], [ 84.029214894399047, 28.66243782453239, 3516.199999999999818 ], [ 84.029187150299549, 28.662468418478969, 3516.4 ], [ 84.029170554131269, 28.662481158971783, 3516.800000000000182 ], [ 84.029150353744626, 28.662502113729715, 3517.0 ], [ 84.029111042618752, 28.662525080144405, 3517.4 ], [ 84.029082963243127, 28.662542682141066, 3518.0 ], [ 84.029073491692543, 28.662547040730715, 3518.199999999999818 ], [ 84.029022110626101, 28.662573108449578, 3518.199999999999818 ], [ 84.028948014602065, 28.662617448717356, 3518.199999999999818 ], [ 84.028868051245809, 28.662646869197488, 3518.6 ], [ 84.028824465349317, 28.662669667974111, 3518.6 ], [ 84.028793619945645, 28.662685677409172, 3518.800000000000182 ], [ 84.028718015179038, 28.662735801190134, 3519.0 ], [ 84.028707537800074, 28.662743261083961, 3519.0 ], [ 84.028691444545984, 28.66275466047227, 3519.0 ], [ 84.028644086793065, 28.662791959941387, 3519.199999999999818 ], [ 84.028564458712935, 28.662833869457245, 3519.199999999999818 ], [ 84.028488099575043, 28.66287594661117, 3519.0 ], [ 84.02841811068356, 28.662905702367425, 3519.199999999999818 ], [ 84.028352228924632, 28.662938224151731, 3519.199999999999818 ], [ 84.028287017717957, 28.662974266335368, 3519.0 ], [ 84.028223482891917, 28.663026234135032, 3519.199999999999818 ], [ 84.02815667912364, 28.663078704848889, 3519.6 ], [ 84.028107393532991, 28.66310091689229, 3519.6 ], [ 84.02807311154902, 28.663136875256896, 3519.6 ], [ 84.027992896735668, 28.663192447274923, 3519.6 ], [ 84.027969762682915, 28.663188759237528, 3519.4 ], [ 84.027974540367723, 28.663175515830517, 3519.4 ], [ 84.027952663600445, 28.663189010694623, 3519.4 ], [ 84.027894828468561, 28.663217173889279, 3519.199999999999818 ], [ 84.027793491259217, 28.663245085626841, 3519.199999999999818 ], [ 84.02770321816206, 28.663263190537691, 3519.199999999999818 ], [ 84.027597270905972, 28.663285654038191, 3519.199999999999818 ], [ 84.027495849877596, 28.663316499441866, 3519.199999999999818 ], [ 84.027452431619167, 28.663334855809808, 3519.199999999999818 ], [ 84.027420496568084, 28.663343405351043, 3519.4 ], [ 84.027403397485614, 28.663344830274585, 3519.4 ], [ 84.027346652001143, 28.663364108651876, 3520.0 ], [ 84.027331732213497, 28.663373244926333, 3520.199999999999818 ], [ 84.027307676151395, 28.663387075066566, 3521.4 ], [ 84.02727423235774, 28.663399815559387, 3522.6 ], [ 84.027267443016171, 28.663402665406466, 3522.6 ], [ 84.027249421924353, 28.663410125300288, 3522.6 ], [ 84.027220420539379, 28.663428397849199, 3523.199999999999818 ], [ 84.027214301750064, 28.663431834429502, 3523.199999999999818 ], [ 84.027200220152736, 28.663439964875579, 3523.800000000000182 ], [ 84.027180857956409, 28.663458321243525, 3524.4 ], [ 84.027148503810167, 28.663480365648866, 3524.800000000000182 ], [ 84.027143390849233, 28.663483634591103, 3524.800000000000182 ], [ 84.027131991460919, 28.66349034011364, 3525.199999999999818 ], [ 84.027132242918015, 28.663484724238515, 3525.800000000000182 ], [ 84.027111120522022, 28.663500482216477, 3525.800000000000182 ], [ 84.027063176035881, 28.663532081991431, 3526.0 ], [ 84.027021517977118, 28.663553539663553, 3526.6 ], [ 84.027019757777452, 28.663545828312635, 3526.6 ], [ 84.027021350339055, 28.663545660674572, 3527.0 ], [ 84.026996288448572, 28.663588408380747, 3527.4 ], [ 84.026936944574118, 28.663627132773399, 3527.4 ], [ 84.026905680075288, 28.663648003712296, 3528.0 ], [ 84.026887072250247, 28.66366233676672, 3528.4 ], [ 84.026839965954423, 28.663689745590091, 3529.199999999999818 ], [ 84.026742400601506, 28.663725201040503, 3530.0 ], [ 84.026732258498669, 28.663728469982743, 3530.199999999999818 ], [ 84.026642739772797, 28.663736851885915, 3530.6 ], [ 84.026593454182148, 28.663726625964049, 3530.6 ], [ 84.026568811386824, 28.663714975118637, 3531.199999999999818 ], [ 84.026532182469964, 28.663706006482244, 3531.6 ], [ 84.026450626552105, 28.663690751418471, 3532.0 ], [ 84.026440903544426, 28.66369066759944, 3532.4 ], [ 84.026399329304695, 28.663689577952027, 3533.199999999999818 ], [ 84.026392288506031, 28.663695026189089, 3533.4 ], [ 84.026379883289337, 28.663708353415132, 3534.4 ], [ 84.026367058977485, 28.663720758631825, 3535.0 ], [ 84.026333447545767, 28.663750011473898, 3535.6 ], [ 84.026301261037588, 28.663778593763709, 3536.4 ], [ 84.026283826678991, 28.663794519379735, 3536.4 ], [ 84.026274522766471, 28.663807846605778, 3536.800000000000182 ], [ 84.02624661102891, 28.663841122761369, 3537.6 ], [ 84.026240240782499, 28.663846822455525, 3537.800000000000182 ], [ 84.026210736483335, 28.663872387260199, 3538.4 ], [ 84.026192044839263, 28.663911279290915, 3538.800000000000182 ], [ 84.026189027354121, 28.663913626223803, 3538.800000000000182 ], [ 84.026170670986176, 28.66395796649158, 3539.6 ], [ 84.026167737320065, 28.663973724469543, 3539.6 ], [ 84.026160696521401, 28.663999373093247, 3540.0 ], [ 84.026144100353122, 28.664032062515616, 3540.4 ], [ 84.026133203878999, 28.664052933454514, 3540.800000000000182 ], [ 84.026125743985176, 28.664072966203097, 3540.800000000000182 ], [ 84.026071261614561, 28.664090484380718, 3541.6 ], [ 84.02605215087533, 28.664086041972041, 3541.6 ], [ 84.026007894426584, 28.664076318964359, 3542.199999999999818 ], [ 84.025979982689023, 28.664066009223461, 3542.800000000000182 ], [ 84.02593731880188, 28.664058465510607, 3543.4 ], [ 84.025917202234268, 28.664055950939655, 3543.6 ], [ 84.025894152000546, 28.664073804393411, 3544.0 ], [ 84.025889541953802, 28.664068607613444, 3544.199999999999818 ], [ 84.025880238041282, 28.664064332842827, 3544.6 ], [ 84.025828018784523, 28.664048407226801, 3545.4 ], [ 84.025776889175177, 28.664058214053512, 3545.6 ], [ 84.025705475360155, 28.664098111912608, 3546.0 ], [ 84.025635067373514, 28.664150079712272, 3546.0 ], [ 84.025608915835619, 28.664168016985059, 3546.199999999999818 ], [ 84.025572706013918, 28.664194587618113, 3546.6 ], [ 84.025501543655992, 28.664236329495907, 3546.800000000000182 ], [ 84.025491736829281, 28.66422962397337, 3546.800000000000182 ], [ 84.025490563362837, 28.664230378344655, 3546.800000000000182 ], [ 84.025485198944807, 28.664238173514605, 3547.199999999999818 ], [ 84.02547312900424, 28.664252506569028, 3547.199999999999818 ], [ 84.025425268337131, 28.664301373064522, 3547.199999999999818 ], [ 84.025396015495062, 28.664332134649161, 3547.4 ], [ 84.025383191183209, 28.664349820464849, 3547.4 ], [ 84.025350585579872, 28.664420731365681, 3548.0 ], [ 84.025272717699409, 28.664458114653826, 3548.4 ], [ 84.025258384644985, 28.664461048319936, 3548.4 ], [ 84.025191413238645, 28.664499269798402, 3548.800000000000182 ], [ 84.025113880634308, 28.664546040818095, 3548.800000000000182 ], [ 84.025046909227967, 28.664595661684871, 3548.800000000000182 ], [ 84.024967364966869, 28.664653664454818, 3548.800000000000182 ], [ 84.024886479601264, 28.664707308635116, 3548.800000000000182 ], [ 84.024878600612283, 28.664709320291877, 3548.800000000000182 ] ] } }
]
}
