{
"type": "FeatureCollection",
"name": "day07",
"crs": { "type": "name", "properties": { "name": "urn:ogc:def:crs:OGC:1.3:CRS84" } },
"features": [
{ "type": "Feature", "properties": { "name": "day07" }, "geometry": { "type": "LineString", "coordinates": [ [ 83.907589539885521, 28.679839577525858, 4124.199999999999818 ], [ 83.90752206556499, 28.679856173694137, 4123.800000000000182 ], [ 83.907477557659149, 28.679877715185285, 4123.600000000000364 ], [ 83.907462134957314, 28.67989213205874, 4123.600000000000364 ], [ 83.907403964549303, 28.67995860055089, 4123.399999999999636 ], [ 83.907389128580689, 28.679965222254395, 4123.199999999999818 ], [ 83.907342692837119, 28.680002521723509, 4123.0 ], [ 83.907268010079861, 28.680049628019333, 4123.0 ], [ 83.907260298728943, 28.680053148418665, 4123.0 ], [ 83.907193075865507, 28.680065050721169, 4123.0 ], [ 83.907169941812754, 28.680053986608986, 4123.0 ], [ 83.907136665657163, 28.680066894739863, 4123.0 ], [ 83.907128870487213, 28.680067816749215, 4122.800000000000182 ], [ 83.907053181901574, 28.680082065984607, 4122.399999999999636 ], [ 83.907029628753662, 28.680084077641368, 4122.399999999999636 ], [ 83.907007165253162, 28.680082149803638, 4122.399999999999636 ], [ 83.906932398676872, 28.680102853104472, 4122.399999999999636 ], [ 83.906901888549328, 28.680106792598963, 4122.199999999999818 ], [ 83.906903984025121, 28.680107463151217, 4122.0 ], [ 83.906902223825455, 28.680109893903136, 4122.0 ], [ 83.906902140006423, 28.680109977722168, 4122.0 ], [ 83.90690197236836, 28.680109810084105, 4122.0 ], [ 83.90690197236836, 28.680109810084105, 4122.0 ], [ 83.90690197236836, 28.680109810084105, 4122.0 ], [ 83.906847238540649, 28.680116767063737, 4122.0 ], [ 83.906800132244825, 28.680130848661065, 4122.0 ], [ 83.906784458085895, 28.680138979107141, 4122.0 ], [ 83.906702231615782, 28.680142583325505, 4122.0 ], [ 83.906640205532312, 28.680125065147877, 4122.0 ], [ 83.90655261464417, 28.680086256936193, 4122.0 ], [ 83.906479692086577, 28.680031187832355, 4122.0 ], [ 83.906395453959703, 28.679990619421005, 4122.0 ], [ 83.906344240531325, 28.679931527003649, 4122.600000000000364 ], [ 83.906334182247519, 28.679911661893129, 4123.199999999999818 ], [ 83.906330997124314, 28.679884085431695, 4123.600000000000364 ], [ 83.906335607171059, 28.679847707971931, 4124.0 ], [ 83.906333427876234, 28.67983010597527, 4124.199999999999818 ], [ 83.906333930790424, 28.67982130497694, 4124.399999999999636 ], [ 83.906333092600107, 28.679794818162922, 4125.0 ], [ 83.906331248581409, 28.679746957495809, 4125.199999999999818 ], [ 83.906331667676568, 28.679736731573939, 4125.199999999999818 ], [ 83.906331583857536, 28.679692223668098, 4125.800000000000182 ], [ 83.906325213611126, 28.679687529802319, 4126.0 ], [ 83.90632688999176, 28.67967227473855, 4126.199999999999818 ], [ 83.906326722353697, 28.679666742682457, 4126.399999999999636 ], [ 83.906321609392762, 28.679642518982291, 4127.399999999999636 ], [ 83.906318675726652, 28.679640172049403, 4127.600000000000364 ], [ 83.906314903870225, 28.67959817871451, 4127.800000000000182 ], [ 83.906324794515967, 28.679578145965937, 4128.399999999999636 ], [ 83.906325129792094, 28.679576218128204, 4128.399999999999636 ], [ 83.906313311308622, 28.679559789597988, 4129.0 ], [ 83.906301995739341, 28.679557107388973, 4129.199999999999818 ], [ 83.90628875233233, 28.67955794557929, 4129.399999999999636 ], [ 83.906253464519978, 28.679557358846068, 4129.600000000000364 ], [ 83.906200071796775, 28.679571272805333, 4130.0 ], [ 83.906163107603788, 28.679581247270107, 4130.600000000000364 ], [ 83.906152462586761, 28.67958870716393, 4130.600000000000364 ], [ 83.906156569719315, 28.67958527058363, 4130.800000000000182 ], [ 83.906139386817813, 28.679573033004999, 4131.0 ], [ 83.906136704608798, 28.679595161229372, 4131.199999999999818 ], [ 83.906092783436179, 28.67963581345975, 4131.199999999999818 ], [ 83.90608062967658, 28.679643776267767, 4131.600000000000364 ], [ 83.906069230288267, 28.679658779874444, 4131.800000000000182 ], [ 83.906056070700288, 28.679670598357916, 4132.0 ], [ 83.906020699068904, 28.679692558944225, 4132.0 ], [ 83.905998654663563, 28.679722063243389, 4132.399999999999636 ], [ 83.905984992161393, 28.6797318700701, 4133.0 ], [ 83.905970910564065, 28.679742598906159, 4133.199999999999818 ], [ 83.90593696385622, 28.679772689938545, 4133.600000000000364 ], [ 83.905906202271581, 28.679787777364258, 4134.0 ], [ 83.905892791226506, 28.679796746000648, 4134.0 ], [ 83.905833782628179, 28.679827675223351, 4134.0 ], [ 83.905799752101302, 28.679833877831697, 4134.199999999999818 ], [ 83.905804781243205, 28.679834883660082, 4134.600000000000364 ], [ 83.905775444582105, 28.679854497313499, 4135.0 ], [ 83.905746359378099, 28.679865226149559, 4135.199999999999818 ], [ 83.90572490170598, 28.679873272776604, 4135.199999999999818 ], [ 83.905689027160406, 28.679883079603311, 4135.600000000000364 ], [ 83.905668491497636, 28.679887689650059, 4135.800000000000182 ], [ 83.905619876459241, 28.679906968027353, 4136.199999999999818 ], [ 83.905572015792131, 28.67992440238595, 4136.600000000000364 ], [ 83.905544271692634, 28.679935717955232, 4137.399999999999636 ], [ 83.905493309721351, 28.679942423477769, 4137.600000000000364 ], [ 83.905486688017845, 28.679941669106483, 4137.800000000000182 ], [ 83.90545760281384, 28.679941082373261, 4138.399999999999636 ], [ 83.905456596985459, 28.679940495640039, 4138.800000000000182 ], [ 83.905439162626863, 28.679944351315498, 4139.0 ], [ 83.905430948361754, 28.679946027696133, 4139.0 ], [ 83.905399013310671, 28.679955415427685, 4139.0 ], [ 83.905391385778785, 28.67995566688478, 4139.199999999999818 ], [ 83.905359115451574, 28.679962791502476, 4139.399999999999636 ], [ 83.905321983620524, 28.67996639572084, 4140.0 ], [ 83.905309410765767, 28.679967653006315, 4140.0 ], [ 83.905265657231212, 28.679974358528852, 4140.600000000000364 ], [ 83.905232548713684, 28.679975951090455, 4141.0 ], [ 83.90521134249866, 28.679975783452392, 4141.399999999999636 ], [ 83.905174043029547, 28.679964132606983, 4142.0 ], [ 83.905162811279297, 28.679965306073427, 4142.199999999999818 ], [ 83.905130792409182, 28.679968323558569, 4142.600000000000364 ], [ 83.905103886500001, 28.679971592500809, 4143.0 ], [ 83.905090726912022, 28.679972682148215, 4143.199999999999818 ], [ 83.905074968934059, 28.679961618036032, 4143.800000000000182 ], [ 83.905073460191488, 28.679962120950226, 4144.0 ], [ 83.905073460191488, 28.679962120950226, 4144.0 ], [ 83.905073460191488, 28.679962120950226, 4144.199999999999818 ], [ 83.905073460191488, 28.679962120950226, 4144.399999999999636 ], [ 83.905017720535398, 28.67994443513453, 4144.800000000000182 ], [ 83.904998693615198, 28.679936388507485, 4144.800000000000182 ], [ 83.904969189316034, 28.679914344102144, 4145.399999999999636 ], [ 83.904909929260612, 28.67987897247076, 4146.399999999999636 ], [ 83.904869444668293, 28.679865561425689, 4147.199999999999818 ], [ 83.90485804527998, 28.679865226149559, 4147.399999999999636 ], [ 83.904834911227226, 28.679866651073095, 4148.0 ], [ 83.904815381392837, 28.679861202836037, 4148.399999999999636 ], [ 83.904812196269631, 28.679860532283783, 4148.600000000000364 ], [ 83.904754780232906, 28.679855335503817, 4149.399999999999636 ], [ 83.904750673100352, 28.679855838418007, 4149.600000000000364 ], [ 83.90470021404326, 28.679852820932865, 4150.199999999999818 ], [ 83.904682444408536, 28.679836895316839, 4150.600000000000364 ], [ 83.90466945245862, 28.679821891710159, 4151.0 ], [ 83.904658639803529, 28.679782161489129, 4151.399999999999636 ], [ 83.904643217101693, 28.679718542844057, 4151.600000000000364 ], [ 83.904638774693012, 28.67970353923738, 4151.800000000000182 ], [ 83.904624609276652, 28.679683757945895, 4152.199999999999818 ], [ 83.904606169089675, 28.679665820673108, 4152.800000000000182 ], [ 83.904597871005535, 28.679659115150571, 4153.0 ], [ 83.904574234038591, 28.679644698277116, 4153.399999999999636 ], [ 83.90456928871572, 28.679642602801323, 4153.800000000000182 ], [ 83.904568199068308, 28.67964000441134, 4154.0 ], [ 83.904539868235588, 28.679643776267767, 4155.0 ], [ 83.904541293159127, 28.679645452648401, 4155.0 ], [ 83.90452679246664, 28.679651655256748, 4155.399999999999636 ], [ 83.904494270682335, 28.67963933385909, 4156.199999999999818 ], [ 83.904491001740098, 28.679636903107166, 4156.199999999999818 ], [ 83.904462084174156, 28.679624749347568, 4157.199999999999818 ], [ 83.904452780261636, 28.67962290532887, 4157.199999999999818 ], [ 83.904418414458632, 28.679604884237051, 4158.199999999999818 ], [ 83.90441338531673, 28.679603794589639, 4158.399999999999636 ], [ 83.904395028948784, 28.679596921429042, 4159.199999999999818 ], [ 83.9043889939785, 28.679592395201325, 4159.199999999999818 ], [ 83.904378265142441, 28.679576134309173, 4160.199999999999818 ], [ 83.904376504942775, 28.679574877023697, 4160.199999999999818 ], [ 83.904355047270656, 28.679569680243731, 4160.199999999999818 ], [ 83.904333170503378, 28.6795608792454, 4160.600000000000364 ], [ 83.904292350634933, 28.679538751021028, 4161.399999999999636 ], [ 83.90428245998919, 28.679536487907171, 4161.399999999999636 ], [ 83.904268546029925, 28.679528525099158, 4162.199999999999818 ], [ 83.904262008145452, 28.679525926709175, 4162.399999999999636 ], [ 83.904215823858976, 28.67951444350183, 4163.199999999999818 ], [ 83.904212052002549, 28.679512431845069, 4163.399999999999636 ], [ 83.904194366186857, 28.679511593654752, 4164.0 ], [ 83.904184810817242, 28.6795022059232, 4164.600000000000364 ], [ 83.904193108901381, 28.679487034678459, 4165.199999999999818 ], [ 83.904210543259978, 28.67947907187045, 4165.600000000000364 ], [ 83.904228899627924, 28.679477227851748, 4165.800000000000182 ], [ 83.904233761131763, 28.679475467652079, 4165.800000000000182 ], [ 83.904248848557472, 28.679469516500831, 4166.0 ], [ 83.904265025630593, 28.679460966959596, 4166.199999999999818 ], [ 83.904295116662979, 28.679451746866107, 4166.399999999999636 ], [ 83.904308024793863, 28.679453507065773, 4166.800000000000182 ], [ 83.904326967895031, 28.679443532600999, 4167.199999999999818 ], [ 83.904340798035264, 28.679441940039396, 4167.800000000000182 ], [ 83.904346581548452, 28.67943724617362, 4168.0 ], [ 83.904370134696364, 28.67942375130951, 4168.399999999999636 ], [ 83.904387904331088, 28.679411765187979, 4168.800000000000182 ], [ 83.904387149959803, 28.679410926997662, 4169.0 ], [ 83.90439092181623, 28.679395588114858, 4169.0 ], [ 83.904404835775495, 28.679385865107179, 4169.600000000000364 ], [ 83.904418079182506, 28.679380165413026, 4169.800000000000182 ], [ 83.904427131637931, 28.679374465718865, 4170.0 ], [ 83.904441632330418, 28.679367424920201, 4170.800000000000182 ], [ 83.904442554339767, 28.679368766024709, 4171.0 ], [ 83.904446493834257, 28.679381757974625, 4171.0 ], [ 83.904446493834257, 28.679381757974625, 4171.399999999999636 ], [ 83.904446493834257, 28.679381757974625, 4171.600000000000364 ], [ 83.904445488005877, 28.67938200943172, 4171.600000000000364 ], [ 83.904407937079668, 28.679373543709517, 4172.0 ], [ 83.904374241828918, 28.679371532052755, 4172.199999999999818 ], [ 83.904353035613894, 28.679366502910852, 4173.0 ], [ 83.904337026178837, 28.679364742711183, 4173.199999999999818 ], [ 83.904318166896701, 28.679354349151257, 4174.0 ], [ 83.904310036450624, 28.679351750761271, 4174.199999999999818 ], [ 83.90428245998919, 28.679345212876797, 4175.199999999999818 ], [ 83.904281370341778, 28.679340854287148, 4175.199999999999818 ], [ 83.904264690354466, 28.67933414876461, 4176.399999999999636 ], [ 83.904246250167489, 28.679326856508851, 4176.600000000000364 ], [ 83.904217835515738, 28.679330628365278, 4176.800000000000182 ], [ 83.904189756140113, 28.679312355816364, 4177.399999999999636 ], [ 83.90417106449604, 28.679307913407683, 4178.0 ], [ 83.904161928221583, 28.679308835417032, 4178.399999999999636 ], [ 83.904156228527427, 28.679309841245413, 4178.600000000000364 ], [ 83.904144326224923, 28.679311014711857, 4179.0 ], [ 83.904127394780517, 28.679310763254762, 4179.399999999999636 ], [ 83.904100991785526, 28.679310427978635, 4179.600000000000364 ], [ 83.904091604053974, 28.679309841245413, 4180.0 ], [ 83.904040222987533, 28.679308164864779, 4180.600000000000364 ], [ 83.904048018157482, 28.679286204278469, 4181.600000000000364 ], [ 83.904058830812573, 28.679277068004012, 4181.800000000000182 ], [ 83.904071822762489, 28.679269943386316, 4182.199999999999818 ], [ 83.904122114181519, 28.679254269227386, 4182.800000000000182 ], [ 83.904139380902052, 28.679246054962277, 4183.399999999999636 ], [ 83.904165364801884, 28.67923691868782, 4183.800000000000182 ], [ 83.904167879372835, 28.67923540994525, 4183.800000000000182 ], [ 83.9041817933321, 28.679225519299507, 4184.399999999999636 ], [ 83.904204089194536, 28.679220909252763, 4185.0 ], [ 83.904202999547124, 28.679222166538239, 4185.0 ], [ 83.904219763353467, 28.679215712472796, 4185.399999999999636 ], [ 83.904232084751129, 28.679200541228056, 4186.0 ], [ 83.904248429462314, 28.67918930947781, 4186.399999999999636 ], [ 83.904253290966153, 28.679172210395336, 4187.0 ], [ 83.90423996374011, 28.679162068292499, 4187.399999999999636 ], [ 83.904218338429928, 28.679176988080144, 4188.0 ], [ 83.904181960970163, 28.679183106869459, 4188.800000000000182 ], [ 83.90416419133544, 28.679174389690161, 4189.0 ], [ 83.904143655672669, 28.679166426882148, 4189.399999999999636 ], [ 83.904105853289366, 28.679153267294168, 4190.199999999999818 ], [ 83.904104009270668, 28.679148992523551, 4190.600000000000364 ], [ 83.904124042019248, 28.679156871512532, 4191.0 ], [ 83.904131753370166, 28.679159386083484, 4191.0 ], [ 83.904120940715075, 28.67915628477931, 4191.0 ], [ 83.904114905744791, 28.679160140454769, 4191.199999999999818 ], [ 83.904119767248631, 28.679160391911864, 4191.399999999999636 ], [ 83.904089760035276, 28.679159637540579, 4191.800000000000182 ], [ 83.904078444465995, 28.679160811007023, 4192.399999999999636 ], [ 83.904057824984193, 28.679160978645086, 4192.600000000000364 ], [ 83.904042653739452, 28.679155614227057, 4192.600000000000364 ], [ 83.90403519384563, 28.679150668904185, 4192.600000000000364 ], [ 83.904031841084361, 28.679144717752937, 4193.199999999999818 ], [ 83.904024297371507, 28.679128456860781, 4193.600000000000364 ], [ 83.904007701203227, 28.679122757166624, 4193.600000000000364 ], [ 83.903978783637285, 28.679114207625389, 4194.600000000000364 ], [ 83.903964534401894, 28.679114039987329, 4194.600000000000364 ], [ 83.903934862464666, 28.679120158776641, 4195.0 ], [ 83.903939472511411, 28.679113704711199, 4195.800000000000182 ], [ 83.903897814452648, 28.67911865003407, 4196.399999999999636 ], [ 83.903885744512081, 28.679117225110531, 4196.800000000000182 ], [ 83.903880883008242, 28.679112028330564, 4197.199999999999818 ], [ 83.903856324031949, 28.679102808237076, 4198.0 ], [ 83.903842912986875, 28.679099790751938, 4198.199999999999818 ], [ 83.903828077018261, 28.679097276180983, 4198.399999999999636 ], [ 83.903804607689381, 28.679080931469802, 4199.0 ], [ 83.903797483071685, 28.679080847650766, 4199.199999999999818 ], [ 83.903776695951819, 28.679084368050098, 4199.600000000000364 ], [ 83.903748197481036, 28.679077494889498, 4200.0 ], [ 83.903742665424943, 28.679075064137574, 4201.0 ], [ 83.903735121712089, 28.679071292281151, 4201.199999999999818 ], [ 83.903709221631289, 28.679067185148597, 4201.399999999999636 ], [ 83.903675442561507, 28.679058467969298, 4202.199999999999818 ], [ 83.903665049001575, 28.679056037217379, 4202.399999999999636 ], [ 83.903621966019273, 28.679044134914875, 4202.800000000000182 ], [ 83.903613584116101, 28.679041117429733, 4203.199999999999818 ], [ 83.903592796996236, 28.679038267582655, 4203.399999999999636 ], [ 83.903575697913766, 28.679034160450101, 4204.199999999999818 ], [ 83.903568908572197, 28.679030807688832, 4204.399999999999636 ], [ 83.903530351817608, 28.679021503776312, 4204.600000000000364 ], [ 83.903508894145489, 28.679007170721889, 4205.399999999999636 ], [ 83.903505960479379, 28.67902485653758, 4206.199999999999818 ], [ 83.903502356261015, 28.679027790203691, 4206.399999999999636 ], [ 83.903452232480049, 28.67901312187314, 4207.0 ], [ 83.903441838920116, 28.679007757455111, 4207.399999999999636 ], [ 83.903427673503757, 28.679006081074476, 4207.800000000000182 ], [ 83.903430104255676, 28.679006919264793, 4208.399999999999636 ], [ 83.903413508087397, 28.678994849324223, 4209.600000000000364 ], [ 83.903392301872373, 28.678997280076143, 4209.600000000000364 ], [ 83.903350979089737, 28.678995687514544, 4209.800000000000182 ], [ 83.903330862522125, 28.679003566503525, 4209.800000000000182 ], [ 83.903313763439655, 28.679001219570637, 4210.199999999999818 ], [ 83.90326221473515, 28.678996609523892, 4210.800000000000182 ], [ 83.903256682679057, 28.678995184600353, 4211.0 ], [ 83.903233632445335, 28.678981689736247, 4211.800000000000182 ], [ 83.90323874540627, 28.678981941193346, 4212.0 ], [ 83.903214102610946, 28.678982779383659, 4212.199999999999818 ], [ 83.903183592483401, 28.678983617573977, 4213.0 ], [ 83.903177557513118, 28.678984623402357, 4213.199999999999818 ], [ 83.903158027678728, 28.678995938971639, 4214.0 ], [ 83.903152495622635, 28.678996860980988, 4214.199999999999818 ], [ 83.903124583885074, 28.678986299782991, 4214.800000000000182 ], [ 83.903094911947846, 28.67898185737431, 4215.199999999999818 ], [ 83.903084602206945, 28.67897599004209, 4215.399999999999636 ], [ 83.903059288859367, 28.678954616189003, 4216.199999999999818 ], [ 83.90303305350244, 28.678947323933244, 4217.399999999999636 ], [ 83.903018301352859, 28.678945899009705, 4217.800000000000182 ], [ 83.902986953034997, 28.678947323933244, 4217.800000000000182 ], [ 83.902959795668721, 28.678939528763298, 4218.399999999999636 ], [ 83.902951581403613, 28.678936678916216, 4218.399999999999636 ], [ 83.902961304411292, 28.678934248164296, 4219.0 ], [ 83.902949318289757, 28.678934080526233, 4219.399999999999636 ], [ 83.902943450957537, 28.678936427459121, 4219.600000000000364 ], [ 83.902902463451028, 28.678939109668136, 4220.399999999999636 ], [ 83.902905145660043, 28.678938774392009, 4220.600000000000364 ], [ 83.902876982465386, 28.678933158516884, 4221.0 ], [ 83.902862900868058, 28.678933326154947, 4221.600000000000364 ], [ 83.902844963595271, 28.678925195708871, 4222.0 ], [ 83.902819650247693, 28.67890608496964, 4222.399999999999636 ], [ 83.902824008837342, 28.678906168788671, 4222.800000000000182 ], [ 83.902780339121819, 28.678904827684164, 4223.399999999999636 ], [ 83.90277405269444, 28.67890901863575, 4223.800000000000182 ], [ 83.902765922248363, 28.67890709079802, 4224.199999999999818 ], [ 83.902738597244024, 28.678910443559289, 4224.800000000000182 ], [ 83.902743794023991, 28.678903905674815, 4225.0 ], [ 83.902735244482756, 28.67889292538166, 4225.199999999999818 ], [ 83.902702974155545, 28.678890578448772, 4226.0 ], [ 83.902694676071405, 28.678891165181991, 4226.199999999999818 ], [ 83.902682019397616, 28.678897619247437, 4226.399999999999636 ], [ 83.902640445157886, 28.678904995322227, 4227.199999999999818 ], [ 83.902612533420324, 28.678907509893179, 4228.199999999999818 ], [ 83.90257959254086, 28.67891781963408, 4229.199999999999818 ], [ 83.902527708560228, 28.678895775228739, 4230.0 ], [ 83.902507843449712, 28.67888538166881, 4230.399999999999636 ], [ 83.902490912005305, 28.678879681974649, 4231.399999999999636 ], [ 83.902480099350214, 28.678877167403694, 4231.399999999999636 ], [ 83.902458976954222, 28.67885772138834, 4231.800000000000182 ], [ 83.9024393633008, 28.678851183503863, 4232.399999999999636 ], [ 83.902428383007646, 28.678850261494517, 4232.600000000000364 ], [ 83.902416229248047, 28.678847914561629, 4233.0 ], [ 83.902408014982939, 28.678849507123232, 4233.600000000000364 ], [ 83.902393262833357, 28.678849842399359, 4233.800000000000182 ], [ 83.902365686371922, 28.678850010037426, 4234.399999999999636 ], [ 83.902357053011656, 28.678841963410378, 4234.800000000000182 ], [ 83.902353867888451, 28.678830564022064, 4235.399999999999636 ], [ 83.902324615046382, 28.67882888764143, 4235.800000000000182 ], [ 83.902297206223011, 28.6788269598037, 4236.399999999999636 ], [ 83.902281867340207, 28.678827462717891, 4236.800000000000182 ], [ 83.902277257293463, 28.678826205432415, 4237.0 ], [ 83.902267031371593, 28.678812459111217, 4237.800000000000182 ], [ 83.90226342715323, 28.678812710568309, 4238.0 ], [ 83.902244232594967, 28.678817991167307, 4238.399999999999636 ], [ 83.902201065793633, 28.678819499909881, 4239.0 ], [ 83.902178099378943, 28.678813129663467, 4239.399999999999636 ], [ 83.902165861800313, 28.678808771073815, 4239.800000000000182 ], [ 83.902159994468093, 28.67880298756063, 4240.0 ], [ 83.902137782424688, 28.678800892084837, 4240.600000000000364 ], [ 83.902136692777276, 28.678810950368643, 4241.0 ], [ 83.902125377207994, 28.678806759417057, 4241.199999999999818 ], [ 83.902105763554573, 28.678803071379662, 4241.800000000000182 ], [ 83.902070559561253, 28.678776416927576, 4242.399999999999636 ], [ 83.902018675580621, 28.678755210712552, 4243.399999999999636 ], [ 83.902016580104828, 28.678761497139931, 4243.800000000000182 ], [ 83.901988584548235, 28.67876585572958, 4244.399999999999636 ], [ 83.901965534314513, 28.678762083873153, 4245.0 ], [ 83.901954218745232, 28.678762167692184, 4245.399999999999636 ], [ 83.901950782164931, 28.678757473826408, 4245.800000000000182 ], [ 83.901900490745902, 28.678752528503537, 4246.399999999999636 ], [ 83.901896048337221, 28.678751438856125, 4246.600000000000364 ], [ 83.90189110301435, 28.678742218762636, 4247.0 ], [ 83.901875345036387, 28.678742721676823, 4247.600000000000364 ], [ 83.90186034142971, 28.678743811324239, 4247.800000000000182 ], [ 83.901829831302166, 28.678738949820399, 4248.399999999999636 ], [ 83.901827316731215, 28.678736686706543, 4248.800000000000182 ], [ 83.901789849624038, 28.678727382794023, 4249.199999999999818 ], [ 83.901787837967277, 28.678720677271485, 4249.600000000000364 ], [ 83.901778953149915, 28.67871941998601, 4249.800000000000182 ], [ 83.90175674110651, 28.678723024204373, 4250.399999999999636 ], [ 83.901734948158264, 28.678727215155959, 4250.800000000000182 ], [ 83.901723548769951, 28.678726460784674, 4251.199999999999818 ], [ 83.9016985706985, 28.678701063618064, 4251.600000000000364 ], [ 83.901700414717197, 28.678698381409049, 4252.0 ], [ 83.901665965095162, 28.678689245134592, 4252.600000000000364 ], [ 83.901649201288819, 28.678683461621404, 4253.0 ], [ 83.901643166318536, 28.678681701421738, 4253.199999999999818 ], [ 83.901622463017702, 28.678682455793023, 4253.800000000000182 ], [ 83.901616679504514, 28.678683796897531, 4254.0 ], [ 83.901583235710859, 28.678678935393691, 4254.399999999999636 ], [ 83.901574602350593, 28.6786749958992, 4255.0 ], [ 83.90157351270318, 28.678670972585682, 4255.399999999999636 ], [ 83.901527412235737, 28.678665356710553, 4256.0 ], [ 83.901512324810028, 28.678660411387678, 4256.199999999999818 ], [ 83.901495980098844, 28.678657310083508, 4256.600000000000364 ], [ 83.901463206857443, 28.678647084161639, 4257.399999999999636 ], [ 83.901449963450432, 28.678638953715563, 4258.199999999999818 ], [ 83.9014498796314, 28.678638869896531, 4258.399999999999636 ], [ 83.9014498796314, 28.678638869896531, 4258.399999999999636 ], [ 83.9014498796314, 28.678638869896531, 4258.399999999999636 ], [ 83.9014498796314, 28.678638869896531, 4258.399999999999636 ], [ 83.9014498796314, 28.678638869896531, 4258.399999999999636 ], [ 83.901445018127561, 28.678651945665479, 4258.800000000000182 ], [ 83.901425320655107, 28.67865689098835, 4258.800000000000182 ], [ 83.901420794427395, 28.678661081939936, 4258.800000000000182 ], [ 83.901419369503856, 28.678662423044443, 4259.0 ], [ 83.901417693123221, 28.678654795512557, 4259.600000000000364 ], [ 83.901365054771304, 28.67864272557199, 4260.600000000000364 ], [ 83.901362959295511, 28.678642977029085, 4260.800000000000182 ], [ 83.901332868263125, 28.678634092211723, 4261.800000000000182 ], [ 83.901328342035413, 28.678631577640772, 4262.199999999999818 ], [ 83.901308393105865, 28.678614562377337, 4262.399999999999636 ], [ 83.901289282366633, 28.678608275949955, 4263.0 ], [ 83.901279307901859, 28.678604671731591, 4263.199999999999818 ], [ 83.901256928220391, 28.678592015057799, 4263.600000000000364 ], [ 83.901258939877152, 28.67858899757266, 4264.0 ], [ 83.9012495521456, 28.678587237372991, 4264.399999999999636 ], [ 83.901213677600026, 28.678576424717903, 4265.0 ], [ 83.901205798611045, 28.678574496880177, 4265.199999999999818 ], [ 83.901170594617724, 28.678562175482512, 4266.0 ], [ 83.901155255734921, 28.678559493273497, 4266.199999999999818 ], [ 83.901138994842768, 28.678557984530929, 4266.800000000000182 ], [ 83.901115357875824, 28.678547088056803, 4267.399999999999636 ], [ 83.901106221601367, 28.678538287058473, 4267.800000000000182 ], [ 83.901086272671819, 28.678538287058473, 4268.399999999999636 ], [ 83.90107755549252, 28.678536945953965, 4268.399999999999636 ], [ 83.901031874120235, 28.678529402241111, 4269.600000000000364 ], [ 83.901019804179668, 28.678509704768658, 4270.199999999999818 ], [ 83.901017121970654, 28.678501658141613, 4270.600000000000364 ], [ 83.901017038151622, 28.678499981760979, 4270.600000000000364 ], [ 83.901042100042105, 28.678522780537605, 4271.199999999999818 ], [ 83.901040675118566, 28.678525127470493, 4271.199999999999818 ], [ 83.901014858856797, 28.678549854084849, 4271.199999999999818 ], [ 83.900983929634094, 28.678561337292191, 4271.399999999999636 ], [ 83.900952581316233, 28.678547590970993, 4271.399999999999636 ], [ 83.900935314595699, 28.67854155600071, 4271.600000000000364 ], [ 83.900925926864147, 28.678538370877504, 4271.800000000000182 ], [ 83.900916706770658, 28.678539460524917, 4272.199999999999818 ], [ 83.90088845975697, 28.678544741123915, 4272.600000000000364 ], [ 83.900884687900543, 28.678544322028756, 4272.800000000000182 ], [ 83.900880329310894, 28.678548261523247, 4272.800000000000182 ], [ 83.900868846103549, 28.678551195189357, 4273.199999999999818 ], [ 83.900852417573333, 28.678548848256469, 4273.600000000000364 ], [ 83.900845879688859, 28.678548010066152, 4273.800000000000182 ], [ 83.900837413966656, 28.678545076400042, 4274.0 ], [ 83.900839425623417, 28.6785420589149, 4274.0 ], [ 83.900852166116238, 28.678541472181681, 4274.600000000000364 ], [ 83.900811178609729, 28.678547255694863, 4274.800000000000182 ], [ 83.900764072313905, 28.678536107763648, 4275.199999999999818 ], [ 83.900709003210068, 28.67852739058435, 4275.800000000000182 ], [ 83.900697017088532, 28.678524205461144, 4276.0 ], [ 83.900641780346632, 28.678514063358307, 4276.600000000000364 ], [ 83.900626190006733, 28.67851423099637, 4277.0 ], [ 83.90060406178236, 28.678508112207055, 4277.399999999999636 ], [ 83.900535246357322, 28.678488917648792, 4278.199999999999818 ], [ 83.900469867512584, 28.678450612351298, 4278.800000000000182 ], [ 83.900455115363002, 28.678444661200047, 4279.199999999999818 ], [ 83.900430388748646, 28.678431669250131, 4279.800000000000182 ], [ 83.900395520031452, 28.678420940414071, 4280.199999999999818 ], [ 83.900381354615092, 28.678414402529597, 4280.600000000000364 ], [ 83.900348832830787, 28.678403589874502, 4281.199999999999818 ], [ 83.900339026004076, 28.678398979827762, 4281.199999999999818 ], [ 83.900312455371022, 28.678388250991706, 4281.800000000000182 ], [ 83.900295607745647, 28.678373750299215, 4282.199999999999818 ], [ 83.90029183588922, 28.678370648995038, 4282.399999999999636 ], [ 83.900275239720941, 28.678363189101219, 4283.399999999999636 ], [ 83.90026199631393, 28.678362350910906, 4283.800000000000182 ], [ 83.900211118161678, 28.678336031734943, 4284.0 ], [ 83.900188319385052, 28.678335528820753, 4284.600000000000364 ], [ 83.900183457881212, 28.678337791934609, 4285.0 ], [ 83.90016870573163, 28.678332511335611, 4285.800000000000182 ], [ 83.900168789550662, 28.678334774449468, 4285.800000000000182 ], [ 83.900168789550662, 28.678334774449468, 4285.800000000000182 ], [ 83.900168789550662, 28.678334774449468, 4286.199999999999818 ], [ 83.900168789550662, 28.678334774449468, 4286.399999999999636 ], [ 83.900168789550662, 28.678334774449468, 4286.600000000000364 ], [ 83.900158060714602, 28.678325889632102, 4286.600000000000364 ], [ 83.900101818144321, 28.678309125825763, 4286.600000000000364 ], [ 83.900080779567361, 28.678305856883529, 4286.600000000000364 ], [ 83.90004850924015, 28.678296469151977, 4286.800000000000182 ], [ 83.900029985234141, 28.678287919610739, 4286.800000000000182 ], [ 83.900013221427798, 28.678285572677851, 4287.0 ], [ 83.899949099868536, 28.678271407261491, 4287.600000000000364 ], [ 83.899921774864197, 28.678257996216416, 4288.0 ], [ 83.89986963942647, 28.678242908790708, 4288.199999999999818 ], [ 83.899793280288577, 28.678226144984365, 4288.399999999999636 ], [ 83.899748688563704, 28.678216757252812, 4289.0 ], [ 83.899709545075893, 28.678205106407404, 4289.600000000000364 ], [ 83.899626983329654, 28.678170070052147, 4290.0 ], [ 83.899620613083243, 28.6781673040241, 4290.199999999999818 ], [ 83.899561939761043, 28.678139979019761, 4290.600000000000364 ], [ 83.899534111842513, 28.678126567974687, 4291.199999999999818 ], [ 83.899495219811797, 28.678097734227777, 4291.600000000000364 ], [ 83.899428499862552, 28.67804610170424, 4292.199999999999818 ], [ 83.899415507912636, 28.67803830653429, 4292.199999999999818 ], [ 83.89937317930162, 28.678012825548649, 4292.399999999999636 ], [ 83.89930235221982, 28.677978795021772, 4293.399999999999636 ], [ 83.89927108772099, 28.67797527462244, 4294.600000000000364 ], [ 83.899235967546701, 28.677974604070187, 4295.800000000000182 ], [ 83.89921685680747, 28.677967814728618, 4296.600000000000364 ], [ 83.899203110486269, 28.677961025387049, 4296.600000000000364 ], [ 83.899190872907639, 28.677949793636799, 4296.800000000000182 ], [ 83.899144437164068, 28.677918529137969, 4297.399999999999636 ], [ 83.899127840995789, 28.677902854979038, 4297.800000000000182 ], [ 83.899108814075589, 28.67788827046752, 4298.0 ], [ 83.899077717214823, 28.677869746461511, 4298.600000000000364 ], [ 83.899057433009148, 28.677866393700238, 4298.800000000000182 ], [ 83.899045949801803, 28.6778633762151, 4299.0 ], [ 83.899037819355726, 28.677858514711261, 4299.399999999999636 ], [ 83.899004962295294, 28.677861029282212, 4300.0 ], [ 83.898958275094628, 28.677861951291561, 4301.199999999999818 ], [ 83.898936398327351, 28.677854742854834, 4301.800000000000182 ], [ 83.898901613429189, 28.677847031503916, 4302.399999999999636 ], [ 83.898859452456236, 28.677837979048491, 4302.800000000000182 ], [ 83.898824667558074, 28.677838062867519, 4303.600000000000364 ], [ 83.898816956207156, 28.677839823067188, 4303.800000000000182 ], [ 83.898775465786457, 28.677844097837809, 4304.399999999999636 ], [ 83.898764569312334, 28.677844768390059, 4304.600000000000364 ], [ 83.898723665624857, 28.677846025675535, 4305.199999999999818 ], [ 83.898673877120018, 28.677852982655168, 4305.600000000000364 ], [ 83.898650240153074, 28.677849546074867, 4305.800000000000182 ], [ 83.898640852421522, 28.67784870788455, 4306.0 ], [ 83.898589890450239, 28.677843930199742, 4306.800000000000182 ], [ 83.89858553186059, 28.677842756733298, 4307.0 ], [ 83.898540604859591, 28.677840828895569, 4307.800000000000182 ], [ 83.89853029511869, 28.677837811410427, 4308.199999999999818 ], [ 83.898507161065936, 28.677833620458841, 4308.800000000000182 ], [ 83.898498695343733, 28.677832279354337, 4309.0 ], [ 83.898437172174454, 28.677827082574368, 4309.199999999999818 ], [ 83.898391239345074, 28.677819957956672, 4309.800000000000182 ], [ 83.898360645398498, 28.677809396758676, 4310.199999999999818 ], [ 83.898347988724709, 28.677799422293901, 4310.800000000000182 ], [ 83.898310689255595, 28.677795818075538, 4311.199999999999818 ], [ 83.898304738104343, 28.677795398980379, 4311.399999999999636 ], [ 83.89824740588665, 28.677787771448493, 4311.800000000000182 ], [ 83.898206921294332, 28.677776707336307, 4312.399999999999636 ], [ 83.898167358711362, 28.677771426737309, 4313.0 ], [ 83.898131316527724, 28.677765056490895, 4313.600000000000364 ], [ 83.898114301264286, 28.677759692072868, 4313.800000000000182 ], [ 83.898104494437575, 28.677755836397409, 4313.800000000000182 ], [ 83.898104494437575, 28.677755836397409, 4314.0 ], [ 83.898104494437575, 28.677755836397409, 4314.199999999999818 ], [ 83.898104494437575, 28.677755836397409, 4314.399999999999636 ], [ 83.898104494437575, 28.677755836397409, 4314.399999999999636 ], [ 83.89809837564826, 28.677754746749997, 4314.399999999999636 ], [ 83.898088401183486, 28.677754076197743, 4314.399999999999636 ], [ 83.89807440340519, 28.677755333483219, 4314.399999999999636 ], [ 83.898059986531734, 28.677750136703253, 4315.0 ], [ 83.898031990975142, 28.677736138924956, 4315.0 ], [ 83.898023776710033, 28.677731361240149, 4315.0 ], [ 83.898038025945425, 28.677730187773705, 4315.0 ], [ 83.898036517202854, 28.677729433402419, 4315.399999999999636 ], [ 83.898035259917378, 28.677729349583387, 4315.399999999999636 ], [ 83.898036517202854, 28.677729433402419, 4315.399999999999636 ], [ 83.898041378706694, 28.677732618525624, 4315.600000000000364 ], [ 83.898036517202854, 28.677729433402419, 4315.600000000000364 ], [ 83.898036517202854, 28.677729433402419, 4315.600000000000364 ], [ 83.898040624335408, 28.677734294906259, 4315.800000000000182 ], [ 83.898003660142422, 28.677735971286893, 4315.800000000000182 ], [ 83.897968707606196, 28.677729181945324, 4315.800000000000182 ], [ 83.89796401374042, 28.677727924659848, 4316.0 ], [ 83.897936772555113, 28.677720716223121, 4316.399999999999636 ], [ 83.897909447550774, 28.677709987387061, 4317.0 ], [ 83.897901736199856, 28.677703533321619, 4317.199999999999818 ], [ 83.897871226072311, 28.677687775343657, 4317.800000000000182 ], [ 83.897871728986502, 28.677683332934976, 4318.0 ], [ 83.897855300456285, 28.677673358470201, 4318.399999999999636 ], [ 83.897840296849608, 28.677667155861855, 4318.600000000000364 ], [ 83.897827891632915, 28.677662378177047, 4318.800000000000182 ], [ 83.897798974066973, 28.677648045122623, 4318.800000000000182 ], [ 83.897788245230913, 28.677643267437816, 4319.0 ], [ 83.897772990167141, 28.677637819200751, 4319.600000000000364 ], [ 83.897750861942768, 28.677627509459853, 4320.0 ], [ 83.897747593000531, 28.677624994888902, 4320.0 ], [ 83.897727224975824, 28.677612002938982, 4320.800000000000182 ], [ 83.897719262167811, 28.677606387063861, 4321.199999999999818 ], [ 83.897698894143105, 28.677598256617785, 4321.800000000000182 ], [ 83.897668970748782, 28.677591299638152, 4322.199999999999818 ], [ 83.897663522511721, 28.677588701248169, 4322.199999999999818 ], [ 83.897633012384176, 28.677569758147001, 4322.800000000000182 ], [ 83.897617924958467, 28.677564729005098, 4323.199999999999818 ], [ 83.897612560540438, 28.67756363935769, 4323.600000000000364 ], [ 83.897590599954128, 28.677555089816451, 4324.199999999999818 ], [ 83.897576602175832, 28.677551820874218, 4324.399999999999636 ], [ 83.897561430931091, 28.677546875551343, 4324.600000000000364 ], [ 83.897545756772161, 28.677535140886903, 4325.199999999999818 ], [ 83.897540643811226, 28.677531788125631, 4325.399999999999636 ], [ 83.897519605234265, 28.677532039582729, 4325.600000000000364 ], [ 83.897505775094032, 28.677516030147672, 4326.399999999999636 ], [ 83.897496135905385, 28.677513767033815, 4326.600000000000364 ], [ 83.897477863356471, 28.677500523626804, 4327.0 ], [ 83.897466631606221, 28.677498931065202, 4327.199999999999818 ], [ 83.897456573322415, 28.677500355988741, 4327.399999999999636 ], [ 83.897434780374169, 28.677500607445836, 4327.600000000000364 ], [ 83.897423548623919, 28.677485687658191, 4328.199999999999818 ], [ 83.897410137578845, 28.677479904144999, 4328.600000000000364 ], [ 83.897377867251635, 28.677464984357357, 4329.399999999999636 ], [ 83.897360349074006, 28.677458530291915, 4329.600000000000364 ], [ 83.897339478135109, 28.677456267178059, 4330.0 ], [ 83.897299664095044, 28.677451154217124, 4330.600000000000364 ], [ 83.89730142429471, 28.677454004064199, 4330.800000000000182 ], [ 83.897269237786531, 28.677453501150012, 4331.0 ], [ 83.897274769842625, 28.677448974922299, 4331.600000000000364 ], [ 83.897276613861322, 28.677447801455855, 4331.800000000000182 ], [ 83.897275272756815, 28.677447717636824, 4331.800000000000182 ], [ 83.897274769842625, 28.677447801455855, 4332.0 ], [ 83.897262029349804, 28.677451573312283, 4332.0 ], [ 83.897253228351474, 28.677454423159361, 4332.199999999999818 ], [ 83.897218611091375, 28.677456686273217, 4332.399999999999636 ], [ 83.89720612205565, 28.67745777592063, 4332.800000000000182 ], [ 83.897201763466001, 28.677462302148346, 4332.800000000000182 ], [ 83.897196063771844, 28.677475964650512, 4332.800000000000182 ], [ 83.897197991609573, 28.677474204450849, 4332.800000000000182 ], [ 83.897192040458322, 28.67747294716537, 4332.800000000000182 ], [ 83.897189106792212, 28.677473533898592, 4332.800000000000182 ], [ 83.897189106792212, 28.677473533898592, 4332.800000000000182 ], [ 83.897189106792212, 28.677473533898592, 4332.199999999999818 ], [ 83.897186843678355, 28.677476802840829, 4332.0 ], [ 83.897176198661327, 28.677482334896919, 4331.800000000000182 ], [ 83.897170415148139, 28.67748954333365, 4331.600000000000364 ], [ 83.897139653563499, 28.677518796175718, 4331.600000000000364 ], [ 83.89713529497385, 28.677521478384733, 4331.600000000000364 ], [ 83.897115346044302, 28.677530447021127, 4331.600000000000364 ], [ 83.897096989676356, 28.67753941565752, 4331.600000000000364 ], [ 83.897059690207243, 28.677553413435817, 4331.600000000000364 ], [ 83.897053739055991, 28.677554335445169, 4331.600000000000364 ], [ 83.89701945707202, 28.677538661286235, 4332.800000000000182 ], [ 83.89701409265399, 28.677537571638823, 4333.0 ], [ 83.896996071562171, 28.677533799782395, 4333.399999999999636 ], [ 83.896989114582539, 28.677534470334649, 4333.800000000000182 ], [ 83.896949719637632, 28.677521143108606, 4334.600000000000364 ], [ 83.896943014115095, 28.677519047632813, 4335.0 ], [ 83.896919712424278, 28.677526842802763, 4335.800000000000182 ], [ 83.896908732131124, 28.677525836974382, 4336.0 ], [ 83.896894901990891, 28.677524579688907, 4336.199999999999818 ], [ 83.896865900605917, 28.677522065117955, 4337.0 ], [ 83.896861290559173, 28.677523825317621, 4337.199999999999818 ], [ 83.8968460354954, 28.677526926621795, 4337.800000000000182 ], [ 83.896831450983882, 28.677529860287905, 4338.0 ], [ 83.896811837330461, 28.677526842802763, 4338.600000000000364 ], [ 83.896791888400912, 28.677524495869875, 4339.199999999999818 ], [ 83.896780405193567, 28.677524412050843, 4339.399999999999636 ], [ 83.896757857874036, 28.677529189735651, 4339.800000000000182 ], [ 83.896749308332801, 28.677528351545337, 4340.199999999999818 ], [ 83.896722821518779, 28.677535057067871, 4341.0 ], [ 83.896719217300415, 28.677535057067871, 4341.399999999999636 ], [ 83.896689042448997, 28.677535559982061, 4341.800000000000182 ], [ 83.896678732708097, 28.677533967420459, 4341.800000000000182 ], [ 83.896661214530468, 28.677539750933647, 4342.199999999999818 ], [ 83.896644366905093, 28.677539331838489, 4342.600000000000364 ], [ 83.896632045507431, 28.67753891274333, 4343.0 ], [ 83.89660807326436, 28.677535811439157, 4343.600000000000364 ], [ 83.896602625027299, 28.677536146715283, 4343.800000000000182 ], [ 83.896572031080723, 28.677540421485901, 4344.800000000000182 ], [ 83.896545628085732, 28.677545450627804, 4345.600000000000364 ], [ 83.896539257839322, 28.677546288818121, 4345.800000000000182 ], [ 83.89650397002697, 28.677543103694916, 4346.399999999999636 ], [ 83.896490978077054, 28.677544360980392, 4346.800000000000182 ], [ 83.896480081602931, 28.677544444799423, 4347.0 ], [ 83.896445212885737, 28.677545115351677, 4348.0 ], [ 83.896437250077724, 28.677545953541991, 4348.199999999999818 ], [ 83.896406656131148, 28.67754947394133, 4348.800000000000182 ], [ 83.896397855132818, 28.677549557760361, 4349.0 ], [ 83.896382348611951, 28.677550479769707, 4349.600000000000364 ], [ 83.896360136568546, 28.677552910521623, 4350.0 ], [ 83.8963573705405, 28.677553748711944, 4350.199999999999818 ], [ 83.896330799907446, 28.677554922178388, 4350.600000000000364 ], [ 83.896301714703441, 28.677557520568371, 4351.0 ], [ 83.896295931190252, 28.677557436749339, 4351.199999999999818 ], [ 83.8962796702981, 28.677557688206431, 4352.0 ], [ 83.896272126585245, 28.677557604387403, 4352.0 ], [ 83.89625234529376, 28.677556933835149, 4352.600000000000364 ], [ 83.896229714155197, 28.677556850016117, 4353.199999999999818 ], [ 83.896213537082076, 28.677557772025462, 4353.600000000000364 ], [ 83.896182188764215, 28.677567159757015, 4354.0 ], [ 83.896173974499106, 28.677568836137652, 4354.199999999999818 ], [ 83.896161317825317, 28.677569003775716, 4354.800000000000182 ], [ 83.896136926487088, 28.67757068015635, 4355.399999999999636 ], [ 83.896122761070728, 28.677573697641492, 4355.600000000000364 ], [ 83.896091496571898, 28.677575876936316, 4356.399999999999636 ], [ 83.896083114668727, 28.677576966583729, 4356.399999999999636 ], [ 83.896060148254037, 28.677579816430807, 4357.199999999999818 ], [ 83.89604464173317, 28.677582750096917, 4357.600000000000364 ], [ 83.896032655611634, 28.677580654621124, 4358.199999999999818 ], [ 83.895997535437346, 28.677571769803759, 4358.399999999999636 ], [ 83.895981693640351, 28.677569422870871, 4358.800000000000182 ], [ 83.89595570974052, 28.677567159757015, 4359.0 ], [ 83.895926875993609, 28.677564896643162, 4359.800000000000182 ], [ 83.895917320623994, 28.677565148100257, 4360.0 ], [ 83.895893851295114, 28.677559280768037, 4360.399999999999636 ], [ 83.895881781354547, 28.677556179463863, 4360.800000000000182 ], [ 83.895859653130174, 28.677551904693249, 4361.600000000000364 ], [ 83.89585361815989, 28.677554251626137, 4362.0 ], [ 83.89585898257792, 28.67755115032196, 4362.0 ], [ 83.895852779969573, 28.677560202777386, 4362.199999999999818 ], [ 83.895820425823331, 28.677557436749339, 4362.399999999999636 ], [ 83.895794861018658, 28.677561040967703, 4362.600000000000364 ], [ 83.895789664238691, 28.677561543881893, 4362.600000000000364 ], [ 83.895769715309143, 28.677563052624464, 4363.199999999999818 ], [ 83.895756555721164, 28.677562130615115, 4363.600000000000364 ], [ 83.895731158554554, 28.677553497254848, 4364.199999999999818 ], [ 83.895726297050714, 28.677552994340655, 4364.199999999999818 ], [ 83.895713053643703, 28.677549306303263, 4365.0 ], [ 83.895709114149213, 28.677547629922628, 4365.199999999999818 ], [ 83.89568061567843, 28.677546204999089, 4366.199999999999818 ], [ 83.895670976489782, 28.677547043189406, 4366.199999999999818 ], [ 83.895633425563574, 28.677555425092574, 4366.800000000000182 ], [ 83.895628480240703, 28.677554167807106, 4367.199999999999818 ], [ 83.895610123872757, 28.677555341273543, 4367.800000000000182 ], [ 83.895587744191289, 28.677553245797753, 4368.399999999999636 ], [ 83.895566705614328, 28.677549725398421, 4368.800000000000182 ], [ 83.895543236285448, 28.677545534446836, 4369.399999999999636 ], [ 83.895527562126517, 28.677545031532645, 4370.0 ], [ 83.895506104454398, 28.677552910521623, 4370.399999999999636 ], [ 83.895501410588622, 28.677550982683897, 4370.399999999999636 ], [ 83.895471906289458, 28.677556430920959, 4371.199999999999818 ], [ 83.895465368404984, 28.677554838359356, 4371.399999999999636 ], [ 83.895454555749893, 28.67755307815969, 4372.0 ], [ 83.895422201603651, 28.677555844187737, 4372.600000000000364 ], [ 83.895389596000314, 28.677560454234481, 4373.199999999999818 ], [ 83.895386578515172, 28.677567411214113, 4373.600000000000364 ], [ 83.895384734496474, 28.677568919956684, 4373.600000000000364 ], [ 83.895346513018012, 28.677578642964363, 4374.399999999999636 ], [ 83.895335113629699, 28.677578223869205, 4374.600000000000364 ], [ 83.895321032032371, 28.677577553316951, 4375.0 ], [ 83.895285576581955, 28.677584929391742, 4375.600000000000364 ], [ 83.895275434479117, 28.677588030695915, 4375.800000000000182 ], [ 83.895235704258084, 28.677600268274546, 4376.600000000000364 ], [ 83.895222544670105, 28.677606303244829, 4376.800000000000182 ], [ 83.895202847197652, 28.677617618814111, 4377.199999999999818 ], [ 83.895170828327537, 28.677627593278885, 4377.800000000000182 ], [ 83.895119447261095, 28.677636059001088, 4378.800000000000182 ], [ 83.89508156105876, 28.677646368741989, 4379.399999999999636 ], [ 83.895060690119863, 28.677644608542323, 4379.600000000000364 ], [ 83.895051805302501, 28.677646955475211, 4380.0 ], [ 83.895044010132551, 28.677649805322289, 4380.0 ], [ 83.89502682723105, 28.677649889141321, 4380.600000000000364 ], [ 83.895009309053421, 28.677652236074209, 4381.0 ], [ 83.894992545247078, 28.677653912454844, 4381.199999999999818 ], [ 83.894960442557931, 28.677655002102256, 4381.800000000000182 ], [ 83.894937057048082, 28.677657516673207, 4382.0 ], [ 83.894916772842407, 28.677653158083562, 4382.600000000000364 ], [ 83.894902775064111, 28.677655421197414, 4383.0 ], [ 83.894899925217032, 28.677659947425127, 4383.399999999999636 ], [ 83.89486413449049, 28.677672687917948, 4383.800000000000182 ], [ 83.894841251894832, 28.677681488916281, 4384.199999999999818 ], [ 83.894837480038404, 28.677680986002088, 4384.199999999999818 ], [ 83.894791044294834, 28.677695319056511, 4384.199999999999818 ], [ 83.894767826423049, 28.677704287692904, 4385.0 ], [ 83.894741674885154, 28.677712753415108, 4385.199999999999818 ], [ 83.894726587459445, 28.677717112004757, 4385.399999999999636 ], [ 83.894692305475473, 28.677727254107591, 4385.800000000000182 ], [ 83.894650144502521, 28.677741335704923, 4385.800000000000182 ], [ 83.894627932459116, 28.677743682637811, 4386.199999999999818 ], [ 83.894608905538917, 28.677746029570699, 4386.399999999999636 ], [ 83.894561296328902, 28.677746448665857, 4387.0 ], [ 83.894552243873477, 28.677750639617443, 4387.199999999999818 ], [ 83.894546711817384, 28.677752483636141, 4387.600000000000364 ], [ 83.894503377377987, 28.677765727043152, 4387.800000000000182 ], [ 83.894476974382997, 28.677767822518945, 4388.399999999999636 ], [ 83.894470185041428, 28.677768744528297, 4388.600000000000364 ], [ 83.894452415406704, 28.677789280191064, 4388.800000000000182 ], [ 83.894445542246103, 28.67778517305851, 4388.800000000000182 ], [ 83.894414780661464, 28.677774863317609, 4388.800000000000182 ], [ 83.894383097067475, 28.677768828347325, 4389.0 ], [ 83.894360633566976, 28.677757848054171, 4389.0 ], [ 83.894350156188011, 28.677758183330297, 4389.600000000000364 ], [ 83.894351162016392, 28.677757764235139, 4389.800000000000182 ], [ 83.894319646060467, 28.677738904953003, 4390.399999999999636 ], [ 83.894291399046779, 28.677728176116943, 4390.399999999999636 ], [ 83.894221326336265, 28.677724320441484, 4390.800000000000182 ], [ 83.894141027703881, 28.677730523049831, 4390.800000000000182 ], [ 83.894100375473499, 28.67772214114666, 4391.199999999999818 ], [ 83.89409014955163, 28.67772038094699, 4391.199999999999818 ], [ 83.894048072397709, 28.677706299349666, 4391.800000000000182 ], [ 83.894045725464821, 28.677703784778711, 4391.800000000000182 ], [ 83.894023178145289, 28.677686937153339, 4392.399999999999636 ], [ 83.894014796242118, 28.677679896354675, 4393.0 ], [ 83.893985543400049, 28.677667994052172, 4393.199999999999818 ], [ 83.893959978595376, 28.677647039294243, 4393.600000000000364 ], [ 83.893942376598716, 28.677633963525295, 4394.199999999999818 ], [ 83.893926283344626, 28.677623905241489, 4394.800000000000182 ], [ 83.893908932805061, 28.677609656006094, 4395.199999999999818 ], [ 83.893899712711573, 28.677596915513277, 4395.399999999999636 ], [ 83.893860904499888, 28.677574787288904, 4396.199999999999818 ], [ 83.893849337473512, 28.67757260799408, 4396.399999999999636 ], [ 83.893824610859156, 28.677570847794417, 4397.0 ], [ 83.893794268369675, 28.677563304081559, 4397.399999999999636 ], [ 83.893766105175018, 28.677557688206431, 4397.800000000000182 ], [ 83.893746575340629, 28.677541511133313, 4398.399999999999636 ], [ 83.893724279478192, 28.67752424441278, 4398.600000000000364 ], [ 83.89369779266417, 28.677515108138323, 4399.399999999999636 ], [ 83.893658313900232, 28.677493566647172, 4399.800000000000182 ], [ 83.893618667498231, 28.677480993792415, 4400.600000000000364 ], [ 83.893608525395393, 28.677471354603767, 4400.800000000000182 ], [ 83.89357415959239, 28.677444281056523, 4401.600000000000364 ], [ 83.893568376079202, 28.677438665181398, 4401.800000000000182 ], [ 83.893555132672191, 28.677434222772717, 4402.199999999999818 ], [ 83.893552701920271, 28.677432462573051, 4402.199999999999818 ], [ 83.893542978912592, 28.677431624382734, 4402.399999999999636 ], [ 83.893538285046816, 28.677429193630815, 4402.399999999999636 ], [ 83.893525460734963, 28.677421817556024, 4402.800000000000182 ], [ 83.89351456426084, 28.677412262186408, 4403.399999999999636 ], [ 83.893493358045816, 28.677400192245841, 4403.800000000000182 ], [ 83.893486736342311, 28.677397929131985, 4404.0 ], [ 83.893461422994733, 28.677389211952686, 4404.399999999999636 ], [ 83.893442479893565, 28.677381332963705, 4404.800000000000182 ], [ 83.893415657803416, 28.677364820614457, 4405.0 ], [ 83.893386824056506, 28.677348392084241, 4405.399999999999636 ], [ 83.893341394141316, 28.677320312708616, 4406.0 ], [ 83.893290180712938, 28.677310841158032, 4407.0 ], [ 83.893282972276211, 28.677308326587081, 4407.399999999999636 ], [ 83.89325313270092, 28.677298771217465, 4408.199999999999818 ], [ 83.893244666978717, 28.677291478961703, 4408.399999999999636 ], [ 83.893206780776381, 28.677267758175731, 4408.399999999999636 ], [ 83.893166212365031, 28.677242109552022, 4409.199999999999818 ], [ 83.893153220415115, 28.677232805639505, 4409.199999999999818 ], [ 83.893131762742996, 28.677221406251192, 4409.800000000000182 ], [ 83.893071999773383, 28.677198523655537, 4410.199999999999818 ], [ 83.893048530444503, 28.677180921658874, 4411.199999999999818 ], [ 83.893040483817458, 28.677171282470223, 4411.399999999999636 ], [ 83.893020115792751, 28.677155775949359, 4411.600000000000364 ], [ 83.892996143549681, 28.677140772342678, 4412.0 ], [ 83.89297753572464, 28.677131216973063, 4412.399999999999636 ], [ 83.892968902364373, 28.677126942202449, 4412.600000000000364 ], [ 83.892934871837497, 28.67711135186255, 4413.199999999999818 ], [ 83.892915677279234, 28.677107496187091, 4413.600000000000364 ], [ 83.892907714471221, 28.677107077091932, 4413.800000000000182 ], [ 83.89286513440311, 28.677094336599112, 4414.199999999999818 ], [ 83.892849124968052, 28.677085703238845, 4414.600000000000364 ], [ 83.892838396131992, 28.677078997716308, 4414.800000000000182 ], [ 83.892807047814131, 28.677065586671233, 4415.600000000000364 ], [ 83.892788691446185, 28.677056366577744, 4416.199999999999818 ], [ 83.89276840724051, 28.677041614428163, 4416.399999999999636 ], [ 83.89274837449193, 28.677035328000784, 4416.800000000000182 ], [ 83.892717277631164, 28.677020659670234, 4417.399999999999636 ], [ 83.892695317044854, 28.677005656063557, 4417.800000000000182 ], [ 83.892672853544354, 28.676989981904622, 4418.600000000000364 ], [ 83.892647875472903, 28.67697162553668, 4418.800000000000182 ], [ 83.892641756683588, 28.67696181870997, 4418.800000000000182 ], [ 83.892634129151702, 28.67695058695972, 4419.0 ], [ 83.892626669257879, 28.676949329674244, 4419.199999999999818 ], [ 83.892614683136344, 28.67694279178977, 4419.199999999999818 ], [ 83.892600769177079, 28.676931140944362, 4419.600000000000364 ], [ 83.892593896016479, 28.676924854516983, 4419.800000000000182 ], [ 83.892587693408132, 28.676917813718319, 4420.0 ], [ 83.892564810812473, 28.676903061568737, 4420.399999999999636 ], [ 83.892550058662891, 28.676884286105633, 4421.0 ], [ 83.892540168017149, 28.676874479278919, 4421.199999999999818 ], [ 83.8925167825073, 28.676860649138689, 4421.800000000000182 ], [ 83.892481243237853, 28.676841706037521, 4422.199999999999818 ], [ 83.892468670383096, 28.676837850362062, 4423.0 ], [ 83.892449392005801, 28.676817147061229, 4423.199999999999818 ], [ 83.892437992617488, 28.676805580034852, 4423.399999999999636 ], [ 83.892409661784768, 28.676788229495287, 4424.199999999999818 ], [ 83.892408153042197, 28.676784206181765, 4424.399999999999636 ], [ 83.892395412549376, 28.676778841763735, 4425.0 ], [ 83.892377056181431, 28.67676836438477, 4425.399999999999636 ], [ 83.892374541610479, 28.676767107099295, 4425.600000000000364 ], [ 83.892339002341032, 28.676754953339696, 4425.600000000000364 ], [ 83.892299104481936, 28.67673265747726, 4426.199999999999818 ], [ 83.892274964600801, 28.676703488454223, 4426.399999999999636 ], [ 83.892269767820835, 28.676695106551051, 4426.600000000000364 ], [ 83.89224705286324, 28.676670799031857, 4427.199999999999818 ], [ 83.892231797799468, 28.676654957234859, 4427.600000000000364 ], [ 83.892221907153726, 28.676652442663908, 4427.800000000000182 ], [ 83.892188295722008, 28.676637187600136, 4428.199999999999818 ], [ 83.892176980152726, 28.67663249373436, 4428.600000000000364 ], [ 83.892169017344713, 28.676631236448884, 4428.800000000000182 ], [ 83.892102632671595, 28.676615729928017, 4429.600000000000364 ], [ 83.892095591872931, 28.676613718271255, 4429.800000000000182 ], [ 83.892077067866921, 28.676597708836201, 4430.399999999999636 ], [ 83.892052341252565, 28.676583878695965, 4430.800000000000182 ], [ 83.892039768397808, 28.676575915887952, 4431.0 ], [ 83.89201495796442, 28.676560577005148, 4431.800000000000182 ], [ 83.89198268763721, 28.676530066877604, 4432.199999999999818 ], [ 83.891956033185124, 28.676497293636203, 4432.600000000000364 ], [ 83.891944130882621, 28.676479775458574, 4433.0 ], [ 83.891934659332037, 28.676468711346388, 4433.399999999999636 ], [ 83.891889983788133, 28.676432836800817, 4434.0 ], [ 83.891879254952073, 28.676425879821181, 4434.0 ], [ 83.891842039301991, 28.676397548988461, 4434.199999999999818 ], [ 83.891829885542393, 28.676379444077611, 4434.399999999999636 ], [ 83.891823850572109, 28.676339546218511, 4435.199999999999818 ], [ 83.891820246353745, 28.676306856796145, 4436.0 ], [ 83.89181999489665, 28.676301408559084, 4436.199999999999818 ], [ 83.891805242747068, 28.676261762157083, 4436.800000000000182 ], [ 83.891796944662929, 28.676245417445895, 4437.199999999999818 ], [ 83.89179308898747, 28.676232257857919, 4437.600000000000364 ], [ 83.891776073724031, 28.676187582314014, 4438.199999999999818 ], [ 83.89177112840116, 28.676181212067604, 4438.399999999999636 ], [ 83.891741707921028, 28.676154389977455, 4439.0 ], [ 83.891736594960093, 28.676124215126041, 4439.199999999999818 ], [ 83.891735505312681, 28.676122706383467, 4439.399999999999636 ], [ 83.891736511141062, 28.676073756068945, 4439.399999999999636 ], [ 83.89173005707562, 28.676029415801167, 4440.0 ], [ 83.891723100095987, 28.676016591489315, 4440.399999999999636 ], [ 83.891720836982131, 28.676008209586143, 4440.600000000000364 ], [ 83.891711113974452, 28.675983399152756, 4441.399999999999636 ], [ 83.891704073175788, 28.675976358354092, 4441.600000000000364 ], [ 83.891703234985471, 28.675961773842573, 4442.0 ], [ 83.891696780920029, 28.675936544314027, 4442.600000000000364 ], [ 83.891697619110346, 28.675926737487316, 4443.199999999999818 ], [ 83.891691667959094, 28.675901759415865, 4443.600000000000364 ], [ 83.891686554998159, 28.675888851284981, 4443.800000000000182 ], [ 83.891672641038895, 28.675871836021543, 4444.600000000000364 ], [ 83.891676915809512, 28.67587024345994, 4444.800000000000182 ], [ 83.891671551391482, 28.675863957032561, 4445.600000000000364 ], [ 83.891668366268277, 28.675862615928057, 4445.800000000000182 ], [ 83.891662331297994, 28.675831435248256, 4446.399999999999636 ], [ 83.891651686280966, 28.67582481354475, 4447.0 ], [ 83.891639532521367, 28.675805199891329, 4447.0 ], [ 83.891634084284306, 28.675790950655937, 4448.0 ], [ 83.891632240265608, 28.67578717879951, 4448.0 ], [ 83.891618996858597, 28.675776366144419, 4448.600000000000364 ], [ 83.891605921089649, 28.675762200728059, 4449.0 ], [ 83.891598042100668, 28.675742503255609, 4449.199999999999818 ], [ 83.891578679904342, 28.675701096653938, 4450.0 ], [ 83.891574908047915, 28.675679136067629, 4450.800000000000182 ], [ 83.891573566943407, 28.675662204623222, 4451.199999999999818 ], [ 83.891566274687648, 28.67564451880753, 4451.800000000000182 ], [ 83.891546577215195, 28.675619456917048, 4452.199999999999818 ], [ 83.891537692397833, 28.675603112205863, 4452.600000000000364 ], [ 83.89153266325593, 28.675581151619554, 4453.399999999999636 ], [ 83.891531825065613, 28.675579223781824, 4453.399999999999636 ], [ 83.891522018238902, 28.675557179376483, 4453.800000000000182 ], [ 83.891512379050255, 28.675543433055282, 4454.399999999999636 ], [ 83.891489915549755, 28.675501020625234, 4455.600000000000364 ], [ 83.891469882801175, 28.675484927371144, 4455.800000000000182 ], [ 83.891466027125716, 28.675478724762797, 4456.600000000000364 ], [ 83.891460495069623, 28.675468834117055, 4457.0 ], [ 83.891443647444248, 28.675438826903701, 4457.600000000000364 ], [ 83.891443982720375, 28.675438240170479, 4457.800000000000182 ], [ 83.891438785940409, 28.675420805811878, 4458.399999999999636 ], [ 83.89142956584692, 28.675408568233252, 4458.800000000000182 ], [ 83.891424536705017, 28.675399264320731, 4459.0 ], [ 83.891411796212196, 28.675382249057293, 4459.600000000000364 ], [ 83.891398217529058, 28.675364060327411, 4459.800000000000182 ], [ 83.891391595825553, 28.675353415310383, 4460.199999999999818 ], [ 83.891377178952098, 28.675325084477663, 4461.199999999999818 ], [ 83.891370892524719, 28.675316702574492, 4461.399999999999636 ], [ 83.891346836462617, 28.675297675654292, 4462.0 ], [ 83.891344573348761, 28.675295915454623, 4462.0 ], [ 83.891318840906024, 28.675279906019568, 4462.600000000000364 ], [ 83.891298472881317, 28.675271440297365, 4463.0 ], [ 83.891298472881317, 28.67527068592608, 4463.0 ], [ 83.891267627477646, 28.675259873270988, 4463.199999999999818 ], [ 83.891244744881988, 28.675247887149453, 4463.800000000000182 ], [ 83.891235776245594, 28.675241768360134, 4464.0 ], [ 83.891224460676312, 28.675235314294696, 4464.600000000000364 ], [ 83.891199985519052, 28.675217544659972, 4465.199999999999818 ], [ 83.891194956377149, 28.675213856622577, 4465.199999999999818 ], [ 83.891167547553778, 28.675199439749122, 4466.0 ], [ 83.891164194792509, 28.675198685377836, 4466.199999999999818 ], [ 83.891134522855282, 28.675176473334432, 4466.800000000000182 ], [ 83.891116417944431, 28.675161637365814, 4467.600000000000364 ], [ 83.891109209507704, 28.675157781690359, 4467.800000000000182 ], [ 83.89110610820353, 28.675154764205217, 4467.800000000000182 ], [ 83.891097474843264, 28.675151243805885, 4468.199999999999818 ], [ 83.891084985807538, 28.675141436979175, 4468.199999999999818 ], [ 83.891076520085335, 28.675134479999542, 4468.600000000000364 ], [ 83.891056319698691, 28.67512509226799, 4469.0 ], [ 83.891029162332416, 28.675105646252632, 4469.800000000000182 ], [ 83.890996556729078, 28.675095587968823, 4470.199999999999818 ], [ 83.890987588092685, 28.675088714808226, 4470.600000000000364 ], [ 83.890960933640599, 28.675080919638276, 4471.199999999999818 ], [ 83.890927489846945, 28.675066418945789, 4471.399999999999636 ], [ 83.890919610857964, 28.675064239650965, 4471.600000000000364 ], [ 83.890903601422906, 28.675059461966157, 4472.0 ], [ 83.890901170670986, 28.675058707594872, 4472.800000000000182 ], [ 83.89089991338551, 28.675057450309396, 4472.800000000000182 ], [ 83.890899326652288, 28.675056947395205, 4472.800000000000182 ], [ 83.890894465148449, 28.675054684281349, 4473.600000000000364 ], [ 83.890853896737099, 28.675050158053637, 4473.600000000000364 ], [ 83.890831768512726, 28.675033813342452, 4473.600000000000364 ], [ 83.89081634581089, 28.67502249777317, 4474.600000000000364 ], [ 83.890806036069989, 28.675013864412904, 4475.0 ], [ 83.890777202323079, 28.67499802261591, 4475.199999999999818 ], [ 83.890756834298372, 28.674988215789199, 4475.800000000000182 ], [ 83.890740154311061, 28.674975894391537, 4476.600000000000364 ], [ 83.890726827085018, 28.67496189661324, 4476.800000000000182 ], [ 83.890715930610895, 28.674955107271671, 4477.199999999999818 ], [ 83.890682151541114, 28.674931218847632, 4478.0 ], [ 83.890680726617575, 28.674928452819582, 4478.0 ], [ 83.890653066337109, 28.674911353737116, 4478.600000000000364 ], [ 83.890637895092368, 28.674905318766832, 4479.0 ], [ 83.890631189569831, 28.674901630729437, 4479.0 ], [ 83.89060084708035, 28.674882771447301, 4479.399999999999636 ], [ 83.890588106587529, 28.674873216077685, 4480.199999999999818 ], [ 83.890577796846628, 28.674866259098053, 4480.399999999999636 ], [ 83.890556842088699, 28.674848154187199, 4481.0 ], [ 83.89055541716516, 28.67484605871141, 4481.0 ], [ 83.890542257577181, 28.674831222742796, 4481.800000000000182 ], [ 83.890537982806563, 28.674815632402897, 4482.0 ], [ 83.890530187636614, 28.674809178337455, 4482.199999999999818 ], [ 83.890504874289036, 28.674788558855653, 4483.199999999999818 ], [ 83.89050068333745, 28.674786379560828, 4483.199999999999818 ], [ 83.890483835712075, 28.67477715946734, 4483.600000000000364 ], [ 83.890473358333111, 28.674767855554819, 4484.199999999999818 ], [ 83.8904669880867, 28.674764083698392, 4484.600000000000364 ], [ 83.890448799356818, 28.674753773957491, 4485.0 ], [ 83.890432873740792, 28.674746816977859, 4485.399999999999636 ], [ 83.890418540686369, 28.674740446731448, 4486.0 ], [ 83.89041124843061, 28.674737261608243, 4486.600000000000364 ], [ 83.890398759394884, 28.674731142818928, 4487.0 ], [ 83.890394316986203, 28.674729466438293, 4487.0 ], [ 83.890387695282698, 28.674725778400894, 4487.399999999999636 ], [ 83.890380570665002, 28.674720833078027, 4487.600000000000364 ], [ 83.890371602028608, 28.674711026251316, 4488.800000000000182 ], [ 83.890369422733784, 28.674709349870682, 4488.800000000000182 ], [ 83.890341678634286, 28.674695938825607, 4489.600000000000364 ], [ 83.890327848494053, 28.674689903855324, 4489.800000000000182 ], [ 83.890306809917092, 28.674685712903734, 4490.600000000000364 ], [ 83.890301613137126, 28.674681270495057, 4491.0 ], [ 83.890281496569514, 28.674678253009915, 4491.800000000000182 ], [ 83.890265403315425, 28.674678169190884, 4492.199999999999818 ], [ 83.890256099402905, 28.674677079543471, 4492.800000000000182 ], [ 83.890236737206578, 28.674672553315759, 4493.199999999999818 ], [ 83.890231540426612, 28.674673475325108, 4493.399999999999636 ], [ 83.890199102461338, 28.674671966582537, 4494.399999999999636 ], [ 83.890169849619269, 28.674668110907081, 4495.199999999999818 ], [ 83.890155348926783, 28.674666015431285, 4495.399999999999636 ], [ 83.890142189338803, 28.674665009602904, 4495.600000000000364 ], [ 83.890138920396566, 28.674659729003903, 4496.199999999999818 ], [ 83.890108997002244, 28.674653358757496, 4496.199999999999818 ], [ 83.890104722231627, 28.674651682376862, 4496.199999999999818 ], [ 83.890080079436302, 28.674642378464341, 4497.199999999999818 ], [ 83.890074212104082, 28.674636846408248, 4497.399999999999636 ], [ 83.890065662562847, 28.674630979076028, 4497.600000000000364 ], [ 83.890053844079375, 28.674625866115093, 4498.399999999999636 ], [ 83.890045629814267, 28.674622932448983, 4498.600000000000364 ], [ 83.89001059345901, 28.674619412049651, 4499.0 ], [ 83.88997882604599, 28.67461790330708, 4499.199999999999818 ], [ 83.889977317303419, 28.674615053459998, 4499.600000000000364 ], [ 83.889956111088395, 28.674607509747148, 4500.600000000000364 ], [ 83.889951501041651, 28.674603821709752, 4500.600000000000364 ], [ 83.889934150502086, 28.674589991569519, 4501.199999999999818 ], [ 83.889918476343155, 28.674574736505747, 4501.800000000000182 ], [ 83.889910764992237, 28.674573311582208, 4502.199999999999818 ], [ 83.88989232480526, 28.674561157822609, 4503.0 ], [ 83.889868017286062, 28.674557218328118, 4503.800000000000182 ], [ 83.889853684231639, 28.674552524462342, 4504.0 ], [ 83.889845805242658, 28.674549423158169, 4504.399999999999636 ], [ 83.889821832999587, 28.674544226378199, 4505.199999999999818 ], [ 83.88981219381094, 28.674539029598236, 4505.600000000000364 ], [ 83.889801297336817, 28.674532910808921, 4506.399999999999636 ], [ 83.889796938747168, 28.674532407894731, 4506.399999999999636 ], [ 83.889750000089407, 28.674518326297399, 4507.0 ], [ 83.889741953462362, 28.674515476450324, 4507.600000000000364 ], [ 83.88972032815218, 28.674511956050992, 4508.600000000000364 ], [ 83.889710353687406, 28.674508184194565, 4508.600000000000364 ], [ 83.889682106673717, 28.674500808119777, 4509.199999999999818 ], [ 83.889660062268376, 28.674494102597237, 4509.600000000000364 ], [ 83.88964606449008, 28.674490833655, 4510.0 ], [ 83.889624774456024, 28.674475997686383, 4510.600000000000364 ], [ 83.889619242399931, 28.674475913867351, 4510.800000000000182 ], [ 83.889599377289414, 28.67446543648839, 4511.399999999999636 ], [ 83.88958839699626, 28.67446057498455, 4512.0 ], [ 83.889572136104107, 28.674459401518103, 4512.600000000000364 ], [ 83.889563754200935, 28.674455797299743, 4513.0 ], [ 83.889552606269717, 28.674454372376204, 4513.399999999999636 ], [ 83.889528634026647, 28.67445076815784, 4513.600000000000364 ], [ 83.889518324285746, 28.674451522529125, 4514.399999999999636 ], [ 83.889521593227983, 28.674445068463683, 4514.800000000000182 ], [ 83.88951170258224, 28.67443609982729, 4515.0 ], [ 83.88947993516922, 28.674418078735471, 4515.199999999999818 ], [ 83.889472391456366, 28.674417156726118, 4515.600000000000364 ], [ 83.889440204948187, 28.674401231110096, 4515.800000000000182 ], [ 83.889420926570892, 28.674387568607926, 4516.800000000000182 ], [ 83.889415562152863, 28.674386311322451, 4516.800000000000182 ], [ 83.889394942671061, 28.674381785094734, 4517.800000000000182 ], [ 83.889393350109458, 28.674381785094734, 4517.800000000000182 ], [ 83.889388656243682, 28.674381952732801, 4518.0 ], [ 83.889383291825652, 28.674380108714104, 4519.0 ], [ 83.889340711757541, 28.674354711547497, 4519.199999999999818 ], [ 83.889299556612968, 28.674345659092069, 4519.800000000000182 ], [ 83.889294778928161, 28.674344904720783, 4520.0 ], [ 83.889270387589931, 28.674339205026627, 4520.600000000000364 ], [ 83.889258485287428, 28.674335181713104, 4521.0 ], [ 83.88925370760262, 28.674333840608597, 4521.199999999999818 ], [ 83.889240715652704, 28.674324620515108, 4522.199999999999818 ], [ 83.889239877462387, 28.674323866143823, 4522.199999999999818 ], [ 83.889239877462387, 28.674323866143823, 4522.399999999999636 ], [ 83.889239877462387, 28.674323866143823, 4522.399999999999636 ], [ 83.889239877462387, 28.674323866143823, 4522.600000000000364 ], [ 83.889221688732505, 28.674317747354507, 4522.600000000000364 ], [ 83.889191849157214, 28.674303917214271, 4523.199999999999818 ], [ 83.889178773388267, 28.67429981008172, 4523.600000000000364 ], [ 83.889152705669403, 28.674287321045995, 4524.199999999999818 ], [ 83.889143653213978, 28.67428287863731, 4524.800000000000182 ], [ 83.889101408421993, 28.674269048497081, 4525.399999999999636 ], [ 83.889071233570576, 28.674264270812273, 4526.399999999999636 ], [ 83.889056900516152, 28.674263348802924, 4526.399999999999636 ], [ 83.889042316004634, 28.674260918051004, 4526.399999999999636 ], [ 83.889022702351213, 28.674255972728133, 4527.600000000000364 ], [ 83.889010297134519, 28.674251697957516, 4528.0 ], [ 83.888970483094454, 28.67424390278757, 4528.800000000000182 ], [ 83.888953384011984, 28.6742421425879, 4529.0 ], [ 83.888928070664406, 28.674240969121456, 4529.800000000000182 ], [ 83.888921197503805, 28.674237783998251, 4530.199999999999818 ], [ 83.888901080936193, 28.674236694350839, 4530.600000000000364 ], [ 83.888884903863072, 28.674234263598919, 4530.800000000000182 ], [ 83.888838803395629, 28.674227390438318, 4531.600000000000364 ], [ 83.888835702091455, 28.674225965514779, 4532.0 ], [ 83.88880024664104, 28.67421800270677, 4532.800000000000182 ], [ 83.888791529461741, 28.674216326326132, 4533.0 ], [ 83.888770993798971, 28.674211632460356, 4534.199999999999818 ], [ 83.888764539733529, 28.674212889745831, 4534.399999999999636 ], [ 83.888727743178606, 28.674198975786567, 4535.0 ], [ 83.888721037656069, 28.674190929159519, 4535.399999999999636 ], [ 83.888696227222681, 28.674185564741492, 4536.199999999999818 ], [ 83.888692203909159, 28.674185900017619, 4536.399999999999636 ], [ 83.888656497001648, 28.67417860776186, 4536.800000000000182 ], [ 83.88862774707377, 28.674179865047336, 4537.600000000000364 ], [ 83.888605702668428, 28.674171483144164, 4538.0 ], [ 83.888583406805992, 28.674158910289407, 4538.600000000000364 ], [ 83.888555411249399, 28.674149941653013, 4539.399999999999636 ], [ 83.888506880030036, 28.674137284979224, 4540.199999999999818 ], [ 83.88848165050149, 28.674135860055685, 4540.600000000000364 ], [ 83.888469832018018, 28.674140637740493, 4541.600000000000364 ], [ 83.888465976342559, 28.67414030246437, 4541.800000000000182 ], [ 83.888446362689137, 28.674126723781228, 4542.0 ], [ 83.888442339375615, 28.674126472324133, 4542.0 ], [ 83.888442004099488, 28.674127142876387, 4542.399999999999636 ], [ 83.888446362689137, 28.674126723781228, 4542.399999999999636 ], [ 83.888446362689137, 28.674126723781228, 4542.600000000000364 ], [ 83.888437142595649, 28.674121862277389, 4542.600000000000364 ], [ 83.88842985033989, 28.674126891419291, 4543.0 ], [ 83.8884068839252, 28.674126220867041, 4543.600000000000364 ], [ 83.888401687145233, 28.674125885590911, 4543.800000000000182 ], [ 83.888392886146903, 28.674126723781228, 4544.0 ], [ 83.888379726558924, 28.67412487976253, 4544.600000000000364 ], [ 83.888374781236053, 28.674123538658023, 4544.600000000000364 ], [ 83.888364639133215, 28.674124209210277, 4545.199999999999818 ], [ 83.888347204774618, 28.674125382676721, 4545.800000000000182 ], [ 83.888333290815353, 28.674124544486403, 4546.399999999999636 ], [ 83.888313928619027, 28.674123371019959, 4546.800000000000182 ], [ 83.888277634978294, 28.674108115956187, 4548.199999999999818 ], [ 83.8882393296808, 28.674092525616288, 4548.199999999999818 ], [ 83.888193648308516, 28.674076348543167, 4549.199999999999818 ], [ 83.88818652369082, 28.674073750153184, 4549.399999999999636 ], [ 83.888145871460438, 28.674063859507442, 4550.399999999999636 ], [ 83.888122821226716, 28.674057489261031, 4551.199999999999818 ], [ 83.88811276294291, 28.674055812880397, 4551.600000000000364 ], [ 83.888093903660774, 28.674050783738497, 4552.199999999999818 ], [ 83.888073870912194, 28.674044664949179, 4552.600000000000364 ], [ 83.888039756566286, 28.674035696312785, 4553.399999999999636 ], [ 83.888032380491495, 28.674034690484405, 4553.600000000000364 ], [ 83.887984855100513, 28.674025805667043, 4554.800000000000182 ], [ 83.887961721047759, 28.674019770696759, 4556.199999999999818 ], [ 83.887934060767293, 28.674014490097761, 4557.199999999999818 ], [ 83.887920649722219, 28.674011891707774, 4557.399999999999636 ], [ 83.887888211756945, 28.674007952213287, 4558.399999999999636 ], [ 83.887876309454441, 28.67400761693716, 4558.600000000000364 ], [ 83.887850074097514, 28.674004515632987, 4559.399999999999636 ], [ 83.887830208986998, 28.674004264175892, 4560.0 ], [ 83.887803889811039, 28.674002755433321, 4560.399999999999636 ], [ 83.887757370248437, 28.674005018547177, 4561.0 ], [ 83.887757873162627, 28.674006359651685, 4561.399999999999636 ], [ 83.887739181518555, 28.674006694927812, 4561.399999999999636 ], [ 83.887677239254117, 28.674007449299097, 4562.600000000000364 ], [ 83.887668689712882, 28.674007365480065, 4562.600000000000364 ], [ 83.887652680277824, 28.67400954477489, 4563.199999999999818 ], [ 83.887649411335588, 28.674010885879397, 4563.600000000000364 ], [ 83.887628205120564, 28.674008874222636, 4564.0 ], [ 83.887605573982, 28.674005856737494, 4564.600000000000364 ], [ 83.887565759941936, 28.674003006890416, 4565.600000000000364 ], [ 83.887561988085508, 28.67400317452848, 4565.800000000000182 ], [ 83.887536255642772, 28.674009628593922, 4566.600000000000364 ], [ 83.887528209015727, 28.674010718241338, 4567.0 ], [ 83.887484539300203, 28.674011137336493, 4567.800000000000182 ], [ 83.887476744130254, 28.674010718241338, 4567.800000000000182 ], [ 83.887455621734262, 28.674013484269381, 4569.0 ], [ 83.88743357732892, 28.674005689099431, 4569.399999999999636 ], [ 83.887418573722243, 28.674002503976222, 4570.0 ], [ 83.887385632842779, 28.67400418035686, 4570.600000000000364 ], [ 83.887366019189358, 28.674004767090079, 4571.0 ], [ 83.887337017804384, 28.674003845080733, 4571.600000000000364 ], [ 83.88730701059103, 28.674011304974556, 4572.0 ], [ 83.887300556525588, 28.67401197552681, 4572.0 ], [ 83.887264765799046, 28.674013987183571, 4573.0 ], [ 83.887252360582352, 28.674014071002603, 4573.0 ], [ 83.887245655059814, 28.674015495926142, 4573.0 ], [ 83.887253534048796, 28.674013148993257, 4573.0 ], [ 83.887253282591701, 28.674002336338159, 4573.0 ], [ 83.887253282591701, 28.674002336338159, 4573.0 ], [ 83.887247331440449, 28.674007700756192, 4573.0 ], [ 83.887243224307895, 28.674008203670382, 4573.0 ], [ 83.887238027527928, 28.674009880051017, 4573.0 ], [ 83.887230735272169, 28.674012059345841, 4573.0 ], [ 83.887225454673171, 28.674014071002603, 4573.0 ], [ 83.887180108577013, 28.674029409885406, 4573.800000000000182 ], [ 83.887155465781689, 28.674034019932151, 4574.199999999999818 ], [ 83.887143898755312, 28.67403594776988, 4575.0 ], [ 83.88713845051825, 28.674036199226975, 4575.199999999999818 ], [ 83.887104084715247, 28.674044581130147, 4576.0 ], [ 83.887094529345632, 28.674044162034988, 4576.399999999999636 ], [ 83.887077933177352, 28.674053968861699, 4577.199999999999818 ], [ 83.887076508253813, 28.67405254393816, 4577.199999999999818 ], [ 83.887067036703229, 28.674053382128477, 4577.600000000000364 ], [ 83.887068293988705, 28.674050951376557, 4577.600000000000364 ], [ 83.887058319523931, 28.674056483432651, 4577.600000000000364 ], [ 83.887059241533279, 28.674056483432651, 4578.199999999999818 ], [ 83.887019259855151, 28.674038965255026, 4578.199999999999818 ], [ 83.886987240985036, 28.674025386571884, 4578.600000000000364 ], [ 83.886970477178693, 28.674025302752852, 4579.0 ], [ 83.886927394196391, 28.674028990790248, 4579.199999999999818 ], [ 83.886912725865841, 28.674031421542168, 4579.600000000000364 ], [ 83.886902667582035, 28.674029996618629, 4579.800000000000182 ], [ 83.886874252930284, 28.674023626372215, 4580.600000000000364 ], [ 83.88687307946384, 28.674023794010282, 4580.800000000000182 ], [ 83.886847598478198, 28.67402664385736, 4581.800000000000182 ], [ 83.886841144412756, 28.674026979133487, 4581.800000000000182 ], [ 83.886829409748316, 28.674027901142836, 4582.199999999999818 ], [ 83.886815076693892, 28.674026308581233, 4582.399999999999636 ], [ 83.886790852993727, 28.674026811495423, 4583.0 ], [ 83.886781884357333, 28.674024967476729, 4583.199999999999818 ], [ 83.886754643172026, 28.674020692706108, 4584.0 ], [ 83.886750871315598, 28.674017339944839, 4584.0 ], [ 83.88671575114131, 28.67399294860661, 4584.800000000000182 ], [ 83.886691443622112, 28.67397777736187, 4585.199999999999818 ], [ 83.88668498955667, 28.673974592238665, 4585.199999999999818 ], [ 83.886644840240479, 28.673963947221637, 4586.0 ], [ 83.886621538549662, 28.673962354660031, 4586.399999999999636 ], [ 83.886609217151999, 28.6739606782794, 4586.399999999999636 ], [ 83.886568564921618, 28.673955062404275, 4587.399999999999636 ], [ 83.886565212160349, 28.673955062404275, 4587.600000000000364 ], [ 83.88653201982379, 28.673946848139167, 4588.199999999999818 ], [ 83.886526906862855, 28.673946261405945, 4588.399999999999636 ], [ 83.886502683162689, 28.673949111253023, 4589.199999999999818 ], [ 83.886489272117615, 28.673949111253023, 4589.600000000000364 ], [ 83.886474771425128, 28.673946261405945, 4590.0 ], [ 83.886442417278886, 28.673929749056697, 4590.600000000000364 ], [ 83.886435041204095, 28.673924384638667, 4590.800000000000182 ], [ 83.886407716199756, 28.673927234485745, 4591.399999999999636 ], [ 83.886391706764698, 28.673929581418633, 4591.600000000000364 ], [ 83.88637418858707, 28.673928324133161, 4592.399999999999636 ], [ 83.88636153191328, 28.673926061019301, 4592.800000000000182 ], [ 83.886349713429809, 28.67392304353416, 4593.199999999999818 ], [ 83.886344265192747, 28.673921870067716, 4593.399999999999636 ], [ 83.88632096350193, 28.673916170373559, 4593.800000000000182 ], [ 83.886306714266539, 28.673912733793259, 4594.0 ], [ 83.886274695396423, 28.673909297212958, 4594.399999999999636 ], [ 83.886249382048845, 28.67390938103199, 4595.0 ], [ 83.886243598535657, 28.673907872289419, 4595.0 ], [ 83.886215854436159, 28.673907704651356, 4596.0 ], [ 83.88618852943182, 28.673906028270721, 4597.199999999999818 ], [ 83.886158270761371, 28.673908375203609, 4597.399999999999636 ], [ 83.886111583560705, 28.673899322748184, 4598.199999999999818 ], [ 83.886106051504612, 28.673899490386248, 4598.399999999999636 ], [ 83.886063555255532, 28.673896724358201, 4599.199999999999818 ], [ 83.886062633246183, 28.67389471270144, 4599.399999999999636 ], [ 83.886032793670893, 28.673894042149183, 4599.800000000000182 ], [ 83.886006223037839, 28.673885744065046, 4600.399999999999636 ], [ 83.8860047981143, 28.673882726579905, 4600.399999999999636 ], [ 83.8859788980335, 28.673878787085417, 4600.600000000000364 ], [ 83.885945370420814, 28.673870824277401, 4601.600000000000364 ], [ 83.885942101478577, 28.673869399353865, 4601.600000000000364 ], [ 83.885903125628829, 28.673860933631659, 4602.199999999999818 ], [ 83.885898347944021, 28.673863532021642, 4602.600000000000364 ], [ 83.88589583337307, 28.673861268907785, 4603.399999999999636 ], [ 83.885886278003454, 28.673843163996935, 4604.800000000000182 ], [ 83.885880662128329, 28.673840230330825, 4604.800000000000182 ], [ 83.885832130908966, 28.673811480402943, 4605.0 ], [ 83.885800112038851, 28.673799661919475, 4606.0 ], [ 83.885777648538351, 28.673791782930493, 4607.199999999999818 ], [ 83.885747725144029, 28.673781305551529, 4608.0 ], [ 83.885732050985098, 28.673776276409622, 4608.399999999999636 ], [ 83.885716963559389, 28.67376864887774, 4608.800000000000182 ], [ 83.885707324370742, 28.673757752403617, 4609.0 ], [ 83.885701457038522, 28.673758842051029, 4609.399999999999636 ], [ 83.885662900283933, 28.673745514824983, 4610.0 ], [ 83.885657200589776, 28.673741659149528, 4610.399999999999636 ], [ 83.885631132870913, 28.673724727705121, 4611.0 ], [ 83.885621493682265, 28.67371785454452, 4611.600000000000364 ], [ 83.885616799816489, 28.673715842887759, 4612.0 ], [ 83.885600119829178, 28.673715172335505, 4612.600000000000364 ], [ 83.885588049888611, 28.673713663592935, 4612.800000000000182 ], [ 83.88558897189796, 28.673707796260715, 4613.600000000000364 ], [ 83.885571286082268, 28.673708215355873, 4613.600000000000364 ], [ 83.885547313839197, 28.673705784603953, 4614.199999999999818 ], [ 83.885526359081268, 28.673704275861382, 4614.800000000000182 ], [ 83.885501883924007, 28.673684075474739, 4615.399999999999636 ], [ 83.885498531162739, 28.673680806532506, 4615.800000000000182 ], [ 83.885477911680937, 28.673678878694773, 4616.399999999999636 ], [ 83.885463578626513, 28.673672424629331, 4616.800000000000182 ], [ 83.885452095419168, 28.673668149858713, 4617.399999999999636 ], [ 83.885416220873594, 28.67366068996489, 4618.0 ], [ 83.885373808443546, 28.673640908673409, 4618.600000000000364 ], [ 83.885364755988121, 28.673635628074408, 4619.0 ], [ 83.88536911457777, 28.673635376617312, 4619.399999999999636 ], [ 83.885368276387453, 28.673634538426995, 4619.800000000000182 ], [ 83.885351093485951, 28.673626324161887, 4620.0 ], [ 83.885338017717004, 28.673623139038678, 4620.0 ], [ 83.88533734716475, 28.673619786277413, 4620.600000000000364 ], [ 83.885312285274267, 28.673611907288432, 4621.199999999999818 ], [ 83.885301556438208, 28.673608722165227, 4621.199999999999818 ], [ 83.88526794500649, 28.673599166795611, 4622.199999999999818 ], [ 83.885242631658912, 28.673593383282423, 4622.399999999999636 ], [ 83.885243553668261, 28.673592042177916, 4622.800000000000182 ], [ 83.885252270847559, 28.673592712730169, 4623.0 ], [ 83.885224526748061, 28.673585588112473, 4623.399999999999636 ], [ 83.885237099602818, 28.673584163188934, 4623.600000000000364 ], [ 83.885237770155072, 28.673581816256046, 4623.600000000000364 ], [ 83.885182617232203, 28.673573518171903, 4624.399999999999636 ], [ 83.88517708517611, 28.673573350533843, 4624.399999999999636 ], [ 83.885142803192139, 28.673558598384261, 4625.0 ], [ 83.885118076577783, 28.673548456281424, 4625.399999999999636 ], [ 83.885108688846231, 28.67354585789144, 4626.0 ], [ 83.885103240609169, 28.673542840406299, 4626.600000000000364 ], [ 83.885098462924361, 28.673540409654379, 4626.800000000000182 ], [ 83.885062923654914, 28.67352875880897, 4627.600000000000364 ], [ 83.885047165676951, 28.673521634191275, 4627.600000000000364 ], [ 83.885013721883297, 28.673510905355215, 4628.800000000000182 ], [ 83.885001065209508, 28.673506882041693, 4630.0 ], [ 83.884988911449909, 28.673500511795279, 4630.199999999999818 ], [ 83.884982205927372, 28.67349891923368, 4630.399999999999636 ], [ 83.88496401719749, 28.673487519845366, 4631.199999999999818 ], [ 83.884959490969777, 28.673486933112144, 4631.600000000000364 ], [ 83.884935854002833, 28.67348819039762, 4632.199999999999818 ], [ 83.884928226470947, 28.673489866778255, 4632.800000000000182 ], [ 83.884928226470947, 28.673489866778255, 4633.199999999999818 ], [ 83.884914815425873, 28.673489615321159, 4633.199999999999818 ], [ 83.884928226470947, 28.673489866778255, 4634.199999999999818 ], [ 83.884928226470947, 28.673489866778255, 4634.199999999999818 ], [ 83.884877935051918, 28.673490202054381, 4634.399999999999636 ], [ 83.884858908131719, 28.673500176519156, 4635.199999999999818 ], [ 83.884854130446911, 28.673501182347536, 4635.399999999999636 ], [ 83.884839797392488, 28.673509983345863, 4636.199999999999818 ], [ 83.884839629754424, 28.673500763252378, 4636.399999999999636 ], [ 83.88482035137713, 28.673499338328838, 4636.800000000000182 ], [ 83.88478028587997, 28.673513336107135, 4637.199999999999818 ], [ 83.884768886491656, 28.673519035801291, 4637.399999999999636 ], [ 83.88472898863256, 28.673524400219321, 4637.399999999999636 ], [ 83.884711470454931, 28.673523394390941, 4638.199999999999818 ], [ 83.884685821831226, 28.673521801829335, 4638.600000000000364 ], [ 83.884665202349424, 28.673513671383262, 4639.399999999999636 ], [ 83.884645253419876, 28.673506965860724, 4639.800000000000182 ], [ 83.884637877345085, 28.673505457118154, 4640.399999999999636 ], [ 83.884610636159778, 28.673508390784264, 4640.800000000000182 ], [ 83.884599404409528, 28.673508139327168, 4641.0 ], [ 83.884589010849595, 28.673513419926167, 4641.399999999999636 ], [ 83.884583981707692, 28.673513671383262, 4641.800000000000182 ], [ 83.884555902332067, 28.673502691090107, 4642.399999999999636 ], [ 83.884542994201183, 28.67350302636623, 4642.600000000000364 ], [ 83.884524554014206, 28.673503780737519, 4643.399999999999636 ], [ 83.884512651711702, 28.673503696918488, 4643.600000000000364 ], [ 83.884494211524725, 28.673500847071409, 4643.800000000000182 ], [ 83.884461689740419, 28.673494141548872, 4644.600000000000364 ], [ 83.884463114663959, 28.673491459339857, 4644.600000000000364 ], [ 83.884447943419218, 28.673489363864064, 4645.399999999999636 ], [ 83.884428329765797, 28.673485927283764, 4645.800000000000182 ], [ 83.884409219026566, 28.673483245074749, 4646.199999999999818 ], [ 83.884357335045934, 28.673469498753548, 4646.800000000000182 ], [ 83.884331686422229, 28.673465391620994, 4647.800000000000182 ], [ 83.884326070547104, 28.67346405051649, 4648.0 ], [ 83.88430486433208, 28.673463463783264, 4648.600000000000364 ], [ 83.884268989786506, 28.673457093536857, 4648.800000000000182 ], [ 83.884256836026907, 28.673454243689775, 4649.0 ], [ 83.884249040856957, 28.673453070223331, 4649.800000000000182 ], [ 83.884235881268978, 28.673446197062731, 4650.199999999999818 ], [ 83.884216267615557, 28.673442928120497, 4650.399999999999636 ], [ 83.884168993681669, 28.673437898978591, 4651.199999999999818 ], [ 83.884162791073322, 28.673439659178257, 4651.199999999999818 ], [ 83.884139321744442, 28.673449968919162, 4652.199999999999818 ], [ 83.884138567373157, 28.673447454348207, 4652.399999999999636 ], [ 83.884147200733423, 28.673439491540194, 4652.800000000000182 ], [ 83.884123647585511, 28.673437731340528, 4653.0 ], [ 83.884125575423241, 28.673436054959893, 4653.199999999999818 ], [ 83.884099507704377, 28.673439659178257, 4653.399999999999636 ], [ 83.884091880172491, 28.673439156264067, 4653.600000000000364 ], [ 83.884060783311725, 28.673438988626003, 4654.600000000000364 ], [ 83.884059274569154, 28.673441335558891, 4654.800000000000182 ], [ 83.884034883230925, 28.673440748825669, 4655.600000000000364 ], [ 83.88399456627667, 28.673451310023665, 4656.399999999999636 ], [ 83.883974701166153, 28.673455584794283, 4656.800000000000182 ], [ 83.883961960673332, 28.67345592007041, 4657.800000000000182 ], [ 83.883957518264651, 28.673456674441695, 4658.0 ], [ 83.883938575163484, 28.673465810716152, 4658.800000000000182 ], [ 83.883929941803217, 28.673471761867404, 4659.199999999999818 ], [ 83.883907310664654, 28.673472264781591, 4660.199999999999818 ], [ 83.883902868255973, 28.673472767695785, 4660.399999999999636 ], [ 83.883854169398546, 28.673468660563231, 4661.0 ], [ 83.883853247389197, 28.673466732725501, 4661.399999999999636 ], [ 83.883857186883688, 28.673460697755218, 4661.399999999999636 ], [ 83.883858527988195, 28.673459691926837, 4661.600000000000364 ], [ 83.883858695626259, 28.673459691926837, 4661.600000000000364 ], [ 83.883858695626259, 28.673459691926837, 4661.600000000000364 ], [ 83.883865736424923, 28.673461871221662, 4661.600000000000364 ], [ 83.883858527988195, 28.673478048294783, 4661.800000000000182 ], [ 83.883828017860651, 28.67347821593285, 4661.800000000000182 ], [ 83.88379180803895, 28.673483496531844, 4662.600000000000364 ], [ 83.883774373680353, 28.673481736332175, 4662.800000000000182 ], [ 83.883751071989536, 28.673485005274415, 4663.600000000000364 ], [ 83.883743276819587, 28.673487855121493, 4663.600000000000364 ], [ 83.883733889088035, 28.67349112406373, 4663.800000000000182 ], [ 83.883724249899387, 28.673492968082428, 4664.600000000000364 ], [ 83.883720142766833, 28.673494728282098, 4664.600000000000364 ], [ 83.883696421980858, 28.673505960032344, 4665.399999999999636 ], [ 83.883692231029272, 28.673508390784264, 4665.600000000000364 ], [ 83.883672952651978, 28.673513252288103, 4666.800000000000182 ], [ 83.883663984015584, 28.673514593392611, 4667.199999999999818 ], [ 83.883617296814919, 28.673507636412975, 4667.199999999999818 ], [ 83.883590558543801, 28.673510067164894, 4668.0 ], [ 83.883583769202232, 28.673511659726501, 4668.199999999999818 ], [ 83.883563484996557, 28.673511408269405, 4668.800000000000182 ], [ 83.883552504703403, 28.673506630584601, 4669.0 ], [ 83.883526436984539, 28.673499254509807, 4669.399999999999636 ], [ 83.883484695106745, 28.673498583957553, 4670.0 ], [ 83.883475558832288, 28.673498416319489, 4670.0 ], [ 83.883449072018266, 28.673491626977921, 4670.399999999999636 ], [ 83.883426692336798, 28.673495901748534, 4671.0 ], [ 83.883423507213593, 28.673494476824999, 4671.0 ], [ 83.883395260199904, 28.673482406884432, 4671.600000000000364 ], [ 83.883367851376534, 28.673475114628673, 4672.0 ], [ 83.883356116712093, 28.673471426591277, 4672.199999999999818 ], [ 83.883332395926118, 28.673464134335521, 4673.199999999999818 ], [ 83.883329210802913, 28.673464134335521, 4673.199999999999818 ], [ 83.883304819464684, 28.673456255346537, 4673.800000000000182 ], [ 83.883297275751829, 28.673453908413649, 4674.199999999999818 ], [ 83.88328805565834, 28.673453154042363, 4674.399999999999636 ], [ 83.883265256881714, 28.673450220376253, 4674.600000000000364 ], [ 83.883257796987891, 28.673449046909809, 4675.0 ], [ 83.883247151970863, 28.67344175465405, 4675.199999999999818 ], [ 83.883239440619946, 28.673434630036351, 4675.399999999999636 ], [ 83.883215384557843, 28.673425996676087, 4676.399999999999636 ], [ 83.883203817531466, 28.673416273668408, 4677.0 ], [ 83.883174564689398, 28.67340705357492, 4677.399999999999636 ], [ 83.883167188614607, 28.673402778804306, 4677.600000000000364 ], [ 83.883125362917781, 28.673387439921498, 4677.800000000000182 ], [ 83.883116981014609, 28.673383500427008, 4678.600000000000364 ], [ 83.883104072883725, 28.673373945057392, 4678.800000000000182 ], [ 83.883080268278718, 28.673362042754889, 4679.600000000000364 ], [ 83.88306861743331, 28.673354834318161, 4679.800000000000182 ], [ 83.883059313520789, 28.673350559547544, 4680.0 ], [ 83.88303006067872, 28.673336645588279, 4680.199999999999818 ], [ 83.883022181689739, 28.673332035541534, 4680.199999999999818 ], [ 83.882994102314115, 28.67331569083035, 4680.600000000000364 ], [ 83.882984379306436, 28.67331032641232, 4680.800000000000182 ], [ 83.88297432102263, 28.673298507928848, 4681.600000000000364 ], [ 83.882939703762531, 28.673290042206645, 4682.199999999999818 ], [ 83.882910367101431, 28.673281827941537, 4682.800000000000182 ], [ 83.882876671850681, 28.673271937295791, 4683.399999999999636 ], [ 83.882868038490415, 28.673269003629684, 4683.399999999999636 ], [ 83.882848508656025, 28.673262968659401, 4683.800000000000182 ], [ 83.882819674909115, 28.673237403854728, 4684.600000000000364 ], [ 83.882811293005943, 28.673234134912491, 4685.0 ], [ 83.882795870304108, 28.673225753009319, 4685.399999999999636 ], [ 83.8827617559582, 28.673197589814663, 4686.0 ], [ 83.882719343528152, 28.673172192648053, 4686.600000000000364 ], [ 83.882686318829656, 28.673153501003981, 4686.600000000000364 ], [ 83.882658742368221, 28.673129277303815, 4686.600000000000364 ], [ 83.882644828408957, 28.673113519325852, 4686.800000000000182 ], [ 83.882636530324817, 28.673107735812664, 4686.800000000000182 ], [ 83.882619263604283, 28.673093151301146, 4687.0 ], [ 83.882584813982248, 28.673069095239043, 4687.600000000000364 ], [ 83.882531505078077, 28.673036154359579, 4687.800000000000182 ], [ 83.882468892261386, 28.673003800213337, 4688.0 ], [ 83.882422707974911, 28.672994999215007, 4688.0 ], [ 83.882419103756547, 28.672992400825024, 4688.0 ], [ 83.882419103756547, 28.672992400825024, 4688.199999999999818 ], [ 83.882419103756547, 28.672992400825024, 4688.199999999999818 ], [ 83.882419103756547, 28.672992400825024, 4688.199999999999818 ], [ 83.882419439032674, 28.672992819920182, 4688.399999999999636 ], [ 83.88240359723568, 28.672989215701818, 4688.399999999999636 ], [ 83.882382642477751, 28.672983516007665, 4688.399999999999636 ], [ 83.882380882278085, 28.67297999560833, 4688.800000000000182 ], [ 83.882321706041694, 28.672953508794308, 4689.0 ], [ 83.882276359945536, 28.672921406105161, 4689.199999999999818 ], [ 83.882218357175589, 28.672892153263092, 4689.399999999999636 ], [ 83.882181644439697, 28.672868851572275, 4689.800000000000182 ], [ 83.882126323878765, 28.67284093983471, 4689.800000000000182 ], [ 83.882110901176929, 28.672830881550908, 4690.199999999999818 ], [ 83.882080474868417, 28.672812441363931, 4690.600000000000364 ], [ 83.882055748254061, 28.67279190570116, 4691.0 ], [ 83.882040996104479, 28.672781176865101, 4691.399999999999636 ], [ 83.882012749090791, 28.672754019498825, 4691.600000000000364 ], [ 83.881975617259741, 28.672726945951581, 4692.0 ], [ 83.88193991035223, 28.672701381146908, 4692.399999999999636 ], [ 83.881931696087122, 28.672696435824037, 4692.399999999999636 ], [ 83.881903365254402, 28.672667685896162, 4692.800000000000182 ], [ 83.881888277828693, 28.672656118869781, 4693.0 ], [ 83.88185877352953, 28.672632649540901, 4693.199999999999818 ], [ 83.881801944226027, 28.672585459426045, 4693.399999999999636 ], [ 83.881766321137547, 28.672550758346915, 4693.399999999999636 ], [ 83.881727764382958, 28.672501975670457, 4693.800000000000182 ], [ 83.88168141245842, 28.672453444451097, 4694.399999999999636 ], [ 83.881680741906166, 28.672451600432396, 4694.399999999999636 ], [ 83.88168141245842, 28.6724444758147, 4695.199999999999818 ], [ 83.881681328639388, 28.672441458329558, 4695.399999999999636 ], [ 83.881661547347903, 28.672418156638741, 4695.600000000000364 ], [ 83.881636904552579, 28.672404577955604, 4695.600000000000364 ], [ 83.881636317819357, 28.672404829412699, 4695.600000000000364 ], [ 83.881609411910176, 28.672374822199345, 4695.800000000000182 ], [ 83.881573705002666, 28.672336097806692, 4696.800000000000182 ], [ 83.881546463817358, 28.672304749488831, 4697.399999999999636 ], [ 83.881535399705172, 28.672293685376644, 4697.800000000000182 ], [ 83.881521066650748, 28.672279687598348, 4698.199999999999818 ], [ 83.88149231672287, 28.672256385907531, 4698.800000000000182 ], [ 83.881485275924206, 28.672247333452106, 4698.800000000000182 ], [ 83.881457867100835, 28.672232162207365, 4699.399999999999636 ], [ 83.881452921777964, 28.672233503311872, 4699.800000000000182 ], [ 83.881443282589316, 28.672231156378984, 4700.199999999999818 ], [ 83.881419897079468, 28.672231659293175, 4700.800000000000182 ], [ 83.881417969241738, 28.672236520797014, 4701.0 ], [ 83.881380669772625, 28.672238113358617, 4701.800000000000182 ], [ 83.881381340324879, 28.672240376472473, 4702.0 ], [ 83.881367174908519, 28.672245824709535, 4702.600000000000364 ], [ 83.881353680044413, 28.672252362594008, 4703.199999999999818 ], [ 83.881321493536234, 28.67225001566112, 4704.199999999999818 ], [ 83.881305484101176, 28.672245908528566, 4704.600000000000364 ], [ 83.881278159096837, 28.672232329845428, 4705.199999999999818 ], [ 83.88126072473824, 28.672216907143593, 4705.800000000000182 ], [ 83.881245888769627, 28.672213554382324, 4705.800000000000182 ], [ 83.881234908476472, 28.672236688435081, 4705.800000000000182 ], [ 83.881239518523216, 28.672253871336579, 4706.0 ], [ 83.881251504644752, 28.672265186905861, 4706.199999999999818 ], [ 83.881252510473132, 28.672264600172639, 4706.399999999999636 ], [ 83.881278242915869, 28.672267617657781, 4707.199999999999818 ], [ 83.881291067227721, 28.672275245189667, 4707.399999999999636 ], [ 83.881299113854766, 28.672282537445422, 4707.600000000000364 ], [ 83.881297940388322, 28.672282956540585, 4707.800000000000182 ], [ 83.881297940388322, 28.672282956540585, 4708.399999999999636 ], [ 83.881311099976301, 28.672284716740251, 4708.399999999999636 ], [ 83.881327109411359, 28.67231430485845, 4708.600000000000364 ], [ 83.881328031420708, 28.672326626256108, 4708.800000000000182 ], [ 83.881332976743579, 28.67234623990953, 4708.800000000000182 ], [ 83.881334820762277, 28.672382030636072, 4709.399999999999636 ], [ 83.881343873217702, 28.67242100648582, 4709.800000000000182 ], [ 83.881349321454763, 28.6724444758147, 4709.800000000000182 ], [ 83.881344376131892, 28.672483619302511, 4710.399999999999636 ], [ 83.88134278357029, 28.672497365623713, 4710.399999999999636 ], [ 83.881341861560941, 28.672506837174296, 4710.399999999999636 ], [ 83.881351081654429, 28.672536173835397, 4710.600000000000364 ], [ 83.881353847682476, 28.672577496618032, 4711.600000000000364 ], [ 83.88135745190084, 28.672585375607017, 4711.600000000000364 ], [ 83.881367929279804, 28.672607000917196, 4712.399999999999636 ], [ 83.881365330889821, 28.672619741410017, 4712.800000000000182 ], [ 83.881357535719872, 28.672634493559599, 4713.399999999999636 ], [ 83.881345465779305, 28.67262887768447, 4713.800000000000182 ], [ 83.881327360868454, 28.672617981210351, 4714.399999999999636 ], [ 83.881305148825049, 28.672614544630051, 4715.0 ], [ 83.881304226815701, 28.672616053372622, 4715.600000000000364 ], [ 83.881308501586318, 28.672617645934224, 4716.0 ], [ 83.881307328119874, 28.672617394477129, 4716.0 ], [ 83.881307328119874, 28.672617394477129, 4716.199999999999818 ], [ 83.881280003115535, 28.672602726146579, 4717.199999999999818 ], [ 83.88127681799233, 28.672599541023377, 4717.199999999999818 ], [ 83.88126265257597, 28.672586129978299, 4717.199999999999818 ], [ 83.881242452189326, 28.67257590405643, 4718.0 ], [ 83.88121135532856, 28.672562073916197, 4718.199999999999818 ], [ 83.881198195740581, 28.672557044774297, 4718.399999999999636 ], [ 83.881180258467793, 28.672535168007016, 4719.199999999999818 ], [ 83.88116299174726, 28.672517482191324, 4719.800000000000182 ], [ 83.881151592358947, 28.672514967620373, 4720.199999999999818 ], [ 83.881148658692837, 28.672510692849755, 4721.0 ], [ 83.881147736683488, 28.672510776668787, 4721.399999999999636 ], [ 83.881147988140583, 28.672510609030724, 4721.600000000000364 ], [ 83.881145138293505, 28.672503568232059, 4722.199999999999818 ], [ 83.881127117201686, 28.672486804425716, 4722.399999999999636 ], [ 83.881115969270468, 28.672476494684815, 4722.600000000000364 ], [ 83.881096439436078, 28.672462161630392, 4723.399999999999636 ], [ 83.881086716428399, 28.672455623745918, 4723.600000000000364 ], [ 83.88108478859067, 28.672452187165614, 4723.600000000000364 ], [ 83.881079172715545, 28.67244740948081, 4723.600000000000364 ], [ 83.881073137745261, 28.67243517190218, 4724.199999999999818 ], [ 83.881056038662791, 28.672439865767956, 4724.800000000000182 ], [ 83.881055116653442, 28.672440201044083, 4725.0 ], [ 83.881065091118217, 28.672448582947258, 4725.199999999999818 ], [ 83.881063414737582, 28.672468699514862, 4725.399999999999636 ], [ 83.881063247099519, 28.672480769455433, 4725.800000000000182 ], [ 83.881067438051105, 28.672504741698503, 4726.399999999999636 ], [ 83.881070120260119, 28.672529133036733, 4726.800000000000182 ], [ 83.881075903773308, 28.672554446384311, 4726.800000000000182 ], [ 83.881070958450437, 28.672594092786312, 4727.0 ], [ 83.881066180765629, 28.672620663419369, 4727.600000000000364 ], [ 83.881063750013709, 28.672622004523873, 4727.800000000000182 ], [ 83.88106182217598, 28.672638097777963, 4728.399999999999636 ], [ 83.881060900166631, 28.672654526308179, 4728.800000000000182 ], [ 83.881060900166631, 28.672654526308179, 4728.800000000000182 ], [ 83.881059978157282, 28.672674475237727, 4729.0 ], [ 83.881067186594009, 28.672702135518193, 4729.399999999999636 ], [ 83.881076155230403, 28.672727113589644, 4730.0 ], [ 83.881079340353608, 28.67273029871285, 4730.199999999999818 ], [ 83.881084118038416, 28.672740692272782, 4730.600000000000364 ], [ 83.881086464971304, 28.672756031155583, 4731.0 ], [ 83.881090236827731, 28.67277137003839, 4731.399999999999636 ], [ 83.881078250706196, 28.67278913967311, 4731.600000000000364 ], [ 83.881042543798685, 28.672773633152246, 4732.0 ], [ 83.881035754457116, 28.67277137003839, 4732.199999999999818 ], [ 83.881011446937919, 28.672755276784301, 4732.800000000000182 ], [ 83.881005914881825, 28.672755779698491, 4733.199999999999818 ], [ 83.880997532978654, 28.672749660909176, 4733.600000000000364 ], [ 83.880990408360958, 28.67274303920567, 4734.199999999999818 ], [ 83.88098219409585, 28.672741781920195, 4734.399999999999636 ], [ 83.880951935425401, 28.672715546563268, 4735.399999999999636 ], [ 83.880960820242763, 28.672719653695822, 4735.600000000000364 ], [ 83.880965849384665, 28.672718564048409, 4736.0 ], [ 83.880961826071143, 28.672711020335555, 4736.600000000000364 ], [ 83.880950845777988, 28.672703225165609, 4737.0 ], [ 83.880928214639425, 28.672689730301499, 4737.600000000000364 ], [ 83.880914384499192, 28.672681851312522, 4738.0 ], [ 83.880889909341931, 28.672660896554589, 4738.600000000000364 ], [ 83.880886221304536, 28.672648575156927, 4738.800000000000182 ], [ 83.880879851058125, 28.672623261809349, 4739.800000000000182 ], [ 83.8808639254421, 28.67261404171586, 4740.199999999999818 ], [ 83.880834337323904, 28.672608258202672, 4740.800000000000182 ], [ 83.880828637629747, 28.672594847157601, 4741.800000000000182 ], [ 83.880814136937261, 28.672584537416697, 4742.0 ], [ 83.880788907408714, 28.672567354515195, 4742.600000000000364 ], [ 83.880787063390017, 28.672565761953592, 4743.0 ], [ 83.880783459171653, 28.672565091401339, 4743.399999999999636 ], [ 83.88076082803309, 28.672573892399669, 4743.800000000000182 ], [ 83.880766611546278, 28.672578670084476, 4744.0 ], [ 83.880775161087513, 28.672601552680135, 4744.0 ], [ 83.880803072825074, 28.672641199082136, 4744.199999999999818 ], [ 83.880811538547277, 28.672663830220699, 4745.199999999999818 ], [ 83.880811035633087, 28.672683443874121, 4745.399999999999636 ], [ 83.88079795986414, 28.672701213508844, 4746.0 ], [ 83.88079502619803, 28.672712948173285, 4746.199999999999818 ], [ 83.880795361474156, 28.67271613329649, 4746.199999999999818 ], [ 83.880796115845442, 28.672738093882799, 4746.399999999999636 ], [ 83.880796702578664, 28.672768771648407, 4746.399999999999636 ], [ 83.880798630416393, 28.672803556546569, 4747.0 ], [ 83.880800642073154, 28.672814788296819, 4747.199999999999818 ], [ 83.880811035633087, 28.672850746661425, 4747.800000000000182 ], [ 83.880818327888846, 28.672867259010673, 4748.199999999999818 ], [ 83.880830062553287, 28.672893578186631, 4748.600000000000364 ], [ 83.880832996219397, 28.672924255952239, 4748.800000000000182 ], [ 83.880822267383337, 28.672926351428032, 4749.600000000000364 ], [ 83.880813717842102, 28.672930542379618, 4750.199999999999818 ], [ 83.880799552425742, 28.67292819544673, 4750.600000000000364 ], [ 83.880779938772321, 28.672902965918183, 4751.199999999999818 ], [ 83.880778094753623, 28.672900702804327, 4751.600000000000364 ], [ 83.880764013156295, 28.672890393063422, 4752.199999999999818 ], [ 83.880755379796028, 28.672883687540889, 4752.600000000000364 ], [ 83.880757307633758, 28.672884022817016, 4752.800000000000182 ], [ 83.880724366754293, 28.672872707247738, 4753.0 ], [ 83.880705842748284, 28.672861559316516, 4753.800000000000182 ], [ 83.880698550492525, 28.672857955098152, 4754.399999999999636 ], [ 83.880686983466148, 28.672852339223027, 4755.0 ], [ 83.880686396732926, 28.6728485673666, 4755.399999999999636 ], [ 83.880661753937602, 28.67283146828413, 4756.0 ], [ 83.880650270730257, 28.672823002561927, 4756.199999999999818 ], [ 83.880633842200041, 28.67281143553555, 4757.0 ], [ 83.880619425326586, 28.672802718356252, 4757.0 ], [ 83.880594111979008, 28.672787128016353, 4758.399999999999636 ], [ 83.880582880228758, 28.672771705314517, 4759.0 ], [ 83.880576258525252, 28.67275963537395, 4759.399999999999636 ], [ 83.880562596023083, 28.672754690051079, 4760.399999999999636 ], [ 83.880562679842114, 28.672760892659426, 4760.600000000000364 ], [ 83.880530409514904, 28.672743877395988, 4760.600000000000364 ], [ 83.880510795861483, 28.672733400017023, 4761.399999999999636 ], [ 83.880507694557309, 28.672731639817357, 4761.600000000000364 ], [ 83.880506185814738, 28.672737590968609, 4762.199999999999818 ], [ 83.88051406480372, 28.672761982306842, 4762.399999999999636 ], [ 83.88051800429821, 28.672771705314517, 4762.600000000000364 ], [ 83.880520183593035, 28.672775980085135, 4762.800000000000182 ], [ 83.880514735355973, 28.672794504091144, 4763.0 ], [ 83.88051456771791, 28.672803221270438, 4763.399999999999636 ], [ 83.880512388423085, 28.672807747498155, 4763.800000000000182 ], [ 83.880515322089195, 28.672832306474447, 4764.199999999999818 ], [ 83.88052873313427, 28.672884274274111, 4764.600000000000364 ], [ 83.8805375341326, 28.672904642298818, 4764.800000000000182 ], [ 83.880547257140279, 28.672923585399985, 4765.199999999999818 ], [ 83.880542563274503, 28.672939175739884, 4765.399999999999636 ], [ 83.880540132522583, 28.672938253730536, 4765.399999999999636 ], [ 83.880550442263484, 28.672968512400985, 4765.600000000000364 ], [ 83.880552789196372, 28.672973792999983, 4766.0 ], [ 83.880559578537941, 28.672983264550567, 4766.0 ], [ 83.880567038431764, 28.673000195994973, 4766.0 ], [ 83.880566619336605, 28.67301519960165, 4766.199999999999818 ], [ 83.880576761439443, 28.673045877367255, 4767.0 ], [ 83.88058103621006, 28.673060713335872, 4767.399999999999636 ], [ 83.880575085058808, 28.673079404979944, 4768.199999999999818 ], [ 83.880570139735937, 28.673078315332532, 4768.199999999999818 ], [ 83.880537785589695, 28.673058953136209, 4769.0 ], [ 83.880531582981348, 28.673060042783614, 4769.0 ], [ 83.880530577152967, 28.673061802983284, 4769.0 ], [ 83.880513394251466, 28.673047218471769, 4769.199999999999818 ], [ 83.880499564111233, 28.673025509342551, 4769.800000000000182 ], [ 83.880502413958311, 28.673011679202322, 4770.199999999999818 ], [ 83.880497133359313, 28.673006147146225, 4770.199999999999818 ], [ 83.880463102832437, 28.672985946759582, 4770.800000000000182 ], [ 83.88043150305748, 28.67296926677227, 4771.399999999999636 ], [ 83.88043686747551, 28.672968512400985, 4771.399999999999636 ], [ 83.880422534421086, 28.672954179346561, 4772.199999999999818 ], [ 83.880418259650469, 28.67295049130917, 4772.399999999999636 ], [ 83.880389844998717, 28.672932302579284, 4773.600000000000364 ], [ 83.880390012636781, 28.672933056950569, 4773.600000000000364 ], [ 83.880366627126932, 28.672925177961588, 4774.199999999999818 ], [ 83.880352964624763, 28.672911766916513, 4774.600000000000364 ], [ 83.880351036787033, 28.672909252345558, 4774.800000000000182 ], [ 83.88032790273428, 28.672897266224027, 4775.600000000000364 ], [ 83.880319185554981, 28.672894332557917, 4775.600000000000364 ], [ 83.880318515002728, 28.672899277880788, 4776.0 ], [ 83.880301918834448, 28.672916879877448, 4776.600000000000364 ], [ 83.880301583558321, 28.672920819371939, 4776.600000000000364 ], [ 83.880323208868504, 28.672942277044054, 4776.600000000000364 ], [ 83.880340475589037, 28.672979241237044, 4777.399999999999636 ], [ 83.880344834178686, 28.67298343218863, 4777.600000000000364 ], [ 83.880349528044462, 28.672986701130867, 4778.0 ], [ 83.880349360406399, 28.673013104125857, 4778.199999999999818 ], [ 83.88034550473094, 28.673026096075773, 4778.800000000000182 ], [ 83.880344666540623, 28.673029700294137, 4779.0 ], [ 83.880356401205063, 28.67306943051517, 4779.600000000000364 ], [ 83.880363358184695, 28.673089127987623, 4779.600000000000364 ], [ 83.880360340699553, 28.673100108280774, 4780.199999999999818 ], [ 83.880362519994378, 28.673116033896804, 4780.600000000000364 ], [ 83.880371572449803, 28.673141933977604, 4780.800000000000182 ], [ 83.880378277972341, 28.673174120485783, 4781.199999999999818 ], [ 83.880384815856814, 28.673199852928519, 4781.600000000000364 ], [ 83.880406692624092, 28.673227094113827, 4782.399999999999636 ], [ 83.880410715937614, 28.673232709988952, 4782.600000000000364 ], [ 83.880401998758316, 28.673254167661071, 4783.399999999999636 ], [ 83.880396047607064, 28.673251066356897, 4783.600000000000364 ], [ 83.880357071757317, 28.673231285065413, 4784.199999999999818 ], [ 83.880342822521925, 28.673219634220004, 4784.399999999999636 ], [ 83.880323292687535, 28.673203205689788, 4785.0 ], [ 83.880287250503898, 28.673168839886785, 4785.399999999999636 ], [ 83.880290184170008, 28.673169175162911, 4785.600000000000364 ], [ 83.880282053723931, 28.67316012270749, 4786.0 ], [ 83.880268055945635, 28.673147717490792, 4786.600000000000364 ], [ 83.880262775346637, 28.673143861815333, 4786.600000000000364 ], [ 83.880238132551312, 28.673118632286787, 4787.399999999999636 ], [ 83.880228912457824, 28.673109915107489, 4787.800000000000182 ], [ 83.880217177793384, 28.673098012804985, 4788.0 ], [ 83.880190774798393, 28.673084517940879, 4788.199999999999818 ], [ 83.880185661837459, 28.67308409884572, 4788.800000000000182 ], [ 83.880159510299563, 28.673071693629023, 4789.600000000000364 ], [ 83.880145512521267, 28.673062389716502, 4789.800000000000182 ], [ 83.880142327398062, 28.673059372231364, 4790.0 ], [ 83.880120366811752, 28.673040848225355, 4790.800000000000182 ], [ 83.880112404003739, 28.673037411645055, 4791.600000000000364 ], [ 83.880105949938297, 28.673036405816671, 4791.800000000000182 ], [ 83.880083234980702, 28.67304302752018, 4792.399999999999636 ], [ 83.880087090656161, 28.673063311725855, 4792.600000000000364 ], [ 83.880096729844809, 28.673075716942549, 4793.0 ], [ 83.880098070949316, 28.673076136037707, 4793.800000000000182 ], [ 83.880098070949316, 28.673076136037707, 4793.800000000000182 ], [ 83.880088934674859, 28.673071693629023, 4793.800000000000182 ], [ 83.880083737894893, 28.673070184886456, 4794.0 ], [ 83.880091365426779, 28.673074208199974, 4794.0 ], [ 83.880094969645143, 28.673071609809995, 4796.0 ], [ 83.880101591348648, 28.673079237341881, 4796.0 ], [ 83.880111230537295, 28.673132881522179, 4796.399999999999636 ], [ 83.880121037364006, 28.673158446326852, 4797.0 ], [ 83.880129670724273, 28.673188537359241, 4798.0 ], [ 83.880132688209414, 28.673200272023681, 4798.199999999999818 ], [ 83.880131933838129, 28.67323312908411, 4798.800000000000182 ], [ 83.880131850019097, 28.673245869576931, 4799.199999999999818 ], [ 83.880138639360666, 28.673255760222673, 4799.199999999999818 ], [ 83.880145428702235, 28.673282163217664, 4799.800000000000182 ], [ 83.880146015435457, 28.673286521807313, 4799.800000000000182 ], [ 83.880143919959664, 28.673289958387613, 4800.199999999999818 ], [ 83.880131179466844, 28.673296831548218, 4800.800000000000182 ], [ 83.880098322406411, 28.673284091055393, 4801.199999999999818 ], [ 83.880095891654491, 28.673282163217664, 4801.199999999999818 ], [ 83.880069404840469, 28.673261376097798, 4801.399999999999636 ], [ 83.880051635205746, 28.673243606463075, 4802.399999999999636 ], [ 83.880030680447817, 28.673232709988952, 4802.600000000000364 ], [ 83.88001031242311, 28.673225166276097, 4803.0 ], [ 83.880006792023778, 28.67322432808578, 4803.399999999999636 ], [ 83.87998390942812, 28.673212677240372, 4803.600000000000364 ], [ 83.879965385422111, 28.673197254538536, 4804.399999999999636 ], [ 83.879962284117937, 28.673195829614997, 4804.800000000000182 ], [ 83.879936719313264, 28.673194153234363, 4805.399999999999636 ], [ 83.879933953285217, 28.673192895948887, 4805.399999999999636 ], [ 83.879943005740643, 28.673206558451056, 4806.0 ], [ 83.879945268854499, 28.67322432808578, 4806.600000000000364 ], [ 83.879950465634465, 28.673230614513159, 4806.600000000000364 ], [ 83.879962451756001, 28.673249473795295, 4807.0 ], [ 83.879972845315933, 28.673268416896462, 4807.399999999999636 ], [ 83.879975359886885, 28.673276714980599, 4807.600000000000364 ], [ 83.879978964105248, 28.673300603404641, 4808.199999999999818 ], [ 83.879978293552995, 28.673314014449716, 4809.0 ], [ 83.879978125914931, 28.67331812158227, 4809.399999999999636 ], [ 83.879991536960006, 28.673349218443036, 4810.0 ], [ 83.879989525303245, 28.673368161544204, 4810.600000000000364 ], [ 83.879986759275198, 28.673367239534855, 4810.800000000000182 ], [ 83.879983825609088, 28.673370005562901, 4811.0 ], [ 83.879975527524948, 28.673363383859396, 4811.199999999999818 ], [ 83.879959434270859, 28.673361036926508, 4811.399999999999636 ], [ 83.879919284954667, 28.673341842368245, 4812.0 ], [ 83.879917273297906, 28.673337986692783, 4812.0 ], [ 83.879889696836472, 28.673322144895792, 4813.199999999999818 ], [ 83.879881063476205, 28.67331032641232, 4813.399999999999636 ], [ 83.879865389317274, 28.673301106318831, 4814.199999999999818 ], [ 83.879864886403084, 28.673304375261068, 4814.399999999999636 ], [ 83.879848625510931, 28.673329940065742, 4814.800000000000182 ], [ 83.879860443994403, 28.673344273120165, 4815.199999999999818 ], [ 83.879861366003752, 28.673344356939197, 4815.399999999999636 ], [ 83.879872597754002, 28.673371849581599, 4816.0 ], [ 83.879873687401414, 28.673380650579929, 4816.399999999999636 ], [ 83.879870334640145, 28.673389870673414, 4817.0 ], [ 83.879885002970695, 28.673411160707474, 4817.600000000000364 ], [ 83.879883158951998, 28.673427170142531, 4818.399999999999636 ], [ 83.879876034334302, 28.673429097980261, 4818.600000000000364 ], [ 83.879867317155004, 28.673423398286104, 4819.399999999999636 ], [ 83.879852145910263, 28.673425577580929, 4819.600000000000364 ], [ 83.879835214465857, 28.673420967534184, 4819.600000000000364 ], [ 83.879807135090232, 28.673404455184937, 4820.800000000000182 ], [ 83.879781486466527, 28.673381069675088, 4822.0 ], [ 83.87977721169591, 28.673377800732851, 4822.199999999999818 ], [ 83.87976597994566, 28.673373945057392, 4823.0 ], [ 83.879753826186061, 28.673391547054052, 4823.199999999999818 ], [ 83.879775116220117, 28.673417950049043, 4823.600000000000364 ], [ 83.879787437617779, 28.673438485711813, 4823.600000000000364 ], [ 83.879788024351001, 28.673452567309141, 4824.399999999999636 ], [ 83.879788778722286, 28.673464888706803, 4824.800000000000182 ], [ 83.879799591377378, 28.673482406884432, 4825.199999999999818 ], [ 83.879805291071534, 28.673490788787603, 4825.399999999999636 ], [ 83.879817193374038, 28.673510318621993, 4826.0 ], [ 83.879816690459847, 28.673523394390941, 4826.399999999999636 ], [ 83.879812750965357, 28.67352481931448, 4826.600000000000364 ], [ 83.879782576113939, 28.673520376905799, 4827.600000000000364 ], [ 83.879748964682221, 28.673501098528504, 4828.0 ], [ 83.879725579172373, 28.673485340550545, 4828.600000000000364 ], [ 83.879718538373709, 28.673480898141861, 4829.0 ], [ 83.879705294966698, 28.673477210104465, 4829.800000000000182 ], [ 83.879696913063526, 28.673474946990609, 4830.0 ], [ 83.87967998161912, 28.673471678048372, 4830.600000000000364 ], [ 83.879678221419454, 28.67347058840096, 4831.199999999999818 ], [ 83.879650980234146, 28.673474192619324, 4831.199999999999818 ], [ 83.879638994112611, 28.673479640856385, 4832.199999999999818 ], [ 83.879631869494915, 28.673481149598956, 4832.199999999999818 ], [ 83.879620470106602, 28.673481233417988, 4832.800000000000182 ], [ 83.879604879766703, 28.6734857596457, 4833.399999999999636 ], [ 83.879603957757354, 28.673486430197951, 4833.399999999999636 ], [ 83.879592223092914, 28.673488525673747, 4834.199999999999818 ], [ 83.879587696865201, 28.673492129892111, 4834.399999999999636 ], [ 83.87957202270627, 28.673495566472411, 4834.800000000000182 ], [ 83.879544362425804, 28.673498416319489, 4835.399999999999636 ], [ 83.879535645246506, 28.673501936718822, 4835.800000000000182 ], [ 83.879515528678894, 28.673505960032344, 4836.0 ], [ 83.879498597234488, 28.673512246459723, 4836.399999999999636 ], [ 83.879488203674555, 28.673520209267735, 4837.199999999999818 ], [ 83.879484767094254, 28.673520796000957, 4837.600000000000364 ], [ 83.87947428971529, 28.673526244238019, 4837.800000000000182 ], [ 83.879466662183404, 28.673534207046032, 4838.199999999999818 ], [ 83.87948258779943, 28.673542337492108, 4838.600000000000364 ], [ 83.8794996868819, 28.67354728281498, 4839.199999999999818 ], [ 83.879534807056189, 28.673558933660388, 4839.600000000000364 ], [ 83.879554588347673, 28.673566645011302, 4840.0 ], [ 83.879555761814117, 28.673575613647699, 4840.600000000000364 ], [ 83.879573028534651, 28.673593299463391, 4841.399999999999636 ], [ 83.879578225314617, 28.673602603375912, 4841.800000000000182 ], [ 83.879581913352013, 28.673618277534839, 4842.199999999999818 ], [ 83.879584511741996, 28.673627162352204, 4842.800000000000182 ], [ 83.879587026312947, 28.67363328114152, 4843.0 ], [ 83.879594653844833, 28.673648200929165, 4843.600000000000364 ], [ 83.879602700471878, 28.673655325546861, 4843.800000000000182 ], [ 83.879603957757354, 28.673658343031999, 4844.0 ], [ 83.879630360752344, 28.67367435246706, 4844.800000000000182 ], [ 83.879629606381059, 28.673675693571568, 4844.800000000000182 ], [ 83.879632288590074, 28.673679381608963, 4845.0 ], [ 83.879628600552678, 28.673685751855373, 4845.199999999999818 ], [ 83.879613596946001, 28.673695642501116, 4845.800000000000182 ], [ 83.879608316347003, 28.673699665814642, 4846.0 ], [ 83.879592390730977, 28.673700001090765, 4846.399999999999636 ], [ 83.8795514870435, 28.673687176778913, 4847.0 ], [ 83.879545284435153, 28.673687763512135, 4847.399999999999636 ], [ 83.879520976915956, 28.673679549247023, 4848.0 ], [ 83.879515025764704, 28.673677621409297, 4848.399999999999636 ], [ 83.879488119855523, 28.67367628030479, 4849.0 ], [ 83.879483509808779, 28.673673011362553, 4849.199999999999818 ], [ 83.87946205213666, 28.673677453771234, 4850.199999999999818 ], [ 83.879461968317628, 28.673677453771234, 4850.399999999999636 ], [ 83.879437744617462, 28.673685165122151, 4851.199999999999818 ], [ 83.879393404349685, 28.673687763512135, 4852.399999999999636 ], [ 83.879384016618133, 28.673687009140849, 4853.0 ], [ 83.879355937242508, 28.673690529540181, 4853.399999999999636 ], [ 83.879337999969721, 28.673689272254705, 4854.0 ], [ 83.879307573661208, 28.673685835674405, 4854.399999999999636 ], [ 83.879268262535334, 28.673678291961551, 4855.600000000000364 ], [ 83.879262814298272, 28.673675442114472, 4855.800000000000182 ], [ 83.87922802940011, 28.673676867038012, 4856.0 ], [ 83.879219982773066, 28.673672676086422, 4856.600000000000364 ], [ 83.87920212931931, 28.673660522326827, 4857.399999999999636 ], [ 83.879188718274236, 28.673656079918143, 4857.800000000000182 ], [ 83.879154855385423, 28.673624647781253, 4858.0 ], [ 83.879159968346357, 28.673615008592609, 4858.399999999999636 ], [ 83.879161644726992, 28.673616601154208, 4858.800000000000182 ], [ 83.879161644726992, 28.673616601154208, 4859.0 ], [ 83.879161644726992, 28.673616601154208, 4859.600000000000364 ], [ 83.879161644726992, 28.673616601154208, 4859.600000000000364 ], [ 83.879161644726992, 28.673616601154208, 4859.600000000000364 ], [ 83.879161644726992, 28.673616601154208, 4859.600000000000364 ], [ 83.879161644726992, 28.673616601154208, 4859.600000000000364 ], [ 83.879161644726992, 28.673616601154208, 4859.600000000000364 ], [ 83.879161644726992, 28.673616601154208, 4859.600000000000364 ], [ 83.879118813201785, 28.673620205372572, 4859.600000000000364 ], [ 83.879094840958714, 28.673599669709802, 4859.800000000000182 ], [ 83.879071036353707, 28.673561867326494, 4859.800000000000182 ], [ 83.879074389114976, 28.673558682203293, 4860.0 ], [ 83.879072545096278, 28.673537643626332, 4860.800000000000182 ], [ 83.879060307517648, 28.67351895198226, 4861.0 ], [ 83.87904329225421, 28.673469666391611, 4861.399999999999636 ], [ 83.87902325950563, 28.673443431034684, 4861.600000000000364 ], [ 83.879012782126665, 28.673431361094117, 4862.0 ], [ 83.879010854288936, 28.673428930342197, 4862.199999999999818 ], [ 83.878976153209805, 28.67339825257659, 4863.0 ], [ 83.878960143774748, 28.67335868999362, 4863.600000000000364 ], [ 83.878960311412811, 28.673294149339199, 4863.800000000000182 ], [ 83.878942793235183, 28.673263471573591, 4864.199999999999818 ], [ 83.878921251744032, 28.673237739130855, 4864.600000000000364 ], [ 83.878916641697288, 28.673221310600638, 4865.199999999999818 ], [ 83.878913456574082, 28.673214269801974, 4865.399999999999636 ], [ 83.878891244530678, 28.673193734139204, 4866.199999999999818 ], [ 83.878873307257891, 28.673198763281107, 4866.399999999999636 ], [ 83.878845311701298, 28.673184681683779, 4866.600000000000364 ], [ 83.878798373043537, 28.673140006139871, 4866.800000000000182 ], [ 83.878758056089282, 28.673117207363248, 4867.199999999999818 ], [ 83.878750260919333, 28.673113435506821, 4867.399999999999636 ], [ 83.878719415515661, 28.67309189401567, 4868.199999999999818 ], [ 83.878713296726346, 28.673083931207657, 4868.399999999999636 ], [ 83.878675410524011, 28.67304009385407, 4868.800000000000182 ], [ 83.878636015579104, 28.673001285642385, 4869.0 ], [ 83.878607684746385, 28.67296976968646, 4869.0 ], [ 83.878591004759073, 28.672961806878448, 4869.0 ], [ 83.878572061657906, 28.672955185174946, 4869.399999999999636 ], [ 83.878566194325686, 28.672947892919183, 4869.600000000000364 ], [ 83.878541886806488, 28.672927943989635, 4869.800000000000182 ], [ 83.878512717783451, 28.672899696975943, 4870.0 ], [ 83.878504168242216, 28.672894332557917, 4870.399999999999636 ], [ 83.878495953977108, 28.672890979796648, 4870.600000000000364 ], [ 83.878492685034871, 28.672883687540889, 4871.0 ], [ 83.878479525446892, 28.67287740111351, 4871.600000000000364 ], [ 83.878473909571767, 28.672862146049734, 4872.0 ], [ 83.878448260948062, 28.672843119129539, 4872.800000000000182 ], [ 83.878408614546061, 28.672808334231377, 4873.800000000000182 ], [ 83.878408027812839, 28.672808334231377, 4874.0 ], [ 83.878409452736378, 28.672804897651076, 4875.199999999999818 ], [ 83.878408279269934, 28.672805149108171, 4875.600000000000364 ], [ 83.87840760871768, 28.672804227098823, 4875.600000000000364 ], [ 83.87840760871768, 28.672804227098823, 4875.600000000000364 ], [ 83.87840760871768, 28.672804227098823, 4875.600000000000364 ], [ 83.87840760871768, 28.672804227098823, 4875.800000000000182 ], [ 83.878411799669266, 28.672799868509173, 4876.0 ], [ 83.878390425816178, 28.672781344503164, 4876.0 ], [ 83.878365699201822, 28.672782937064767, 4876.0 ], [ 83.87832161039114, 28.672776315361261, 4876.199999999999818 ], [ 83.878312222659588, 28.672775477170944, 4876.399999999999636 ], [ 83.878286490216851, 28.672767849639055, 4877.399999999999636 ], [ 83.878275342285633, 28.672765670344234, 4877.600000000000364 ], [ 83.87822731398046, 28.672740859910849, 4878.800000000000182 ], [ 83.878191271796823, 28.672704314813014, 4879.199999999999818 ], [ 83.878141902387142, 28.672663578763604, 4879.600000000000364 ], [ 83.878133855760098, 28.672660142183304, 4880.0 ], [ 83.878105357289314, 28.672634912654757, 4880.600000000000364 ], [ 83.878098484128714, 28.672623429447412, 4881.0 ], [ 83.878086833283305, 28.672613790258765, 4882.0 ], [ 83.878079960122705, 28.672612784430385, 4882.199999999999818 ], [ 83.878054227679968, 28.672600798308849, 4882.199999999999818 ], [ 83.878016509115696, 28.672589063644409, 4883.0 ], [ 83.877996560186148, 28.672577748075128, 4883.199999999999818 ], [ 83.877994883805513, 28.672575736418366, 4883.800000000000182 ], [ 83.877951297909021, 28.672561571002007, 4884.199999999999818 ], [ 83.877922045066953, 28.672555536031723, 4885.399999999999636 ], [ 83.877910394221544, 28.672556290403008, 4886.399999999999636 ], [ 83.877892037853599, 28.672552853822708, 4887.0 ], [ 83.877864629030228, 28.672557380050421, 4887.0 ], [ 83.877865131944418, 28.672556709498167, 4887.199999999999818 ], [ 83.877861779183149, 28.672558972612023, 4887.600000000000364 ], [ 83.877848703414202, 28.672564923763275, 4888.399999999999636 ], [ 83.87784275226295, 28.672565007582307, 4888.600000000000364 ], [ 83.877806290984154, 28.672554446384311, 4889.199999999999818 ], [ 83.877803692594171, 28.672554027289152, 4889.800000000000182 ], [ 83.877785755321383, 28.672554781660441, 4890.0 ], [ 83.877783073112369, 28.672555619850755, 4890.800000000000182 ], [ 83.877786509692669, 28.672554446384311, 4891.0 ], [ 83.877778043970466, 28.67255293764174, 4891.800000000000182 ], [ 83.877769159153104, 28.672548579052091, 4892.0 ], [ 83.877767315134406, 28.672547489404678, 4892.0 ], [ 83.877755915746093, 28.672546148300171, 4892.399999999999636 ], [ 83.877734960988164, 28.672537095844746, 4892.600000000000364 ], [ 83.877697410061955, 28.672522930428386, 4892.800000000000182 ], [ 83.877682825550437, 28.672520499676462, 4892.800000000000182 ], [ 83.877673437818885, 28.672519745305181, 4892.800000000000182 ], [ 83.877674778923392, 28.672519493848085, 4893.0 ], [ 83.877664133906364, 28.672518068924543, 4893.0 ], [ 83.877623900771141, 28.672515638172623, 4893.199999999999818 ], [ 83.877608142793179, 28.672510189935565, 4894.0 ], [ 83.877608645707369, 28.67251287214458, 4894.600000000000364 ], [ 83.877602526918054, 28.672518488019705, 4895.199999999999818 ], [ 83.877584841102362, 28.672511950135231, 4895.800000000000182 ], [ 83.877574782818556, 28.672510609030724, 4896.399999999999636 ], [ 83.877557432278991, 28.672506669536233, 4896.600000000000364 ], [ 83.877528179436922, 28.672496527433395, 4897.199999999999818 ], [ 83.877510828897357, 28.672495605424047, 4897.199999999999818 ], [ 83.87750462628901, 28.672495689243078, 4897.399999999999636 ], [ 83.877492304891348, 28.672495102509856, 4898.199999999999818 ], [ 83.877489035949111, 28.672498455271125, 4898.399999999999636 ], [ 83.877458358183503, 28.672498874366283, 4899.600000000000364 ], [ 83.877458106726408, 28.672512704506516, 4899.800000000000182 ], [ 83.877451149746776, 28.672514548525218, 4900.0 ], [ 83.877438325434923, 28.67251823656261, 4900.0 ], [ 83.877422902733088, 28.67252117022872, 4900.199999999999818 ], [ 83.8774274289608, 28.672519745305181, 4900.399999999999636 ], [ 83.877429105341434, 28.67251924239099, 4900.600000000000364 ], [ 83.877431116998196, 28.672521421685815, 4900.600000000000364 ], [ 83.877432458102703, 28.672521337866783, 4900.800000000000182 ], [ 83.877432458102703, 28.672521337866783, 4901.0 ], [ 83.877408234402537, 28.672512117773294, 4901.0 ], [ 83.877409240230918, 28.672510273754597, 4901.399999999999636 ], [ 83.877405468374491, 28.672515638172623, 4902.0 ], [ 83.877376550808549, 28.672522427514195, 4902.0 ], [ 83.877355260774493, 28.672527289018035, 4902.800000000000182 ], [ 83.877352997660637, 28.672526115551591, 4903.199999999999818 ], [ 83.877334306016564, 28.672529719769955, 4904.199999999999818 ], [ 83.877325756475329, 28.672529216855764, 4904.199999999999818 ], [ 83.877288121730089, 28.672524858266115, 4905.199999999999818 ], [ 83.877282002940774, 28.6725221760571, 4905.800000000000182 ], [ 83.877254594117403, 28.672514883801341, 4906.199999999999818 ], [ 83.877244032919407, 28.672511866316199, 4906.199999999999818 ], [ 83.877225005999207, 28.672496778890491, 4907.0 ], [ 83.877209750935435, 28.672492671757936, 4907.399999999999636 ], [ 83.877201369032264, 28.672494180500507, 4908.199999999999818 ], [ 83.877202123403549, 28.672490241006017, 4908.399999999999636 ], [ 83.877201955765486, 28.67248630151153, 4908.600000000000364 ], [ 83.877201955765486, 28.67248630151153, 4908.600000000000364 ], [ 83.877201955765486, 28.67248630151153, 4908.800000000000182 ], [ 83.877201369032264, 28.672487810254097, 4908.800000000000182 ], [ 83.877201955765486, 28.67248630151153, 4909.0 ], [ 83.877201955765486, 28.67248630151153, 4909.0 ], [ 83.877193238586187, 28.672487139701843, 4909.0 ], [ 83.877201955765486, 28.67248630151153, 4909.199999999999818 ], [ 83.877195753157139, 28.672486636787653, 4909.199999999999818 ], [ 83.877184018492699, 28.672481020912528, 4909.199999999999818 ], [ 83.877188796177506, 28.672480182722211, 4909.600000000000364 ], [ 83.877175636589527, 28.672481523826718, 4909.600000000000364 ], [ 83.877175636589527, 28.672481523826718, 4910.0 ], [ 83.87717479839921, 28.672483284026384, 4910.399999999999636 ], [ 83.877146551385522, 28.672478087246414, 4910.399999999999636 ], [ 83.877119394019246, 28.67247330956161, 4910.600000000000364 ], [ 83.877111682668328, 28.672457635402679, 4911.399999999999636 ], [ 83.877108246088028, 28.672454198822379, 4911.600000000000364 ], [ 83.877091147005558, 28.672443386167288, 4912.800000000000182 ], [ 83.877078909426928, 28.672432573512197, 4913.399999999999636 ], [ 83.877066671848297, 28.672430058941245, 4913.800000000000182 ], [ 83.877019733190536, 28.672405583783984, 4914.399999999999636 ], [ 83.876998526975513, 28.672368284314871, 4914.800000000000182 ], [ 83.87698620557785, 28.672352945432067, 4915.0 ], [ 83.876960221678019, 28.672330901026729, 4915.600000000000364 ], [ 83.87698226608336, 28.672346156090494, 4915.800000000000182 ], [ 83.87698226608336, 28.672346156090494, 4915.800000000000182 ], [ 83.87698226608336, 28.672346156090494, 4915.800000000000182 ], [ 83.876930549740791, 28.67230667732656, 4916.0 ], [ 83.876861901953816, 28.672245321795344, 4916.199999999999818 ], [ 83.876829631626606, 28.672223445028067, 4916.399999999999636 ], [ 83.876813454553485, 28.672205759212375, 4916.600000000000364 ], [ 83.87680490501225, 28.672196622937921, 4916.800000000000182 ], [ 83.876715302467346, 28.672130405902863, 4917.0 ], [ 83.876621257513762, 28.672080533578992, 4917.399999999999636 ], [ 83.876537522301078, 28.672047257423401, 4918.0 ], [ 83.876524195075035, 28.67204868234694, 4918.199999999999818 ], [ 83.87645797803998, 28.67204692214727, 4919.0 ], [ 83.87644867412746, 28.672044994309545, 4919.199999999999818 ], [ 83.876427551731467, 28.672046419233084, 4920.399999999999636 ], [ 83.876403495669365, 28.672039210796356, 4921.199999999999818 ], [ 83.876400142908096, 28.672037031501532, 4921.399999999999636 ], [ 83.876374075189233, 28.672032169997692, 4921.600000000000364 ], [ 83.876345828175545, 28.672047592699528, 4922.0 ], [ 83.876340631395578, 28.672048766165972, 4922.199999999999818 ], [ 83.876339793205261, 28.672050777822733, 4922.399999999999636 ], [ 83.87633970938623, 28.672051029279828, 4922.600000000000364 ], [ 83.87633970938623, 28.672051029279828, 4922.800000000000182 ], [ 83.87633970938623, 28.672051029279828, 4922.800000000000182 ], [ 83.87632118538022, 28.672056226059791, 4923.0 ], [ 83.876298638060689, 28.672059578821063, 4923.800000000000182 ], [ 83.876274581998587, 28.67206108756363, 4924.0 ], [ 83.876261590048671, 28.672066535800695, 4924.199999999999818 ], [ 83.87622931972146, 28.672069972380996, 4924.600000000000364 ], [ 83.87622538022697, 28.672069888561964, 4924.800000000000182 ], [ 83.876216327771544, 28.672072654590011, 4925.0 ], [ 83.876202749088407, 28.672073073685169, 4925.600000000000364 ], [ 83.876175843179226, 28.672070391476151, 4926.199999999999818 ], [ 83.876163605600595, 28.672070894390345, 4926.600000000000364 ], [ 83.87610275298357, 28.672071984037757, 4927.199999999999818 ], [ 83.876100825145841, 28.672069804742932, 4927.399999999999636 ], [ 83.876073751598597, 28.67206921800971, 4928.399999999999636 ], [ 83.876048102974892, 28.672077348455787, 4929.0 ], [ 83.876035194844007, 28.672084556892511, 4929.399999999999636 ], [ 83.876006947830319, 28.672098638489839, 4929.800000000000182 ], [ 83.875954560935497, 28.67210115306079, 4930.199999999999818 ], [ 83.875941149890423, 28.67210341617465, 4930.600000000000364 ], [ 83.875916255638003, 28.672102326527241, 4931.399999999999636 ], [ 83.875910053029656, 28.67210241034627, 4931.600000000000364 ], [ 83.875894295051694, 28.672101907432079, 4932.199999999999818 ], [ 83.875881051644683, 28.672100231051445, 4932.800000000000182 ], [ 83.875846602022648, 28.672094028443095, 4933.399999999999636 ], [ 83.875833861529827, 28.672091932967305, 4933.800000000000182 ], [ 83.875826401636004, 28.672091765329242, 4934.399999999999636 ], [ 83.875790862366557, 28.672091094776988, 4935.0 ], [ 83.875756999477744, 28.67208581417799, 4935.199999999999818 ], [ 83.875710228458047, 28.672088161110882, 4936.0 ], [ 83.875687094405293, 28.672088915482163, 4936.600000000000364 ], [ 83.87567519210279, 28.672089837491512, 4937.199999999999818 ], [ 83.87565172277391, 28.672089166939259, 4937.600000000000364 ], [ 83.87562682852149, 28.672092603519559, 4937.800000000000182 ], [ 83.875607633963227, 28.67209461517632, 4938.399999999999636 ], [ 83.875575447455049, 28.6721112113446, 4938.800000000000182 ], [ 83.875505290925503, 28.67212101817131, 4938.800000000000182 ], [ 83.875451814383268, 28.672137446701527, 4939.600000000000364 ], [ 83.875427842140198, 28.672144487500191, 4940.199999999999818 ], [ 83.875368079170585, 28.672152031213045, 4940.800000000000182 ], [ 83.875353494659066, 28.672152701765299, 4940.800000000000182 ], [ 83.875289373099804, 28.672152701765299, 4941.0 ], [ 83.875242602080107, 28.672163095325232, 4941.199999999999818 ], [ 83.87517873197794, 28.672175332903866, 4941.399999999999636 ], [ 83.875129697844386, 28.672182625159621, 4941.399999999999636 ], [ 83.875105641782284, 28.672185223549604, 4941.600000000000364 ], [ 83.875053422525525, 28.672185642644763, 4941.800000000000182 ], [ 83.8750184699893, 28.672186899930239, 4941.800000000000182 ], [ 83.87492073699832, 28.672176171094179, 4941.800000000000182 ], [ 83.874859213829041, 28.672167705371976, 4941.800000000000182 ], [ 83.874790230765939, 28.672171393409371, 4942.0 ], [ 83.87470331043005, 28.672165106981993, 4942.0 ], [ 83.87467548251152, 28.67215815000236, 4942.0 ], [ 83.874589651823044, 28.672136105597019, 4942.0 ], [ 83.874510442838073, 28.672115737572312, 4942.199999999999818 ], [ 83.874429054558277, 28.672094782814384, 4942.199999999999818 ], [ 83.874341882765293, 28.672064524143934, 4942.199999999999818 ], [ 83.87426158413291, 28.672038288787007, 4942.399999999999636 ], [ 83.874199222773314, 28.672020519152284, 4942.800000000000182 ], [ 83.87418195605278, 28.672018842771649, 4942.800000000000182 ], [ 83.874098304659128, 28.671981124207377, 4943.199999999999818 ], [ 83.874063184484839, 28.671967964619402, 4943.800000000000182 ], [ 83.874011132866144, 28.671943573281169, 4944.399999999999636 ], [ 83.873956566676497, 28.671904010698199, 4944.800000000000182 ], [ 83.873948520049453, 28.671901077032089, 4945.0 ], [ 83.873886577785015, 28.671883139759306, 4945.800000000000182 ], [ 83.873877609148622, 28.671879451721907, 4946.0 ], [ 83.873846679925919, 28.671876266598701, 4947.0 ], [ 83.873844332993031, 28.671872662380338, 4947.199999999999818 ], [ 83.873823713511229, 28.67184299044311, 4947.600000000000364 ], [ 83.873823881149292, 28.671838212758303, 4947.800000000000182 ], [ 83.873816840350628, 28.671821113675833, 4948.199999999999818 ], [ 83.873813655227423, 28.671804433688521, 4948.600000000000364 ], [ 83.873802088201046, 28.671780461445451, 4949.199999999999818 ], [ 83.873806949704885, 28.67177358828485, 4949.800000000000182 ], [ 83.873806865885854, 28.67177358828485, 4950.399999999999636 ], [ 83.873806865885854, 28.67177358828485, 4950.399999999999636 ], [ 83.873806865885854, 28.67177358828485, 4950.800000000000182 ], [ 83.873806865885854, 28.67177358828485, 4950.800000000000182 ], [ 83.873817343264818, 28.671741988509893, 4951.0 ], [ 83.873819438740611, 28.671728661283851, 4951.600000000000364 ], [ 83.873818768188357, 28.671705024316907, 4952.199999999999818 ], [ 83.873816756531596, 28.671706113964319, 4952.600000000000364 ], [ 83.873818516731262, 28.671705275773999, 4953.600000000000364 ], [ 83.873818265274167, 28.671703264117241, 4953.600000000000364 ], [ 83.873818852007389, 28.671705275773999, 4953.600000000000364 ], [ 83.873818516731262, 28.671705275773999, 4953.600000000000364 ], [ 83.873818516731262, 28.671705275773999, 4953.600000000000364 ], [ 83.873818516731262, 28.671705275773999, 4953.600000000000364 ], [ 83.873829413205385, 28.671704437583685, 4953.600000000000364 ], [ 83.873831760138273, 28.671691361814737, 4953.600000000000364 ], [ 83.873846512287855, 28.671635035425425, 4953.800000000000182 ], [ 83.87384626083076, 28.671613996848464, 4953.800000000000182 ], [ 83.873841064050794, 28.671609051525593, 4954.0 ], [ 83.873806279152632, 28.671575607731938, 4954.800000000000182 ], [ 83.87379546649754, 28.671567812561989, 4955.0 ], [ 83.87374509125948, 28.671543085947633, 4956.0 ], [ 83.873712988570333, 28.671541158109903, 4956.399999999999636 ], [ 83.873699409887195, 28.671533027663827, 4956.800000000000182 ], [ 83.873687423765659, 28.671522131189704, 4957.199999999999818 ], [ 83.873669235035777, 28.671511486172676, 4957.600000000000364 ], [ 83.873647358268499, 28.671499080955986, 4958.199999999999818 ], [ 83.873644843697548, 28.671497656032443, 4958.399999999999636 ], [ 83.873646184802055, 28.671500673517585, 4959.0 ], [ 83.873643083497882, 28.671500170603395, 4959.199999999999818 ], [ 83.873609136790037, 28.671476198360324, 4959.199999999999818 ], [ 83.873575441539288, 28.6714549921453, 4960.0 ], [ 83.873544847592711, 28.671436635777351, 4960.199999999999818 ], [ 83.873517187312245, 28.67142322473228, 4960.600000000000364 ], [ 83.873501094058156, 28.671414842829108, 4961.399999999999636 ], [ 83.873489862307906, 28.67140713147819, 4961.800000000000182 ], [ 83.873458681628108, 28.671381818130612, 4962.399999999999636 ], [ 83.87345633469522, 28.671382237225771, 4962.399999999999636 ], [ 83.873458849266171, 28.671381818130612, 4962.399999999999636 ], [ 83.873461615294218, 28.671384081244469, 4962.600000000000364 ], [ 83.873468991369009, 28.671397073194385, 4962.800000000000182 ], [ 83.873475696891546, 28.671403946354985, 4963.399999999999636 ], [ 83.873475696891546, 28.671403946354985, 4963.399999999999636 ], [ 83.873443091288209, 28.671384835615751, 4964.0 ], [ 83.873385675251484, 28.67136656306684, 4964.399999999999636 ], [ 83.873373018577695, 28.67136312648654, 4964.600000000000364 ], [ 83.873353488743305, 28.6713513918221, 4965.800000000000182 ], [ 83.873301018029451, 28.671337896957994, 4966.199999999999818 ], [ 83.873264389112592, 28.671335969120264, 4966.800000000000182 ], [ 83.873234465718269, 28.671342004090548, 4967.199999999999818 ], [ 83.873203285038471, 28.671375196427107, 4967.800000000000182 ], [ 83.873200602829456, 28.671388858929276, 4968.0 ], [ 83.873205045238137, 28.671394474804401, 4968.199999999999818 ], [ 83.873183755204082, 28.671401683241129, 4968.600000000000364 ], [ 83.873168751597404, 28.671404449269176, 4969.199999999999818 ], [ 83.873142851516604, 28.67140855640173, 4969.800000000000182 ], [ 83.87312357313931, 28.671410651877519, 4970.399999999999636 ], [ 83.873088285326958, 28.671414759010077, 4971.199999999999818 ], [ 83.873087782412767, 28.671412328258157, 4971.399999999999636 ], [ 83.873087279498577, 28.671412244439125, 4971.399999999999636 ], [ 83.873087279498577, 28.671412160620093, 4971.399999999999636 ], [ 83.873087279498577, 28.671412160620093, 4971.399999999999636 ], [ 83.873087279498577, 28.671412160620093, 4971.399999999999636 ], [ 83.873087279498577, 28.671412160620093, 4971.399999999999636 ], [ 83.873087279498577, 28.671412160620093, 4971.399999999999636 ], [ 83.873087279498577, 28.671412160620093, 4971.399999999999636 ], [ 83.873104210942984, 28.671419620513916, 4971.399999999999636 ], [ 83.873104462400079, 28.671419620513916, 4971.399999999999636 ], [ 83.873116113245487, 28.671425823122263, 4971.399999999999636 ], [ 83.873113682493567, 28.671428924426436, 4971.399999999999636 ], [ 83.873038329184055, 28.671463960781693, 4971.399999999999636 ], [ 83.872975381091237, 28.671496901661161, 4971.399999999999636 ], [ 83.872883766889572, 28.671534871682525, 4971.399999999999636 ], [ 83.872785530984402, 28.671563621610403, 4972.199999999999818 ], [ 83.872746638953686, 28.671568231657147, 4972.600000000000364 ], [ 83.872741525992751, 28.671575104817748, 4972.800000000000182 ], [ 83.872702717781067, 28.671595137566328, 4973.199999999999818 ], [ 83.872655862942338, 28.671606285497543, 4973.600000000000364 ], [ 83.872607666999102, 28.67162355221808, 4973.600000000000364 ], [ 83.872552514076233, 28.671653140336275, 4974.399999999999636 ], [ 83.872515046969056, 28.671682141721249, 4974.800000000000182 ], [ 83.872491326183081, 28.671702593564987, 4975.399999999999636 ], [ 83.872469868510962, 28.671717429533601, 4975.800000000000182 ], [ 83.872425695881248, 28.671733858063817, 4977.0 ], [ 83.872418152168393, 28.671738551929593, 4977.199999999999818 ], [ 83.872345313429832, 28.671760093420744, 4977.600000000000364 ], [ 83.872254872694612, 28.671759003773332, 4977.800000000000182 ], [ 83.87224406003952, 28.671759171411395, 4978.0 ], [ 83.872206341475248, 28.671768726781011, 4978.399999999999636 ], [ 83.872121181339025, 28.671787837520242, 4978.600000000000364 ], [ 83.872060077264905, 28.671800829470161, 4978.800000000000182 ], [ 83.871991094201803, 28.671833435073495, 4979.0 ], [ 83.87197969481349, 28.671837206929919, 4979.0 ], [ 83.871940635144711, 28.671861598268151, 4979.199999999999818 ], [ 83.871911633759737, 28.671873835846782, 4979.199999999999818 ], [ 83.8718341011554, 28.671898646280169, 4980.0 ], [ 83.871828652918339, 28.671901328489184, 4980.199999999999818 ], [ 83.871755981817842, 28.671922953799367, 4980.199999999999818 ], [ 83.871695632115006, 28.671944662928581, 4981.199999999999818 ], [ 83.871663026511669, 28.671943908557296, 4981.399999999999636 ], [ 83.871615836396813, 28.671952122822404, 4982.0 ], [ 83.871542913839221, 28.671967042610049, 4982.399999999999636 ], [ 83.871529251337051, 28.67197928018868, 4983.399999999999636 ], [ 83.871525730937719, 28.671981627121568, 4983.600000000000364 ], [ 83.871526150032878, 28.671981543302536, 4983.600000000000364 ], [ 83.871527742594481, 28.671981878578663, 4983.800000000000182 ], [ 83.871537130326033, 28.672007778659463, 4984.199999999999818 ], [ 83.871576189994812, 28.672074917703867, 4984.600000000000364 ], [ 83.871580800041556, 28.672082712873816, 4984.600000000000364 ], [ 83.871588930487633, 28.672105595469475, 4985.600000000000364 ], [ 83.871594127267599, 28.672130322083831, 4986.399999999999636 ], [ 83.871595300734043, 28.672132333740592, 4987.0 ], [ 83.87161030434072, 28.672154378145933, 4988.199999999999818 ], [ 83.871626984328032, 28.672174662351608, 4989.0 ], [ 83.871628660708666, 28.672216739505529, 4989.199999999999818 ], [ 83.871634192764759, 28.672234006226063, 4990.399999999999636 ], [ 83.871628912165761, 28.672245740890503, 4991.399999999999636 ], [ 83.871624721214175, 28.67225538007915, 4992.199999999999818 ], [ 83.871628995984793, 28.672264264896512, 4992.600000000000364 ], [ 83.871629917994142, 28.672284800559279, 4993.399999999999636 ], [ 83.871626984328032, 28.672285722568631, 4993.600000000000364 ], [ 83.871614160016179, 28.672288488596681, 4994.199999999999818 ], [ 83.871609047055244, 28.672286560758948, 4994.800000000000182 ], [ 83.87161809951067, 28.672295361757278, 4994.800000000000182 ], [ 83.871622122824192, 28.672282705083489, 4995.800000000000182 ], [ 83.871622122824192, 28.672282705083489, 4995.800000000000182 ], [ 83.871622122824192, 28.672282705083489, 4995.800000000000182 ], [ 83.871628073975444, 28.672273401170969, 4996.0 ], [ 83.871622122824192, 28.672282705083489, 4997.0 ], [ 83.871622122824192, 28.672282705083489, 4997.199999999999818 ], [ 83.871609885245562, 28.672284297645092, 4997.199999999999818 ], [ 83.871606281027198, 28.672281783074141, 4997.199999999999818 ], [ 83.871602844446898, 28.672265606001019, 4997.199999999999818 ], [ 83.871585661545396, 28.67219427600503, 4997.199999999999818 ], [ 83.871583146974444, 28.672189246863127, 4997.199999999999818 ], [ 83.871567891910672, 28.672160496935248, 4996.399999999999636 ], [ 83.87156336568296, 28.672144487500191, 4996.199999999999818 ], [ 83.871546350419521, 28.67212001234293, 4995.399999999999636 ], [ 83.871534615755081, 28.672100650146604, 4993.800000000000182 ], [ 83.871519863605499, 28.672084053978324, 4992.600000000000364 ], [ 83.871513158082962, 28.672073325142264, 4992.0 ], [ 83.871507123112679, 28.6720628477633, 4991.399999999999636 ], [ 83.8714783731848, 28.672037282958627, 4990.399999999999636 ], [ 83.871449120342731, 28.672023033723235, 4989.399999999999636 ], [ 83.871438726782799, 28.672017753124237, 4989.399999999999636 ], [ 83.871412994340062, 28.67200518026948, 4989.199999999999818 ], [ 83.8713782094419, 28.672008533030748, 4989.199999999999818 ], [ 83.871346190571785, 28.672028565779328, 4989.199999999999818 ], [ 83.87133814394474, 28.672034349292517, 4989.199999999999818 ], [ 83.871329594403505, 28.672036863863468, 4989.0 ], [ 83.871307382360101, 28.672047005966306, 4988.399999999999636 ], [ 83.871278800070286, 28.67205404676497, 4987.199999999999818 ], [ 83.871232364326715, 28.672066451981664, 4986.800000000000182 ], [ 83.87114611454308, 28.672090927138925, 4986.0 ], [ 83.871117448434234, 28.672095621004701, 4986.0 ], [ 83.871022816747427, 28.672109032049775, 4986.0 ], [ 83.870944194495678, 28.67214247584343, 4985.199999999999818 ], [ 83.870841097086668, 28.672159994021055, 4985.199999999999818 ], [ 83.870811173692346, 28.672163682058457, 4985.0 ], [ 83.870699778199196, 28.67219134233892, 4984.600000000000364 ], [ 83.870671615004539, 28.672192180529237, 4984.600000000000364 ], [ 83.870599111542106, 28.672208776697516, 4984.0 ], [ 83.870585365220904, 28.672212967649106, 4983.800000000000182 ], [ 83.870559884235263, 28.672222858294845, 4983.600000000000364 ], [ 83.870493080466986, 28.672256302088499, 4982.800000000000182 ], [ 83.870460139587522, 28.672267869114876, 4982.800000000000182 ], [ 83.870412781834602, 28.672290164977312, 4982.0 ], [ 83.870399203151464, 28.672295026481152, 4981.800000000000182 ], [ 83.870317144319415, 28.672315143048763, 4981.600000000000364 ], [ 83.870227038860321, 28.67234188131988, 4981.600000000000364 ], [ 83.870128970593214, 28.672384042292833, 4981.399999999999636 ], [ 83.870062585920095, 28.672404661774635, 4981.0 ], [ 83.870023107156157, 28.67241027764976, 4980.800000000000182 ], [ 83.869994273409247, 28.672413546591997, 4980.600000000000364 ], [ 83.869965020567179, 28.67241321131587, 4980.600000000000364 ], [ 83.869870556518435, 28.672442464157939, 4980.199999999999818 ], [ 83.869777182117105, 28.672467023134232, 4979.600000000000364 ], [ 83.869762765243649, 28.672470040619373, 4979.399999999999636 ], [ 83.869617758318782, 28.672491079196337, 4979.399999999999636 ], [ 83.869497394189239, 28.672504741698503, 4979.0 ], [ 83.869434865191579, 28.672520751133561, 4978.800000000000182 ], [ 83.869416508823633, 28.67251580581069, 4978.600000000000364 ], [ 83.869330929592252, 28.672565007582307, 4978.600000000000364 ], [ 83.869304191321135, 28.672590656206012, 4978.399999999999636 ], [ 83.869261695072055, 28.672632733359933, 4978.399999999999636 ], [ 83.869187263771892, 28.672683779150248, 4977.800000000000182 ], [ 83.869158010929823, 28.672717055305839, 4977.600000000000364 ], [ 83.869135798886418, 28.672760054469109, 4977.600000000000364 ], [ 83.869068408384919, 28.672834485769272, 4977.600000000000364 ], [ 83.86900638230145, 28.67288209497929, 4977.600000000000364 ], [ 83.868930106982589, 28.672944623976942, 4977.600000000000364 ], [ 83.868864392861724, 28.67298536002636, 4977.600000000000364 ], [ 83.868785267695785, 28.67300539277494, 4977.800000000000182 ], [ 83.868707232177258, 28.673041518777609, 4978.399999999999636 ], [ 83.868697341531515, 28.67304403334856, 4978.399999999999636 ], [ 83.868665155023336, 28.673052750527859, 4978.600000000000364 ], [ 83.868652582168579, 28.673055851832032, 4978.600000000000364 ], [ 83.868643948808312, 28.67305719293654, 4978.800000000000182 ], [ 83.868619641289115, 28.673062808811665, 4979.0 ], [ 83.868567757308483, 28.673067418858409, 4979.399999999999636 ], [ 83.86855635792017, 28.673069681972265, 4979.600000000000364 ], [ 83.86847966350615, 28.673086278140545, 4980.0 ], [ 83.868427108973265, 28.673111675307155, 4980.600000000000364 ], [ 83.868411937728524, 28.673116201534867, 4980.800000000000182 ], [ 83.86842685751617, 28.673113854601979, 4980.800000000000182 ], [ 83.868434736505151, 28.673113184049729, 4981.600000000000364 ], [ 83.868421409279108, 28.673125170171261, 4981.600000000000364 ], [ 83.868374386802316, 28.673136737197641, 4981.600000000000364 ], [ 83.8683130312711, 28.673159535974264, 4981.600000000000364 ], [ 83.868218567222357, 28.6732233222574, 4981.600000000000364 ], [ 83.868157882243395, 28.673285599797964, 4981.800000000000182 ], [ 83.868116643279791, 28.673337567597628, 4982.0 ], [ 83.868084792047739, 28.673395067453384, 4982.0 ], [ 83.868021592497826, 28.673452818766236, 4982.0 ], [ 83.867946909740567, 28.673504199832681, 4982.0 ], [ 83.867886727675796, 28.673537559807301, 4982.600000000000364 ], [ 83.867838280275464, 28.673575865104795, 4982.600000000000364 ], [ 83.867813469842076, 28.673599418252707, 4982.800000000000182 ], [ 83.867764016613364, 28.673641495406628, 4983.800000000000182 ], [ 83.86775647290051, 28.673647278919816, 4983.800000000000182 ], [ 83.86771691031754, 28.673674268648028, 4985.0 ], [ 83.867678353562951, 28.6736826505512, 4986.199999999999818 ], [ 83.867666702717543, 28.673685165122151, 4986.600000000000364 ], [ 83.86764457449317, 28.673694636672735, 4987.0 ], [ 83.867599815130234, 28.673717183992267, 4987.199999999999818 ], [ 83.867562180384994, 28.673721039667729, 4987.800000000000182 ], [ 83.867534268647432, 28.673731852322817, 4988.199999999999818 ], [ 83.867486072704196, 28.673757836222649, 4989.0 ], [ 83.867432344704866, 28.673796141520143, 4989.0 ], [ 83.867422454059124, 28.673802344128489, 4989.199999999999818 ], [ 83.867381885647774, 28.673831010237336, 4989.399999999999636 ], [ 83.867334611713886, 28.673864873126149, 4990.199999999999818 ], [ 83.867324888706207, 28.673873674124479, 4990.399999999999636 ], [ 83.867267891764641, 28.673897478729486, 4990.600000000000364 ], [ 83.867190526798368, 28.673925474286079, 4991.399999999999636 ], [ 83.867155071347952, 28.67394408211112, 4992.199999999999818 ], [ 83.867099499329925, 28.673965875059366, 4992.399999999999636 ], [ 83.867021296173334, 28.674004347994924, 4992.800000000000182 ], [ 83.867023307830095, 28.67401298135519, 4992.800000000000182 ], [ 83.867029845714569, 28.67400954477489, 4992.800000000000182 ], [ 83.867012159898877, 28.67400954477489, 4992.800000000000182 ], [ 83.867012578994036, 28.674011053517461, 4992.800000000000182 ], [ 83.867013081908226, 28.674009796231985, 4992.800000000000182 ], [ 83.8669712562114, 28.674026392400265, 4992.800000000000182 ], [ 83.866935046389699, 28.674056064337492, 4992.800000000000182 ], [ 83.866916103288531, 28.674068134278059, 4992.800000000000182 ], [ 83.866833625361323, 28.674097051844001, 4993.399999999999636 ], [ 83.866797666996717, 28.674107445403937, 4993.399999999999636 ], [ 83.866795236244798, 28.674105601385236, 4993.600000000000364 ], [ 83.866777047514915, 28.674105517566204, 4993.600000000000364 ], [ 83.866779897361994, 28.674104763194919, 4993.600000000000364 ], [ 83.866787273436785, 28.674105769023299, 4993.600000000000364 ], [ 83.866799008101225, 28.674097219482064, 4993.600000000000364 ], [ 83.866801271215081, 28.674106942489743, 4993.600000000000364 ], [ 83.866808982565999, 28.674114653840661, 4993.600000000000364 ], [ 83.866807725280523, 28.674114905297756, 4993.600000000000364 ], [ 83.866804540157318, 28.674109792336822, 4993.800000000000182 ], [ 83.866799930110574, 28.674102500081062, 4994.199999999999818 ], [ 83.866800349205732, 28.674101242795587, 4994.199999999999818 ], [ 83.866800349205732, 28.674101242795587, 4994.199999999999818 ], [ 83.866800349205732, 28.674101242795587, 4994.199999999999818 ], [ 83.866800349205732, 28.674101242795587, 4994.199999999999818 ], [ 83.866800349205732, 28.674101242795587, 4994.199999999999818 ], [ 83.866800349205732, 28.674101242795587, 4994.199999999999818 ], [ 83.866800349205732, 28.674101242795587, 4994.0 ], [ 83.866800349205732, 28.674101242795587, 4994.0 ], [ 83.866800349205732, 28.674101242795587, 4994.0 ], [ 83.866787357255816, 28.674095291644335, 4994.0 ], [ 83.866787357255816, 28.674090765416626, 4994.0 ], [ 83.866761792451143, 28.674134686589241, 4994.0 ], [ 83.866688702255487, 28.674196293577552, 4994.0 ], [ 83.86663069948554, 28.674227558076382, 4994.0 ], [ 83.866556854918599, 28.674257146194577, 4994.399999999999636 ], [ 83.866507401689887, 28.674286147579551, 4994.600000000000364 ], [ 83.866496002301574, 28.674300480633978, 4994.600000000000364 ], [ 83.866424085572362, 28.674340043216944, 4995.0 ], [ 83.866399023681879, 28.67436233907938, 4995.0 ], [ 83.866330124437809, 28.674405757337809, 4995.199999999999818 ], [ 83.866290729492903, 28.67443760856986, 4995.399999999999636 ], [ 83.866280503571033, 28.674442637711763, 4995.600000000000364 ], [ 83.866222752258182, 28.6744942702353, 4996.399999999999636 ], [ 83.866147315129638, 28.674536347389221, 4996.399999999999636 ], [ 83.866078667342663, 28.674573311582208, 4996.600000000000364 ], [ 83.866050839424133, 28.674594517797232, 4996.600000000000364 ], [ 83.86602284386754, 28.674618406221271, 4996.800000000000182 ], [ 83.865972300991416, 28.674678923562169, 4997.600000000000364 ], [ 83.865966349840164, 28.67468680255115, 4997.800000000000182 ], [ 83.865919578820467, 28.674723766744137, 4997.800000000000182 ], [ 83.865873897448182, 28.674757210537791, 4998.199999999999818 ], [ 83.865854619070888, 28.674775818362832, 4998.199999999999818 ], [ 83.86582930572331, 28.674813117831945, 4998.399999999999636 ], [ 83.865826623514295, 28.67481823079288, 4998.600000000000364 ], [ 83.865821845829487, 28.674824265763164, 4998.800000000000182 ], [ 83.865803154185414, 28.674857541918755, 4999.0 ], [ 83.865775745362043, 28.674903474748135, 4999.399999999999636 ], [ 83.865740206092596, 28.674963153898716, 4999.600000000000364 ], [ 83.86573207564652, 28.67497086524963, 4999.800000000000182 ], [ 83.865691423416138, 28.675009002909064, 5000.0 ], [ 83.865655548870564, 28.675083015114069, 5000.199999999999818 ], [ 83.865624452009797, 28.675123164430261, 5000.600000000000364 ], [ 83.865617159754038, 28.675158703699708, 5000.800000000000182 ], [ 83.86560944840312, 28.675152668729424, 5001.199999999999818 ], [ 83.865606766194105, 28.675153590738773, 5001.199999999999818 ], [ 83.8656070176512, 28.675151914358139, 5001.199999999999818 ], [ 83.8656070176512, 28.675151914358139, 5001.199999999999818 ], [ 83.865602491423488, 28.675148980692029, 5001.199999999999818 ], [ 83.865579273551702, 28.6751729529351, 5001.399999999999636 ], [ 83.86554054915905, 28.675245372578502, 5001.800000000000182 ], [ 83.865537364035845, 28.675261214375496, 5001.800000000000182 ], [ 83.865517666563392, 28.675298430025578, 5001.399999999999636 ], [ 83.86549268849194, 28.675361797213551, 5001.399999999999636 ], [ 83.865452371537685, 28.67540848441422, 5001.399999999999636 ], [ 83.865439714863896, 28.675429858267307, 5001.399999999999636 ], [ 83.865386238321662, 28.675479646772143, 5001.399999999999636 ], [ 83.865321278572083, 28.675538236275315, 5001.399999999999636 ], [ 83.865258749574423, 28.67562641389668, 5001.399999999999636 ], [ 83.865219270810485, 28.675694391131401, 5001.399999999999636 ], [ 83.865188676863909, 28.675759183242917, 5001.199999999999818 ], [ 83.865135200321674, 28.675822718068957, 5001.199999999999818 ], [ 83.865108042955399, 28.675854736939073, 5001.199999999999818 ], [ 83.865081975236535, 28.675891617313027, 5001.199999999999818 ], [ 83.865054901689291, 28.675972251221538, 5001.199999999999818 ], [ 83.865054985508323, 28.676027404144406, 5001.199999999999818 ], [ 83.865041071549058, 28.67606763727963, 5001.399999999999636 ], [ 83.865033444017172, 28.676111474633217, 5001.600000000000364 ], [ 83.865025984123349, 28.676151959225535, 5001.800000000000182 ], [ 83.865003604441881, 28.676178948953748, 5002.199999999999818 ], [ 83.864971501752734, 28.676226222887635, 5002.600000000000364 ], [ 83.864958342164755, 28.676248015835881, 5002.600000000000364 ], [ 83.864943338558078, 28.67627726867795, 5002.800000000000182 ], [ 83.864926910027862, 28.676294619217515, 5003.0 ], [ 83.864879636093974, 28.676346335560083, 5003.199999999999818 ], [ 83.864854574203491, 28.676390508189797, 5003.199999999999818 ], [ 83.864818951115012, 28.676442559808493, 5003.399999999999636 ], [ 83.864798080176115, 28.676510034129024, 5003.800000000000182 ], [ 83.864771090447903, 28.67657289840281, 5003.800000000000182 ], [ 83.864747202023864, 28.676649844273925, 5003.800000000000182 ], [ 83.864736557006836, 28.676666608080268, 5003.800000000000182 ], [ 83.864702694118023, 28.676731064915657, 5003.800000000000182 ], [ 83.864671094343066, 28.67679912596941, 5004.0 ], [ 83.864653240889311, 28.676871377974749, 5004.0 ], [ 83.86462390422821, 28.676917226985097, 5004.0 ], [ 83.864587359130383, 28.676975397393107, 5004.199999999999818 ], [ 83.864584425464272, 28.677030466496944, 5005.199999999999818 ], [ 83.864580821245909, 28.677035914734009, 5005.399999999999636 ], [ 83.86457403190434, 28.677078830078244, 5006.399999999999636 ], [ 83.864567577838898, 28.677101461216807, 5006.399999999999636 ], [ 83.864547628909349, 28.6771260201931, 5007.0 ], [ 83.864533295854926, 28.677140604704618, 5007.600000000000364 ], [ 83.864512676373124, 28.677161140367389, 5008.0 ], [ 83.864495074376464, 28.677181256935, 5008.600000000000364 ], [ 83.864489877596498, 28.677193997427821, 5008.800000000000182 ], [ 83.864478310570121, 28.677230542525649, 5009.600000000000364 ], [ 83.864475209265947, 28.677236158400778, 5009.800000000000182 ], [ 83.864469341933727, 28.677237164229155, 5010.199999999999818 ], [ 83.864469341933727, 28.67723741568625, 5010.399999999999636 ], [ 83.864444615319371, 28.677268596366048, 5010.600000000000364 ], [ 83.864430952817202, 28.677293658256531, 5010.600000000000364 ], [ 83.864421313628554, 28.677304303273559, 5011.199999999999818 ], [ 83.864393820986152, 28.677340932190418, 5011.399999999999636 ], [ 83.864373872056603, 28.677350655198097, 5011.800000000000182 ], [ 83.864346798509359, 28.677356941625476, 5012.199999999999818 ], [ 83.864323161542416, 28.677356522530317, 5012.600000000000364 ], [ 83.86432240717113, 28.677357444539663, 5012.600000000000364 ], [ 83.864287538453937, 28.677358953282237, 5012.600000000000364 ], [ 83.864247724413872, 28.677381249144673, 5012.600000000000364 ], [ 83.864231798797846, 28.677396671846509, 5012.600000000000364 ], [ 83.864172203466296, 28.677419470623136, 5012.600000000000364 ], [ 83.864126102998853, 28.67744461633265, 5012.0 ], [ 83.864131215959787, 28.677454758435488, 5011.800000000000182 ], [ 83.864133981987834, 28.677461463958025, 5011.800000000000182 ], [ 83.864084277302027, 28.677505385130644, 5011.600000000000364 ], [ 83.864059634506702, 28.677528100088239, 5011.399999999999636 ], [ 83.864065585657954, 28.677526842802763, 5011.399999999999636 ], [ 83.864054856821895, 28.677521478384733, 5011.399999999999636 ], [ 83.864045217633247, 28.677510330453515, 5011.199999999999818 ], [ 83.864026861265302, 28.677475461736321, 5011.0 ], [ 83.863945053890347, 28.677416872233152, 5010.600000000000364 ], [ 83.863915130496025, 28.677398348227143, 5010.600000000000364 ], [ 83.863904234021902, 28.677400359883904, 5010.600000000000364 ], [ 83.863898869603872, 28.677408406510949, 5010.600000000000364 ], [ 83.863886967301369, 28.677429528906941, 5010.600000000000364 ], [ 83.863863833248615, 28.677444700151678, 5009.399999999999636 ], [ 83.863859223201871, 28.677447969093919, 5009.0 ], [ 83.863856876268983, 28.677451657131311, 5008.800000000000182 ], [ 83.863834077492356, 28.677468001842499, 5008.399999999999636 ], [ 83.863820834085345, 28.677480071783062, 5008.0 ], [ 83.86381764896214, 28.677483256906271, 5007.399999999999636 ], [ 83.863793341442943, 28.67748417891562, 5006.800000000000182 ], [ 83.863766100257635, 28.677489878609776, 5006.399999999999636 ], [ 83.863759897649288, 28.67751594632864, 5005.600000000000364 ], [ 83.863751851022243, 28.677529692649841, 5005.399999999999636 ], [ 83.863743720576167, 28.67753421887755, 5005.399999999999636 ], [ 83.863707678392529, 28.677537823095921, 5005.199999999999818 ], [ 83.86370331980288, 28.677537990733981, 5005.199999999999818 ], [ 83.863708265125751, 28.677532374858856, 5005.199999999999818 ], [ 83.863708265125751, 28.677532374858856, 5005.199999999999818 ], [ 83.863708265125751, 28.677532374858856, 5005.199999999999818 ], [ 83.863708265125751, 28.677532374858856, 5005.199999999999818 ], [ 83.863708265125751, 28.677532374858856, 5005.199999999999818 ], [ 83.863708265125751, 28.677532374858856, 5005.199999999999818 ], [ 83.863708265125751, 28.677532374858856, 5005.0 ], [ 83.863690830767155, 28.677535727620125, 5004.0 ], [ 83.863683538511395, 28.677538242191076, 5003.800000000000182 ], [ 83.86363391764462, 28.67755064740777, 5003.0 ], [ 83.863572813570499, 28.677574619650841, 5001.600000000000364 ], [ 83.863541381433606, 28.67759901098907, 5001.600000000000364 ], [ 83.86352201923728, 28.677592473104596, 5001.600000000000364 ], [ 83.863524617627263, 28.677591718733311, 5001.600000000000364 ], [ 83.863522438332438, 28.677595071494579, 5001.600000000000364 ], [ 83.86351422406733, 28.677592892199755, 5001.600000000000364 ], [ 83.863508272916079, 28.677592724561691, 5001.399999999999636 ], [ 83.863508272916079, 28.677592724561691, 5001.399999999999636 ], [ 83.863508272916079, 28.677592724561691, 5001.399999999999636 ], [ 83.863508272916079, 28.677592724561691, 5001.600000000000364 ], [ 83.863508272916079, 28.677592724561691, 5001.800000000000182 ], [ 83.863516990095377, 28.67759557440877, 5002.199999999999818 ], [ 83.863516990095377, 28.677593981847167, 5002.399999999999636 ], [ 83.863508272916079, 28.677592724561691, 5002.399999999999636 ], [ 83.863518247380853, 28.677582582458857, 5002.600000000000364 ], [ 83.863518331199884, 28.67758241482079, 5003.0 ], [ 83.863520929589868, 28.677560873329639, 5003.0 ], [ 83.863518834114075, 28.677528770640492, 5003.399999999999636 ], [ 83.863521264865994, 28.677518460899591, 5003.600000000000364 ], [ 83.863527551293373, 28.677502116188407, 5004.0 ], [ 83.863532831892371, 28.677494572475553, 5004.199999999999818 ], [ 83.863538196310401, 28.677490465342999, 5004.399999999999636 ], [ 83.863546159118414, 28.677468588575721, 5005.199999999999818 ], [ 83.863543644547462, 28.677456853911281, 5005.399999999999636 ], [ 83.863544315099716, 28.677428942173719, 5005.600000000000364 ], [ 83.86354791931808, 28.677408155053858, 5006.199999999999818 ], [ 83.863548589870334, 28.677408155053858, 5006.600000000000364 ], [ 83.863548589870334, 28.677408155053858, 5006.800000000000182 ], [ 83.863559905439615, 28.677403209730983, 5006.800000000000182 ], [ 83.863570131361485, 28.677393738180399, 5007.399999999999636 ], [ 83.863571221008897, 28.677393905818462, 5007.800000000000182 ], [ 83.863575831055641, 28.677393654361367, 5008.399999999999636 ], [ 83.863575831055641, 28.677393654361367, 5008.399999999999636 ], [ 83.863597456365824, 28.677393570542336, 5008.600000000000364 ], [ 83.863614303991199, 28.677386026829481, 5009.0 ], [ 83.863621512427926, 28.677369430661201, 5009.399999999999636 ], [ 83.863639365881681, 28.677352080121636, 5009.399999999999636 ], [ 83.863649843260646, 28.677347470074892, 5009.600000000000364 ], [ 83.863651100546122, 28.677355851978064, 5009.600000000000364 ], [ 83.863651100546122, 28.677355851978064, 5009.600000000000364 ], [ 83.863650010898709, 28.677338752895594, 5009.600000000000364 ], [ 83.863650765269995, 28.677337160333991, 5009.600000000000364 ], [ 83.86364908888936, 28.677336238324639, 5009.800000000000182 ], [ 83.86364908888936, 28.677336238324639, 5010.600000000000364 ], [ 83.86364908888936, 28.677336238324639, 5011.199999999999818 ], [ 83.86364908888936, 28.677336238324639, 5011.199999999999818 ], [ 83.86364908888936, 28.677336238324639, 5011.399999999999636 ], [ 83.86364908888936, 28.677336238324639, 5011.600000000000364 ], [ 83.86364908888936, 28.677336238324639, 5011.800000000000182 ], [ 83.86364908888936, 28.677336238324639, 5011.800000000000182 ], [ 83.863649759441614, 28.677339171990752, 5011.600000000000364 ], [ 83.86364908888936, 28.677336238324639, 5011.600000000000364 ], [ 83.86364908888936, 28.677336238324639, 5011.600000000000364 ], [ 83.86364908888936, 28.677336238324639, 5011.600000000000364 ], [ 83.86364908888936, 28.677336238324639, 5011.800000000000182 ], [ 83.86364908888936, 28.677336238324639, 5011.800000000000182 ], [ 83.86364908888936, 28.677336238324639, 5011.800000000000182 ], [ 83.86364908888936, 28.677336238324639, 5011.800000000000182 ], [ 83.86364908888936, 28.677336238324639, 5011.800000000000182 ], [ 83.86364908888936, 28.677336238324639, 5011.800000000000182 ], [ 83.86364908888936, 28.677336238324639, 5011.800000000000182 ], [ 83.863652357831597, 28.677343362942334, 5011.800000000000182 ], [ 83.863627715036273, 28.677355432882905, 5011.0 ], [ 83.863624529913068, 28.677356271073226, 5010.800000000000182 ], [ 83.863625703379512, 28.677354594692588, 5010.600000000000364 ], [ 83.863625703379512, 28.677354594692588, 5010.399999999999636 ], [ 83.863625703379512, 28.677354594692588, 5010.399999999999636 ], [ 83.863620758056641, 28.677353672683239, 5010.399999999999636 ], [ 83.863548506051302, 28.677343782037497, 5010.399999999999636 ], [ 83.863560324534774, 28.677340848371387, 5010.399999999999636 ], [ 83.863626876845956, 28.677355600520968, 5010.399999999999636 ], [ 83.863619668409228, 28.677351493388414, 5011.199999999999818 ], [ 83.863607598468661, 28.677350655198097, 5011.800000000000182 ], [ 83.863634672015905, 28.677350236102939, 5012.600000000000364 ], [ 83.863647915422916, 28.677356941625476, 5012.800000000000182 ], [ 83.863698542118073, 28.677335483953357, 5013.0 ], [ 83.863730225712061, 28.677300028502941, 5013.600000000000364 ], [ 83.863737769424915, 28.677290389314297, 5013.800000000000182 ], [ 83.863741373643279, 28.677284605801105, 5014.0 ], [ 83.863760735839605, 28.677263902500272, 5014.0 ], [ 83.863778505474329, 28.677247054874897, 5014.0 ], [ 83.863785462453961, 28.677240097895265, 5014.199999999999818 ], [ 83.863824354484677, 28.67723154835403, 5014.800000000000182 ], [ 83.863833239302039, 28.677227944135662, 5014.800000000000182 ], [ 83.863861234858632, 28.677212940528989, 5014.800000000000182 ], [ 83.86386307887733, 28.677214700728655, 5014.800000000000182 ], [ 83.863885793834925, 28.677189974114299, 5014.199999999999818 ], [ 83.863901970908046, 28.677147394046187, 5014.0 ], [ 83.863913537934422, 28.677109675481915, 5013.800000000000182 ], [ 83.863930301740766, 28.677055612206459, 5013.800000000000182 ], [ 83.863942706957459, 28.677047565579414, 5013.399999999999636 ], [ 83.863976066932082, 28.677045134827495, 5012.399999999999636 ], [ 83.86399551294744, 28.677060976624489, 5011.399999999999636 ], [ 83.86400138027966, 28.677064329385757, 5011.0 ], [ 83.864047480747104, 28.677066676318645, 5010.600000000000364 ], [ 83.8640873786062, 28.677063658833504, 5010.399999999999636 ], [ 83.864100705832243, 28.67706541903317, 5010.399999999999636 ], [ 83.864179830998182, 28.677079249173403, 5010.399999999999636 ], [ 83.864231798797846, 28.677092073485255, 5010.399999999999636 ], [ 83.864297512918711, 28.677111687138677, 5010.399999999999636 ], [ 83.864354258403182, 28.677127026021481, 5010.399999999999636 ], [ 83.864355012774467, 28.677130797877908, 5010.399999999999636 ], [ 83.864354928955436, 28.677128283306956, 5010.399999999999636 ], [ 83.864397425204515, 28.677114536985755, 5010.399999999999636 ], [ 83.864452829584479, 28.677107915282249, 5009.199999999999818 ], [ 83.864472862333059, 28.67710548453033, 5009.0 ], [ 83.864533044397831, 28.677114453166723, 5008.800000000000182 ], [ 83.864563722163439, 28.677107663825151, 5008.600000000000364 ], [ 83.864566152915359, 28.677101461216807, 5008.600000000000364 ], [ 83.864565147086978, 28.677058042958379, 5008.199999999999818 ], [ 83.864568416029215, 28.677044799551368, 5008.0 ], [ 83.864581324160099, 28.676984030753378, 5007.399999999999636 ], [ 83.86458383873105, 28.676964500918984, 5007.0 ], [ 83.864587359130383, 28.676954274997115, 5006.600000000000364 ], [ 83.864616192877293, 28.6769188195467, 5006.0 ], [ 83.864630861207843, 28.676893338561054, 5006.0 ], [ 83.864651145413518, 28.676816392689943, 5005.600000000000364 ], [ 83.864666987210512, 28.676784373819828, 5005.199999999999818 ], [ 83.864678051322699, 28.67676492780447, 5005.199999999999818 ], [ 83.864692971110344, 28.676731903105978, 5005.199999999999818 ], [ 83.864706549793482, 28.676705667749047, 5005.199999999999818 ], [ 83.864740915596485, 28.676643054932356, 5005.199999999999818 ], [ 83.864745525643229, 28.676635343581442, 5005.199999999999818 ], [ 83.864763379096985, 28.676559319719672, 5005.199999999999818 ], [ 83.86479439213872, 28.676482457667589, 5005.199999999999818 ], [ 83.864814592525363, 28.676439290866256, 5005.199999999999818 ], [ 83.864853484556079, 28.676385395228863, 5004.399999999999636 ], [ 83.864894891157746, 28.676310628652573, 5004.199999999999818 ], [ 83.864949122071266, 28.676233012229204, 5004.0 ], [ 83.864962700754404, 28.676215410232544, 5003.800000000000182 ], [ 83.864980470389128, 28.676178865134716, 5003.199999999999818 ], [ 83.865026151761413, 28.676122287288308, 5003.199999999999818 ], [ 83.865027911961079, 28.676125723868608, 5003.0 ], [ 83.865027744323015, 28.676126226782799, 5003.0 ], [ 83.865048782899976, 28.676062189042568, 5002.800000000000182 ], [ 83.865059008821845, 28.676002593711019, 5001.800000000000182 ], [ 83.865065546706319, 28.675971245393157, 5001.800000000000182 ], [ 83.865089602768421, 28.675901172682643, 5001.800000000000182 ], [ 83.865107037127018, 28.675865884870291, 5001.800000000000182 ], [ 83.865113910287619, 28.675847025588155, 5001.800000000000182 ], [ 83.865127908065915, 28.67582967504859, 5001.800000000000182 ], [ 83.865161184221506, 28.675795225426555, 5001.600000000000364 ], [ 83.865202004089952, 28.675735127180815, 5001.800000000000182 ], [ 83.865227401256561, 28.675688523799181, 5001.800000000000182 ], [ 83.865235699340701, 28.675672011449933, 5001.800000000000182 ], [ 83.865286996588111, 28.675605542957783, 5001.800000000000182 ], [ 83.865341143682599, 28.675544774159789, 5001.800000000000182 ], [ 83.865408869460225, 28.675478557124737, 5001.800000000000182 ], [ 83.865464609116316, 28.675413094460964, 5001.800000000000182 ], [ 83.865477181971073, 28.67538794875145, 5001.800000000000182 ], [ 83.865481792017817, 28.675379231572151, 5001.800000000000182 ], [ 83.865509452298284, 28.675321731716391, 5001.800000000000182 ], [ 83.865521689876914, 28.675308404490352, 5001.800000000000182 ], [ 83.86556301265955, 28.675238080322742, 5001.399999999999636 ], [ 83.865614142268896, 28.675155015662313, 5001.399999999999636 ], [ 83.865664936602116, 28.675076896324754, 5001.199999999999818 ], [ 83.865709947422147, 28.675006404519081, 5001.0 ], [ 83.865729393437505, 28.67498142644763, 5000.800000000000182 ], [ 83.865755209699273, 28.674936918541789, 5000.399999999999636 ], [ 83.865806087851524, 28.674858128651977, 4999.600000000000364 ], [ 83.865856043994427, 28.67479526437819, 4999.199999999999818 ], [ 83.865864425897598, 28.674782942980528, 4999.199999999999818 ], [ 83.865896863862872, 28.674744889140129, 4998.600000000000364 ], [ 83.865912370383739, 28.674716474488378, 4998.600000000000364 ], [ 83.865983113646507, 28.674645395949483, 4997.800000000000182 ], [ 83.866018233820796, 28.674610778689384, 4997.600000000000364 ], [ 83.866043966263533, 28.674595439806581, 4997.199999999999818 ], [ 83.866101298481226, 28.674555541947484, 4997.199999999999818 ], [ 83.866118397563696, 28.674551602452993, 4997.0 ], [ 83.866169527173042, 28.6745167337358, 4997.0 ], [ 83.866224261000752, 28.674476416781545, 4996.800000000000182 ], [ 83.866284778341651, 28.674443559721112, 4996.600000000000364 ], [ 83.866341859102249, 28.67440584115684, 4996.600000000000364 ], [ 83.866348564624786, 28.67439947091043, 4996.399999999999636 ], [ 83.866447722539306, 28.67433593608439, 4995.399999999999636 ], [ 83.866460211575031, 28.674326296895742, 4995.199999999999818 ], [ 83.866531290113926, 28.674284052103761, 4994.399999999999636 ], [ 83.86661016382277, 28.674240214750171, 4994.399999999999636 ], [ 83.866695491597056, 28.674199562519789, 4994.199999999999818 ], [ 83.866722313687205, 28.674188498407599, 4994.199999999999818 ], [ 83.86675089597702, 28.674167543649673, 4994.0 ], [ 83.8668192923069, 28.674123203381896, 4993.399999999999636 ], [ 83.866847036406398, 28.67411197163165, 4993.0 ], [ 83.866903278976679, 28.674082383513451, 4992.800000000000182 ], [ 83.866975279524922, 28.67404667660594, 4992.800000000000182 ], [ 83.8670455198735, 28.674003928899765, 4992.800000000000182 ], [ 83.867113832384348, 28.673971658572555, 4992.600000000000364 ], [ 83.867168817669153, 28.673960845917463, 4992.600000000000364 ], [ 83.867244170978665, 28.673927988857031, 4992.399999999999636 ], [ 83.867331258952618, 28.673885408788919, 4992.0 ], [ 83.867430333048105, 28.673825897276402, 4991.600000000000364 ], [ 83.867501495406032, 28.673782395198941, 4991.399999999999636 ], [ 83.86754441075027, 28.673752974718809, 4991.399999999999636 ], [ 83.867542063817382, 28.673751465976238, 4991.399999999999636 ], [ 83.867558743804693, 28.673739898949862, 4991.199999999999818 ], [ 83.867609370499849, 28.673705533146855, 4991.0 ], [ 83.867679359391332, 28.673695642501116, 4989.800000000000182 ], [ 83.86773937381804, 28.673656079918143, 4988.800000000000182 ], [ 83.867757646366954, 28.673639316111803, 4988.399999999999636 ], [ 83.867797963321209, 28.67361718788743, 4987.800000000000182 ], [ 83.86780777014792, 28.673613499850035, 4987.600000000000364 ], [ 83.867860995233059, 28.673569578677416, 4987.0 ], [ 83.867892595008016, 28.673548540100455, 4986.600000000000364 ], [ 83.8679279666394, 28.673513000831008, 4986.399999999999636 ], [ 83.867969121783972, 28.673478551208973, 4985.800000000000182 ], [ 83.868007762357593, 28.673443179577589, 4985.800000000000182 ], [ 83.868066351860762, 28.673389451578259, 4985.600000000000364 ], [ 83.868116224184632, 28.673326252028343, 4985.600000000000364 ], [ 83.868170455098152, 28.673270512372255, 4985.600000000000364 ], [ 83.868231391534209, 28.673214437440041, 4985.399999999999636 ], [ 83.868282018229365, 28.67318912409246, 4985.399999999999636 ], [ 83.86835653334856, 28.673145454376936, 4985.399999999999636 ], [ 83.868425851687789, 28.673116285353899, 4985.399999999999636 ], [ 83.868466587737203, 28.673109915107489, 4985.199999999999818 ], [ 83.868520399555564, 28.673103293403983, 4984.399999999999636 ], [ 83.868565997108817, 28.673101449385285, 4984.199999999999818 ], [ 83.868678817525506, 28.673073286190629, 4983.399999999999636 ], [ 83.86869071982801, 28.673068676143885, 4983.399999999999636 ], [ 83.868783256039023, 28.673020312562585, 4983.199999999999818 ], [ 83.868827428668737, 28.672999776899815, 4983.199999999999818 ], [ 83.868888113647699, 28.672984605655071, 4983.199999999999818 ], [ 83.868956258520484, 28.672928949818015, 4983.199999999999818 ], [ 83.869062457233667, 28.672843789681792, 4983.199999999999818 ], [ 83.869104450568557, 28.672806993126869, 4983.199999999999818 ], [ 83.869152562692761, 28.672756450250745, 4983.399999999999636 ], [ 83.869159603491426, 28.672747816890482, 4983.399999999999636 ], [ 83.869196986779571, 28.672700207680464, 4983.399999999999636 ], [ 83.869228921830654, 28.67267707362771, 4983.800000000000182 ], [ 83.86927611194551, 28.672645138576627, 4984.600000000000364 ], [ 83.86931031011045, 28.672611946240067, 4984.800000000000182 ], [ 83.869370659813285, 28.672576826065779, 4985.199999999999818 ], [ 83.869380047544837, 28.672570455819368, 4985.199999999999818 ], [ 83.86944911442697, 28.672550255432725, 4985.399999999999636 ], [ 83.869505608454347, 28.672540448606014, 4985.399999999999636 ], [ 83.869549948722124, 28.672533240169287, 4985.600000000000364 ], [ 83.869630582630634, 28.672510189935565, 4986.0 ], [ 83.869719598442316, 28.672495605424047, 4986.399999999999636 ], [ 83.869728650897741, 28.672494264319539, 4986.600000000000364 ], [ 83.869786905124784, 28.672489318996668, 4987.0 ], [ 83.869864186272025, 28.672468531876799, 4987.399999999999636 ], [ 83.869891008362174, 28.67246744222939, 4987.600000000000364 ], [ 83.869910202920437, 28.672460988163948, 4988.199999999999818 ], [ 83.869942389428616, 28.672447158023715, 4988.800000000000182 ], [ 83.869987232610583, 28.672428214922547, 4989.0 ], [ 83.870013551786542, 28.672419497743249, 4989.199999999999818 ], [ 83.87007700279355, 28.672404829412699, 4989.199999999999818 ], [ 83.870142549276352, 28.672384042292833, 4989.600000000000364 ], [ 83.870173143222928, 28.672376750037071, 4989.800000000000182 ], [ 83.870211867615581, 28.672362165525556, 4990.199999999999818 ], [ 83.870247658342123, 28.672358142212033, 4990.600000000000364 ], [ 83.870275067165494, 28.672355879098177, 4990.800000000000182 ], [ 83.870286382734776, 28.672352358698845, 4991.0 ], [ 83.870375147089362, 28.672311622649431, 4991.0 ], [ 83.870446225628257, 28.672272730618715, 4991.199999999999818 ], [ 83.870509844273329, 28.672258062288165, 4992.0 ], [ 83.870578911155462, 28.672239035367969, 4992.800000000000182 ], [ 83.870607577264309, 28.672226713970304, 4993.0 ], [ 83.870620401576161, 28.672222355380654, 4993.199999999999818 ], [ 83.87062962166965, 28.672218499705195, 4993.199999999999818 ], [ 83.870682260021567, 28.672196203842759, 4993.800000000000182 ], [ 83.870761888101697, 28.672197461128235, 4994.199999999999818 ], [ 83.870829027146101, 28.672192096710205, 4994.800000000000182 ], [ 83.870903039351106, 28.672166699543595, 4995.399999999999636 ], [ 83.870975207537413, 28.672139625996351, 4995.800000000000182 ], [ 83.871044777333736, 28.672112971544266, 4996.0 ], [ 83.871095152571797, 28.67210291326046, 4996.0 ], [ 83.871105378493667, 28.672100566327572, 4996.0 ], [ 83.871170924976468, 28.672087155282497, 4996.199999999999818 ], [ 83.871211241930723, 28.672076845541596, 4996.399999999999636 ], [ 83.871231442317367, 28.672074666246772, 4996.800000000000182 ], [ 83.871337557211518, 28.672047760337591, 4997.399999999999636 ], [ 83.871392207220197, 28.672023536637425, 4997.399999999999636 ], [ 83.871465548872948, 28.672013394534588, 4997.399999999999636 ], [ 83.871496310457587, 28.672016747295856, 4997.399999999999636 ], [ 83.871590187773108, 28.67199981585145, 4997.399999999999636 ], [ 83.871633689850569, 28.671997133642435, 4997.399999999999636 ], [ 83.871685322374105, 28.671986991539601, 4997.0 ], [ 83.871742403134704, 28.671973077580333, 4996.399999999999636 ], [ 83.871812224388123, 28.671947680413723, 4995.199999999999818 ], [ 83.871949436143041, 28.671893868595362, 4995.199999999999818 ], [ 83.872039206326008, 28.671853300184011, 4994.0 ], [ 83.872070554643869, 28.671847432851791, 4994.0 ], [ 83.872165437787771, 28.671824801713228, 4993.800000000000182 ], [ 83.872239617630839, 28.671810133382682, 4993.800000000000182 ], [ 83.872325951233506, 28.671798733994365, 4993.0 ], [ 83.872342212125659, 28.671795884147286, 4993.0 ], [ 83.872405076399446, 28.671784903854132, 4992.800000000000182 ], [ 83.872498702257872, 28.671748358756304, 4992.0 ], [ 83.872506748884916, 28.671742826700211, 4991.600000000000364 ], [ 83.87253818102181, 28.671717597171664, 4990.600000000000364 ], [ 83.872577575966716, 28.67168365046382, 4989.600000000000364 ], [ 83.872677236795425, 28.671650541946292, 4988.600000000000364 ], [ 83.872689977288246, 28.67164752446115, 4988.600000000000364 ], [ 83.872846132144332, 28.671605363488197, 4988.600000000000364 ], [ 83.87292617931962, 28.671587593853474, 4987.600000000000364 ], [ 83.873003292828798, 28.671553982421756, 4987.0 ], [ 83.873070348054171, 28.671524729579687, 4986.399999999999636 ], [ 83.873091135174036, 28.671517940238122, 4986.399999999999636 ], [ 83.873147880658507, 28.671483239158988, 4986.199999999999818 ], [ 83.873180905357003, 28.671455159783363, 4985.399999999999636 ], [ 83.873190879821777, 28.671444766223431, 4985.199999999999818 ], [ 83.873217618092895, 28.671423476189375, 4985.0 ], [ 83.873267155140638, 28.671409310773015, 4984.399999999999636 ], [ 83.873280230909586, 28.671407215297226, 4984.199999999999818 ], [ 83.873318284749985, 28.671408472582694, 4983.199999999999818 ], [ 83.873399840667844, 28.671414842829108, 4982.0 ], [ 83.873474942520261, 28.671425823122263, 4980.800000000000182 ], [ 83.873521462082863, 28.67145205847919, 4979.600000000000364 ], [ 83.873562617227435, 28.671488603577014, 4978.600000000000364 ], [ 83.873590193688869, 28.671498745679855, 4978.399999999999636 ], [ 83.873626152053475, 28.671526489779353, 4977.600000000000364 ], [ 83.8736576680094, 28.671547276899219, 4976.399999999999636 ], [ 83.873697398230433, 28.671574853360653, 4975.199999999999818 ], [ 83.873721119016409, 28.671585414558649, 4974.800000000000182 ], [ 83.873751210048795, 28.671594299376011, 4974.199999999999818 ], [ 83.873814912512898, 28.671614751219749, 4972.800000000000182 ], [ 83.873822204768658, 28.671620786190033, 4972.600000000000364 ], [ 83.873867886140943, 28.671655487269163, 4972.0 ], [ 83.873860845342278, 28.671665042638779, 4971.600000000000364 ], [ 83.873843243345618, 28.671714747324582, 4970.399999999999636 ], [ 83.873831341043115, 28.671740395948291, 4969.800000000000182 ], [ 83.873823462054133, 28.671771408990026, 4969.199999999999818 ], [ 83.873816588893533, 28.671836452558637, 4968.0 ], [ 83.873819522559643, 28.671846091747284, 4967.800000000000182 ], [ 83.873824216425419, 28.671874422580004, 4966.800000000000182 ], [ 83.8738286588341, 28.671901747584343, 4965.800000000000182 ], [ 83.873849529772997, 28.671914907172319, 4965.399999999999636 ], [ 83.873862186446786, 28.671916918829083, 4965.199999999999818 ], [ 83.873911052942276, 28.671926641836759, 4964.600000000000364 ], [ 83.873947933316231, 28.671942567452788, 4963.399999999999636 ], [ 83.873961009085178, 28.671949189156297, 4963.199999999999818 ], [ 83.874027729034424, 28.671984979882836, 4962.399999999999636 ], [ 83.874040553346276, 28.671988751739264, 4962.199999999999818 ], [ 83.874139795079827, 28.672031164169312, 4962.0 ], [ 83.874226212501526, 28.672071229666471, 4961.600000000000364 ], [ 83.874257644638419, 28.67208237759769, 4961.399999999999636 ], [ 83.874331573024392, 28.672102745622396, 4961.399999999999636 ], [ 83.874433748424053, 28.672137279063463, 4961.399999999999636 ], [ 83.874574732035398, 28.672180697321892, 4961.399999999999636 ], [ 83.8746402785182, 28.672190085053444, 4961.399999999999636 ], [ 83.874679757282138, 28.672190168872476, 4961.399999999999636 ], [ 83.874762067571282, 28.672212548553944, 4961.600000000000364 ], [ 83.874841025099158, 28.672222355380654, 4962.0 ], [ 83.874929286539555, 28.672215985134244, 4962.199999999999818 ], [ 83.875018553808331, 28.672223193570971, 4962.399999999999636 ], [ 83.875054847449064, 28.67222554050386, 4962.399999999999636 ], [ 83.875111425295472, 28.672216236591339, 4962.399999999999636 ], [ 83.875114945694804, 28.672211794182655, 4962.399999999999636 ], [ 83.875172445550561, 28.672206932678819, 4962.399999999999636 ], [ 83.875254755839705, 28.67218991741538, 4962.399999999999636 ], [ 83.875308567658067, 28.672192180529237, 4962.399999999999636 ], [ 83.8753482978791, 28.672188995406032, 4962.399999999999636 ], [ 83.875436056405306, 28.672175835818052, 4962.0 ], [ 83.875458436086774, 28.672177847474813, 4962.0 ], [ 83.875461872667074, 28.672184720635418, 4962.0 ], [ 83.875463465228677, 28.672185558825731, 4961.800000000000182 ], [ 83.875463465228677, 28.672185558825731, 4961.800000000000182 ], [ 83.875463465228677, 28.672185558825731, 4961.600000000000364 ], [ 83.875464051961899, 28.672181032598019, 4961.600000000000364 ], [ 83.875464135780931, 28.672174578532577, 4961.399999999999636 ], [ 83.875463465228677, 28.67217474617064, 4961.199999999999818 ], [ 83.875491628423333, 28.672161670401692, 4961.0 ], [ 83.875523814931512, 28.672157227993011, 4960.800000000000182 ], [ 83.875520545989275, 28.67215714417398, 4960.800000000000182 ], [ 83.87552130036056, 28.672157060354948, 4960.0 ], [ 83.875545104965568, 28.672157395631075, 4959.600000000000364 ], [ 83.875566478818655, 28.672157395631075, 4959.0 ], [ 83.875602688640356, 28.67214297875762, 4958.800000000000182 ], [ 83.875640239566565, 28.672136105597019, 4958.399999999999636 ], [ 83.875652980059385, 28.672133507207036, 4958.199999999999818 ], [ 83.875679550692439, 28.67212831042707, 4958.199999999999818 ], [ 83.875725483521819, 28.672129986807704, 4957.199999999999818 ], [ 83.875769823789597, 28.672129148617387, 4956.600000000000364 ], [ 83.875810643658042, 28.672132920473818, 4956.199999999999818 ], [ 83.875871580094099, 28.672135602682829, 4955.399999999999636 ], [ 83.875894965603948, 28.672137446701527, 4955.0 ], [ 83.875924050807953, 28.67213811725378, 4954.0 ], [ 83.875972079113126, 28.672133842483163, 4952.800000000000182 ], [ 83.875980712473392, 28.672133674845099, 4952.800000000000182 ], [ 83.876056736335158, 28.672117916867137, 4951.800000000000182 ], [ 83.876087330281734, 28.672109451144937, 4951.0 ], [ 83.876095796003938, 28.672108612954617, 4950.600000000000364 ], [ 83.876134268939495, 28.672108696773648, 4949.399999999999636 ], [ 83.876186907291412, 28.67210928350687, 4948.600000000000364 ], [ 83.876195540651679, 28.672108696773648, 4948.399999999999636 ], [ 83.87625228613615, 28.672105092555285, 4947.199999999999818 ], [ 83.876262595877051, 28.672098219394684, 4947.0 ], [ 83.876286149024963, 28.672098387032747, 4946.0 ], [ 83.876307019963861, 28.672095788642764, 4945.399999999999636 ], [ 83.87632604688406, 28.672095537185669, 4944.800000000000182 ], [ 83.876392096281052, 28.672078689560298, 4943.600000000000364 ], [ 83.876435849815607, 28.672093776986003, 4942.600000000000364 ], [ 83.876463426277041, 28.672094782814384, 4942.0 ], [ 83.876482117921114, 28.672097129747272, 4941.600000000000364 ], [ 83.876551436260343, 28.672091346234083, 4940.399999999999636 ], [ 83.8765640091151, 28.67209654301405, 4940.399999999999636 ], [ 83.876613462343812, 28.672121521085501, 4939.0 ], [ 83.876651348546147, 28.672136273235083, 4939.0 ], [ 83.87666517868638, 28.672140212729573, 4938.800000000000182 ], [ 83.876733658835292, 28.67217885330319, 4938.600000000000364 ], [ 83.876803563907743, 28.672233587130904, 4938.600000000000364 ], [ 83.876813454553485, 28.672242220491171, 4938.399999999999636 ], [ 83.87683717533946, 28.672262923792005, 4938.199999999999818 ], [ 83.876925939694047, 28.672337690368295, 4938.199999999999818 ], [ 83.876992743462324, 28.672393932938576, 4938.199999999999818 ], [ 83.87703699991107, 28.672450259327888, 4938.199999999999818 ], [ 83.877056697383523, 28.672468196600676, 4937.600000000000364 ], [ 83.877075053751469, 28.672479093074799, 4936.399999999999636 ], [ 83.877101121470332, 28.672487391158938, 4935.399999999999636 ], [ 83.877132805064321, 28.672507591545585, 4935.0 ], [ 83.877142695710063, 28.672516560181975, 4934.199999999999818 ], [ 83.877149987965822, 28.672520332038403, 4933.800000000000182 ], [ 83.877183767035604, 28.67253097705543, 4932.800000000000182 ], [ 83.877195753157139, 28.672537095844746, 4932.399999999999636 ], [ 83.877211092039943, 28.672541873529553, 4931.600000000000364 ], [ 83.877222407609224, 28.672550423070788, 4930.800000000000182 ], [ 83.877234561368823, 28.672558469697833, 4930.399999999999636 ], [ 83.877293402329087, 28.672570372000337, 4929.199999999999818 ], [ 83.877334641292691, 28.67257104255259, 4928.199999999999818 ], [ 83.877360373735428, 28.672565761953592, 4927.199999999999818 ], [ 83.877365151420236, 28.672563917934895, 4927.199999999999818 ], [ 83.877385938540101, 28.672560313716531, 4926.0 ], [ 83.877412173897028, 28.672557882964611, 4924.800000000000182 ], [ 83.877453412860632, 28.672545645385981, 4923.800000000000182 ], [ 83.877465650439262, 28.672542627900839, 4923.600000000000364 ], [ 83.87748752720654, 28.672539107501507, 4922.600000000000364 ], [ 83.877518707886338, 28.67254514247179, 4921.399999999999636 ], [ 83.877526503056288, 28.672547237947583, 4921.199999999999818 ], [ 83.877546954900026, 28.672548579052091, 4920.199999999999818 ], [ 83.877575118094683, 28.672549584880471, 4919.399999999999636 ], [ 83.877582075074315, 28.672550171613693, 4919.199999999999818 ], [ 83.8776243198663, 28.672554949298501, 4918.0 ], [ 83.87763949111104, 28.672560397535563, 4917.199999999999818 ], [ 83.877645526081324, 28.67256224155426, 4917.0 ], [ 83.87765072286129, 28.672563498839736, 4916.800000000000182 ], [ 83.877664133906364, 28.672566683962941, 4916.800000000000182 ], [ 83.877684082835913, 28.672568947076797, 4916.199999999999818 ], [ 83.877685507759452, 28.6725671030581, 4915.800000000000182 ], [ 83.877688189968467, 28.672563834115863, 4915.600000000000364 ], [ 83.877732614055276, 28.672570204362273, 4914.600000000000364 ], [ 83.877741079777479, 28.672573557123545, 4914.0 ], [ 83.877749713137746, 28.672577580437064, 4913.600000000000364 ], [ 83.87779145501554, 28.672597194090489, 4912.399999999999636 ], [ 83.877822970971465, 28.672608425840735, 4911.800000000000182 ], [ 83.877835543826222, 28.672608425840735, 4911.399999999999636 ], [ 83.87787695042789, 28.672611443325877, 4910.199999999999818 ], [ 83.877898743376136, 28.67261060513556, 4909.600000000000364 ], [ 83.87791751883924, 28.672614879906178, 4909.199999999999818 ], [ 83.877950878813863, 28.672618651762605, 4908.0 ], [ 83.877957751974463, 28.67261823266745, 4907.600000000000364 ], [ 83.877983065322042, 28.672620579600338, 4907.0 ], [ 83.878025058656931, 28.672637594863772, 4906.800000000000182 ], [ 83.878054060041904, 28.672646647319201, 4906.0 ], [ 83.878081887960434, 28.672661064192653, 4904.800000000000182 ], [ 83.878119355067611, 28.672694675624371, 4903.600000000000364 ], [ 83.87812614440918, 28.672702303156257, 4903.399999999999636 ], [ 83.878159923478961, 28.672741362825036, 4902.600000000000364 ], [ 83.878209879621863, 28.672778578475121, 4901.600000000000364 ], [ 83.878267295658588, 28.672805903479457, 4900.600000000000364 ], [ 83.878304846584797, 28.672814201563597, 4900.600000000000364 ], [ 83.878373326733708, 28.672823086380959, 4899.399999999999636 ], [ 83.878388246521354, 28.672833815217015, 4898.800000000000182 ], [ 83.878403166308999, 28.672850495204329, 4898.399999999999636 ], [ 83.87845354154706, 28.672902546823025, 4897.199999999999818 ], [ 83.878466198220849, 28.672912186011672, 4896.600000000000364 ], [ 83.878480782732368, 28.672921322286129, 4896.0 ], [ 83.878521854057908, 28.672959292307496, 4895.0 ], [ 83.878554627299309, 28.672989048063755, 4894.199999999999818 ], [ 83.878585807979107, 28.673005979508162, 4893.800000000000182 ], [ 83.878626460209489, 28.673042273148894, 4893.0 ], [ 83.8786656036973, 28.673086110502481, 4892.600000000000364 ], [ 83.878674488514662, 28.673096084967256, 4891.399999999999636 ], [ 83.878699047490954, 28.673121733590961, 4891.0 ], [ 83.878788063302636, 28.673190968111157, 4890.800000000000182 ], [ 83.878856711089611, 28.673244696110487, 4890.600000000000364 ], [ 83.878913791850209, 28.673267243430018, 4890.199999999999818 ], [ 83.878918820992112, 28.67327319458127, 4889.800000000000182 ], [ 83.878932315856218, 28.673299429938197, 4889.199999999999818 ], [ 83.878963999450207, 28.673338824883103, 4888.800000000000182 ], [ 83.878981182351708, 28.673364305868745, 4888.199999999999818 ], [ 83.878973387181759, 28.67340168915689, 4887.800000000000182 ], [ 83.878975315019488, 28.673434965312481, 4887.199999999999818 ], [ 83.878990653902292, 28.673478551208973, 4887.0 ], [ 83.878998532891273, 28.673484334722161, 4886.800000000000182 ], [ 83.879049578681588, 28.67352289147675, 4885.800000000000182 ], [ 83.879059804603457, 28.673540744930506, 4885.600000000000364 ], [ 83.879091823473573, 28.673615427687764, 4884.800000000000182 ], [ 83.879095343872905, 28.67362841963768, 4884.600000000000364 ], [ 83.879123674705625, 28.673668568953872, 4883.399999999999636 ], [ 83.879149155691266, 28.67368675768375, 4882.199999999999818 ], [ 83.879226269200444, 28.673714585602283, 4881.0 ], [ 83.87923389673233, 28.67371634580195, 4880.800000000000182 ], [ 83.879284523427486, 28.67373151704669, 4879.800000000000182 ], [ 83.879331797361374, 28.673729421570897, 4878.800000000000182 ], [ 83.879340514540672, 28.673727074638009, 4878.399999999999636 ], [ 83.879377814009786, 28.673718860372901, 4877.600000000000364 ], [ 83.879408743232489, 28.673715423792601, 4876.399999999999636 ], [ 83.879435984417796, 28.673714585602283, 4875.399999999999636 ], [ 83.879464566707611, 28.673718608915809, 4874.199999999999818 ], [ 83.879498010501266, 28.673722883686423, 4873.600000000000364 ], [ 83.879512092098594, 28.673722799867392, 4873.199999999999818 ], [ 83.879543105140328, 28.673728164285421, 4872.0 ], [ 83.879555342718959, 28.673730846494436, 4871.399999999999636 ], [ 83.879567580297589, 28.673734618350863, 4871.399999999999636 ], [ 83.87958275154233, 28.673720704391599, 4870.800000000000182 ], [ 83.879576968029141, 28.673710059374571, 4870.600000000000364 ], [ 83.879549223929644, 28.673676615580916, 4870.600000000000364 ], [ 83.879537740722299, 28.67366312071681, 4869.399999999999636 ], [ 83.879520809277892, 28.673622636124492, 4868.399999999999636 ], [ 83.879516534507275, 28.673614086583257, 4867.800000000000182 ], [ 83.879512427374721, 28.673607716336846, 4867.199999999999818 ], [ 83.879488036036491, 28.673598747700453, 4866.199999999999818 ], [ 83.879451742395759, 28.673586845397949, 4865.0 ], [ 83.879418214783072, 28.673556251451373, 4864.0 ], [ 83.879427351057529, 28.673550384119153, 4863.600000000000364 ], [ 83.879450485110283, 28.673540828749537, 4862.600000000000364 ], [ 83.879471104592085, 28.673539571464062, 4861.399999999999636 ], [ 83.879526341333985, 28.673536386340857, 4860.600000000000364 ], [ 83.879586439579725, 28.673522053286433, 4860.399999999999636 ], [ 83.879596497863531, 28.673520209267735, 4860.0 ], [ 83.879613094031811, 28.673515599220991, 4859.199999999999818 ], [ 83.879616111516953, 28.673516102135181, 4858.199999999999818 ], [ 83.87964871712029, 28.673512414097782, 4857.0 ], [ 83.879667241126299, 28.673514593392611, 4856.0 ], [ 83.879675958305597, 28.673516605049372, 4855.800000000000182 ], [ 83.879704372957349, 28.673525657504797, 4854.399999999999636 ], [ 83.879734463989735, 28.673543259501457, 4853.800000000000182 ], [ 83.879761369898915, 28.673542840406299, 4853.399999999999636 ], [ 83.879757011309266, 28.673533536493778, 4853.399999999999636 ], [ 83.879721388220787, 28.673478718847036, 4852.199999999999818 ], [ 83.879705294966698, 28.673454159870744, 4851.0 ], [ 83.879702109843493, 28.673428175970912, 4849.800000000000182 ], [ 83.87970294803381, 28.673419710248709, 4849.600000000000364 ], [ 83.879765644669533, 28.673413256183267, 4848.800000000000182 ], [ 83.879789113998413, 28.673435216769576, 4847.600000000000364 ], [ 83.879848541691899, 28.673460194841027, 4845.800000000000182 ], [ 83.879845105111599, 28.67345105856657, 4845.600000000000364 ], [ 83.879818199202418, 28.673417363315821, 4844.600000000000364 ], [ 83.879818702116609, 28.673405628651381, 4844.199999999999818 ], [ 83.8798001781106, 28.673365395516157, 4843.399999999999636 ], [ 83.879799759015441, 28.673339830711484, 4842.600000000000364 ], [ 83.879813086241484, 28.673335388302803, 4842.399999999999636 ], [ 83.879860946908593, 28.673340920358896, 4841.800000000000182 ], [ 83.879877375438809, 28.673351146280769, 4841.0 ], [ 83.879913836717606, 28.673377381637692, 4840.0 ], [ 83.879934037104249, 28.673395235091448, 4839.199999999999818 ], [ 83.879945520311594, 28.673405628651381, 4838.800000000000182 ], [ 83.879949878901243, 28.673385009169579, 4838.399999999999636 ], [ 83.879932695999742, 28.67335575632751, 4837.600000000000364 ], [ 83.879919620230794, 28.673320636153221, 4836.600000000000364 ], [ 83.879917524755001, 28.673309907317162, 4836.600000000000364 ], [ 83.879886344075203, 28.673239331692457, 4835.399999999999636 ], [ 83.879882656037807, 28.673225836828351, 4835.0 ], [ 83.879910400137305, 28.673216281458735, 4834.199999999999818 ], [ 83.879922889173031, 28.673217203468084, 4833.800000000000182 ], [ 83.879943257197738, 28.673226004466414, 4833.0 ], [ 83.879982735961676, 28.673256263136864, 4832.0 ], [ 83.880017437040806, 28.673279397189617, 4831.399999999999636 ], [ 83.880031183362007, 28.673287192359567, 4831.0 ], [ 83.880069069564342, 28.673311416059732, 4829.600000000000364 ], [ 83.880077200010419, 28.67331686429679, 4829.399999999999636 ], [ 83.88009580783546, 28.673323737457395, 4829.199999999999818 ], [ 83.880097316578031, 28.673280067741871, 4828.600000000000364 ], [ 83.880070075392723, 28.673211671411991, 4827.800000000000182 ], [ 83.880068901926279, 28.673204211518168, 4827.399999999999636 ], [ 83.880063286051154, 28.673187028616667, 4826.199999999999818 ], [ 83.880055658519268, 28.67315903306007, 4825.199999999999818 ], [ 83.880050629377365, 28.673144532367587, 4824.800000000000182 ], [ 83.88004551641643, 28.67311586625874, 4824.0 ], [ 83.880038475617766, 28.673075130209327, 4822.800000000000182 ], [ 83.880052138119936, 28.673075884580612, 4822.399999999999636 ], [ 83.880075104534626, 28.673072699457407, 4821.800000000000182 ], [ 83.880103854462504, 28.673088457435369, 4821.800000000000182 ], [ 83.880128664895892, 28.673105053603649, 4821.600000000000364 ], [ 83.880145512521267, 28.673123074695468, 4820.600000000000364 ], [ 83.880137968808413, 28.67312366142869, 4820.600000000000364 ], [ 83.880137968808413, 28.67312366142869, 4820.399999999999636 ], [ 83.880137968808413, 28.67312366142869, 4820.199999999999818 ], [ 83.880137968808413, 28.67312366142869, 4819.800000000000182 ], [ 83.880137968808413, 28.67312366142869, 4819.600000000000364 ], [ 83.880138723179698, 28.673119219020009, 4819.399999999999636 ], [ 83.88014274649322, 28.673120476305485, 4819.399999999999636 ], [ 83.880191445350647, 28.673142688348889, 4818.399999999999636 ], [ 83.880213825032115, 28.67315886542201, 4818.199999999999818 ], [ 83.880252968519926, 28.673190632835031, 4817.199999999999818 ], [ 83.88026244007051, 28.673199433833361, 4817.0 ], [ 83.880281718447804, 28.673218376934528, 4816.399999999999636 ], [ 83.880288004875183, 28.67322608828545, 4816.0 ], [ 83.8803631067276, 28.673285851255059, 4816.0 ], [ 83.880366878584027, 28.67327805608511, 4816.0 ], [ 83.880355730652809, 28.673247965052724, 4815.600000000000364 ], [ 83.880347097292542, 28.673226675018668, 4815.0 ], [ 83.880315246060491, 28.673162218183279, 4813.800000000000182 ], [ 83.880315162241459, 28.673153920099139, 4813.600000000000364 ], [ 83.880306025967002, 28.673119051381946, 4812.800000000000182 ], [ 83.880282891914248, 28.673048643395305, 4811.800000000000182 ], [ 83.880279622972012, 28.673037914559245, 4811.399999999999636 ], [ 83.88027417473495, 28.673007488250732, 4810.600000000000364 ], [ 83.880264116451144, 28.672978486865759, 4809.399999999999636 ], [ 83.880255063995719, 28.672960298135877, 4808.600000000000364 ], [ 83.880258165299892, 28.672946719452739, 4808.199999999999818 ], [ 83.880287166684866, 28.672943199053407, 4807.0 ], [ 83.880297811701894, 28.6729452945292, 4806.600000000000364 ], [ 83.880307283252478, 28.67294822819531, 4806.0 ], [ 83.880337039008737, 28.67296583019197, 4804.800000000000182 ], [ 83.880366208031774, 28.672979660332203, 4803.600000000000364 ], [ 83.880374673753977, 28.672984270378947, 4803.199999999999818 ], [ 83.88039487414062, 28.672999609261751, 4802.399999999999636 ], [ 83.880423875525594, 28.673029281198978, 4801.800000000000182 ], [ 83.880424378439784, 28.673028023913503, 4801.399999999999636 ], [ 83.880441561341286, 28.673035735264421, 4800.600000000000364 ], [ 83.880500318482518, 28.673080578446388, 4800.399999999999636 ], [ 83.880519596859813, 28.673106478527188, 4799.800000000000182 ], [ 83.880528314039111, 28.673110501840711, 4799.399999999999636 ], [ 83.880529990419745, 28.673064149916172, 4799.199999999999818 ], [ 83.880508448928595, 28.673004303127527, 4798.199999999999818 ], [ 83.880480956286192, 28.672955855727196, 4797.199999999999818 ], [ 83.880467461422086, 28.672908749431372, 4796.0 ], [ 83.880461258813739, 28.672876311466094, 4794.800000000000182 ], [ 83.880460755899549, 28.672867175191641, 4794.600000000000364 ], [ 83.880456564947963, 28.672818979248405, 4793.800000000000182 ], [ 83.880441812798381, 28.672775896266103, 4792.600000000000364 ], [ 83.880443070083857, 28.672762317582965, 4792.399999999999636 ], [ 83.880453631281853, 28.672761479392648, 4792.0 ], [ 83.880471149459481, 28.672761814668775, 4791.399999999999636 ], [ 83.880489338189363, 28.672767179086804, 4790.600000000000364 ], [ 83.880504425615072, 28.672777824103832, 4790.0 ], [ 83.880521021783352, 28.672792073339224, 4789.0 ], [ 83.880535690113902, 28.672805484384298, 4788.199999999999818 ], [ 83.880540803074837, 28.672812776640058, 4788.0 ], [ 83.880571397021413, 28.672841861844063, 4786.800000000000182 ], [ 83.880611043423414, 28.672866420820355, 4786.0 ], [ 83.88062696903944, 28.672878071665764, 4785.600000000000364 ], [ 83.880660915747285, 28.672898104414344, 4784.399999999999636 ], [ 83.88068899512291, 28.672915706411004, 4783.199999999999818 ], [ 83.880696874111891, 28.672919142991304, 4783.0 ], [ 83.880732664838433, 28.672946887090799, 4782.0 ], [ 83.880765857174993, 28.672971529886127, 4781.0 ], [ 83.880779519677162, 28.672969099134207, 4781.0 ], [ 83.880778597667813, 28.67296339944005, 4781.0 ], [ 83.880759235471487, 28.672913778573275, 4780.399999999999636 ], [ 83.880752865225077, 28.672893578186631, 4779.800000000000182 ], [ 83.880733586847782, 28.672839514911175, 4778.800000000000182 ], [ 83.880732916295528, 28.672818560153249, 4778.199999999999818 ], [ 83.880729982629418, 28.672792995348573, 4777.600000000000364 ], [ 83.880725204944611, 28.672747313976288, 4776.600000000000364 ], [ 83.880729982629418, 28.672703895717859, 4775.199999999999818 ], [ 83.880733922123909, 28.672662070021033, 4774.199999999999818 ], [ 83.880717912688851, 28.672609766945243, 4773.0 ], [ 83.88071833178401, 28.672609096392989, 4773.0 ], [ 83.880732413381338, 28.672599121928215, 4772.399999999999636 ], [ 83.880749009549618, 28.67260423488915, 4771.600000000000364 ], [ 83.880761666223407, 28.672615885734562, 4770.800000000000182 ], [ 83.880769964307547, 28.672626279294491, 4770.800000000000182 ], [ 83.880787817761302, 28.672660728916529, 4770.399999999999636 ], [ 83.880782285705209, 28.672660142183304, 4769.600000000000364 ], [ 83.88076770119369, 28.672669613733888, 4768.600000000000364 ], [ 83.880765605717897, 28.672660980373621, 4768.399999999999636 ], [ 83.880781698971987, 28.672661231830716, 4767.600000000000364 ], [ 83.88079259544611, 28.672656789422035, 4767.399999999999636 ], [ 83.880802569910884, 28.672652430832382, 4767.399999999999636 ], [ 83.880828889086843, 28.672665171325207, 4766.0 ], [ 83.880841126665473, 28.67268000729382, 4765.0 ], [ 83.880848754197359, 28.672687634825703, 4764.600000000000364 ], [ 83.880888735875487, 28.672717893496156, 4763.800000000000182 ], [ 83.880911534652114, 28.672743542119861, 4763.399999999999636 ], [ 83.880927041172981, 28.672754690051079, 4763.0 ], [ 83.880947325378656, 28.672767598181963, 4762.600000000000364 ], [ 83.880993761122227, 28.672797353938225, 4761.600000000000364 ], [ 83.881000215187669, 28.672800539061427, 4761.399999999999636 ], [ 83.88100809417665, 28.672804646193981, 4761.199999999999818 ], [ 83.881051260977983, 28.672827277332544, 4760.399999999999636 ], [ 83.881075652316213, 28.672826355323195, 4759.800000000000182 ], [ 83.881074478849769, 28.672812860459089, 4759.600000000000364 ], [ 83.881089733913541, 28.672806322574615, 4759.0 ], [ 83.881111443042755, 28.672812273725867, 4758.0 ], [ 83.881141701713204, 28.672826942056417, 4756.600000000000364 ], [ 83.881166847422719, 28.67283339612186, 4755.800000000000182 ], [ 83.881179923191667, 28.672834569588304, 4755.600000000000364 ], [ 83.881216887384653, 28.672848986461759, 4754.399999999999636 ], [ 83.881221245974302, 28.672852674499151, 4754.399999999999636 ], [ 83.881254941225052, 28.67286809720099, 4754.399999999999636 ], [ 83.881260557100177, 28.672867929562926, 4754.199999999999818 ], [ 83.881259802728891, 28.672870444133881, 4754.199999999999818 ], [ 83.881259802728891, 28.672870444133881, 4753.800000000000182 ], [ 83.881259802728891, 28.672870444133881, 4753.800000000000182 ], [ 83.881259802728891, 28.672870444133881, 4753.399999999999636 ], [ 83.881259802728891, 28.672870444133881, 4753.199999999999818 ], [ 83.881256030872464, 28.672873713076115, 4753.199999999999818 ], [ 83.881273549050093, 28.672887710854411, 4751.800000000000182 ], [ 83.88127539306879, 28.67289399728179, 4751.399999999999636 ], [ 83.881294671446085, 28.672898858785629, 4750.800000000000182 ], [ 83.881324008107185, 28.672899026423693, 4749.800000000000182 ], [ 83.88133448548615, 28.672900954261426, 4749.199999999999818 ], [ 83.881346387788653, 28.672904558479782, 4748.399999999999636 ], [ 83.881374048069119, 28.672910761088133, 4747.399999999999636 ], [ 83.881389638409019, 28.672903385013345, 4747.0 ], [ 83.881406234577298, 28.672909503802657, 4746.199999999999818 ], [ 83.881431128829718, 28.672913527116179, 4745.399999999999636 ], [ 83.881433391943574, 28.672912772744898, 4745.199999999999818 ], [ 83.881451580673456, 28.672920065000653, 4744.0 ], [ 83.88145468197763, 28.672920065000653, 4743.800000000000182 ], [ 83.881495501846075, 28.672929368913177, 4742.600000000000364 ], [ 83.881509080529213, 28.672935236245394, 4742.199999999999818 ], [ 83.881532046943903, 28.672935403883457, 4741.600000000000364 ], [ 83.88156951405108, 28.672940684482455, 4740.399999999999636 ], [ 83.881582925096154, 28.672941774129868, 4740.0 ], [ 83.881603125482798, 28.672946048900485, 4739.199999999999818 ], [ 83.881643023341894, 28.672948312014341, 4738.0 ], [ 83.881665822118521, 28.672949401661754, 4737.399999999999636 ], [ 83.881679736077785, 28.67294806055725, 4736.800000000000182 ], [ 83.881717119365931, 28.672948898747563, 4735.399999999999636 ], [ 83.881730111315846, 28.672951329499483, 4734.600000000000364 ], [ 83.881733547896147, 28.672950994223356, 4734.399999999999636 ], [ 83.881736313924193, 28.672952083870769, 4733.800000000000182 ], [ 83.881766572594643, 28.672956442460418, 4733.199999999999818 ], [ 83.881789203733206, 28.672963231801987, 4732.199999999999818 ], [ 83.8818016089499, 28.672968177124854, 4731.600000000000364 ], [ 83.881817366927862, 28.67297287099063, 4731.199999999999818 ], [ 83.881867406889796, 28.672984773293138, 4730.0 ], [ 83.881902359426022, 28.672999357804656, 4729.0 ], [ 83.881912082433701, 28.672999525442719, 4728.800000000000182 ], [ 83.881932366639376, 28.673001285642385, 4727.600000000000364 ], [ 83.881952986121178, 28.67300983518362, 4726.600000000000364 ], [ 83.882004786282778, 28.673020228743553, 4725.600000000000364 ], [ 83.882045857608318, 28.673019977286454, 4724.399999999999636 ], [ 83.882085084915161, 28.673021569848061, 4723.399999999999636 ], [ 83.88213193975389, 28.673019809648395, 4722.199999999999818 ], [ 83.882144931703806, 28.673016121610999, 4721.399999999999636 ], [ 83.882153397426009, 28.673014948144555, 4721.0 ], [ 83.882203605026007, 28.673034897074103, 4720.0 ], [ 83.882213076576591, 28.673040345311165, 4719.800000000000182 ], [ 83.882299996912479, 28.673084434121847, 4718.800000000000182 ], [ 83.882312653586268, 28.673090385273099, 4718.800000000000182 ], [ 83.882398568093777, 28.673131791874766, 4718.0 ], [ 83.882437376305461, 28.673162134364247, 4717.800000000000182 ], [ 83.882471909746528, 28.67318669334054, 4717.800000000000182 ], [ 83.882522117346525, 28.673206977546215, 4716.399999999999636 ], [ 83.882533935829997, 28.673212928697467, 4716.0 ], [ 83.88256243430078, 28.673219382762909, 4715.199999999999818 ], [ 83.882614066824317, 28.673233631998301, 4714.199999999999818 ], [ 83.882651282474399, 28.673266489058733, 4712.800000000000182 ], [ 83.882676009088755, 28.673268752172589, 4712.399999999999636 ], [ 83.882736526429653, 28.673299681395292, 4711.600000000000364 ], [ 83.882763180881739, 28.67331275716424, 4711.0 ], [ 83.882794361561537, 28.6733337957412, 4710.399999999999636 ], [ 83.882846580818295, 28.673351565375924, 4709.600000000000364 ], [ 83.882857980206609, 28.673355504870415, 4709.399999999999636 ], [ 83.882889244705439, 28.673373274505138, 4708.199999999999818 ], [ 83.882925203070045, 28.673391547054052, 4707.600000000000364 ], [ 83.882949510589242, 28.673402862623337, 4707.199999999999818 ], [ 83.8829948566854, 28.673430355265737, 4706.0 ], [ 83.883002232760191, 28.67343588732183, 4705.800000000000182 ], [ 83.883060235530138, 28.673458434641361, 4704.800000000000182 ], [ 83.883066354319453, 28.673464888706803, 4704.600000000000364 ], [ 83.883099043741822, 28.673485005274415, 4703.800000000000182 ], [ 83.8831727206707, 28.67350185289979, 4702.800000000000182 ], [ 83.883249666541815, 28.673538397997618, 4701.800000000000182 ], [ 83.883269699290395, 28.673540744930506, 4701.0 ], [ 83.883282858878374, 28.673543594777584, 4700.600000000000364 ], [ 83.883346896618605, 28.673568489030004, 4699.600000000000364 ], [ 83.883356954902411, 28.673567147925496, 4699.399999999999636 ], [ 83.883387465029955, 28.673565806820989, 4698.399999999999636 ], [ 83.883405905216932, 28.673568656668067, 4697.399999999999636 ], [ 83.883454855531454, 28.673577373847365, 4696.199999999999818 ], [ 83.883516294881701, 28.673584498465061, 4695.199999999999818 ], [ 83.883549235761166, 28.67358542047441, 4694.600000000000364 ], [ 83.883575219660997, 28.673589695245028, 4694.199999999999818 ], [ 83.883612100034952, 28.673581397160888, 4693.0 ], [ 83.883619140833616, 28.673580642789599, 4692.800000000000182 ], [ 83.883656105026603, 28.673578128218651, 4692.0 ], [ 83.88368921354413, 28.673572093248367, 4690.800000000000182 ], [ 83.883723244071007, 28.673563627526164, 4689.800000000000182 ], [ 83.883753586560488, 28.673552311956879, 4689.399999999999636 ], [ 83.883780743926764, 28.673550970852375, 4688.600000000000364 ], [ 83.88381427153945, 28.673549965023991, 4687.800000000000182 ], [ 83.883802872151136, 28.673543762415648, 4687.600000000000364 ], [ 83.883825084194541, 28.673534961417317, 4686.800000000000182 ], [ 83.883834555745125, 28.673533368855715, 4686.600000000000364 ], [ 83.883886439725757, 28.67353118956089, 4685.399999999999636 ], [ 83.883901359513402, 28.673530435189605, 4685.199999999999818 ], [ 83.883957685902715, 28.673513839021325, 4684.399999999999636 ], [ 83.88397604227066, 28.67350579239428, 4684.199999999999818 ], [ 83.883987609297037, 28.673502271994948, 4683.399999999999636 ], [ 83.883986100554466, 28.673507049679756, 4683.0 ], [ 83.883976964280009, 28.673509731888771, 4682.399999999999636 ], [ 83.883965564891696, 28.673515850678086, 4682.399999999999636 ], [ 83.88402490876615, 28.673526160418987, 4682.399999999999636 ], [ 83.884021891281009, 28.673505038022995, 4682.0 ], [ 83.884030105546117, 28.673476288095117, 4681.199999999999818 ], [ 83.884039325639606, 28.673482658341527, 4680.600000000000364 ], [ 83.884047623723745, 28.673491543158889, 4680.199999999999818 ], [ 83.884103028103709, 28.673488022759557, 4679.399999999999636 ], [ 83.884113673120737, 28.67349062114954, 4679.199999999999818 ], [ 83.884175783023238, 28.673496823757887, 4678.0 ], [ 83.88418709859252, 28.673498332500458, 4678.0 ], [ 83.884236719459295, 28.67351358756423, 4677.0 ], [ 83.884292794391513, 28.673529680818319, 4675.800000000000182 ], [ 83.884343421086669, 28.673540325835347, 4674.800000000000182 ], [ 83.884386336430907, 28.673548204824328, 4673.399999999999636 ], [ 83.884407626464963, 28.673549965023991, 4673.0 ], [ 83.884444842115045, 28.673548959195617, 4672.399999999999636 ], [ 83.88447786681354, 28.673551809042692, 4671.399999999999636 ], [ 83.884514747187495, 28.673549965023991, 4670.199999999999818 ], [ 83.88454819098115, 28.673557927832007, 4669.0 ], [ 83.884577695280313, 28.673562537878752, 4668.0 ], [ 83.884591525420547, 28.673564633354545, 4667.600000000000364 ], [ 83.884609965607524, 28.673561615869403, 4667.199999999999818 ], [ 83.884623376652598, 28.673566142097116, 4666.399999999999636 ], [ 83.884654641151428, 28.673564381897449, 4665.399999999999636 ], [ 83.884689258411527, 28.673546863719821, 4664.399999999999636 ], [ 83.884697975590825, 28.673544516786933, 4664.0 ], [ 83.884732592850924, 28.673540744930506, 4663.0 ], [ 83.884785650297999, 28.673538314178582, 4661.800000000000182 ], [ 83.884793110191822, 28.673538314178582, 4661.399999999999636 ], [ 83.884811047464609, 28.673541499301791, 4660.600000000000364 ], [ 83.884826051071286, 28.673542002215981, 4660.199999999999818 ], [ 83.884831331670284, 28.673544097691774, 4659.600000000000364 ], [ 83.884836863726377, 28.673546025529504, 4659.199999999999818 ], [ 83.884863015264273, 28.673553233966231, 4658.399999999999636 ], [ 83.88490148819983, 28.673560945317149, 4657.399999999999636 ], [ 83.884910959750414, 28.673563124611977, 4657.0 ], [ 83.884931243956089, 28.67357008159161, 4656.199999999999818 ], [ 83.884962592273951, 28.673579636961222, 4655.0 ], [ 83.884989498183131, 28.673589611425996, 4654.199999999999818 ], [ 83.884997712448239, 28.67359371855855, 4654.0 ], [ 83.885046327486634, 28.673607632517815, 4653.600000000000364 ], [ 83.885065102949739, 28.673612996935844, 4652.800000000000182 ], [ 83.885075161233544, 28.673617858439684, 4652.399999999999636 ], [ 83.885100642219186, 28.673626910895109, 4651.800000000000182 ], [ 83.88517314568162, 28.673642165958881, 4650.800000000000182 ], [ 83.885175157338381, 28.67364258505404, 4650.600000000000364 ], [ 83.885194016620517, 28.673649374395609, 4649.600000000000364 ], [ 83.885238524526358, 28.67366798222065, 4649.0 ], [ 83.885260066017509, 28.673680890351537, 4648.600000000000364 ], [ 83.885306920856237, 28.673705700784922, 4647.399999999999636 ], [ 83.885313374921679, 28.673706790432337, 4647.199999999999818 ], [ 83.885367438197136, 28.673719447106123, 4646.399999999999636 ], [ 83.885383950546384, 28.673726320266724, 4645.399999999999636 ], [ 83.885419405996799, 28.67374031804502, 4644.199999999999818 ], [ 83.88548880815506, 28.6737603507936, 4643.199999999999818 ], [ 83.885497860610485, 28.673759931698442, 4643.0 ], [ 83.88553180731833, 28.673767894506454, 4641.800000000000182 ], [ 83.885562736541033, 28.673786167055368, 4640.800000000000182 ], [ 83.885594923049212, 28.673814916983247, 4639.600000000000364 ], [ 83.885623756796122, 28.673823801800609, 4638.600000000000364 ], [ 83.88563197106123, 28.673825059086084, 4638.399999999999636 ], [ 83.885679161176085, 28.673839727416635, 4637.399999999999636 ], [ 83.885729620233178, 28.673861101269718, 4636.399999999999636 ], [ 83.885743115097284, 28.673870489001271, 4636.199999999999818 ], [ 83.885783012956381, 28.673894880339503, 4635.399999999999636 ], [ 83.885840093716979, 28.673917511478063, 4634.399999999999636 ], [ 83.885850571095943, 28.673921450972557, 4634.199999999999818 ], [ 83.885894659906626, 28.673936957493424, 4633.399999999999636 ], [ 83.885966325178742, 28.673950033262372, 4632.199999999999818 ], [ 83.886017790064216, 28.673954224213961, 4631.0 ], [ 83.886060873046517, 28.673962941393256, 4630.800000000000182 ], [ 83.886077217757702, 28.673964953050017, 4630.199999999999818 ], [ 83.886076798662543, 28.67396478541195, 4630.199999999999818 ], [ 83.886087359860539, 28.673965120688081, 4630.0 ], [ 83.886121893301606, 28.673966629430652, 4628.399999999999636 ], [ 83.886170340701938, 28.673978196457028, 4627.800000000000182 ], [ 83.886186350136995, 28.673976939171553, 4627.199999999999818 ], [ 83.886227170005441, 28.673982052132487, 4626.0 ], [ 83.886254159733653, 28.673980124294761, 4625.600000000000364 ], [ 83.88628676533699, 28.673979789018631, 4625.0 ], [ 83.886326244100928, 28.67397895082831, 4623.800000000000182 ], [ 83.886367231607437, 28.673989344388247, 4622.800000000000182 ], [ 83.886371171101928, 28.673990350216627, 4622.600000000000364 ], [ 83.886457504704595, 28.673993786796927, 4621.399999999999636 ], [ 83.886467143893242, 28.673996049910784, 4620.800000000000182 ], [ 83.886482315137982, 28.673999654129148, 4620.0 ], [ 83.886521374806762, 28.674007197841998, 4618.800000000000182 ], [ 83.886580299586058, 28.674022704362869, 4618.199999999999818 ], [ 83.886594213545322, 28.674027482047677, 4618.0 ], [ 83.886607624590397, 28.67403301410377, 4617.800000000000182 ], [ 83.886666381731629, 28.674061261117458, 4616.600000000000364 ], [ 83.886700663715601, 28.674065619707108, 4616.199999999999818 ], [ 83.886750368401408, 28.674064362421632, 4615.399999999999636 ], [ 83.886792780831456, 28.674063105136156, 4614.399999999999636 ], [ 83.886819770559669, 28.674061093479395, 4614.0 ], [ 83.886835612356663, 28.67405790835619, 4613.399999999999636 ], [ 83.886833684518933, 28.67405665107071, 4613.399999999999636 ], [ 83.886853801086545, 28.674058075994253, 4613.199999999999818 ], [ 83.886890597641468, 28.674053130671386, 4612.199999999999818 ], [ 83.886931585147977, 28.674064194783568, 4611.800000000000182 ], [ 83.886956898495555, 28.674069307744503, 4610.800000000000182 ], [ 83.886992353945971, 28.674074336886409, 4609.800000000000182 ], [ 83.887062510475516, 28.674073498696089, 4609.399999999999636 ], [ 83.887098887935281, 28.674075845628977, 4608.800000000000182 ], [ 83.887123698368669, 28.674070397391915, 4607.800000000000182 ], [ 83.887129984796047, 28.674068972468376, 4607.399999999999636 ], [ 83.887160075828433, 28.674064362421632, 4606.199999999999818 ], [ 83.887198800221086, 28.674058495089412, 4605.800000000000182 ], [ 83.88720927760005, 28.674057070165873, 4605.800000000000182 ], [ 83.887216737493873, 28.674053717404604, 4605.399999999999636 ], [ 83.887218916788697, 28.674049191176891, 4605.199999999999818 ], [ 83.887208020314574, 28.674049191176891, 4605.0 ], [ 83.887197962030768, 28.674035193398595, 4605.0 ], [ 83.887197878211737, 28.674035277217627, 4605.0 ], [ 83.887197878211737, 28.674035277217627, 4605.0 ], [ 83.887197878211737, 28.674035277217627, 4604.800000000000182 ], [ 83.88726007193327, 28.674042318016291, 4604.0 ], [ 83.887306926771998, 28.67404617369175, 4602.800000000000182 ], [ 83.887353362515569, 28.674042988568544, 4601.600000000000364 ], [ 83.887405330315232, 28.674039132893085, 4600.399999999999636 ], [ 83.887438271194696, 28.67404491640627, 4599.0 ], [ 83.887470457702875, 28.674044078215957, 4597.800000000000182 ], [ 83.887507505714893, 28.674045670777559, 4596.800000000000182 ], [ 83.887533489614725, 28.674043575301766, 4596.0 ], [ 83.887554444372654, 28.674041479825977, 4595.600000000000364 ], [ 83.887608759105206, 28.674053885042667, 4594.399999999999636 ], [ 83.88763876631856, 28.674054723232985, 4593.199999999999818 ], [ 83.887678328901529, 28.674050699919466, 4592.0 ], [ 83.887719148769975, 28.674042988568544, 4591.0 ], [ 83.887729709967971, 28.674041982740164, 4590.800000000000182 ], [ 83.887755693867803, 28.674041228368878, 4589.800000000000182 ], [ 83.887799866497517, 28.674042234197259, 4588.600000000000364 ], [ 83.887820318341255, 28.674045754596591, 4588.199999999999818 ], [ 83.887851750478148, 28.674050280824304, 4587.600000000000364 ], [ 83.887897683307528, 28.67405790835619, 4586.399999999999636 ], [ 83.887904305011034, 28.674058662727475, 4586.0 ], [ 83.887939257547259, 28.674065116792917, 4585.199999999999818 ], [ 83.887991309165955, 28.674074839800596, 4584.0 ], [ 83.888025255873799, 28.67408137768507, 4583.399999999999636 ], [ 83.888059454038739, 28.674085400998592, 4582.800000000000182 ], [ 83.888091137632728, 28.674093447625637, 4582.199999999999818 ], [ 83.888128520920873, 28.674096548929811, 4581.600000000000364 ], [ 83.888140004128218, 28.674098225310445, 4581.399999999999636 ], [ 83.888170011341572, 28.674106355756521, 4580.399999999999636 ], [ 83.888232037425041, 28.674130830913786, 4579.399999999999636 ], [ 83.888243185356259, 28.674134183675051, 4579.199999999999818 ], [ 83.888333709910512, 28.674151366576552, 4578.399999999999636 ], [ 83.888342594727874, 28.67415203712881, 4578.199999999999818 ], [ 83.888379642739892, 28.674156228080392, 4577.199999999999818 ], [ 83.888416020199656, 28.674156898632649, 4576.0 ], [ 83.888424821197987, 28.674157569184899, 4575.600000000000364 ], [ 83.888452313840389, 28.674159832298756, 4575.0 ], [ 83.888485254719853, 28.674170393496752, 4574.0 ], [ 83.888507215306163, 28.67417374625802, 4573.800000000000182 ], [ 83.888563122600317, 28.674190090969205, 4573.0 ], [ 83.8885881844908, 28.674207860603929, 4572.199999999999818 ], [ 83.888600673526525, 28.674201825633645, 4572.0 ], [ 83.888646606355906, 28.674209117889404, 4570.800000000000182 ], [ 83.88869371265173, 28.674224708229303, 4569.800000000000182 ], [ 83.88872355222702, 28.674242477864027, 4569.399999999999636 ], [ 83.888763450086117, 28.67424407042563, 4568.600000000000364 ], [ 83.888802342116833, 28.674250859767199, 4567.600000000000364 ], [ 83.888836959376931, 28.674255888909101, 4566.600000000000364 ], [ 83.888872666284442, 28.674260498955849, 4565.199999999999818 ], [ 83.888902338221669, 28.674266282469031, 4564.600000000000364 ], [ 83.888958245515823, 28.674269802868366, 4564.0 ], [ 83.888987498357892, 28.674274832010269, 4563.199999999999818 ], [ 83.888993952423334, 28.67427634075284, 4562.600000000000364 ], [ 83.88901180587709, 28.674281956627965, 4562.399999999999636 ], [ 83.889027144759893, 28.674284471198916, 4562.199999999999818 ], [ 83.889076011255383, 28.674302995204929, 4561.399999999999636 ], [ 83.889074418693781, 28.674305342137817, 4561.0 ], [ 83.889085818082094, 28.674306767061353, 4560.800000000000182 ], [ 83.889150023460388, 28.674326632171869, 4560.0 ], [ 83.889174330979586, 28.674338953569531, 4559.399999999999636 ], [ 83.889221521094441, 28.674363596364856, 4559.399999999999636 ], [ 83.889244990423322, 28.674370804801583, 4558.800000000000182 ], [ 83.88928153552115, 28.674374325200915, 4558.199999999999818 ], [ 83.889308273792267, 28.674376923590899, 4557.800000000000182 ], [ 83.88934850692749, 28.674395279958844, 4556.600000000000364 ], [ 83.889354122802615, 28.674400309100747, 4556.199999999999818 ], [ 83.889379687607288, 28.674420258030295, 4555.399999999999636 ], [ 83.889432577416301, 28.674442302435637, 4554.399999999999636 ], [ 83.889484126120806, 28.674464179202911, 4553.399999999999636 ], [ 83.889512624591589, 28.674475746229291, 4552.800000000000182 ], [ 83.889520838856697, 28.674479015171528, 4552.399999999999636 ], [ 83.889555037021637, 28.674492761492729, 4551.399999999999636 ], [ 83.889596527442336, 28.674515979364511, 4550.399999999999636 ], [ 83.889607507735491, 28.674518158659339, 4550.199999999999818 ], [ 83.88963726349175, 28.674527797847983, 4549.199999999999818 ], [ 83.889666516333818, 28.674534754827619, 4548.399999999999636 ], [ 83.889680346474051, 28.674539448693395, 4548.199999999999818 ], [ 83.889688309282064, 28.674541879445311, 4548.0 ], [ 83.889721417799592, 28.67456073872745, 4546.800000000000182 ], [ 83.889748994261026, 28.674562415108085, 4545.800000000000182 ], [ 83.889765674248338, 28.674564259126782, 4545.600000000000364 ], [ 83.889797860756516, 28.674578424543142, 4544.600000000000364 ], [ 83.889817642048001, 28.674584040418267, 4544.0 ], [ 83.889835998415947, 28.674586219713092, 4543.600000000000364 ], [ 83.889877740293741, 28.674598373472691, 4542.0 ], [ 83.889885116368532, 28.674607677385211, 4541.199999999999818 ], [ 83.889885870739818, 28.674610359594222, 4541.0 ], [ 83.889926271513104, 28.674642294645309, 4540.199999999999818 ], [ 83.889933479949832, 28.674642965197563, 4539.800000000000182 ], [ 83.889958541840315, 28.674649251624945, 4538.800000000000182 ], [ 83.889974551275373, 28.674651850014925, 4538.199999999999818 ], [ 83.889996847137809, 28.674653777852654, 4537.600000000000364 ], [ 83.890038337558508, 28.67466383613646, 4536.600000000000364 ], [ 83.890084940940142, 28.674688646569848, 4535.600000000000364 ], [ 83.89009416103363, 28.674688395112753, 4535.399999999999636 ], [ 83.89014252461493, 28.674688478931785, 4534.399999999999636 ], [ 83.890162725001574, 28.674690071493387, 4533.600000000000364 ], [ 83.890173202380538, 28.674690071493387, 4533.399999999999636 ], [ 83.890200275927782, 28.674691328778863, 4532.199999999999818 ], [ 83.890234222635627, 28.674701973795891, 4531.199999999999818 ], [ 83.890257859602571, 28.674707170575857, 4530.600000000000364 ], [ 83.890276215970516, 28.674714965745807, 4530.0 ], [ 83.890298511832952, 28.674727370962501, 4529.0 ], [ 83.890301026403904, 28.674727370962501, 4527.800000000000182 ], [ 83.890301780775189, 28.674727119505405, 4527.600000000000364 ], [ 83.890315275639296, 28.674733405932784, 4527.399999999999636 ], [ 83.890322400256991, 28.674738770350817, 4527.399999999999636 ], [ 83.890332290902734, 28.674744972959161, 4527.199999999999818 ], [ 83.890340756624937, 28.674751175567508, 4527.0 ], [ 83.890349976718426, 28.674754528328776, 4526.800000000000182 ], [ 83.890385264530778, 28.674772381782532, 4525.800000000000182 ], [ 83.890414349734783, 28.67478302679956, 4524.600000000000364 ], [ 83.89044888317585, 28.67480942979455, 4523.399999999999636 ], [ 83.890477297827601, 28.674832815304399, 4522.199999999999818 ], [ 83.890510406345129, 28.67485293187201, 4521.199999999999818 ], [ 83.890543095767498, 28.674890231341124, 4520.0 ], [ 83.890554746612906, 28.674905486404896, 4519.800000000000182 ], [ 83.890572767704725, 28.674921663478017, 4518.600000000000364 ], [ 83.890610486268997, 28.674949994310737, 4517.800000000000182 ], [ 83.890632530674338, 28.674962231889367, 4517.199999999999818 ], [ 83.890646528452635, 28.674973212182518, 4516.800000000000182 ], [ 83.890704782679677, 28.675017636269331, 4515.600000000000364 ], [ 83.890712410211563, 28.675019983202219, 4515.399999999999636 ], [ 83.890745770186186, 28.675035573542122, 4514.399999999999636 ], [ 83.890781225636601, 28.675054181367159, 4513.199999999999818 ], [ 83.890803186222911, 28.675065329298377, 4512.399999999999636 ], [ 83.890812657773495, 28.675069017335773, 4512.199999999999818 ], [ 83.890870744362473, 28.675089385360479, 4511.0 ], [ 83.890901003032923, 28.675102544948459, 4510.199999999999818 ], [ 83.890918688848615, 28.675108328461647, 4509.600000000000364 ], [ 83.890964537858963, 28.675126684829593, 4509.0 ], [ 83.890971830114722, 28.675130540505052, 4508.600000000000364 ], [ 83.89097954146564, 28.675133809447289, 4508.399999999999636 ], [ 83.891017762944102, 28.67515342310071, 4507.399999999999636 ], [ 83.891043746843934, 28.675172450020909, 4506.399999999999636 ], [ 83.891064701601863, 28.675185274332762, 4506.0 ], [ 83.891086159273982, 28.675199272111058, 4505.399999999999636 ], [ 83.89112027361989, 28.675221065059304, 4504.399999999999636 ], [ 83.891135947778821, 28.675228357315063, 4504.0 ], [ 83.891176097095013, 28.675250234082341, 4503.399999999999636 ], [ 83.891209540888667, 28.67527605034411, 4502.399999999999636 ], [ 83.891217838972807, 28.675280828028917, 4502.199999999999818 ], [ 83.8912682980299, 28.675306560471657, 4501.199999999999818 ], [ 83.89130643568933, 28.675324162468311, 4500.399999999999636 ], [ 83.891321439296007, 28.675332544371489, 4500.0 ], [ 83.891353709623218, 28.675357438623905, 4499.0 ], [ 83.891374496743083, 28.675389373674989, 4497.600000000000364 ], [ 83.891380615532398, 28.67541141808033, 4497.399999999999636 ], [ 83.891397044062614, 28.675438659265637, 4496.600000000000364 ], [ 83.891406683251262, 28.675464307889342, 4495.600000000000364 ], [ 83.891416573897004, 28.675478473305706, 4495.199999999999818 ], [ 83.891430655494332, 28.675511078909039, 4494.399999999999636 ], [ 83.89144716784358, 28.675534632056952, 4493.800000000000182 ], [ 83.891460578888655, 28.675550641492009, 4493.199999999999818 ], [ 83.891485305503011, 28.675588611513376, 4492.199999999999818 ], [ 83.891494693234563, 28.675608895719051, 4491.800000000000182 ], [ 83.891504667699337, 28.675630437210199, 4491.199999999999818 ], [ 83.89152922667563, 28.675676872953773, 4489.800000000000182 ], [ 83.891531741246581, 28.675684668123719, 4489.600000000000364 ], [ 83.891560574993491, 28.675744766369466, 4488.800000000000182 ], [ 83.891564179211855, 28.675753232091665, 4488.600000000000364 ], [ 83.891571387648582, 28.675771672278643, 4487.600000000000364 ], [ 83.891595611348748, 28.675815844908357, 4486.800000000000182 ], [ 83.891600640490651, 28.675825400277972, 4486.800000000000182 ], [ 83.891622433438897, 28.675868986174464, 4485.600000000000364 ], [ 83.891624864190817, 28.67587611079216, 4485.0 ], [ 83.891627797856927, 28.6758844088763, 4484.199999999999818 ], [ 83.891646489500999, 28.675907794386148, 4483.199999999999818 ], [ 83.891656463965774, 28.675932688638568, 4482.399999999999636 ], [ 83.891659649088979, 28.675944926217198, 4482.0 ], [ 83.891680855304003, 28.675997480750084, 4481.0 ], [ 83.891683705151081, 28.676015334203839, 4480.199999999999818 ], [ 83.891686052083969, 28.676024135202169, 4479.800000000000182 ], [ 83.89171103015542, 28.676083562895656, 4479.0 ], [ 83.89171396382153, 28.676138883456588, 4478.0 ], [ 83.891720334067941, 28.676161598414183, 4477.399999999999636 ], [ 83.891747910529375, 28.676243657246232, 4476.800000000000182 ], [ 83.891758220270276, 28.676260253414512, 4476.600000000000364 ], [ 83.891791664063931, 28.676324877887964, 4475.600000000000364 ], [ 83.891799375414848, 28.676340719684958, 4475.0 ], [ 83.891801638528705, 28.676361925899982, 4474.399999999999636 ], [ 83.891821503639221, 28.676427053287625, 4473.600000000000364 ], [ 83.89182535931468, 28.676438285037875, 4473.199999999999818 ], [ 83.891850672662258, 28.676487235352397, 4472.0 ], [ 83.891881182789803, 28.676514057442542, 4471.399999999999636 ], [ 83.891923930495977, 28.676550518721346, 4471.0 ], [ 83.891963325440884, 28.676584549248219, 4470.199999999999818 ], [ 83.892035493627191, 28.676626458764076, 4470.0 ], [ 83.892043204978108, 28.676630649715666, 4470.0 ], [ 83.89208285138011, 28.676654202863578, 4469.0 ], [ 83.892138171941042, 28.676673229783773, 4467.800000000000182 ], [ 83.892178405076265, 28.676693933084607, 4466.600000000000364 ], [ 83.892202880233526, 28.676708769053221, 4465.600000000000364 ], [ 83.8922128546983, 28.676711115986109, 4465.600000000000364 ], [ 83.89225585386157, 28.676745481789112, 4464.600000000000364 ], [ 83.892262224107981, 28.676751349121332, 4464.600000000000364 ], [ 83.892294745892286, 28.676783703267574, 4463.199999999999818 ], [ 83.892328105866909, 28.676804322749376, 4462.199999999999818 ], [ 83.892337828874588, 28.676807591691613, 4462.199999999999818 ], [ 83.892397088930011, 28.676832737401128, 4461.199999999999818 ], [ 83.892438495531678, 28.676861068233848, 4460.199999999999818 ], [ 83.892457522451878, 28.67688319645822, 4459.600000000000364 ], [ 83.89252457767725, 28.676923429593444, 4458.800000000000182 ], [ 83.89253337867558, 28.676928039640188, 4458.399999999999636 ], [ 83.892545448616147, 28.676948994398117, 4457.800000000000182 ], [ 83.892567912116647, 28.676971457898617, 4457.600000000000364 ], [ 83.892598925158381, 28.676992747932673, 4456.600000000000364 ], [ 83.892631530761719, 28.677010433748364, 4455.800000000000182 ], [ 83.892638152465224, 28.677017223089933, 4455.600000000000364 ], [ 83.892683247104287, 28.677048236131668, 4454.399999999999636 ], [ 83.892702274024487, 28.677059384062886, 4453.800000000000182 ], [ 83.89272004365921, 28.677071202546362, 4453.399999999999636 ], [ 83.892780309543014, 28.677094504237175, 4453.0 ], [ 83.89280067756772, 28.677106406539679, 4452.399999999999636 ], [ 83.892833618447185, 28.677130378782749, 4451.199999999999818 ], [ 83.89288667589426, 28.677157871425152, 4450.199999999999818 ], [ 83.892900086939335, 28.677165247499943, 4449.800000000000182 ], [ 83.892921460792422, 28.677174216136336, 4449.399999999999636 ], [ 83.89292380772531, 28.677174299955368, 4449.199999999999818 ], [ 83.89296286739409, 28.677187291905284, 4447.600000000000364 ], [ 83.892994215711951, 28.677197936922312, 4446.600000000000364 ], [ 83.893045512959361, 28.677227273583412, 4446.199999999999818 ], [ 83.893092200160027, 28.677250659093261, 4445.399999999999636 ], [ 83.893111310899258, 28.677263902500272, 4445.199999999999818 ], [ 83.893142240121961, 28.67728628218174, 4444.800000000000182 ], [ 83.893147855997086, 28.677289802581072, 4444.800000000000182 ], [ 83.893163613975048, 28.677299357950687, 4444.600000000000364 ], [ 83.893180461600423, 28.677312433719635, 4444.199999999999818 ], [ 83.893196890130639, 28.677325425669551, 4444.0 ], [ 83.893228825181723, 28.677345290780067, 4443.199999999999818 ], [ 83.893253551796079, 28.67734931409359, 4443.0 ], [ 83.893276518210769, 28.677357360720631, 4443.0 ], [ 83.893302837386727, 28.677364150062203, 4442.800000000000182 ], [ 83.893348099663854, 28.677388038486239, 4441.800000000000182 ], [ 83.893369138240814, 28.677398348227143, 4441.399999999999636 ], [ 83.893425464630127, 28.677430534735318, 4441.199999999999818 ], [ 83.893477851524949, 28.677454758435488, 4440.399999999999636 ], [ 83.893501907587051, 28.67746364325285, 4439.399999999999636 ], [ 83.893567537888885, 28.677480071783062, 4438.399999999999636 ], [ 83.893612297251821, 28.677515527233481, 4437.399999999999636 ], [ 83.893630150705576, 28.677522568032146, 4437.199999999999818 ], [ 83.893666695803404, 28.677535727620125, 4436.199999999999818 ], [ 83.89369485899806, 28.677553413435817, 4436.0 ], [ 83.893757052719593, 28.677580906078219, 4435.0 ], [ 83.893776498734951, 28.677587946876884, 4434.600000000000364 ], [ 83.893814217299223, 28.677601274102926, 4434.0 ], [ 83.893855456262827, 28.677615355700254, 4433.0 ], [ 83.893864173442125, 28.677619127556682, 4432.600000000000364 ], [ 83.893920248374343, 28.677660450339317, 4432.0 ], [ 83.893954446539283, 28.677690457552671, 4431.600000000000364 ], [ 83.893974646925926, 28.677711831405759, 4431.399999999999636 ], [ 83.893995266407728, 28.67772507481277, 4430.600000000000364 ], [ 83.894014209508896, 28.677739826962352, 4430.199999999999818 ], [ 83.894036253914237, 28.677748795598745, 4430.0 ], [ 83.894089730456471, 28.67775684222579, 4429.399999999999636 ], [ 83.894165586680174, 28.677759356796741, 4428.800000000000182 ], [ 83.894244711846113, 28.677765727043152, 4428.399999999999636 ], [ 83.894323334097862, 28.677792632952332, 4427.399999999999636 ], [ 83.894345462322235, 28.677799087017775, 4426.800000000000182 ], [ 83.894374379888177, 28.677803445607424, 4426.199999999999818 ], [ 83.894437830895185, 28.677807301282883, 4425.600000000000364 ], [ 83.894466748461127, 28.677805121988055, 4425.199999999999818 ], [ 83.8945597037673, 28.677793806418777, 4424.199999999999818 ], [ 83.894584011286497, 28.677793638780713, 4424.0 ], [ 83.894632123410702, 28.677781401202083, 4423.199999999999818 ], [ 83.894660789519548, 28.677772935479879, 4423.0 ], [ 83.894674200564623, 28.677767738699913, 4422.800000000000182 ], [ 83.894687360152602, 28.677763463929296, 4422.800000000000182 ], [ 83.894776124507189, 28.677729098126292, 4421.600000000000364 ], [ 83.894801940768957, 28.677720716223121, 4421.0 ], [ 83.894822476431727, 28.677712669596076, 4420.600000000000364 ], [ 83.894873941317201, 28.677696324884892, 4419.399999999999636 ], [ 83.894903780892491, 28.677695905789733, 4418.399999999999636 ], [ 83.894915264099836, 28.677698085084561, 4418.199999999999818 ], [ 83.894979050382972, 28.67769573815167, 4417.199999999999818 ], [ 83.895030934363604, 28.677690206095576, 4415.800000000000182 ], [ 83.895079968497157, 28.677684757858515, 4415.199999999999818 ], [ 83.895093882456422, 28.677682327106595, 4414.800000000000182 ], [ 83.895148700103164, 28.677660366520289, 4413.600000000000364 ], [ 83.895178204402328, 28.677648045122623, 4413.199999999999818 ], [ 83.895235871896148, 28.677630610764027, 4412.399999999999636 ], [ 83.895232351496816, 28.677634382620457, 4411.399999999999636 ], [ 83.895230423659086, 28.677637567743659, 4411.199999999999818 ], [ 83.895280379801989, 28.677624240517616, 4410.399999999999636 ], [ 83.895291276276112, 28.67762147448957, 4410.0 ], [ 83.895348943769932, 28.677606554701924, 4409.0 ], [ 83.89536545611918, 28.677602196112275, 4408.399999999999636 ], [ 83.895390434190631, 28.677596496418118, 4407.800000000000182 ], [ 83.895423710346222, 28.677591634914279, 4406.800000000000182 ], [ 83.895462602376938, 28.677586773410439, 4405.600000000000364 ], [ 83.895470565184951, 28.677586689591408, 4405.199999999999818 ], [ 83.895486909896135, 28.677586521953344, 4405.199999999999818 ], [ 83.895487580448389, 28.677580319344997, 4404.600000000000364 ], [ 83.895530244335532, 28.677578391507268, 4403.399999999999636 ], [ 83.895539129152894, 28.677581660449505, 4402.199999999999818 ], [ 83.895586989820004, 28.677590377628803, 4401.199999999999818 ], [ 83.895598305389285, 28.677592724561691, 4401.199999999999818 ], [ 83.895635940134525, 28.677594987675548, 4400.0 ], [ 83.89566988684237, 28.677593395113945, 4398.800000000000182 ], [ 83.895674496889114, 28.677594317123297, 4398.399999999999636 ], [ 83.895699139684439, 28.677601106464863, 4397.399999999999636 ], [ 83.895733337849379, 28.67760194465518, 4396.399999999999636 ], [ 83.895742390304804, 28.677599178627133, 4396.199999999999818 ], [ 83.895749850198627, 28.67759850807488, 4396.0 ], [ 83.895796285942197, 28.677594568580389, 4395.199999999999818 ], [ 83.89583308249712, 28.677595322951671, 4394.0 ], [ 83.895840039476752, 28.677597669884559, 4393.800000000000182 ], [ 83.89587851241231, 28.677600268274546, 4393.0 ], [ 83.895923104137182, 28.677610410377383, 4391.800000000000182 ], [ 83.89593324624002, 28.67761367931962, 4391.600000000000364 ], [ 83.895966690033674, 28.677623569965363, 4390.600000000000364 ], [ 83.896014047786593, 28.677624827250838, 4390.0 ], [ 83.896025028079748, 28.677624491974711, 4389.399999999999636 ], [ 83.896058890968561, 28.677628766745329, 4388.199999999999818 ], [ 83.896101554855704, 28.677620468661189, 4387.0 ], [ 83.896118234843016, 28.677612338215113, 4385.800000000000182 ], [ 83.896205993369222, 28.677611080929637, 4385.0 ], [ 83.896218985319138, 28.677610158920288, 4384.600000000000364 ], [ 83.89623231254518, 28.677608482539657, 4383.800000000000182 ], [ 83.896232228726149, 28.677609404549003, 4383.800000000000182 ], [ 83.896231893450022, 28.677608985453844, 4383.399999999999636 ], [ 83.896236922591925, 28.677608231082559, 4383.399999999999636 ], [ 83.896259972825646, 28.677606554701924, 4383.199999999999818 ], [ 83.896285621449351, 28.677605465054512, 4382.800000000000182 ], [ 83.89630020596087, 28.67760194465518, 4382.800000000000182 ], [ 83.896308084949851, 28.677600435912609, 4382.399999999999636 ], [ 83.896336164325476, 28.677601106464863, 4382.199999999999818 ], [ 83.896371871232986, 28.677597753703591, 4381.199999999999818 ], [ 83.896393748000264, 28.677596747875217, 4381.0 ], [ 83.896442949771881, 28.677590964362025, 4380.0 ], [ 83.896470526233315, 28.677591467276216, 4379.800000000000182 ], [ 83.896523583680391, 28.677594317123297, 4378.600000000000364 ], [ 83.896544789895415, 28.677587108686566, 4377.600000000000364 ], [ 83.89658804051578, 28.6775853484869, 4376.399999999999636 ], [ 83.896622825413942, 28.677583169192076, 4375.600000000000364 ], [ 83.896631626412272, 28.677583504468203, 4375.399999999999636 ], [ 83.896682169288397, 28.677580151706938, 4374.399999999999636 ], [ 83.896726677194238, 28.677578391507268, 4373.600000000000364 ], [ 83.896736148744822, 28.677578056231141, 4373.199999999999818 ], [ 83.896763306111097, 28.677577469497919, 4372.199999999999818 ], [ 83.89678786508739, 28.677573865279555, 4371.0 ], [ 83.896808568388224, 28.677575793117285, 4370.600000000000364 ], [ 83.896832540631294, 28.677572105079889, 4370.0 ], [ 83.896865649148822, 28.677568081766367, 4368.800000000000182 ], [ 83.896880317479372, 28.677572859451175, 4368.399999999999636 ], [ 83.896904624998569, 28.677576296031475, 4367.600000000000364 ], [ 83.896941840648651, 28.67757361382246, 4367.0 ], [ 83.89696815982461, 28.677575122565031, 4366.600000000000364 ], [ 83.896989868953824, 28.677579900249839, 4366.199999999999818 ], [ 83.897045440971851, 28.677583420649171, 4365.199999999999818 ], [ 83.897071843966842, 28.677584594115615, 4364.0 ], [ 83.897080896422267, 28.677582917734981, 4363.800000000000182 ], [ 83.897098582237959, 28.677576882764697, 4363.800000000000182 ], [ 83.897121800109744, 28.677560454234481, 4363.399999999999636 ], [ 83.897121045738459, 28.677558610215783, 4363.399999999999636 ], [ 83.897122135385871, 28.677558023482561, 4362.800000000000182 ], [ 83.897140575572848, 28.677542181685567, 4362.800000000000182 ], [ 83.897165805101395, 28.677521394565701, 4361.800000000000182 ], [ 83.897188352420926, 28.677497757598761, 4361.600000000000364 ], [ 83.897258592769504, 28.677500104531649, 4361.0 ], [ 83.897280720993876, 28.677497506141663, 4360.600000000000364 ], [ 83.897313075140119, 28.677497087046504, 4359.600000000000364 ], [ 83.897348782047629, 28.677503289654851, 4358.399999999999636 ], [ 83.897357583045959, 28.677506307139993, 4358.199999999999818 ], [ 83.897388428449631, 28.677520221099257, 4357.399999999999636 ], [ 83.897434361279011, 28.677542768418789, 4356.600000000000364 ], [ 83.897440312430263, 28.677546959370375, 4356.399999999999636 ], [ 83.897446347400546, 28.677550060674548, 4356.199999999999818 ], [ 83.897492699325085, 28.677569422870871, 4355.199999999999818 ], [ 83.897519605234265, 28.677583085373044, 4354.399999999999636 ], [ 83.897555898874998, 28.677599262446165, 4354.0 ], [ 83.897588420659304, 28.677611416205764, 4352.800000000000182 ], [ 83.897604430094361, 28.677613763138652, 4352.399999999999636 ], [ 83.897612644359469, 28.677619965746999, 4351.800000000000182 ], [ 83.897633347660303, 28.677630107849836, 4350.800000000000182 ], [ 83.897669892758131, 28.677641842514277, 4350.199999999999818 ], [ 83.897737367078662, 28.677675453945991, 4349.0 ], [ 83.897747090086341, 28.67768031544983, 4348.399999999999636 ], [ 83.897766787558794, 28.677686434239149, 4347.800000000000182 ], [ 83.89782814309001, 28.677715351805091, 4346.800000000000182 ], [ 83.89783987775445, 28.677721805870533, 4346.800000000000182 ], [ 83.897887319326401, 28.677744856104255, 4346.0 ], [ 83.897904669865966, 28.677753657102585, 4345.800000000000182 ], [ 83.897917326539755, 28.677761200815439, 4345.399999999999636 ], [ 83.897956218570471, 28.677775785326961, 4344.399999999999636 ], [ 83.898004163056612, 28.677791291847825, 4343.399999999999636 ], [ 83.898006677627563, 28.677792884409428, 4343.199999999999818 ], [ 83.898045402020216, 28.677804954349995, 4342.199999999999818 ], [ 83.898079516366124, 28.677814174443483, 4341.600000000000364 ], [ 83.898112289607525, 28.677818365395069, 4341.0 ], [ 83.898180853575468, 28.677826914936304, 4339.800000000000182 ], [ 83.898192085325718, 28.677828842774034, 4339.800000000000182 ], [ 83.898234078660607, 28.677838817238808, 4338.800000000000182 ], [ 83.898300463333726, 28.677849881350991, 4338.199999999999818 ], [ 83.898329129442573, 28.677856335416436, 4337.600000000000364 ], [ 83.898372547701001, 28.677869411185384, 4336.800000000000182 ], [ 83.898384030908346, 28.677873266860843, 4336.600000000000364 ], [ 83.898470615968108, 28.677890449762344, 4335.800000000000182 ], [ 83.898492325097322, 28.677893718704581, 4335.399999999999636 ], [ 83.89854253269732, 28.677898831665516, 4334.199999999999818 ], [ 83.898554183542728, 28.677899837493896, 4333.800000000000182 ], [ 83.898591147735715, 28.677903609350324, 4332.800000000000182 ], [ 83.898625764995813, 28.677904531359673, 4332.399999999999636 ], [ 83.898678151890635, 28.677895646542311, 4332.199999999999818 ], [ 83.898746129125357, 28.677882486954331, 4332.0 ], [ 83.898781668394804, 28.677872847765684, 4331.600000000000364 ], [ 83.898792983964086, 28.677874524146318, 4331.199999999999818 ], [ 83.898833049461246, 28.677870752289891, 4330.399999999999636 ], [ 83.898859620094299, 28.677875865250822, 4329.0 ], [ 83.898888453841209, 28.677884666249156, 4328.0 ], [ 83.898896416649222, 28.677886845543981, 4328.0 ], [ 83.898956933990121, 28.677903860807419, 4327.800000000000182 ], [ 83.899007812142372, 28.677904279902577, 4326.800000000000182 ], [ 83.899037148803473, 28.677911488339305, 4325.600000000000364 ], [ 83.89904972165823, 28.677919199690223, 4325.399999999999636 ], [ 83.899108981713653, 28.677964545786381, 4325.399999999999636 ], [ 83.89917335473001, 28.677992960438132, 4325.0 ], [ 83.899198584258556, 28.678007461130619, 4325.0 ], [ 83.899278799071908, 28.67806077003479, 4324.399999999999636 ], [ 83.899319786578417, 28.678067475557327, 4324.199999999999818 ], [ 83.899340573698282, 28.678068229928613, 4323.199999999999818 ], [ 83.899389021098614, 28.678077114745975, 4322.800000000000182 ], [ 83.899435456842184, 28.67810083553195, 4322.0 ], [ 83.899503434076905, 28.678152887150645, 4321.600000000000364 ], [ 83.899589264765382, 28.678202172741297, 4321.0 ], [ 83.899673167616129, 28.67822497151792, 4320.600000000000364 ], [ 83.899710131809115, 28.678241986781359, 4319.800000000000182 ], [ 83.899755477905273, 28.678261768072844, 4319.600000000000364 ], [ 83.899817336350679, 28.678287332877517, 4318.800000000000182 ], [ 83.899828149005771, 28.678289176896214, 4318.800000000000182 ], [ 83.899945914745331, 28.678328488022089, 4317.800000000000182 ], [ 83.900041384622455, 28.678357573226094, 4316.600000000000364 ], [ 83.900061752647161, 28.678362350910906, 4316.399999999999636 ], [ 83.90015060082078, 28.678377941250801, 4315.399999999999636 ], [ 83.900161664932966, 28.678380539640784, 4315.199999999999818 ], [ 83.900207178667188, 28.67840132676065, 4314.399999999999636 ], [ 83.900232743471861, 28.678416414186358, 4313.399999999999636 ], [ 83.900239281356335, 28.678419850766659, 4313.199999999999818 ], [ 83.900300553068519, 28.678445583209395, 4312.399999999999636 ], [ 83.900308515876532, 28.678449355065823, 4312.199999999999818 ], [ 83.900353191420436, 28.678465448319912, 4311.0 ], [ 83.900391580536962, 28.678477685898542, 4310.800000000000182 ], [ 83.900488894432783, 28.678525127470493, 4310.600000000000364 ], [ 83.90058059245348, 28.678553625941277, 4310.399999999999636 ], [ 83.900605905801058, 28.67856846190989, 4309.800000000000182 ], [ 83.900656700134277, 28.678582208231091, 4309.399999999999636 ], [ 83.900686036795378, 28.678592685610056, 4309.399999999999636 ], [ 83.900731885805726, 28.678602827712893, 4309.0 ], [ 83.900727611035109, 28.678601654246449, 4308.399999999999636 ], [ 83.900750493630767, 28.678615652024742, 4307.600000000000364 ], [ 83.900775723159313, 28.678616909310222, 4307.399999999999636 ], [ 83.900818387046456, 28.67861338891089, 4306.600000000000364 ], [ 83.90082735568285, 28.678614478558305, 4306.199999999999818 ], [ 83.900855518877506, 28.678611712530255, 4305.199999999999818 ], [ 83.900898350402713, 28.678612634539604, 4304.199999999999818 ], [ 83.900908660143614, 28.678613305091854, 4304.0 ], [ 83.900949144735932, 28.678612383082509, 4303.0 ], [ 83.900982588529587, 28.678610036149621, 4302.0 ], [ 83.901004297658801, 28.678611209616065, 4301.600000000000364 ], [ 83.901039669290185, 28.678622609004378, 4300.800000000000182 ], [ 83.901063473895192, 28.678633589297533, 4299.600000000000364 ], [ 83.901067581027746, 28.678635349497199, 4299.600000000000364 ], [ 83.901093564927578, 28.678644653409719, 4298.399999999999636 ], [ 83.901106640696526, 28.678645323961973, 4297.800000000000182 ], [ 83.901130696758628, 28.67865052074194, 4297.399999999999636 ], [ 83.901176126673818, 28.678658232092857, 4296.199999999999818 ], [ 83.90119188465178, 28.678660495206714, 4295.600000000000364 ], [ 83.901190627366304, 28.678659489378333, 4295.199999999999818 ], [ 83.901191968470812, 28.678659154102206, 4295.0 ], [ 83.901238068938255, 28.678659070283175, 4294.199999999999818 ], [ 83.901246199384332, 28.67866275832057, 4293.800000000000182 ], [ 83.901286348700523, 28.678667368367311, 4293.0 ], [ 83.901296155527234, 28.678673151880503, 4292.800000000000182 ], [ 83.901337143033743, 28.678686730563641, 4291.600000000000364 ], [ 83.9013462793082, 28.678689664229751, 4291.199999999999818 ], [ 83.901372263208032, 28.678699471056461, 4290.800000000000182 ], [ 83.901386763900518, 28.678701231256127, 4290.199999999999818 ], [ 83.901410400867462, 28.678700728341937, 4289.199999999999818 ], [ 83.901461949571967, 28.678708104416728, 4288.0 ], [ 83.901480138301849, 28.678713468834761, 4287.399999999999636 ], [ 83.901497572660446, 28.67871338501573, 4286.800000000000182 ], [ 83.90157787129283, 28.67872629314661, 4285.600000000000364 ], [ 83.901588935405016, 28.678729059174657, 4285.600000000000364 ], [ 83.901582481339574, 28.678728556260467, 4285.399999999999636 ], [ 83.901578960940242, 28.678729310631752, 4285.199999999999818 ], [ 83.901578960940242, 28.678729310631752, 4284.800000000000182 ], [ 83.901578960940242, 28.678729310631752, 4284.399999999999636 ], [ 83.901602849364281, 28.678749008104205, 4284.399999999999636 ], [ 83.901701252907515, 28.678782032802701, 4283.800000000000182 ], [ 83.901762943714857, 28.678787900134921, 4283.199999999999818 ], [ 83.901789514347911, 28.678793096914887, 4282.0 ], [ 83.901832513511181, 28.678799802437425, 4280.800000000000182 ], [ 83.901863023638725, 28.678809860721231, 4279.600000000000364 ], [ 83.901876015588641, 28.67881421931088, 4279.399999999999636 ], [ 83.901912057772279, 28.678819248452783, 4278.399999999999636 ], [ 83.901977185159922, 28.678822182118893, 4277.399999999999636 ], [ 83.90201473608613, 28.678828803822402, 4276.399999999999636 ], [ 83.902064608410001, 28.67883525788784, 4275.199999999999818 ], [ 83.902073074132204, 28.678837604820728, 4275.0 ], [ 83.902102326974273, 28.67884699255228, 4274.0 ], [ 83.902148092165589, 28.678849255666137, 4272.800000000000182 ], [ 83.90215546824038, 28.678851099684831, 4272.600000000000364 ], [ 83.902191258966923, 28.678860822692513, 4271.800000000000182 ], [ 83.902248842641711, 28.678870629519224, 4270.399999999999636 ], [ 83.902266109362245, 28.678878592327237, 4269.0 ], [ 83.902275329455733, 28.678888650611043, 4268.399999999999636 ], [ 83.902341797947884, 28.678906671702865, 4268.0 ], [ 83.902374655008316, 28.678914215415716, 4267.800000000000182 ], [ 83.902407344430685, 28.678918741643429, 4266.199999999999818 ], [ 83.902410948649049, 28.678921088576317, 4265.0 ], [ 83.902463838458061, 28.678920334205031, 4264.600000000000364 ], [ 83.902496360242367, 28.678929973393679, 4264.0 ], [ 83.902542795985937, 28.678944306448106, 4263.0 ], [ 83.902561068534851, 28.67895151488483, 4262.600000000000364 ], [ 83.902606582269073, 28.678961237892509, 4261.800000000000182 ], [ 83.902639355510473, 28.678971044719219, 4261.399999999999636 ], [ 83.902661986649036, 28.678970877081156, 4260.800000000000182 ], [ 83.902686629444361, 28.678966099396348, 4259.399999999999636 ], [ 83.902718061581254, 28.678969871252775, 4258.199999999999818 ], [ 83.902741950005293, 28.678971715271473, 4257.600000000000364 ], [ 83.902803892269731, 28.678971882909536, 4256.800000000000182 ], [ 83.902830630540848, 28.678979258984327, 4255.600000000000364 ], [ 83.902874970808625, 28.67898965254426, 4254.600000000000364 ], [ 83.902917299419641, 28.678992753848433, 4253.600000000000364 ], [ 83.902933476492763, 28.678991077467799, 4253.0 ], [ 83.902953676879406, 28.678994262591004, 4252.399999999999636 ], [ 83.902987539768219, 28.678996525704861, 4251.399999999999636 ], [ 83.903022576123476, 28.679013624787331, 4250.600000000000364 ], [ 83.903032466769218, 28.679018570110198, 4250.199999999999818 ], [ 83.903153333812952, 28.679064838215709, 4249.199999999999818 ], [ 83.90318451449275, 28.679071292281151, 4247.800000000000182 ], [ 83.903273027390242, 28.679063497111201, 4246.600000000000364 ], [ 83.903314517810941, 28.679067268967628, 4245.199999999999818 ], [ 83.903353493660688, 28.679069532081485, 4244.0 ], [ 83.903383165597916, 28.679072884842753, 4242.800000000000182 ], [ 83.90341074205935, 28.679076237604026, 4242.399999999999636 ], [ 83.903453992679715, 28.679080428555608, 4241.800000000000182 ], [ 83.903498919680715, 28.679089732468128, 4241.199999999999818 ], [ 83.903528843075037, 28.67909031920135, 4240.600000000000364 ], [ 83.903558179736137, 28.67909568361938, 4239.399999999999636 ], [ 83.903592294082046, 28.679101215675473, 4238.199999999999818 ], [ 83.903601765632629, 28.679102221503857, 4238.199999999999818 ], [ 83.903650213032961, 28.679115045815703, 4237.199999999999818 ], [ 83.903706539422274, 28.679125439375639, 4236.0 ], [ 83.903764123097062, 28.679130552336577, 4234.800000000000182 ], [ 83.9038070384413, 28.67914455011487, 4233.600000000000364 ], [ 83.903818354010582, 28.679145555943251, 4233.199999999999818 ], [ 83.903833357617259, 28.679142035543919, 4232.399999999999636 ], [ 83.903843499720097, 28.679137928411365, 4231.600000000000364 ], [ 83.903844002634287, 28.67913817986846, 4231.199999999999818 ], [ 83.90383436344564, 28.679134491831064, 4231.0 ], [ 83.903848025947809, 28.679144466295838, 4230.399999999999636 ], [ 83.903848780319095, 28.679151255637407, 4230.199999999999818 ], [ 83.903922289609909, 28.679177407175303, 4230.0 ], [ 83.903947602957487, 28.679183190688491, 4229.600000000000364 ], [ 83.903972078114748, 28.679191824048761, 4229.199999999999818 ], [ 83.904004767537117, 28.679201798513532, 4228.0 ], [ 83.904033182188869, 28.679219568148255, 4227.0 ], [ 83.904040809720755, 28.679223256185651, 4226.800000000000182 ], [ 83.904092777520418, 28.679230799898505, 4225.600000000000364 ], [ 83.90412462875247, 28.679237337782979, 4225.199999999999818 ], [ 83.904185900464654, 28.679245384410024, 4224.399999999999636 ], [ 83.904218086972833, 28.679247563704848, 4223.600000000000364 ], [ 83.904233006760478, 28.679247060790654, 4223.399999999999636 ], [ 83.904237449169159, 28.679263237863779, 4222.800000000000182 ], [ 83.904215069487691, 28.679273882880807, 4222.399999999999636 ], [ 83.904206603765488, 28.679279834032059, 4222.0 ], [ 83.904167711734772, 28.679302968084812, 4220.800000000000182 ], [ 83.904135776683688, 28.679300453513861, 4220.600000000000364 ], [ 83.904128568246961, 28.679304560646415, 4220.399999999999636 ], [ 83.904145834967494, 28.679315792396665, 4220.0 ], [ 83.904145667329431, 28.679315876215696, 4219.800000000000182 ], [ 83.904058830812573, 28.67933314293623, 4218.600000000000364 ], [ 83.904044162482023, 28.679336914792657, 4218.199999999999818 ], [ 83.90402739867568, 28.679367424920201, 4217.800000000000182 ], [ 83.904043408110738, 28.679376812651753, 4217.600000000000364 ], [ 83.904058579355478, 28.6793795786798, 4217.399999999999636 ], [ 83.904114151373506, 28.679382679983977, 4216.199999999999818 ], [ 83.904142817482352, 28.679376393556595, 4215.800000000000182 ], [ 83.904194869101048, 28.679376058280468, 4215.199999999999818 ], [ 83.904223954305053, 28.679387541487813, 4214.800000000000182 ], [ 83.904255386441946, 28.679395504295822, 4214.0 ], [ 83.904286650940776, 28.67940790951252, 4213.0 ], [ 83.904294027015567, 28.679417381063104, 4212.399999999999636 ], [ 83.90429612249136, 28.67941427975893, 4212.399999999999636 ], [ 83.904293775558472, 28.679405227303505, 4212.199999999999818 ], [ 83.90429712831974, 28.679413525387645, 4211.800000000000182 ], [ 83.904292853549123, 28.679413944482803, 4211.800000000000182 ], [ 83.904288997873664, 28.679413022473454, 4211.600000000000364 ], [ 83.904288746416569, 28.67941327393055, 4211.399999999999636 ], [ 83.904312048107386, 28.679418889805675, 4211.199999999999818 ], [ 83.904307773336768, 28.679418722167611, 4211.0 ], [ 83.904350018128753, 28.679436072707176, 4210.600000000000364 ], [ 83.904360830783844, 28.679439425468445, 4210.0 ], [ 83.904367117211223, 28.67943917401135, 4209.600000000000364 ], [ 83.904360746964812, 28.679432636126876, 4209.399999999999636 ], [ 83.904361920431256, 28.679435485973951, 4208.399999999999636 ], [ 83.904381282627583, 28.67943330667913, 4207.399999999999636 ], [ 83.904405757784843, 28.679446969181299, 4207.199999999999818 ], [ 83.904404835775495, 28.679441101849079, 4206.0 ], [ 83.904388071969151, 28.67945090867579, 4205.399999999999636 ], [ 83.904365943744779, 28.679467001929879, 4204.800000000000182 ], [ 83.904313053935766, 28.679495919495821, 4203.800000000000182 ], [ 83.904291680082679, 28.67950321175158, 4203.800000000000182 ], [ 83.904263768345118, 28.679524166509509, 4202.199999999999818 ], [ 83.904275083914399, 28.679529698565599, 4202.0 ], [ 83.904282124713063, 28.679537577554584, 4202.0 ], [ 83.90432445332408, 28.679562387987971, 4201.800000000000182 ], [ 83.904336942359805, 28.679573871195316, 4201.399999999999636 ], [ 83.904345072805882, 28.679580492898825, 4201.0 ], [ 83.904358735308051, 28.679581750184298, 4199.800000000000182 ], [ 83.904377091675997, 28.679593149572611, 4198.800000000000182 ], [ 83.904363680630922, 28.679595328867435, 4198.399999999999636 ], [ 83.904343731701374, 28.679605135694143, 4197.399999999999636 ], [ 83.9043562207371, 28.679612679407001, 4197.0 ], [ 83.904375415295362, 28.679620558395985, 4196.199999999999818 ], [ 83.904372733086348, 28.679627599194649, 4196.0 ], [ 83.904365273192525, 28.67962877266109, 4195.600000000000364 ], [ 83.904358483850956, 28.679633885622025, 4195.199999999999818 ], [ 83.904352532699704, 28.679655510932207, 4194.0 ], [ 83.90435186214745, 28.679661126807332, 4193.600000000000364 ], [ 83.904372230172157, 28.679668251425028, 4193.399999999999636 ], [ 83.904412547126412, 28.679681746289138, 4193.0 ], [ 83.904424030333757, 28.679687529802319, 4192.800000000000182 ], [ 83.904457641765475, 28.679701443761587, 4191.800000000000182 ], [ 83.904505586251616, 28.679712004959583, 4190.800000000000182 ], [ 83.904537772759795, 28.679716531187296, 4190.399999999999636 ], [ 83.904576832428575, 28.679736983031031, 4189.399999999999636 ], [ 83.904613293707371, 28.679761542007327, 4188.399999999999636 ], [ 83.904619747772813, 28.679768498986959, 4188.0 ], [ 83.904629051685333, 28.679786687716842, 4187.199999999999818 ], [ 83.904622513800859, 28.679825831204653, 4186.800000000000182 ], [ 83.904622597619891, 28.679832872003317, 4186.399999999999636 ], [ 83.904625866562128, 28.679867153987288, 4186.0 ], [ 83.904605498537421, 28.679868830367923, 4186.0 ], [ 83.90462645329535, 28.679877799004316, 4186.0 ], [ 83.904661405831575, 28.679926581680775, 4185.600000000000364 ], [ 83.904699878767133, 28.679949129000303, 4185.0 ], [ 83.904722593724728, 28.679946027696133, 4184.800000000000182 ], [ 83.904790068045259, 28.679942339658737, 4183.800000000000182 ], [ 83.90483608469367, 28.679952817037702, 4182.800000000000182 ], [ 83.90486684627831, 28.679961953312159, 4181.800000000000182 ], [ 83.904902637004852, 28.679971173405647, 4180.800000000000182 ], [ 83.904913198202848, 28.679974526166916, 4180.600000000000364 ], [ 83.904976900666952, 28.680011490359902, 4179.600000000000364 ], [ 83.904990646988153, 28.680022554472089, 4179.399999999999636 ], [ 83.905031634494662, 28.680043425410982, 4178.399999999999636 ], [ 83.905052924528718, 28.6800582613796, 4177.800000000000182 ], [ 83.905067089945078, 28.680058429017663, 4177.399999999999636 ], [ 83.905127942562103, 28.680042922496796, 4176.600000000000364 ], [ 83.905142107978463, 28.680043173953891, 4176.199999999999818 ], [ 83.905180161818862, 28.680053567513824, 4175.0 ], [ 83.90522894449532, 28.680054321885109, 4174.0 ], [ 83.905241349712014, 28.680050382390618, 4173.800000000000182 ], [ 83.905317792668939, 28.680048203095794, 4172.600000000000364 ], [ 83.905333131551743, 28.680047113448381, 4172.399999999999636 ], [ 83.905381411314011, 28.680036719888449, 4171.399999999999636 ], [ 83.905407479032874, 28.680030349642038, 4171.0 ], [ 83.905428433790803, 28.680026913061734, 4170.399999999999636 ], [ 83.905478892847896, 28.680017944425344, 4169.199999999999818 ], [ 83.905530022457242, 28.680005203932524, 4168.399999999999636 ], [ 83.905541421845555, 28.679999420419335, 4168.199999999999818 ], [ 83.905608225613832, 28.679961785674095, 4167.199999999999818 ], [ 83.905660780146718, 28.679961450397968, 4166.600000000000364 ], [ 83.905698331072927, 28.679957259446383, 4166.0 ], [ 83.905757088214159, 28.679917613044381, 4164.800000000000182 ], [ 83.905769241973758, 28.679910404607657, 4164.399999999999636 ], [ 83.905790699645877, 28.679901855066419, 4163.800000000000182 ], [ 83.905807128176093, 28.679904453456398, 4163.800000000000182 ], [ 83.905854905024171, 28.679880481213331, 4163.800000000000182 ], [ 83.905937047675252, 28.679826837033033, 4163.199999999999818 ], [ 83.90595406293869, 28.679805546998978, 4162.600000000000364 ], [ 83.905984070152044, 28.679774198681116, 4161.800000000000182 ], [ 83.90599362552166, 28.679766319692135, 4161.600000000000364 ], [ 83.906029164791107, 28.679736312478781, 4161.0 ], [ 83.906057579442859, 28.679710496217012, 4160.399999999999636 ], [ 83.906089430674911, 28.679685853421688, 4160.0 ], [ 83.906132848933339, 28.679672107100487, 4159.399999999999636 ], [ 83.906181631609797, 28.679668167605996, 4158.399999999999636 ], [ 83.906195880845189, 28.679668083786964, 4158.0 ], [ 83.906294871121645, 28.679673280566931, 4157.199999999999818 ], [ 83.906302498653531, 28.679707646369938, 4156.800000000000182 ], [ 83.906287159770727, 28.679742263630033, 4155.800000000000182 ], [ 83.906298978254199, 28.679816192016009, 4155.0 ], [ 83.906301241368055, 28.679831782355905, 4154.600000000000364 ], [ 83.906295038759708, 28.679879810661077, 4153.600000000000364 ], [ 83.906303839758039, 28.679911242797971, 4153.199999999999818 ], [ 83.906318508088589, 28.679952565580606, 4152.600000000000364 ], [ 83.906317669898272, 28.68000570684671, 4152.600000000000364 ], [ 83.906342815607786, 28.680080724880099, 4152.399999999999636 ], [ 83.906351029872894, 28.680090783163905, 4152.199999999999818 ], [ 83.906440883874893, 28.680131770670418, 4151.800000000000182 ], [ 83.906539706513286, 28.68015649728477, 4151.800000000000182 ], [ 83.906609024852514, 28.680201172828671, 4151.800000000000182 ], [ 83.906705165281892, 28.68024718947709, 4151.800000000000182 ], [ 83.906763587146997, 28.680231096222997, 4152.0 ], [ 83.906786218285561, 28.680225061252713, 4152.0 ], [ 83.906876742839813, 28.68022003211081, 4152.199999999999818 ], [ 83.906987383961678, 28.680183487012982, 4152.399999999999636 ], [ 83.907005405053496, 28.680175021290779, 4152.800000000000182 ], [ 83.907044548541307, 28.680148869752884, 4153.800000000000182 ], [ 83.907054355368018, 28.680144511163235, 4153.800000000000182 ], [ 83.907105401158333, 28.680122466757897, 4153.800000000000182 ], [ 83.9071209076792, 28.68011835962534, 4153.800000000000182 ], [ 83.907213946804404, 28.68009296245873, 4153.800000000000182 ], [ 83.907287120819092, 28.680074773728848, 4153.800000000000182 ], [ 83.907341854646802, 28.680037138983607, 4153.800000000000182 ], [ 83.907415447756648, 28.679988440126181, 4153.800000000000182 ], [ 83.907478144392371, 28.679929180070761, 4153.800000000000182 ], [ 83.90754159539938, 28.67987377569079, 4153.800000000000182 ], [ 83.907607980072498, 28.67981837131083, 4153.600000000000364 ], [ 83.907723147422075, 28.679787022992969, 4153.0 ], [ 83.907741252332926, 28.679792890325189, 4153.0 ] ] } }
]
}
