{
"type": "FeatureCollection",
"name": "day08",
"crs": { "type": "name", "properties": { "name": "urn:ogc:def:crs:OGC:1.3:CRS84" } },
"features": [
{ "type": "Feature", "properties": { "name": "day08" }, "geometry": { "type": "LineString", "coordinates": [ [ 83.908203430473804, 28.679874446243048, 4153.0 ], [ 83.90822228975594, 28.679767576977611, 4152.800000000000182 ], [ 83.908204436302185, 28.679722398519516, 4152.800000000000182 ], [ 83.908206112682819, 28.679699264466763, 4152.800000000000182 ], [ 83.908223630860448, 28.679657019674774, 4152.800000000000182 ], [ 83.908236036077142, 28.679638830944896, 4152.800000000000182 ], [ 83.908288506790996, 28.679570937529206, 4152.600000000000364 ], [ 83.908314071595669, 28.679527100175619, 4152.199999999999818 ], [ 83.908320609480143, 28.679499439895153, 4152.199999999999818 ], [ 83.908324548974633, 28.679501786828041, 4152.199999999999818 ], [ 83.908370397984982, 28.679477479308844, 4152.199999999999818 ], [ 83.908449690788984, 28.679462894797325, 4152.199999999999818 ], [ 83.908461006358266, 28.679447891190648, 4152.199999999999818 ], [ 83.908441141247749, 28.679449064657092, 4152.199999999999818 ], [ 83.908450780436397, 28.679444035515189, 4152.199999999999818 ], [ 83.908412475138903, 28.679458536207676, 4152.199999999999818 ], [ 83.908387999981642, 28.679439509287477, 4152.199999999999818 ], [ 83.908390095457435, 28.679398857057095, 4152.199999999999818 ], [ 83.908380791544914, 28.679392822086811, 4152.399999999999636 ], [ 83.908377857878804, 28.67938888259232, 4152.399999999999636 ], [ 83.908364698290825, 28.679374465718865, 4152.399999999999636 ], [ 83.908382887020707, 28.67934538051486, 4152.399999999999636 ], [ 83.908368470147252, 28.67934294976294, 4152.399999999999636 ], [ 83.90838447958231, 28.679346721619368, 4152.600000000000364 ], [ 83.908371990546584, 28.679358204826713, 4152.800000000000182 ], [ 83.908394621685147, 28.679363150149584, 4153.0 ], [ 83.908407781273127, 28.679362731054425, 4153.0 ], [ 83.908450612798333, 28.67935661226511, 4153.0 ], [ 83.90845681540668, 28.679355187341571, 4153.199999999999818 ], [ 83.908501574769616, 28.679343787953258, 4153.199999999999818 ], [ 83.908532587811351, 28.679327694699168, 4153.199999999999818 ], [ 83.908593188971281, 28.679287293925881, 4153.199999999999818 ], [ 83.908657478168607, 28.679247898980975, 4153.199999999999818 ], [ 83.90874850563705, 28.679203223437071, 4153.199999999999818 ], [ 83.908756468445063, 28.679199703037739, 4153.399999999999636 ], [ 83.908811956644058, 28.679170869290829, 4153.399999999999636 ], [ 83.908905582502484, 28.679122840985656, 4153.600000000000364 ], [ 83.9089185744524, 28.679119739681479, 4153.600000000000364 ], [ 83.908981019631028, 28.679097779095173, 4153.600000000000364 ], [ 83.908990826457739, 28.67909031920135, 4153.600000000000364 ], [ 83.909018905833364, 28.679077746346593, 4154.199999999999818 ], [ 83.909043967723846, 28.679063078016043, 4154.600000000000364 ], [ 83.909070705994964, 28.67903902195394, 4154.600000000000364 ], [ 83.909097528085113, 28.679023180156943, 4155.199999999999818 ], [ 83.909098198637366, 28.679028963670135, 4155.399999999999636 ], [ 83.90909107401967, 28.679033322259784, 4155.399999999999636 ], [ 83.909102641046047, 28.679011110216379, 4155.600000000000364 ], [ 83.90915066935122, 28.678951011970639, 4155.800000000000182 ], [ 83.909206744283438, 28.678879095241427, 4156.0 ], [ 83.909282935783267, 28.678832575678825, 4156.199999999999818 ], [ 83.909330377355218, 28.678824277594689, 4157.199999999999818 ], [ 83.909360216930509, 28.678814051672816, 4157.399999999999636 ], [ 83.909439677372575, 28.678749594837427, 4157.399999999999636 ], [ 83.909480832517147, 28.678682707250118, 4157.399999999999636 ], [ 83.909488376230001, 28.678672900423408, 4157.399999999999636 ], [ 83.90956255607307, 28.678600396960977, 4157.600000000000364 ], [ 83.9095713570714, 28.678591763600707, 4157.600000000000364 ], [ 83.909618128091097, 28.67853669449687, 4157.800000000000182 ], [ 83.909650985151529, 28.678507693111897, 4158.600000000000364 ], [ 83.909653332084417, 28.678501658141613, 4158.800000000000182 ], [ 83.909660624340177, 28.678481206297871, 4159.600000000000364 ], [ 83.909679651260376, 28.678457988426089, 4160.0 ], [ 83.909700522199273, 28.678434519097209, 4160.800000000000182 ], [ 83.909724829718471, 28.67840526625514, 4162.0 ], [ 83.909751148894429, 28.678374337032437, 4163.0 ], [ 83.909758860245347, 28.678365033119917, 4163.199999999999818 ], [ 83.909763554111123, 28.6783451680094, 4163.800000000000182 ], [ 83.90977269038558, 28.678334690630436, 4164.199999999999818 ], [ 83.909775540232658, 28.678326644003391, 4164.399999999999636 ], [ 83.909797500818968, 28.678305437788367, 4165.199999999999818 ], [ 83.909799847751856, 28.678304180502892, 4165.600000000000364 ], [ 83.909793896600604, 28.678311388939619, 4166.199999999999818 ], [ 83.90979859046638, 28.678312227129936, 4166.399999999999636 ], [ 83.909836728125811, 28.678277442231774, 4166.600000000000364 ], [ 83.909880816936493, 28.678248859941959, 4167.399999999999636 ], [ 83.90989632345736, 28.678235365077853, 4167.600000000000364 ], [ 83.909965809434652, 28.678195718675852, 4167.800000000000182 ], [ 83.910036804154515, 28.678168980404735, 4168.0 ], [ 83.910046862438321, 28.678153054788709, 4168.399999999999636 ], [ 83.910058680921793, 28.678133189678192, 4169.199999999999818 ], [ 83.910063710063696, 28.678128076717257, 4169.399999999999636 ], [ 83.910100590437651, 28.678104020655155, 4170.399999999999636 ], [ 83.910108134150505, 28.67810033261776, 4170.600000000000364 ], [ 83.910124227404594, 28.678072756156325, 4171.399999999999636 ], [ 83.910134453326464, 28.67805020883679, 4171.800000000000182 ], [ 83.910157335922122, 28.678005617111921, 4172.199999999999818 ], [ 83.9101826492697, 28.677968485280871, 4172.399999999999636 ], [ 83.910197904333472, 28.677962282672524, 4172.800000000000182 ], [ 83.910295721143484, 28.67795230820775, 4172.800000000000182 ], [ 83.910382138565183, 28.677923139184713, 4173.0 ], [ 83.910437962040305, 28.677899837493896, 4173.800000000000182 ], [ 83.910455228760839, 28.677896065637469, 4174.199999999999818 ], [ 83.910477692261338, 28.677884163334969, 4175.0 ], [ 83.91051004640758, 28.677875446155667, 4176.199999999999818 ], [ 83.910553632304072, 28.677860023453832, 4177.399999999999636 ], [ 83.910564193502069, 28.677849126979709, 4178.0 ], [ 83.910587159916759, 28.677831860259175, 4178.399999999999636 ], [ 83.910622280091047, 28.677815096452832, 4179.600000000000364 ], [ 83.910650946199894, 28.677808726206425, 4180.199999999999818 ], [ 83.910652874037623, 28.677815096452832, 4180.399999999999636 ], [ 83.910677684471011, 28.677801517769694, 4180.399999999999636 ], [ 83.910697381943464, 28.677786514163017, 4180.399999999999636 ], [ 83.910702830180526, 28.677784921601415, 4180.399999999999636 ], [ 83.9106834679842, 28.677793638780713, 4180.399999999999636 ], [ 83.9106834679842, 28.677793638780713, 4180.399999999999636 ], [ 83.910696879029274, 28.677786933258176, 4180.199999999999818 ], [ 83.910709284245968, 28.677781317383051, 4179.800000000000182 ], [ 83.910771226510406, 28.677759189158682, 4179.800000000000182 ], [ 83.910780362784863, 28.677753238007423, 4179.199999999999818 ], [ 83.910867115482688, 28.677695989608765, 4179.0 ], [ 83.91092536970973, 28.677654918283224, 4179.0 ], [ 83.910978510975838, 28.677606303244829, 4179.0 ], [ 83.911047829315066, 28.677547546103597, 4178.399999999999636 ], [ 83.911104826256633, 28.67752768099308, 4178.199999999999818 ], [ 83.911153944209218, 28.677506223320961, 4178.0 ], [ 83.911180347204208, 28.677485436201096, 4177.800000000000182 ], [ 83.91124346293509, 28.677432462573051, 4176.800000000000182 ], [ 83.911267854273319, 28.677428942173719, 4176.0 ], [ 83.911280175670981, 28.677425924688578, 4175.600000000000364 ], [ 83.911363240331411, 28.677388289943337, 4174.600000000000364 ], [ 83.911373885348439, 28.677380243316293, 4174.600000000000364 ], [ 83.911420740187168, 28.677357193082571, 4173.600000000000364 ], [ 83.911490393802524, 28.677339255809784, 4173.199999999999818 ], [ 83.911502715200186, 28.677332298830152, 4173.0 ], [ 83.911606818437576, 28.677290724590421, 4172.800000000000182 ], [ 83.911715783178806, 28.677238505333666, 4172.600000000000364 ], [ 83.911768924444914, 28.677197936922312, 4172.399999999999636 ], [ 83.911796668544412, 28.67715829052031, 4172.199999999999818 ], [ 83.911815024912357, 28.677128283306956, 4172.199999999999818 ], [ 83.91185324639082, 28.677082937210798, 4172.0 ], [ 83.911904878914356, 28.677020659670234, 4171.399999999999636 ], [ 83.911916445940733, 28.677002806216478, 4171.199999999999818 ], [ 83.911953326314688, 28.676963746547699, 4170.399999999999636 ], [ 83.912014178931713, 28.676907336339355, 4169.800000000000182 ], [ 83.912044018507004, 28.676876155659556, 4169.199999999999818 ], [ 83.912081485614181, 28.676846651360393, 4168.800000000000182 ], [ 83.9121547434479, 28.676799796521664, 4168.399999999999636 ], [ 83.912186259403825, 28.67678152397275, 4168.199999999999818 ], [ 83.91223487444222, 28.676763921976089, 4167.600000000000364 ], [ 83.912283154204488, 28.676735674962401, 4167.199999999999818 ], [ 83.912301678210497, 28.676709942519665, 4166.399999999999636 ], [ 83.912328248843551, 28.676689323037863, 4166.0 ], [ 83.912372337654233, 28.676677169278264, 4165.800000000000182 ], [ 83.912393627688289, 28.676656298339367, 4165.0 ], [ 83.912442494183779, 28.676612293347716, 4163.800000000000182 ], [ 83.912451043725014, 28.676604749634865, 4163.600000000000364 ], [ 83.912471830844879, 28.676582872867584, 4162.600000000000364 ], [ 83.912517093122005, 28.676541969180107, 4161.399999999999636 ], [ 83.91252757050097, 28.676533754914999, 4161.199999999999818 ], [ 83.912552716210485, 28.676509028300643, 4160.199999999999818 ], [ 83.912601247429848, 28.676473908126351, 4159.199999999999818 ], [ 83.91260476782918, 28.676460077986121, 4159.0 ], [ 83.912625052034855, 28.676426382735372, 4158.0 ], [ 83.912653215229511, 28.676385227590799, 4156.800000000000182 ], [ 83.912689760327339, 28.6763368640095, 4156.199999999999818 ], [ 83.912711553275585, 28.67630559951067, 4155.800000000000182 ], [ 83.912747595459223, 28.67623720318079, 4154.800000000000182 ], [ 83.912754636257887, 28.676227815449241, 4154.600000000000364 ], [ 83.912846501916647, 28.676126813516021, 4154.0 ], [ 83.912855722010136, 28.676119521260262, 4153.800000000000182 ], [ 83.912921436131001, 28.676058668643236, 4153.0 ], [ 83.912949096411467, 28.676035031676292, 4152.800000000000182 ], [ 83.912984803318977, 28.675984907895327, 4152.800000000000182 ], [ 83.913032412528992, 28.675903100520372, 4152.399999999999636 ], [ 83.913037776947021, 28.675892790779471, 4152.199999999999818 ], [ 83.913059988990426, 28.675878373906016, 4151.800000000000182 ], [ 83.913062838837504, 28.675877619534731, 4151.800000000000182 ], [ 83.913097372278571, 28.675847025588155, 4151.600000000000364 ], [ 83.913104413077235, 28.67583654820919, 4151.600000000000364 ], [ 83.913140287622809, 28.675752393901348, 4151.0 ], [ 83.913183202967048, 28.67568165063858, 4150.600000000000364 ], [ 83.91323802061379, 28.675626246258616, 4150.600000000000364 ], [ 83.913257131353021, 28.67560881190002, 4150.600000000000364 ], [ 83.913306249305606, 28.675548378378153, 4150.600000000000364 ], [ 83.913361066952348, 28.67546372115612, 4150.600000000000364 ], [ 83.91337975859642, 28.675424410030249, 4150.600000000000364 ], [ 83.913418399170041, 28.675361545756459, 4151.199999999999818 ], [ 83.913423009216785, 28.675353918224573, 4151.199999999999818 ], [ 83.913443461060524, 28.675318965688348, 4151.199999999999818 ], [ 83.913467517122626, 28.675273535773162, 4151.600000000000364 ], [ 83.913486711680889, 28.675255766138431, 4151.800000000000182 ], [ 83.913486376404762, 28.675257777795196, 4151.800000000000182 ], [ 83.913479084149003, 28.675256436690688, 4151.800000000000182 ], [ 83.913476737216115, 28.67524998262525, 4151.800000000000182 ], [ 83.913483526557684, 28.675245204940438, 4151.800000000000182 ], [ 83.91349945217371, 28.675235314294696, 4151.800000000000182 ], [ 83.91349945217371, 28.675235314294696, 4151.600000000000364 ], [ 83.91349945217371, 28.675235314294696, 4151.600000000000364 ], [ 83.913478413596749, 28.675250820815563, 4151.600000000000364 ], [ 83.913462068885565, 28.675250066444281, 4151.600000000000364 ], [ 83.913471456617117, 28.675249144434929, 4151.600000000000364 ], [ 83.913484280928969, 28.675251910462976, 4151.600000000000364 ], [ 83.913514791056514, 28.675188459455967, 4151.600000000000364 ], [ 83.91355418600142, 28.675109166651964, 4151.399999999999636 ], [ 83.913620822131634, 28.675011936575174, 4150.800000000000182 ], [ 83.913629790768027, 28.674999196082354, 4150.600000000000364 ], [ 83.913672957569361, 28.674931805580854, 4150.199999999999818 ], [ 83.913719309493899, 28.674841029569507, 4150.199999999999818 ], [ 83.913750741630793, 28.674785038456321, 4149.399999999999636 ], [ 83.913759123533964, 28.67476056329906, 4148.800000000000182 ], [ 83.913771193474531, 28.674738854169849, 4148.600000000000364 ], [ 83.913793405517936, 28.674670541659001, 4148.399999999999636 ], [ 83.913808073848486, 28.674615724012256, 4148.399999999999636 ], [ 83.913834895938635, 28.674570797011256, 4148.199999999999818 ], [ 83.913898598402739, 28.674482451751828, 4148.199999999999818 ], [ 83.913909578695893, 28.674459820613265, 4148.199999999999818 ], [ 83.913932293653488, 28.674413971602917, 4148.0 ], [ 83.913939502090216, 28.674391508102417, 4147.800000000000182 ], [ 83.913947297260165, 28.674357645213604, 4147.199999999999818 ], [ 83.913970934227109, 28.674296205863357, 4146.199999999999818 ], [ 83.913980657234788, 28.674289081245661, 4146.0 ], [ 83.914049807935953, 28.674221439287063, 4146.0 ], [ 83.914046287536621, 28.674224875867367, 4146.0 ], [ 83.914051065221429, 28.674220098182559, 4145.800000000000182 ], [ 83.914059950038791, 28.674210458993912, 4145.800000000000182 ], [ 83.914067996665835, 28.674199730157852, 4145.600000000000364 ], [ 83.914074618369341, 28.674185900017619, 4145.600000000000364 ], [ 83.914121054112911, 28.674087831750512, 4144.800000000000182 ], [ 83.914170507341623, 28.673992026597261, 4144.800000000000182 ], [ 83.914176290854812, 28.673980291932821, 4144.800000000000182 ], [ 83.914208393543959, 28.673931509256363, 4144.800000000000182 ], [ 83.914255583658814, 28.673896808177233, 4144.800000000000182 ], [ 83.91430227085948, 28.67383268661797, 4144.800000000000182 ], [ 83.914318447932601, 28.673807624727488, 4144.800000000000182 ], [ 83.914344515651464, 28.67378038354218, 4145.399999999999636 ], [ 83.914362201467156, 28.673761691898108, 4145.800000000000182 ], [ 83.91436530277133, 28.673756159842014, 4146.199999999999818 ], [ 83.914379300549626, 28.673744173720479, 4146.399999999999636 ], [ 83.914383659139276, 28.67373981513083, 4146.600000000000364 ], [ 83.914390113204718, 28.673735875636339, 4146.600000000000364 ], [ 83.914416851475835, 28.673718776553869, 4147.0 ], [ 83.914434285834432, 28.673699833452702, 4147.600000000000364 ], [ 83.914476865902543, 28.673677956685424, 4148.0 ], [ 83.914492120966315, 28.673669071868066, 4148.199999999999818 ], [ 83.914546687155962, 28.673625569790602, 4149.0 ], [ 83.914554314687848, 28.67361961863935, 4149.0 ], [ 83.914601588621736, 28.673586174845695, 4149.800000000000182 ], [ 83.914624890312552, 28.673538481816649, 4150.0 ], [ 83.914638636633754, 28.6735272500664, 4150.0 ], [ 83.914681551977992, 28.673506295308471, 4151.0 ], [ 83.914683312177658, 28.673504954203963, 4151.199999999999818 ], [ 83.91469563357532, 28.673494309186935, 4151.800000000000182 ], [ 83.914706697687507, 28.673486514016982, 4152.199999999999818 ], [ 83.91472882591188, 28.673479976132512, 4152.399999999999636 ], [ 83.914752462878823, 28.673473354429007, 4153.199999999999818 ], [ 83.914759922772646, 28.673467822372913, 4153.399999999999636 ], [ 83.914787163957953, 28.673456506803632, 4154.199999999999818 ], [ 83.914811387658119, 28.67343538440764, 4154.600000000000364 ], [ 83.914846759289503, 28.673410573974252, 4155.199999999999818 ], [ 83.914864026010036, 28.673403784632683, 4155.600000000000364 ], [ 83.914887076243758, 28.673392049968243, 4156.399999999999636 ], [ 83.914890764281154, 28.673386937007308, 4156.800000000000182 ], [ 83.914900403469801, 28.673378806561232, 4157.399999999999636 ], [ 83.914910042658448, 28.673360953107476, 4157.399999999999636 ], [ 83.91493602655828, 28.673327257856727, 4157.600000000000364 ], [ 83.914976343512535, 28.673300184309483, 4158.0 ], [ 83.915015151724219, 28.673249641433362, 4158.199999999999818 ], [ 83.915066448971629, 28.673211839050055, 4158.199999999999818 ], [ 83.91507382504642, 28.67320722900331, 4158.199999999999818 ], [ 83.915113471448421, 28.673147968947887, 4158.199999999999818 ], [ 83.915164349600673, 28.673089127987623, 4158.199999999999818 ], [ 83.915223274379969, 28.673033053055409, 4158.399999999999636 ], [ 83.915274320170283, 28.672975720837712, 4158.399999999999636 ], [ 83.915286222472787, 28.67296826094389, 4158.800000000000182 ], [ 83.915315978229046, 28.67294386960566, 4159.600000000000364 ], [ 83.915321929380298, 28.672939343377948, 4159.800000000000182 ], [ 83.915337016806006, 28.672927357256413, 4160.199999999999818 ], [ 83.915339866653085, 28.67292090319097, 4160.800000000000182 ], [ 83.915372220799327, 28.672901540994644, 4161.0 ], [ 83.915393929928541, 28.672861056402329, 4161.399999999999636 ], [ 83.915403401479125, 28.672843622043729, 4161.800000000000182 ], [ 83.915409771725535, 28.672835240140557, 4161.800000000000182 ], [ 83.915423937141895, 28.672821577638388, 4161.800000000000182 ], [ 83.915438689291477, 28.672799030318856, 4161.800000000000182 ], [ 83.915443131700158, 28.672788888216019, 4161.800000000000182 ], [ 83.915448747575283, 28.672792576253418, 4161.800000000000182 ], [ 83.915459476411343, 28.672798862680793, 4160.600000000000364 ], [ 83.915461236611009, 28.672798443585631, 4160.600000000000364 ], [ 83.915479090064764, 28.672793749719855, 4160.600000000000364 ], [ 83.915488980710506, 28.672796180471774, 4160.600000000000364 ], [ 83.915513372048736, 28.672787044197321, 4160.600000000000364 ], [ 83.915616972371936, 28.672780757769942, 4160.600000000000364 ], [ 83.915708754211664, 28.672763742506504, 4160.600000000000364 ], [ 83.915775306522846, 28.672727700322863, 4160.600000000000364 ], [ 83.915836662054062, 28.67266433313489, 4160.600000000000364 ], [ 83.915872955694795, 28.672574982047081, 4160.399999999999636 ], [ 83.915869100019336, 28.672517063096169, 4160.600000000000364 ], [ 83.915892485529184, 28.672483535483479, 4160.600000000000364 ], [ 83.91594017855823, 28.672461491078138, 4160.600000000000364 ], [ 83.91597337089479, 28.672451097518209, 4160.600000000000364 ], [ 83.91604034230113, 28.67245327681303, 4160.600000000000364 ], [ 83.916055345907807, 28.672458725050092, 4160.600000000000364 ], [ 83.916074791923165, 28.672466184943911, 4161.600000000000364 ], [ 83.916106643155217, 28.672471633180976, 4161.800000000000182 ], [ 83.916142769157887, 28.672476494684815, 4161.800000000000182 ], [ 83.916155342012644, 28.672479679808021, 4162.0 ], [ 83.916167076677084, 28.67246450856328, 4162.0 ], [ 83.916197335347533, 28.672433914616704, 4162.399999999999636 ], [ 83.916251230984926, 28.67237607948482, 4162.399999999999636 ], [ 83.916276879608631, 28.672343473881483, 4162.399999999999636 ], [ 83.916296577081084, 28.67233450524509, 4162.800000000000182 ], [ 83.916317531839013, 28.672342384234071, 4163.0 ], [ 83.916315268725157, 28.672344228252769, 4163.0 ], [ 83.916312083601952, 28.672343222424388, 4163.399999999999636 ], [ 83.916358016431332, 28.672347161918879, 4163.600000000000364 ], [ 83.91641853377223, 28.672352861613035, 4164.0 ], [ 83.916459772735834, 28.672346659004688, 4164.0 ], [ 83.916536886245012, 28.672331823036075, 4164.600000000000364 ], [ 83.916566893458366, 28.672315226867795, 4165.0 ], [ 83.916588183492422, 28.672299804165959, 4165.199999999999818 ], [ 83.916594469919801, 28.672298546880484, 4165.199999999999818 ], [ 83.916604109108448, 28.672295864671469, 4165.199999999999818 ], [ 83.916604109108448, 28.672295864671469, 4165.199999999999818 ], [ 83.916604109108448, 28.672295864671469, 4165.199999999999818 ], [ 83.91664476133883, 28.672294523566961, 4165.199999999999818 ], [ 83.916655741631985, 28.672315729781985, 4164.800000000000182 ], [ 83.916657669469714, 28.672346156090494, 4163.800000000000182 ], [ 83.916675690561533, 28.672376163303852, 4162.800000000000182 ], [ 83.916680468246341, 28.672379599884152, 4162.600000000000364 ], [ 83.916715756058693, 28.67242394015193, 4161.600000000000364 ], [ 83.916726903989911, 28.672428550198671, 4161.600000000000364 ], [ 83.916789181530476, 28.672444727271795, 4160.399999999999636 ], [ 83.916840562596917, 28.672458222135901, 4159.600000000000364 ], [ 83.916856404393911, 28.672459982335567, 4159.199999999999818 ], [ 83.916909461840987, 28.672455120831728, 4158.199999999999818 ], [ 83.916932176798582, 28.672452606260777, 4157.399999999999636 ], [ 83.916942737996578, 28.672452103346583, 4157.0 ], [ 83.916979283094406, 28.672447158023715, 4156.0 ], [ 83.91702345572412, 28.672439362853765, 4154.800000000000182 ], [ 83.917040890082717, 28.67243031039834, 4153.600000000000364 ], [ 83.917060419917107, 28.672414552420378, 4153.199999999999818 ], [ 83.917063940316439, 28.672404494136572, 4152.600000000000364 ], [ 83.917053882032633, 28.672400135546923, 4152.600000000000364 ], [ 83.917071148753166, 28.672397872433063, 4152.399999999999636 ], [ 83.917101910337806, 28.672412373125553, 4151.600000000000364 ], [ 83.917109202593565, 28.672419665381312, 4151.399999999999636 ], [ 83.917122278362513, 28.672444894909859, 4150.199999999999818 ], [ 83.917155303061008, 28.672477416694164, 4149.399999999999636 ], [ 83.917162511497736, 28.672483367845416, 4149.199999999999818 ], [ 83.917203331366181, 28.672502730041742, 4147.800000000000182 ], [ 83.917251275852323, 28.672509267926216, 4146.800000000000182 ], [ 83.917321180924773, 28.672516811639071, 4145.600000000000364 ], [ 83.917328976094723, 28.672518152743574, 4145.399999999999636 ], [ 83.917361330240965, 28.672512033954263, 4144.600000000000364 ], [ 83.917395779863, 28.672511195763946, 4143.399999999999636 ], [ 83.917451435700059, 28.672509519383311, 4143.399999999999636 ], [ 83.917475994676352, 28.67250750772655, 4143.399999999999636 ], [ 83.917556880041957, 28.672463838011023, 4143.199999999999818 ], [ 83.917619660496712, 28.672408685088161, 4143.0 ], [ 83.917675400152802, 28.67244514636695, 4143.0 ], [ 83.917683446779847, 28.672451097518209, 4143.0 ], [ 83.917781766504049, 28.672483870759606, 4143.0 ], [ 83.917786544188857, 28.67248797789216, 4143.0 ], [ 83.917769445106387, 28.672486720606685, 4143.0 ], [ 83.917774893343449, 28.672487139701843, 4143.0 ], [ 83.917788807302713, 28.67248697206378, 4143.0 ], [ 83.917828453704715, 28.672487139701843, 4142.0 ], [ 83.917868854478002, 28.672484457492828, 4142.0 ], [ 83.917893329635262, 28.672478590160608, 4142.0 ], [ 83.91792350448668, 28.672466687858105, 4142.0 ], [ 83.917954349890351, 28.672457551583648, 4142.0 ], [ 83.917975556105375, 28.672464843839407, 4142.0 ], [ 83.917993828654289, 28.672481942921877, 4142.199999999999818 ], [ 83.918030122295022, 28.67250407114625, 4143.199999999999818 ], [ 83.918065745383501, 28.672526115551591, 4144.199999999999818 ], [ 83.918084353208542, 28.672530557960272, 4144.800000000000182 ], [ 83.918106984347105, 28.672538856044412, 4145.199999999999818 ], [ 83.918114611878991, 28.672539191320539, 4145.199999999999818 ], [ 83.918132046237588, 28.672541538253427, 4145.600000000000364 ], [ 83.918143613263965, 28.672541538253427, 4145.800000000000182 ], [ 83.918157862499356, 28.67253634147346, 4146.0 ], [ 83.918203124776483, 28.672519996762276, 4146.399999999999636 ], [ 83.918212847784162, 28.672518823295832, 4146.800000000000182 ], [ 83.918240508064628, 28.672531899064779, 4147.0 ], [ 83.918242519721389, 28.672534245997667, 4147.199999999999818 ], [ 83.918241262435913, 28.672537598758936, 4147.800000000000182 ], [ 83.918256098404527, 28.672534245997667, 4148.0 ], [ 83.918263139203191, 28.672531563788652, 4148.800000000000182 ], [ 83.918325416743755, 28.672523852437735, 4148.800000000000182 ], [ 83.91833589412272, 28.672523265704513, 4148.800000000000182 ], [ 83.918389705941081, 28.672513961791992, 4148.800000000000182 ], [ 83.918440835550427, 28.672494851052761, 4148.800000000000182 ], [ 83.918461119756103, 28.672480517998338, 4148.800000000000182 ], [ 83.918499005958438, 28.672475153580308, 4148.800000000000182 ], [ 83.918508309870958, 28.672475991770625, 4148.600000000000364 ], [ 83.918517865240574, 28.672477751970291, 4148.600000000000364 ], [ 83.918547201901674, 28.67249694652855, 4147.399999999999636 ], [ 83.918553572148085, 28.672499712556601, 4147.199999999999818 ], [ 83.918577460572124, 28.672509267926216, 4146.399999999999636 ], [ 83.918611742556095, 28.672524858266115, 4146.0 ], [ 83.9186339545995, 28.672554530203342, 4145.399999999999636 ], [ 83.918657591566443, 28.672570874914527, 4145.0 ], [ 83.918679216876626, 28.672583363950253, 4145.0 ], [ 83.918689107522368, 28.672596272081137, 4144.399999999999636 ], [ 83.918702267110348, 28.672610856592655, 4144.199999999999818 ], [ 83.918711487203836, 28.672623010352257, 4144.199999999999818 ], [ 83.918711487203836, 28.672623010352257, 4143.600000000000364 ], [ 83.918715929612517, 28.67261840030551, 4143.199999999999818 ], [ 83.918753648176789, 28.672650000080463, 4142.800000000000182 ], [ 83.918775524944067, 28.672667434439063, 4142.0 ], [ 83.918824307620525, 28.672708924859759, 4141.399999999999636 ], [ 83.918837551027536, 28.672721162438393, 4141.0 ], [ 83.918870240449905, 28.672749912366271, 4140.0 ], [ 83.918898068368435, 28.672782853245735, 4139.399999999999636 ], [ 83.918916508555412, 28.672810681164265, 4138.800000000000182 ], [ 83.918952886015177, 28.672844208776951, 4137.600000000000364 ], [ 83.918962860479951, 28.672853596508503, 4137.199999999999818 ], [ 83.918985323980451, 28.672870779410005, 4136.600000000000364 ], [ 83.919019857421517, 28.672895757481456, 4135.600000000000364 ], [ 83.919048523530364, 28.672922076657414, 4134.800000000000182 ], [ 83.919068723917007, 28.672941774129868, 4134.399999999999636 ], [ 83.919109795242548, 28.672976559028029, 4133.199999999999818 ], [ 83.919141562655568, 28.672999693080783, 4132.199999999999818 ], [ 83.919149609282613, 28.673004470765591, 4132.199999999999818 ], [ 83.919168384745717, 28.673013020306826, 4132.0 ], [ 83.919220939278603, 28.673034142702814, 4131.0 ], [ 83.919251700863242, 28.673042524605989, 4130.399999999999636 ], [ 83.919278690591455, 28.673054929822683, 4129.800000000000182 ], [ 83.919298471882939, 28.673059120774269, 4128.800000000000182 ], [ 83.91931414604187, 28.673074878752232, 4128.800000000000182 ], [ 83.919367454946041, 28.673108825460076, 4128.0 ], [ 83.919401569291949, 28.673126678913832, 4127.600000000000364 ], [ 83.919447166845202, 28.673141431063417, 4126.600000000000364 ], [ 83.919497709721327, 28.673168672248721, 4125.800000000000182 ], [ 83.91951690427959, 28.673179736360908, 4125.399999999999636 ], [ 83.919556131586432, 28.673201277852058, 4124.399999999999636 ], [ 83.919586725533009, 28.673230530694127, 4123.399999999999636 ], [ 83.919650679454207, 28.673259196802977, 4122.399999999999636 ], [ 83.919673981145024, 28.67327906191349, 4121.800000000000182 ], [ 83.919672137126327, 28.673288868740201, 4121.199999999999818 ], [ 83.919650595635176, 28.673341423273087, 4120.0 ], [ 83.919651014730334, 28.673391798511147, 4118.800000000000182 ], [ 83.919667610898614, 28.67342641577125, 4117.800000000000182 ], [ 83.919672388583422, 28.6734339594841, 4117.600000000000364 ], [ 83.919681021943688, 28.673454914242029, 4116.800000000000182 ], [ 83.919717567041516, 28.673499505966905, 4115.800000000000182 ], [ 83.919724356383085, 28.673510989174247, 4115.399999999999636 ], [ 83.919734330847859, 28.67353311739862, 4114.399999999999636 ], [ 83.919752687215805, 28.673560526221991, 4113.399999999999636 ], [ 83.919759560376406, 28.67356899194419, 4113.199999999999818 ], [ 83.919768109917641, 28.673584582284093, 4112.399999999999636 ], [ 83.919784538447857, 28.673605872318149, 4112.399999999999636 ], [ 83.919776240363717, 28.673598831519485, 4112.199999999999818 ], [ 83.919776240363717, 28.673598831519485, 4112.199999999999818 ], [ 83.919796021655202, 28.673618445172902, 4111.800000000000182 ], [ 83.91983550041914, 28.673697905614972, 4111.399999999999636 ], [ 83.919838266447186, 28.673701761290431, 4111.199999999999818 ], [ 83.919852012768388, 28.673709724098444, 4110.0 ], [ 83.919865004718304, 28.673717267811298, 4109.600000000000364 ], [ 83.919879756867886, 28.673736210912462, 4109.0 ], [ 83.919890653342009, 28.673770157620311, 4107.800000000000182 ], [ 83.919892413541675, 28.673777114599943, 4107.600000000000364 ], [ 83.91991320066154, 28.673821706324816, 4106.800000000000182 ], [ 83.919937508180737, 28.673838973045349, 4106.199999999999818 ], [ 83.919949494302273, 28.673854395747185, 4105.800000000000182 ], [ 83.919998193159699, 28.673910470679399, 4105.399999999999636 ], [ 83.920013029128313, 28.673964533954859, 4104.600000000000364 ], [ 83.920008754357696, 28.673999402672052, 4104.600000000000364 ], [ 83.919980926439166, 28.674084478989244, 4104.600000000000364 ], [ 83.919944046065211, 28.674172405153513, 4104.600000000000364 ], [ 83.919944716617465, 28.674191515892744, 4104.600000000000364 ], [ 83.919953349977732, 28.674229234457016, 4104.600000000000364 ], [ 83.919966761022806, 28.67429637350142, 4104.600000000000364 ], [ 83.91997673548758, 28.67432227358222, 4104.600000000000364 ], [ 83.919991236180067, 28.674355717375875, 4104.800000000000182 ], [ 83.92000213265419, 28.674377845600247, 4104.800000000000182 ], [ 83.920037671923637, 28.674424532800913, 4104.800000000000182 ], [ 83.920052088797092, 28.674443894997239, 4104.800000000000182 ], [ 83.920079916715622, 28.674519751220942, 4104.800000000000182 ], [ 83.920113695785403, 28.674572976306081, 4104.600000000000364 ], [ 83.920138757675886, 28.674606420099735, 4104.600000000000364 ], [ 83.920175805687904, 28.674641791731119, 4103.800000000000182 ], [ 83.920183265581727, 28.674651682376862, 4103.600000000000364 ], [ 83.920189468190074, 28.674660818651319, 4103.399999999999636 ], [ 83.920229952782393, 28.674730723723769, 4103.0 ], [ 83.92022542655468, 28.67473172955215, 4102.800000000000182 ], [ 83.920223414897919, 28.674728292971849, 4102.800000000000182 ], [ 83.920225007459521, 28.674731058999896, 4102.800000000000182 ], [ 83.920228192582726, 28.674741284921765, 4102.800000000000182 ], [ 83.920235736295581, 28.674754025414583, 4102.800000000000182 ], [ 83.920244537293911, 28.674816302955151, 4102.800000000000182 ], [ 83.920241938903928, 28.674886459484696, 4103.0 ], [ 83.920247135683894, 28.67492015473545, 4103.399999999999636 ], [ 83.920257110148668, 28.674948066473007, 4104.399999999999636 ], [ 83.920260295271873, 28.674954604357481, 4104.600000000000364 ], [ 83.920272868126631, 28.674989892169833, 4105.399999999999636 ], [ 83.92027379013598, 28.674999447539449, 4105.600000000000364 ], [ 83.920278484001756, 28.675028281286359, 4106.199999999999818 ], [ 83.920277645811439, 28.675038423389196, 4106.600000000000364 ], [ 83.92027672380209, 28.675045212730765, 4106.600000000000364 ], [ 83.920276891440153, 28.675070777535439, 4107.600000000000364 ], [ 83.920277561992407, 28.675074130296707, 4108.0 ], [ 83.920278567820787, 28.675098605453968, 4108.800000000000182 ], [ 83.920283010229468, 28.675127187743783, 4109.399999999999636 ], [ 83.920284267514944, 28.675130875781178, 4109.600000000000364 ], [ 83.920287704095244, 28.675142275169492, 4109.800000000000182 ], [ 83.92029725946486, 28.675160463899378, 4110.0 ], [ 83.920308239758015, 28.675195416435599, 4110.800000000000182 ], [ 83.920310502871871, 28.67519935593009, 4110.800000000000182 ], [ 83.920321231707931, 28.675215197727084, 4110.800000000000182 ], [ 83.920326931402087, 28.675220645964146, 4110.800000000000182 ], [ 83.920339336618781, 28.675247216597199, 4110.800000000000182 ], [ 83.920352747663856, 28.675260376185179, 4110.800000000000182 ], [ 83.920388454571366, 28.675279822200537, 4110.199999999999818 ], [ 83.920410834252834, 28.675295161083341, 4110.0 ], [ 83.920447882264853, 28.675328604876995, 4109.800000000000182 ], [ 83.920471519231796, 28.675338663160801, 4109.399999999999636 ], [ 83.920498257502913, 28.675353834405541, 4109.399999999999636 ], [ 83.920519044622779, 28.675388284027576, 4109.399999999999636 ], [ 83.920505633577704, 28.67540848441422, 4109.399999999999636 ], [ 83.920506220310926, 28.675404796376824, 4109.399999999999636 ], [ 83.920503202825785, 28.675399515777823, 4109.399999999999636 ], [ 83.920491887256503, 28.675404209643599, 4109.800000000000182 ], [ 83.920491887256503, 28.675404209643599, 4110.0 ], [ 83.920491887256503, 28.675404209643599, 4110.199999999999818 ], [ 83.920491887256503, 28.675404209643599, 4110.600000000000364 ], [ 83.920491887256503, 28.675404209643599, 4110.800000000000182 ], [ 83.920491887256503, 28.675404209643599, 4111.0 ], [ 83.920497670769691, 28.675404461100698, 4111.0 ], [ 83.920515021309257, 28.675405383110046, 4111.0 ], [ 83.920515021309257, 28.675405383110046, 4111.0 ], [ 83.920515021309257, 28.675405383110046, 4111.0 ], [ 83.920524576678872, 28.675405802205205, 4111.0 ], [ 83.920533629134297, 28.675409825518727, 4111.0 ], [ 83.92053036019206, 28.67540504783392, 4111.0 ], [ 83.920525163412094, 28.675405215471983, 4111.0 ], [ 83.920535808429122, 28.675442431122065, 4111.199999999999818 ], [ 83.920528348535299, 28.675454165786505, 4111.600000000000364 ], [ 83.920528599992394, 28.67545391432941, 4111.800000000000182 ], [ 83.920527091249824, 28.675454081967473, 4111.800000000000182 ], [ 83.92052885144949, 28.675465816631913, 4111.800000000000182 ], [ 83.920537736266851, 28.67549791932106, 4112.199999999999818 ], [ 83.920548129826784, 28.675525914877653, 4112.800000000000182 ], [ 83.920540753751993, 28.67554385215044, 4113.399999999999636 ], [ 83.920538825914264, 28.67556681856513, 4113.800000000000182 ], [ 83.920540753751993, 28.675604201853275, 4114.399999999999636 ], [ 83.920538825914264, 28.675606045871973, 4114.600000000000364 ], [ 83.92053765244782, 28.675612583756447, 4114.800000000000182 ], [ 83.920539328828454, 28.675620965659618, 4115.0 ], [ 83.920537400990725, 28.675623312592503, 4115.0 ], [ 83.920536478981376, 28.675633789971471, 4115.0 ], [ 83.920533796772361, 28.675649631768465, 4115.399999999999636 ], [ 83.9205317851156, 28.675656002014875, 4115.399999999999636 ], [ 83.920534802600741, 28.67568114772439, 4116.0 ], [ 83.920536814257503, 28.675690283998847, 4116.0 ], [ 83.920543435961008, 28.675710735842586, 4116.600000000000364 ], [ 83.920546201989055, 28.675716100260615, 4116.600000000000364 ], [ 83.920559026300907, 28.675746442750096, 4117.199999999999818 ], [ 83.920557936653495, 28.675754405558109, 4117.800000000000182 ], [ 83.920556092634797, 28.675759434700012, 4118.0 ], [ 83.920569587498903, 28.67578960955143, 4118.600000000000364 ], [ 83.920569252222776, 28.675792040303349, 4118.800000000000182 ], [ 83.920577801764011, 28.67580478079617, 4119.399999999999636 ], [ 83.920573610812426, 28.675808049738407, 4119.600000000000364 ], [ 83.920573610812426, 28.675808049738407, 4119.800000000000182 ], [ 83.920573610812426, 28.675808049738407, 4119.800000000000182 ], [ 83.920573610812426, 28.675808049738407, 4119.800000000000182 ], [ 83.920573610812426, 28.675808049738407, 4119.800000000000182 ], [ 83.920569755136967, 28.675807798281312, 4120.0 ], [ 83.920579729601741, 28.675832860171795, 4120.0 ], [ 83.920586770400405, 28.675892874598503, 4120.800000000000182 ], [ 83.920590793713927, 28.67589857429266, 4120.800000000000182 ], [ 83.920620800927281, 28.675918523222208, 4121.199999999999818 ], [ 83.920638486742973, 28.675931850448251, 4121.399999999999636 ], [ 83.920677965506911, 28.675984153524041, 4121.399999999999636 ], [ 83.920740829780698, 28.676064619794488, 4121.399999999999636 ], [ 83.920800425112247, 28.676113737747073, 4121.800000000000182 ], [ 83.920817859470844, 28.676130501553416, 4122.0 ], [ 83.920843843370676, 28.676140811294317, 4123.199999999999818 ], [ 83.920864965766668, 28.676150366663933, 4124.199999999999818 ], [ 83.920871252194047, 28.676154809072617, 4124.399999999999636 ], [ 83.920875526964664, 28.676158329471946, 4124.600000000000364 ], [ 83.920881729573011, 28.676176099106669, 4125.600000000000364 ], [ 83.920900672674179, 28.676194455474615, 4125.600000000000364 ], [ 83.920918358489871, 28.676209710538387, 4125.600000000000364 ], [ 83.920940738171339, 28.676229072734714, 4125.600000000000364 ], [ 83.920986671000719, 28.676244076341391, 4125.600000000000364 ], [ 83.920993460342288, 28.676287159323692, 4125.600000000000364 ], [ 83.920993711799383, 28.676295708864927, 4125.600000000000364 ], [ 83.920993711799383, 28.676300151273608, 4125.399999999999636 ], [ 83.920992538332939, 28.676375336945057, 4125.199999999999818 ], [ 83.921030508354306, 28.676418587565426, 4125.199999999999818 ], [ 83.92103754915297, 28.676425125449896, 4125.199999999999818 ], [ 83.921076441183686, 28.676464855670929, 4125.199999999999818 ], [ 83.921115836128592, 28.676503328606486, 4125.199999999999818 ], [ 83.921121535822749, 28.676517829298973, 4125.199999999999818 ], [ 83.92113234847784, 28.676530318334699, 4125.199999999999818 ], [ 83.921160092577338, 28.67655923590064, 4125.199999999999818 ], [ 83.921208037063479, 28.676615478470922, 4125.199999999999818 ], [ 83.921228237450123, 28.67663785815239, 4125.199999999999818 ], [ 83.921285066753626, 28.676692089065909, 4125.199999999999818 ], [ 83.921312978491187, 28.676714468747377, 4125.199999999999818 ], [ 83.921409118920565, 28.676773644983768, 4125.199999999999818 ], [ 83.921478604897857, 28.676817649975419, 4125.0 ], [ 83.921493608504534, 28.676827875897288, 4125.0 ], [ 83.921549012884498, 28.676859475672245, 4124.399999999999636 ], [ 83.92156820744276, 28.676872383803129, 4124.0 ], [ 83.921619923785329, 28.676904821768403, 4123.399999999999636 ], [ 83.921645069494843, 28.676933236420155, 4123.199999999999818 ], [ 83.921701144427061, 28.676977073773742, 4122.199999999999818 ], [ 83.921723272651434, 28.676991909742355, 4122.0 ], [ 83.921760069206357, 28.67701412178576, 4121.199999999999818 ], [ 83.921800386160612, 28.677032897248864, 4120.199999999999818 ], [ 83.921844474971294, 28.677078410983089, 4119.199999999999818 ], [ 83.921856712549925, 28.677086206153035, 4119.0 ], [ 83.921917816624045, 28.677106825634837, 4118.199999999999818 ], [ 83.921926114708185, 28.677107999101281, 4118.199999999999818 ], [ 83.921996355056763, 28.677127026021481, 4117.399999999999636 ], [ 83.922016220167279, 28.677115123718977, 4117.399999999999636 ], [ 83.922039605677128, 28.677122248336673, 4117.399999999999636 ], [ 83.92204899340868, 28.677129875868559, 4117.399999999999636 ], [ 83.922056620940566, 28.677125098183751, 4117.399999999999636 ], [ 83.922071373090148, 28.677123002707962, 4117.199999999999818 ], [ 83.922071289271116, 28.677123170346022, 4117.0 ], [ 83.922071289271116, 28.677123170346022, 4117.0 ], [ 83.922071289271116, 28.677123170346022, 4117.0 ], [ 83.922071289271116, 28.677123170346022, 4117.0 ], [ 83.922071289271116, 28.677123170346022, 4116.800000000000182 ], [ 83.922068858519197, 28.677121326327324, 4116.600000000000364 ], [ 83.922106577083468, 28.677126774564385, 4116.600000000000364 ], [ 83.922144211828709, 28.677140353247523, 4116.600000000000364 ], [ 83.922179667279124, 28.677145969122648, 4116.600000000000364 ], [ 83.922219313681126, 28.677145969122648, 4116.600000000000364 ], [ 83.922253847122192, 28.677154183387756, 4116.600000000000364 ], [ 83.92226348631084, 28.677159883081913, 4117.199999999999818 ], [ 83.922274382784963, 28.677176982164383, 4118.199999999999818 ], [ 83.922277819365263, 28.677181256935, 4118.399999999999636 ], [ 83.922299696132541, 28.67720908485353, 4119.0 ], [ 83.922312185168266, 28.677218472585079, 4119.600000000000364 ], [ 83.922325260937214, 28.677236745133996, 4120.399999999999636 ], [ 83.92232702113688, 28.677239427343011, 4120.600000000000364 ], [ 83.922331882640719, 28.677252838388085, 4121.199999999999818 ], [ 83.922338169068098, 28.67725845426321, 4121.399999999999636 ], [ 83.92234118655324, 28.67726725526154, 4121.600000000000364 ], [ 83.922342527657747, 28.677269518375397, 4121.600000000000364 ], [ 83.922350741922855, 28.677286701276898, 4122.0 ], [ 83.922357363626361, 28.67729977704585, 4122.399999999999636 ], [ 83.922359878197312, 28.677300531417131, 4122.800000000000182 ], [ 83.922360213473439, 28.677304554730657, 4123.0 ], [ 83.922370104119182, 28.677316708490252, 4123.199999999999818 ], [ 83.922385778278112, 28.677331628277894, 4123.800000000000182 ], [ 83.922393992543221, 28.677344704046845, 4124.199999999999818 ], [ 83.922405475750566, 28.677373621612787, 4124.600000000000364 ], [ 83.922419976443052, 28.677401198074222, 4124.800000000000182 ], [ 83.922422155737877, 28.677403293550014, 4124.800000000000182 ], [ 83.922436321154237, 28.677421230822802, 4125.199999999999818 ], [ 83.922454174607992, 28.67744654417038, 4125.399999999999636 ], [ 83.922464735805988, 28.677463894709945, 4125.600000000000364 ], [ 83.9224814157933, 28.677474707365036, 4125.800000000000182 ], [ 83.922486444935203, 28.677476635202765, 4126.0 ], [ 83.922512764111161, 28.677499182522297, 4127.0 ], [ 83.922517374157906, 28.677502116188407, 4127.199999999999818 ], [ 83.922520391643047, 28.677511839196089, 4127.600000000000364 ], [ 83.922528102993965, 28.677528435364369, 4128.199999999999818 ], [ 83.922531120479107, 28.677531201392412, 4128.199999999999818 ], [ 83.922549644485116, 28.677549306303263, 4129.199999999999818 ], [ 83.922557272017002, 28.677552910521623, 4129.399999999999636 ], [ 83.922555427998304, 28.677558861672878, 4130.199999999999818 ], [ 83.922556517645717, 28.677558694034815, 4130.199999999999818 ], [ 83.922556517645717, 28.677558694034815, 4130.399999999999636 ], [ 83.922562217339873, 28.677560873329639, 4130.600000000000364 ], [ 83.922573868185282, 28.677574032917619, 4130.600000000000364 ], [ 83.922606306150556, 28.677605800330639, 4131.0 ], [ 83.922614268958569, 28.677609907463193, 4131.199999999999818 ], [ 83.922638660296798, 28.677638154476881, 4132.399999999999636 ], [ 83.922667829319835, 28.677669083699584, 4133.399999999999636 ], [ 83.922688532620668, 28.67769557051361, 4134.199999999999818 ], [ 83.922695238143206, 28.677704874426126, 4134.600000000000364 ], [ 83.922715689986944, 28.677723482251167, 4135.199999999999818 ], [ 83.92274234443903, 28.677743766456839, 4135.600000000000364 ], [ 83.92274527810514, 28.677746867761016, 4135.800000000000182 ], [ 83.922765143215656, 28.677762374281883, 4136.800000000000182 ], [ 83.922782829031348, 28.677775785326961, 4137.399999999999636 ], [ 83.922815266996622, 28.677799170836806, 4137.800000000000182 ], [ 83.922823397442698, 28.677803361788392, 4138.0 ], [ 83.922823313623667, 28.677821466699243, 4138.199999999999818 ], [ 83.922820966690779, 28.677820879966021, 4138.199999999999818 ], [ 83.922816440463066, 28.677821466699243, 4139.0 ], [ 83.922830354422331, 28.677815934643149, 4139.0 ], [ 83.922871174290776, 28.677841331809759, 4139.0 ], [ 83.922889363020658, 28.677859520539641, 4140.0 ], [ 83.922899421304464, 28.67787754163146, 4140.399999999999636 ], [ 83.922926997765899, 28.677888354286551, 4140.800000000000182 ], [ 83.922931523993611, 28.677888521924615, 4141.0 ], [ 83.922941498458385, 28.677903106436133, 4142.0 ], [ 83.922939319163561, 28.677906123921275, 4142.399999999999636 ], [ 83.922929847612977, 28.677921630442142, 4143.199999999999818 ], [ 83.92290704883635, 28.6779342032969, 4143.399999999999636 ], [ 83.92287477850914, 28.677939400076863, 4144.199999999999818 ], [ 83.922869749367237, 28.677939735352993, 4144.399999999999636 ], [ 83.922849129885435, 28.677954403683543, 4145.199999999999818 ], [ 83.922861535102129, 28.677962031215429, 4145.399999999999636 ], [ 83.922880562022328, 28.677968569099903, 4145.800000000000182 ], [ 83.922913419082761, 28.677982734516263, 4146.399999999999636 ], [ 83.922915598377585, 28.67798893712461, 4146.600000000000364 ], [ 83.922918532043695, 28.678001258522272, 4147.0 ], [ 83.922918448224664, 28.67800704203546, 4147.0 ], [ 83.922918448224664, 28.67800704203546, 4147.0 ], [ 83.922918448224664, 28.67800704203546, 4147.0 ], [ 83.922925069928169, 28.678007377311587, 4147.0 ], [ 83.922943091019988, 28.678030679002404, 4147.0 ], [ 83.922953819856048, 28.67804417386651, 4146.600000000000364 ], [ 83.922956166788936, 28.678050125017759, 4146.600000000000364 ], [ 83.92298030667007, 28.678110642358661, 4145.600000000000364 ], [ 83.92298617400229, 28.678117096424103, 4145.399999999999636 ], [ 83.923003440722823, 28.678116844967008, 4144.199999999999818 ], [ 83.923018695786595, 28.678111145272851, 4143.399999999999636 ], [ 83.923033950850368, 28.678104355931278, 4143.0 ], [ 83.923055911436677, 28.678075522184372, 4142.0 ], [ 83.92306194640696, 28.678069487214088, 4142.0 ], [ 83.92313227057457, 28.678089017048482, 4142.0 ], [ 83.923158003017306, 28.678128579631448, 4142.0 ], [ 83.923174683004618, 28.678174512460828, 4142.0 ], [ 83.923189183697104, 28.678220612928271, 4142.0 ], [ 83.923193207010627, 28.678229078650475, 4142.199999999999818 ], [ 83.923214832320809, 28.678257744759321, 4143.199999999999818 ], [ 83.923237547278404, 28.678297558799382, 4144.0 ], [ 83.923237714916468, 28.678303090855479, 4144.199999999999818 ], [ 83.923244504258037, 28.678319435566664, 4144.600000000000364 ], [ 83.923266213387251, 28.678333684802055, 4145.199999999999818 ], [ 83.92327593639493, 28.678341899067163, 4145.399999999999636 ], [ 83.923278199508786, 28.678366206586361, 4146.399999999999636 ], [ 83.923256238922477, 28.678361931815743, 4146.600000000000364 ], [ 83.923246767371893, 28.678360590711236, 4146.600000000000364 ], [ 83.923235284164548, 28.678359081968665, 4146.600000000000364 ], [ 83.923233523964882, 28.678359920158982, 4147.0 ], [ 83.923238385468721, 28.678355142474174, 4147.199999999999818 ], [ 83.923237547278404, 28.678341899067163, 4147.399999999999636 ], [ 83.923233607783914, 28.678342569619417, 4147.600000000000364 ], [ 83.92319337464869, 28.678351789712902, 4148.600000000000364 ], [ 83.923185998573899, 28.678354388102889, 4148.800000000000182 ], [ 83.92316797748208, 28.678360423073173, 4149.600000000000364 ], [ 83.923183400183916, 28.678379869088531, 4150.800000000000182 ], [ 83.923193039372563, 28.678394956514239, 4152.0 ], [ 83.923190021887422, 28.678411720320582, 4152.600000000000364 ], [ 83.923180550336838, 28.678408116102219, 4153.0 ], [ 83.923172168433666, 28.678407613188028, 4153.800000000000182 ], [ 83.923135874792933, 28.678393783047795, 4154.199999999999818 ], [ 83.923137467354536, 28.67839529179037, 4154.800000000000182 ], [ 83.923142664134502, 28.678395794704556, 4155.199999999999818 ], [ 83.923183651641011, 28.678425718098879, 4161.399999999999636 ], [ 83.923186166211963, 28.67843116633594, 4161.800000000000182 ], [ 83.923175018280745, 28.678433764725924, 4162.0 ], [ 83.923194212839007, 28.678472908213735, 4162.199999999999818 ], [ 83.923185914754868, 28.67848539724946, 4163.0 ], [ 83.92318650148809, 28.67849126458168, 4163.199999999999818 ], [ 83.92316211014986, 28.678551949560639, 4163.199999999999818 ], [ 83.923153392970562, 28.678565360605717, 4163.199999999999818 ], [ 83.923140484839678, 28.678593104705215, 4163.199999999999818 ], [ 83.923125145956874, 28.678646916523576, 4163.600000000000364 ], [ 83.923102430999279, 28.678701315075159, 4163.600000000000364 ], [ 83.92309321090579, 28.678754875436425, 4163.600000000000364 ], [ 83.923097401857376, 28.678769376128912, 4164.0 ], [ 83.923117350786924, 28.678800808265805, 4164.199999999999818 ], [ 83.923128917813301, 28.678829474374652, 4164.199999999999818 ], [ 83.923124307766557, 28.678839029744267, 4164.199999999999818 ], [ 83.923129756003618, 28.678841795772311, 4164.199999999999818 ], [ 83.923143334686756, 28.678866270929575, 4164.600000000000364 ], [ 83.923145513981581, 28.678886638954278, 4165.399999999999636 ], [ 83.923147358000278, 28.678895775228739, 4165.600000000000364 ], [ 83.923151297494769, 28.678901391103864, 4165.600000000000364 ], [ 83.923153057694435, 28.678905498236418, 4165.800000000000182 ], [ 83.923155823722482, 28.67892611771822, 4166.399999999999636 ], [ 83.92315624281764, 28.67893718183041, 4166.600000000000364 ], [ 83.923162948340178, 28.678957214578983, 4167.399999999999636 ], [ 83.923164289444685, 28.678962662816048, 4167.600000000000364 ], [ 83.923163702711463, 28.678970374166965, 4167.600000000000364 ], [ 83.923148447647691, 28.678975319489837, 4167.600000000000364 ], [ 83.92313570715487, 28.67897012270987, 4167.600000000000364 ], [ 83.923146184533834, 28.678970290347937, 4167.600000000000364 ], [ 83.923157500103116, 28.678970877081156, 4167.800000000000182 ], [ 83.923171330243349, 28.678967524319887, 4168.0 ], [ 83.923176527023315, 28.678965764120221, 4168.0 ], [ 83.923159763216972, 28.678957466036081, 4168.0 ], [ 83.923154231160879, 28.678967524319887, 4168.0 ], [ 83.923160685226321, 28.678968781605363, 4167.800000000000182 ], [ 83.923165965825319, 28.678967105224729, 4167.600000000000364 ], [ 83.923160098493099, 28.678968446329236, 4167.600000000000364 ], [ 83.923148028552532, 28.678971212357283, 4167.600000000000364 ], [ 83.923146855086088, 28.678972804918885, 4167.600000000000364 ], [ 83.923147190362215, 28.678976409137249, 4167.600000000000364 ], [ 83.923167726024985, 28.678968446329236, 4167.399999999999636 ], [ 83.923171078786254, 28.678970206528906, 4167.399999999999636 ], [ 83.923169318586588, 28.678968781605363, 4167.399999999999636 ], [ 83.92314744181931, 28.678978672251105, 4167.399999999999636 ], [ 83.923183735460043, 28.678993675857782, 4167.399999999999636 ], [ 83.923219023272395, 28.679051762446761, 4167.399999999999636 ], [ 83.92325053922832, 28.679112950339913, 4167.399999999999636 ], [ 83.923269398510456, 28.679146058857441, 4167.399999999999636 ], [ 83.923291778191924, 28.679166594520211, 4167.399999999999636 ], [ 83.923295214772224, 28.67916944436729, 4167.399999999999636 ], [ 83.923309715464711, 28.679183777421713, 4167.399999999999636 ], [ 83.923331340774894, 28.679199786856771, 4167.600000000000364 ], [ 83.923339638859034, 28.679216131567955, 4168.0 ], [ 83.923338213935494, 28.679238175973296, 4168.399999999999636 ], [ 83.923344500362873, 28.67924127727747, 4168.399999999999636 ], [ 83.923346512019634, 28.679247060790654, 4169.0 ], [ 83.923352044075727, 28.679261393845081, 4169.399999999999636 ], [ 83.923361599445343, 28.67928117513657, 4170.0 ], [ 83.923388170078397, 28.679308081045747, 4170.399999999999636 ], [ 83.923406526446342, 28.679322833195329, 4170.800000000000182 ], [ 83.923406526446342, 28.679346553981304, 4171.0 ], [ 83.923410046845675, 28.679367005825043, 4171.199999999999818 ], [ 83.923409963026643, 28.679375723004341, 4171.399999999999636 ], [ 83.923411974683404, 28.679391648620367, 4172.199999999999818 ], [ 83.923411387950182, 28.679383853450418, 4172.800000000000182 ], [ 83.923414824530482, 28.679380919784307, 4172.800000000000182 ], [ 83.923420188948512, 28.679380584508181, 4173.0 ], [ 83.923426475375891, 28.679375387728214, 4173.0 ], [ 83.923432342708111, 28.679403299465775, 4173.399999999999636 ], [ 83.923438042402267, 28.679431211203337, 4173.600000000000364 ], [ 83.923448016867042, 28.679437497630715, 4174.399999999999636 ], [ 83.923453968018293, 28.679435234516859, 4174.399999999999636 ], [ 83.923473916947842, 28.679423918947577, 4174.399999999999636 ], [ 83.92346503213048, 28.67943188175559, 4175.600000000000364 ], [ 83.923440640792251, 28.679442862048745, 4176.800000000000182 ], [ 83.923410130664706, 28.679453423246741, 4177.600000000000364 ], [ 83.923399318009615, 28.67945484817028, 4177.800000000000182 ], [ 83.923382638022304, 28.679465660825372, 4178.399999999999636 ], [ 83.923373082652688, 28.679473120719191, 4178.800000000000182 ], [ 83.923371070995927, 28.67949147708714, 4180.0 ], [ 83.923391690477729, 28.679516706615686, 4180.0 ], [ 83.923406777903438, 28.679520227015018, 4180.399999999999636 ], [ 83.923382721841335, 28.679515365511179, 4180.399999999999636 ], [ 83.92337023280561, 28.679506564512849, 4180.800000000000182 ], [ 83.923363611102104, 28.679497679695487, 4181.0 ], [ 83.923355899751186, 28.679492734372616, 4181.800000000000182 ], [ 83.923396719619632, 28.679488291963935, 4181.800000000000182 ], [ 83.923408286646008, 28.679481921717525, 4182.199999999999818 ], [ 83.923438126221299, 28.679475551471111, 4182.800000000000182 ], [ 83.923453884199262, 28.67947094142437, 4182.800000000000182 ], [ 83.923474838957191, 28.679467504844069, 4183.199999999999818 ], [ 83.923480538651347, 28.679461134597659, 4183.600000000000364 ], [ 83.923494117334485, 28.679460715502501, 4184.399999999999636 ], [ 83.92353443428874, 28.679455602541569, 4184.399999999999636 ], [ 83.923561424016953, 28.679448561742905, 4184.399999999999636 ], [ 83.923547677695751, 28.679450657218695, 4184.399999999999636 ], [ 83.923545498400927, 28.67945484817028, 4184.399999999999636 ], [ 83.923540133982897, 28.679456524550915, 4184.600000000000364 ], [ 83.923528483137488, 28.679461386054751, 4184.800000000000182 ], [ 83.923523705452681, 28.679461553692818, 4184.800000000000182 ], [ 83.92351440154016, 28.679485274478793, 4184.800000000000182 ], [ 83.923541139811277, 28.679499858990312, 4185.399999999999636 ], [ 83.923546504229307, 28.679502541199327, 4185.399999999999636 ], [ 83.923592604696751, 28.679504552856088, 4186.199999999999818 ], [ 83.923619259148836, 28.679511174559593, 4186.600000000000364 ], [ 83.923624120652676, 28.679521400481462, 4187.399999999999636 ], [ 83.923632586374879, 28.679527351632711, 4187.800000000000182 ], [ 83.923643650487065, 28.679538834840059, 4188.0 ], [ 83.923642560839653, 28.679544283077121, 4188.199999999999818 ], [ 83.923649601638317, 28.679549396038055, 4188.800000000000182 ], [ 83.923646751791239, 28.67955107241869, 4190.0 ], [ 83.923643482849002, 28.679552245885137, 4190.199999999999818 ], [ 83.923647087067366, 28.679563980549577, 4190.600000000000364 ], [ 83.923682123422623, 28.679587449878458, 4190.600000000000364 ], [ 83.923705844208598, 28.679604046046737, 4191.0 ], [ 83.923709783703089, 28.679611589759588, 4192.199999999999818 ], [ 83.923705760389566, 28.679613014683127, 4192.800000000000182 ], [ 83.923702072352171, 28.679614355787635, 4193.399999999999636 ], [ 83.923695702105761, 28.679616786539555, 4193.600000000000364 ], [ 83.923696791753173, 28.679625587537885, 4193.800000000000182 ], [ 83.92370299436152, 28.679629527032375, 4193.800000000000182 ], [ 83.923705592751503, 28.679627766832709, 4194.0 ], [ 83.923727804794908, 28.679614355787635, 4198.199999999999818 ], [ 83.923738282173872, 28.679620390757918, 4198.199999999999818 ], [ 83.92376652918756, 28.679616199806333, 4198.399999999999636 ], [ 83.923833249136806, 28.679624330252409, 4199.0 ], [ 83.923862585797906, 28.679645452648401, 4199.0 ], [ 83.923871638253331, 28.679651319980621, 4199.0 ], [ 83.92386912368238, 28.679657690227032, 4199.0 ], [ 83.923869794234633, 28.679663222283125, 4199.0 ], [ 83.923849845305085, 28.679712675511837, 4199.0 ], [ 83.923869039863348, 28.679780652746562, 4198.800000000000182 ], [ 83.923879014328122, 28.67979540489614, 4198.399999999999636 ], [ 83.92391799017787, 28.679842008277777, 4198.399999999999636 ], [ 83.923934251070023, 28.679859694093462, 4198.399999999999636 ], [ 83.92398345284164, 28.679925575852391, 4198.399999999999636 ], [ 83.923978507518768, 28.679931107908487, 4198.399999999999636 ], [ 83.923972556367517, 28.679945608600978, 4198.399999999999636 ], [ 83.923975322395563, 28.679957259446383, 4199.399999999999636 ], [ 83.923978004604578, 28.679961198940873, 4199.600000000000364 ], [ 83.923985045403242, 28.679990200325847, 4200.600000000000364 ], [ 83.923982530832291, 28.679995816200972, 4201.0 ], [ 83.923988649621606, 28.680009143427014, 4201.600000000000364 ], [ 83.923989068716764, 28.680019536986947, 4201.800000000000182 ], [ 83.923986302688718, 28.680035546422005, 4201.800000000000182 ], [ 83.923971131443977, 28.680061614140868, 4202.199999999999818 ], [ 83.923962330445647, 28.680112911388282, 4202.399999999999636 ], [ 83.923961827531457, 28.68012280203402, 4202.399999999999636 ], [ 83.923961240798235, 28.680151887238026, 4202.399999999999636 ], [ 83.923967024311423, 28.680155659094453, 4202.800000000000182 ], [ 83.923982447013259, 28.680211482569575, 4202.800000000000182 ], [ 83.92398688942194, 28.6802620254457, 4203.0 ], [ 83.923984542489052, 28.68033729493618, 4203.0 ], [ 83.923980351537466, 28.680353555828333, 4203.0 ], [ 83.923984039574862, 28.680394878610969, 4203.0 ], [ 83.923992002382874, 28.680423879995946, 4203.0 ], [ 83.923992840573192, 28.680431172251701, 4203.0 ], [ 83.923995019868016, 28.680452797561884, 4203.0 ], [ 83.923992589116096, 28.680459754541516, 4203.0 ], [ 83.923980351537466, 28.680438967421651, 4202.800000000000182 ], [ 83.923974148929119, 28.680393872782588, 4202.800000000000182 ], [ 83.9239751547575, 28.680397728458047, 4202.600000000000364 ], [ 83.923978423699737, 28.68041105568409, 4202.600000000000364 ], [ 83.92399812117219, 28.68048288859427, 4202.199999999999818 ], [ 83.924013879150152, 28.680515242740512, 4201.800000000000182 ], [ 83.924036091193557, 28.680549524724483, 4200.600000000000364 ], [ 83.92405335791409, 28.680580789223313, 4200.199999999999818 ], [ 83.924088561907411, 28.680643821135163, 4199.399999999999636 ], [ 83.924096105620265, 28.680677935481071, 4198.600000000000364 ], [ 83.924095183610916, 28.680697297677401, 4198.399999999999636 ], [ 83.924085041508079, 28.680736273527145, 4197.800000000000182 ], [ 83.924076659604907, 28.680751863867044, 4197.800000000000182 ], [ 83.924051765352488, 28.680773908272386, 4197.800000000000182 ], [ 83.924039108678699, 28.680792935192585, 4197.800000000000182 ], [ 83.924025613814592, 28.680816236883398, 4197.800000000000182 ], [ 83.924039695411921, 28.680860660970211, 4197.800000000000182 ], [ 83.924056040123105, 28.680877843871713, 4198.0 ], [ 83.924074647948146, 28.680898966267705, 4198.199999999999818 ], [ 83.924078084528446, 28.680900223553181, 4199.0 ], [ 83.924078922718763, 28.680899050086737, 4199.399999999999636 ], [ 83.924079593271017, 28.680897625163201, 4200.399999999999636 ], [ 83.924079593271017, 28.680897625163201, 4201.0 ], [ 83.924083029851317, 28.680928805842996, 4201.199999999999818 ], [ 83.924091579392552, 28.680936433374882, 4201.600000000000364 ], [ 83.924099709838629, 28.680940205231309, 4201.800000000000182 ], [ 83.924121586605906, 28.680944563820962, 4202.399999999999636 ], [ 83.924133153632283, 28.68094565346837, 4202.600000000000364 ], [ 83.924141032621264, 28.680945234373212, 4202.800000000000182 ], [ 83.92416282556951, 28.680952275171876, 4203.800000000000182 ], [ 83.924176655709743, 28.680955711752176, 4204.399999999999636 ], [ 83.924205070361495, 28.680948754772544, 4204.800000000000182 ], [ 83.924217810854316, 28.680943306535479, 4205.199999999999818 ], [ 83.92424438148737, 28.680930733680725, 4206.0 ], [ 83.924255194142461, 28.680932661518455, 4206.199999999999818 ], [ 83.924263324588537, 28.68093341588974, 4206.399999999999636 ], [ 83.924319567158818, 28.680960489436984, 4207.0 ], [ 83.924348903819919, 28.680996615439653, 4208.0 ], [ 83.924372708424926, 28.681031232699752, 4209.199999999999818 ], [ 83.924406655132771, 28.681043135002255, 4210.0 ], [ 83.924410510808229, 28.681046906858683, 4210.199999999999818 ], [ 83.924431046471, 28.68105704896152, 4210.800000000000182 ], [ 83.924455773085356, 28.681065598502755, 4211.199999999999818 ], [ 83.924461724236608, 28.68106828071177, 4211.199999999999818 ], [ 83.924498856067657, 28.681077919900417, 4211.199999999999818 ], [ 83.924515536054969, 28.681062581017613, 4211.199999999999818 ], [ 83.924518134444952, 28.681064089760184, 4211.199999999999818 ], [ 83.924550320953131, 28.681070292368531, 4211.199999999999818 ], [ 83.924568006768823, 28.681075656786561, 4211.199999999999818 ], [ 83.924588961526752, 28.681086720898747, 4211.199999999999818 ], [ 83.924612011760473, 28.681097365915775, 4210.800000000000182 ], [ 83.924642102792859, 28.681112201884389, 4210.199999999999818 ], [ 83.924675043672323, 28.681124271824956, 4209.800000000000182 ], [ 83.924695495516062, 28.681134078651667, 4209.0 ], [ 83.924713684245944, 28.681145645678043, 4208.600000000000364 ], [ 83.924733130261302, 28.681157296523452, 4208.0 ], [ 83.924760036170483, 28.681171461939812, 4206.800000000000182 ], [ 83.924780152738094, 28.681184789165854, 4205.800000000000182 ], [ 83.924822565168142, 28.681193171069022, 4204.800000000000182 ], [ 83.92484100535512, 28.681205995380878, 4204.0 ], [ 83.924848884344101, 28.681215466931462, 4203.399999999999636 ], [ 83.924849638715386, 28.681217981502417, 4203.199999999999818 ], [ 83.924849638715386, 28.681217981502417, 4202.800000000000182 ], [ 83.924849638715386, 28.681217981502417, 4202.800000000000182 ], [ 83.924849638715386, 28.681217981502417, 4202.600000000000364 ], [ 83.924849638715386, 28.681217981502417, 4202.399999999999636 ], [ 83.924848297610879, 28.681221082806587, 4202.199999999999818 ], [ 83.924869671463966, 28.681257124990225, 4201.199999999999818 ], [ 83.924877801910043, 28.681272631511092, 4200.199999999999818 ], [ 83.924892554059625, 28.681294173002243, 4200.0 ], [ 83.924944689497352, 28.68134630843997, 4198.600000000000364 ], [ 83.924950724467635, 28.681353013962507, 4198.199999999999818 ], [ 83.924988275393844, 28.681405317038298, 4197.600000000000364 ], [ 83.925019288435578, 28.681448986753821, 4197.600000000000364 ], [ 83.925076704472303, 28.681521406397223, 4197.600000000000364 ], [ 83.925120458006859, 28.681566081941128, 4197.600000000000364 ], [ 83.925150968134403, 28.681581420823932, 4197.600000000000364 ], [ 83.9252167660743, 28.681620983406901, 4197.399999999999636 ], [ 83.925265045836568, 28.681663563475013, 4197.0 ], [ 83.925277451053262, 28.681684182956815, 4197.399999999999636 ], [ 83.925300417467952, 28.681733971461657, 4197.600000000000364 ], [ 83.925306620076299, 28.681745454668999, 4197.800000000000182 ], [ 83.925358923152089, 28.681811587885026, 4197.800000000000182 ], [ 83.925404101610184, 28.681823993101716, 4197.800000000000182 ], [ 83.925449280068278, 28.681842684745789, 4198.0 ], [ 83.925465373322368, 28.681856766343117, 4198.600000000000364 ], [ 83.925469564273953, 28.681860789656639, 4199.0 ], [ 83.925501918420196, 28.6818852648139, 4199.600000000000364 ], [ 83.925506360828876, 28.681892389431596, 4199.800000000000182 ], [ 83.925526393577456, 28.681918289512396, 4200.800000000000182 ], [ 83.925532512366772, 28.681921390816569, 4201.0 ], [ 83.925563357770443, 28.681932706385851, 4201.800000000000182 ], [ 83.925574421882629, 28.681939579546452, 4202.0 ], [ 83.92561599612236, 28.681957433000207, 4202.800000000000182 ], [ 83.925672490149736, 28.681970424950123, 4202.800000000000182 ], [ 83.925681626424193, 28.681973107159138, 4202.800000000000182 ], [ 83.925725128501654, 28.681991714984179, 4203.399999999999636 ], [ 83.925733510404825, 28.681995403021578, 4203.399999999999636 ], [ 83.925743149593472, 28.681999426335096, 4203.399999999999636 ], [ 83.925753626972437, 28.682008478790522, 4203.399999999999636 ], [ 83.925785897299647, 28.682051729410887, 4203.600000000000364 ], [ 83.925807774066925, 28.682081988081336, 4203.600000000000364 ], [ 83.925860915333033, 28.682178547605872, 4204.0 ], [ 83.925917074084282, 28.682267898693681, 4204.199999999999818 ], [ 83.925989158451557, 28.682312238961455, 4204.399999999999636 ], [ 83.926016399636865, 28.682317938655615, 4204.800000000000182 ], [ 83.926011119037867, 28.682313328608871, 4204.800000000000182 ], [ 83.926005503162742, 28.682307293638587, 4205.0 ], [ 83.92600541934371, 28.682307209819555, 4205.399999999999636 ], [ 83.925979183986783, 28.682284662500024, 4206.399999999999636 ], [ 83.925979183986783, 28.682284411042929, 4206.600000000000364 ], [ 83.925978681072593, 28.682282315567136, 4206.600000000000364 ], [ 83.925992092117667, 28.68228985927999, 4206.600000000000364 ], [ 83.926033414900303, 28.68231039494276, 4206.800000000000182 ], [ 83.926135087385774, 28.682318022474647, 4206.800000000000182 ], [ 83.92620918340981, 28.682309556752443, 4207.800000000000182 ], [ 83.926215469837189, 28.682304779067636, 4208.0 ], [ 83.926236256957054, 28.682282902300361, 4208.800000000000182 ], [ 83.926276573911309, 28.682254487648606, 4208.800000000000182 ], [ 83.926287470385432, 28.682251805439591, 4209.0 ], [ 83.926327787339687, 28.68223998695612, 4209.0 ], [ 83.926354525610805, 28.682234454900023, 4209.199999999999818 ], [ 83.926385622471571, 28.682223474606872, 4209.600000000000364 ], [ 83.926412612199783, 28.682210566475987, 4210.0 ], [ 83.926411187276244, 28.682207465171818, 4210.0 ], [ 83.926421999931335, 28.682199167087671, 4210.0 ], [ 83.926456114277244, 28.682186510413885, 4210.0 ], [ 83.926516715437174, 28.682153234258298, 4210.199999999999818 ], [ 83.926591565832496, 28.682122640311722, 4210.199999999999818 ], [ 83.926615538075566, 28.682118281722069, 4210.199999999999818 ], [ 83.926660381257534, 28.682110402733088, 4210.199999999999818 ], [ 83.926737913861871, 28.682099841535091, 4210.199999999999818 ], [ 83.926784684881568, 28.682091124355793, 4210.199999999999818 ], [ 83.926844783127308, 28.682072684168816, 4210.199999999999818 ], [ 83.926877556368709, 28.682059943675995, 4210.199999999999818 ], [ 83.926915442571044, 28.682038150727749, 4210.199999999999818 ], [ 83.926927763968706, 28.682028343901042, 4210.199999999999818 ], [ 83.926956262439489, 28.68201183155179, 4210.199999999999818 ], [ 83.926995908841491, 28.681979393586516, 4210.199999999999818 ], [ 83.927053241059184, 28.681934382766485, 4210.199999999999818 ], [ 83.927131863310933, 28.681891886517409, 4210.0 ], [ 83.927135467529297, 28.681885348632932, 4209.800000000000182 ], [ 83.927202522754669, 28.681852323934436, 4209.600000000000364 ], [ 83.927283156663179, 28.681791136041284, 4209.199999999999818 ], [ 83.927291370928288, 28.681775880977511, 4209.199999999999818 ], [ 83.927328083664179, 28.681744616478682, 4208.600000000000364 ], [ 83.927356665953994, 28.681741179898381, 4208.199999999999818 ], [ 83.927410980686545, 28.681752411648631, 4207.0 ], [ 83.927430845797062, 28.681792644783854, 4205.800000000000182 ], [ 83.927448699250817, 28.681816952303052, 4205.199999999999818 ], [ 83.927466049790382, 28.681835141032938, 4204.800000000000182 ], [ 83.927506702020764, 28.681870512664322, 4203.600000000000364 ], [ 83.927523465827107, 28.681882666423917, 4203.199999999999818 ], [ 83.927576690912247, 28.681935975328088, 4202.600000000000364 ], [ 83.927566632628441, 28.681953325867653, 4202.600000000000364 ], [ 83.927553305402398, 28.681991044431925, 4201.399999999999636 ], [ 83.927550036460161, 28.682017615064979, 4200.399999999999636 ], [ 83.927551377564669, 28.682026416063309, 4200.399999999999636 ], [ 83.927590269595385, 28.682092381641269, 4199.199999999999818 ], [ 83.927611391991377, 28.68210026063025, 4198.600000000000364 ], [ 83.927623629570007, 28.682101769372821, 4198.0 ], [ 83.927662102505565, 28.682120712473989, 4198.0 ], [ 83.927690181881189, 28.682214925065637, 4197.800000000000182 ], [ 83.927703928202391, 28.68224585428834, 4197.800000000000182 ], [ 83.927731839939952, 28.682277202606201, 4197.800000000000182 ], [ 83.927749274298549, 28.682291451841593, 4197.800000000000182 ], [ 83.927757823839784, 28.682287763804197, 4197.800000000000182 ], [ 83.927767630666494, 28.682299163192511, 4198.0 ], [ 83.927775342017412, 28.682307293638587, 4198.0 ], [ 83.927774671465158, 28.682312071323395, 4198.0 ], [ 83.927777605131269, 28.682310814037919, 4199.0 ], [ 83.927783388644457, 28.682317016646262, 4199.199999999999818 ], [ 83.927819430828094, 28.682330846786499, 4199.800000000000182 ], [ 83.927825130522251, 28.682330176234245, 4200.399999999999636 ], [ 83.927848348394036, 28.682318944483995, 4200.800000000000182 ], [ 83.927854215726256, 28.682316597551107, 4201.0 ], [ 83.927860334515572, 28.682309724390507, 4201.399999999999636 ], [ 83.927863854914904, 28.682300252839923, 4201.800000000000182 ], [ 83.927867626771331, 28.682286506518722, 4202.0 ], [ 83.927873997017741, 28.682279381901026, 4202.199999999999818 ], [ 83.927880367264152, 28.682269658893347, 4202.399999999999636 ], [ 83.927891012281179, 28.682261276990175, 4202.800000000000182 ], [ 83.927917750552297, 28.682242250069976, 4203.399999999999636 ], [ 83.927925461903214, 28.682237472385168, 4203.600000000000364 ], [ 83.92794432118535, 28.682209141552448, 4204.399999999999636 ], [ 83.927949434146285, 28.682204280048609, 4204.600000000000364 ], [ 83.927967874333262, 28.682166896760464, 4205.600000000000364 ], [ 83.927968209609389, 28.682154743000865, 4206.0 ], [ 83.927977010607719, 28.682116605341431, 4206.800000000000182 ], [ 83.927982207387686, 28.682102859020233, 4207.0 ], [ 83.928002323955297, 28.682069415226579, 4207.800000000000182 ], [ 83.928032666444778, 28.682038150727749, 4208.800000000000182 ], [ 83.928035432472825, 28.682036558166143, 4209.0 ], [ 83.928061248734593, 28.682021554559469, 4209.600000000000364 ], [ 83.928077174350619, 28.682008143514395, 4210.0 ], [ 83.92808991484344, 28.68199422955513, 4210.399999999999636 ], [ 83.928128974512219, 28.681963970884681, 4211.0 ], [ 83.928133836016059, 28.681961791589856, 4211.199999999999818 ], [ 83.928156467154622, 28.681940082460638, 4212.0 ], [ 83.928158143535256, 28.681935304775831, 4212.199999999999818 ], [ 83.928177757188678, 28.681902447715402, 4213.199999999999818 ], [ 83.928176164627075, 28.681901525706053, 4213.199999999999818 ], [ 83.928174236789346, 28.68189892731607, 4214.399999999999636 ], [ 83.928174236789346, 28.68189892731607, 4214.600000000000364 ], [ 83.928174236789346, 28.68189892731607, 4214.600000000000364 ], [ 83.928174236789346, 28.68189892731607, 4215.600000000000364 ], [ 83.928174236789346, 28.68189892731607, 4215.800000000000182 ], [ 83.928218577057123, 28.681869003921747, 4215.800000000000182 ], [ 83.928272807970643, 28.681830363348126, 4216.0 ], [ 83.928311029449105, 28.681807396933436, 4216.399999999999636 ], [ 83.928317651152611, 28.681801864877343, 4216.399999999999636 ], [ 83.928330224007368, 28.681787112727761, 4216.600000000000364 ], [ 83.928356459364295, 28.681739419698715, 4217.199999999999818 ], [ 83.928359895944595, 28.68170103058219, 4217.800000000000182 ], [ 83.928358219563961, 28.681678986176848, 4218.399999999999636 ], [ 83.928361069411039, 28.681630119681358, 4218.800000000000182 ], [ 83.928393926471472, 28.681590473279357, 4219.399999999999636 ], [ 83.928423011675477, 28.68156080134213, 4219.800000000000182 ], [ 83.928428711369634, 28.681557616218925, 4220.0 ], [ 83.928483612835407, 28.681534230709076, 4220.399999999999636 ], [ 83.928506160154939, 28.681533141061664, 4221.0 ], [ 83.928505489602685, 28.681533979251981, 4221.0 ], [ 83.928544633090496, 28.681531213223938, 4221.399999999999636 ], [ 83.928579334169626, 28.681527860462666, 4221.800000000000182 ], [ 83.928601378574967, 28.681523418053985, 4222.199999999999818 ], [ 83.928607078269124, 28.68152174167335, 4222.399999999999636 ], [ 83.928612191230059, 28.681518891826272, 4223.399999999999636 ], [ 83.928611688315868, 28.681519646197557, 4223.600000000000364 ], [ 83.928637839853764, 28.681522328406572, 4223.600000000000364 ], [ 83.928673462942243, 28.681520568206903, 4223.800000000000182 ], [ 83.928739847615361, 28.681533811613917, 4224.399999999999636 ], [ 83.928746217861772, 28.68153884075582, 4224.800000000000182 ], [ 83.928804807364941, 28.681552670896053, 4225.600000000000364 ], [ 83.92883506603539, 28.681557029485703, 4225.800000000000182 ], [ 83.928851075470448, 28.681566752493382, 4226.399999999999636 ], [ 83.928911257535219, 28.68157253600657, 4226.800000000000182 ], [ 83.92891813069582, 28.681574547663331, 4226.800000000000182 ], [ 83.928979989141226, 28.681585779413581, 4228.0 ], [ 83.929016282781959, 28.681609835475683, 4229.0 ], [ 83.929034136235714, 28.681611344218258, 4229.0 ], [ 83.929014187306166, 28.681601537391543, 4229.600000000000364 ], [ 83.929006727412343, 28.681601956486706, 4229.600000000000364 ], [ 83.929029693827033, 28.681612350046635, 4230.0 ], [ 83.92903933301568, 28.681613774970177, 4230.0 ], [ 83.929106052964926, 28.681626431643963, 4230.600000000000364 ], [ 83.929170425981283, 28.681618133559823, 4230.800000000000182 ], [ 83.929217783734202, 28.681603046134111, 4231.0 ], [ 83.929243432357907, 28.681591311469671, 4231.800000000000182 ], [ 83.929292969405651, 28.681582259014249, 4231.800000000000182 ], [ 83.929318869486451, 28.681579828262329, 4232.0 ], [ 83.929327335208654, 28.681577816605568, 4232.199999999999818 ], [ 83.929368825629354, 28.681567590683699, 4233.399999999999636 ], [ 83.929377291351557, 28.68156373500824, 4233.600000000000364 ], [ 83.929412243887782, 28.68154713883996, 4234.399999999999636 ], [ 83.929435210302472, 28.681538254022598, 4235.199999999999818 ], [ 83.92947125248611, 28.681524926796556, 4235.399999999999636 ], [ 83.929474018514156, 28.681525597348809, 4235.600000000000364 ], [ 83.929527830332518, 28.68150296621025, 4236.199999999999818 ], [ 83.929586336016655, 28.681485615670681, 4236.600000000000364 ], [ 83.929645512253046, 28.681464409455657, 4237.600000000000364 ], [ 83.929661605507135, 28.681459296494719, 4237.800000000000182 ], [ 83.929743580520153, 28.681439096108079, 4237.800000000000182 ], [ 83.929814323782921, 28.681422751396894, 4238.600000000000364 ], [ 83.929821867495775, 28.681421326473355, 4238.800000000000182 ], [ 83.929906273260713, 28.681402299553156, 4239.600000000000364 ], [ 83.929930413141847, 28.681390732526779, 4239.800000000000182 ], [ 83.929979195818305, 28.681384613737464, 4240.0 ], [ 83.930015657097101, 28.68138637393713, 4240.600000000000364 ], [ 83.930059242993593, 28.681409927085038, 4240.800000000000182 ], [ 83.930094949901104, 28.681423841044307, 4241.399999999999636 ], [ 83.930132668465376, 28.681433815509081, 4242.0 ], [ 83.93016560934484, 28.681443119421601, 4242.600000000000364 ], [ 83.930236352607608, 28.681460386142135, 4243.0 ], [ 83.930277675390244, 28.681473713368177, 4243.399999999999636 ], [ 83.930365098640323, 28.681487794965506, 4243.399999999999636 ], [ 83.930437518283725, 28.681531129404902, 4243.800000000000182 ], [ 83.93049543723464, 28.68160773999989, 4244.0 ], [ 83.930593505501747, 28.681660210713744, 4244.199999999999818 ], [ 83.93067916855216, 28.681691642850637, 4244.199999999999818 ], [ 83.930778494104743, 28.681713603436947, 4244.399999999999636 ], [ 83.930869186297059, 28.681732211261988, 4244.600000000000364 ], [ 83.930913107469678, 28.681745119392872, 4244.600000000000364 ], [ 83.930974714457989, 28.681749310344458, 4244.800000000000182 ], [ 83.931038249284029, 28.681753082200885, 4245.399999999999636 ], [ 83.931056521832943, 28.681754004210234, 4245.399999999999636 ], [ 83.931170096620917, 28.681745454668999, 4246.199999999999818 ], [ 83.931185770779848, 28.681745119392872, 4246.399999999999636 ], [ 83.931238660588861, 28.681762805208564, 4247.399999999999636 ], [ 83.93124595284462, 28.681771103292704, 4247.399999999999636 ], [ 83.931261207908392, 28.681797590106729, 4247.399999999999636 ], [ 83.931272188201547, 28.681807480752468, 4247.399999999999636 ], [ 83.931266739964485, 28.681802954524755, 4247.399999999999636 ], [ 83.931266739964485, 28.681802954524755, 4247.399999999999636 ], [ 83.931260956451297, 28.681808318942785, 4247.399999999999636 ], [ 83.931264225393534, 28.681811755523089, 4247.399999999999636 ], [ 83.9312659855932, 28.681813264265656, 4247.399999999999636 ], [ 83.931266739964485, 28.681802954524755, 4247.399999999999636 ], [ 83.931266739964485, 28.681802954524755, 4247.399999999999636 ], [ 83.931266739964485, 28.681802954524755, 4247.399999999999636 ], [ 83.931266739964485, 28.681802954524755, 4247.399999999999636 ], [ 83.931266739964485, 28.681802954524755, 4247.399999999999636 ], [ 83.931266739964485, 28.681802954524755, 4247.199999999999818 ], [ 83.931266739964485, 28.681802954524755, 4247.199999999999818 ], [ 83.931249640882015, 28.681815443560481, 4247.199999999999818 ], [ 83.931250059977174, 28.681816449388862, 4247.199999999999818 ], [ 83.931247629225254, 28.68181586265564, 4247.199999999999818 ], [ 83.931239582598209, 28.681802535429597, 4247.199999999999818 ], [ 83.931261543184519, 28.681806810200214, 4247.199999999999818 ], [ 83.931291466578841, 28.681875877082348, 4248.199999999999818 ], [ 83.93129481934011, 28.681890042498708, 4248.600000000000364 ], [ 83.931306470185518, 28.68193605914712, 4248.600000000000364 ], [ 83.931332873180509, 28.681984674185511, 4248.600000000000364 ], [ 83.931350810453296, 28.682019459083676, 4248.600000000000364 ], [ 83.931308733299375, 28.682095818221569, 4248.600000000000364 ], [ 83.931298507377505, 28.682148791849613, 4248.600000000000364 ], [ 83.931312756612897, 28.682170165702701, 4248.199999999999818 ], [ 83.931364137679338, 28.682250045239925, 4248.0 ], [ 83.931357515975833, 28.682325482368469, 4247.800000000000182 ], [ 83.931356929242611, 28.682363200932741, 4247.399999999999636 ], [ 83.931388529017568, 28.68241785094142, 4246.399999999999636 ], [ 83.931393306702375, 28.68242422118783, 4246.199999999999818 ], [ 83.931460697203875, 28.68243888951838, 4245.800000000000182 ], [ 83.931470587849617, 28.682436039671305, 4245.800000000000182 ], [ 83.931512832641602, 28.682411145418879, 4245.800000000000182 ], [ 83.931546444073319, 28.682414246723056, 4245.800000000000182 ], [ 83.93164467997849, 28.682409049943089, 4245.800000000000182 ], [ 83.93171064555645, 28.682365044951439, 4245.800000000000182 ], [ 83.931794548407197, 28.68233185261488, 4245.800000000000182 ], [ 83.931875433772802, 28.682369319722056, 4245.800000000000182 ], [ 83.931939136236906, 28.682414581999183, 4246.0 ], [ 83.932014908641577, 28.682461185380816, 4246.199999999999818 ], [ 83.932038126513362, 28.682484151795503, 4246.199999999999818 ], [ 83.932033684104681, 28.682491276413199, 4246.199999999999818 ], [ 83.932031504809856, 28.682486331090331, 4246.199999999999818 ], [ 83.932043490931392, 28.682491863146424, 4246.199999999999818 ], [ 83.93205271102488, 28.682502927258611, 4246.399999999999636 ], [ 83.932110378518701, 28.68256151676178, 4246.600000000000364 ], [ 83.932141223922372, 28.682587835937738, 4246.600000000000364 ], [ 83.932193694636226, 28.682622788473964, 4246.600000000000364 ], [ 83.932262174785137, 28.682675929740071, 4246.600000000000364 ], [ 83.932333337143064, 28.682734770700336, 4247.199999999999818 ], [ 83.932332247495651, 28.682732339948416, 4247.399999999999636 ], [ 83.93233216367662, 28.682732339948416, 4248.0 ], [ 83.93233216367662, 28.682732339948416, 4248.199999999999818 ], [ 83.93233216367662, 28.682732339948416, 4248.199999999999818 ], [ 83.93233216367662, 28.682732339948416, 4248.199999999999818 ], [ 83.932327553629875, 28.682726137340069, 4248.399999999999636 ], [ 83.93233216367662, 28.682732339948416, 4248.399999999999636 ], [ 83.932331409305334, 28.68272328749299, 4248.399999999999636 ], [ 83.932333420962095, 28.682732423767447, 4248.399999999999636 ], [ 83.93234440125525, 28.682736279442903, 4248.800000000000182 ], [ 83.93238103017211, 28.682753043249249, 4248.800000000000182 ], [ 83.932415563613176, 28.682769974693656, 4248.800000000000182 ], [ 83.932455545291305, 28.682783972471952, 4248.800000000000182 ], [ 83.93246996216476, 28.68278355337679, 4248.800000000000182 ], [ 83.932484295219183, 28.682784223929048, 4248.800000000000182 ], [ 83.932495359331369, 28.68278355337679, 4248.800000000000182 ], [ 83.932508518919349, 28.682782799005508, 4249.0 ], [ 83.932520756497979, 28.682783972471952, 4249.0 ], [ 83.932531401515007, 28.682786403223872, 4249.399999999999636 ], [ 83.93259753473103, 28.682805513963103, 4249.600000000000364 ], [ 83.932620249688625, 28.682812890037894, 4249.600000000000364 ], [ 83.932700380682945, 28.682849267497659, 4249.800000000000182 ], [ 83.932774309068918, 28.682858487591147, 4250.0 ], [ 83.932848069816828, 28.68287541903555, 4250.399999999999636 ], [ 83.932887883856893, 28.682899475097656, 4250.600000000000364 ], [ 83.932907916605473, 28.682910371571779, 4251.0 ], [ 83.932945635169744, 28.682927470654249, 4251.399999999999636 ], [ 83.932971619069576, 28.682945156469941, 4252.199999999999818 ], [ 83.932990478351712, 28.682957561686635, 4252.600000000000364 ], [ 83.933019898831844, 28.682984886690974, 4253.199999999999818 ], [ 83.93304898403585, 28.682994777336717, 4253.600000000000364 ], [ 83.933068430051208, 28.682997711002827, 4254.0 ], [ 83.933102544397116, 28.682999135926369, 4254.600000000000364 ], [ 83.93313062377274, 28.68300667963922, 4254.800000000000182 ], [ 83.933205977082253, 28.683010116219521, 4255.399999999999636 ], [ 83.933233888819814, 28.683008188381791, 4255.800000000000182 ], [ 83.933287030085921, 28.683015732094649, 4256.399999999999636 ], [ 83.933306476101279, 28.683020258322362, 4256.800000000000182 ], [ 83.933310164138675, 28.6830232758075, 4256.800000000000182 ], [ 83.933353163301945, 28.683046577498317, 4256.800000000000182 ], [ 83.933351989835501, 28.683043392375112, 4256.800000000000182 ], [ 83.933360874652863, 28.683050181716681, 4256.800000000000182 ], [ 83.933390211313963, 28.68306577205658, 4256.800000000000182 ], [ 83.93343698233366, 28.683084128424525, 4256.800000000000182 ], [ 83.933475203812122, 28.683050181716681, 4256.800000000000182 ], [ 83.933474281802773, 28.683017492294312, 4256.600000000000364 ], [ 83.933469252660871, 28.683019587770104, 4256.399999999999636 ], [ 83.933468665927649, 28.682992765679955, 4256.399999999999636 ], [ 83.933536224067211, 28.682906096801162, 4256.399999999999636 ], [ 83.933596489951015, 28.682852955535058, 4255.800000000000182 ], [ 83.933638148009777, 28.682824121788144, 4255.0 ], [ 83.933649295940995, 28.682816075161099, 4254.800000000000182 ], [ 83.933744430541992, 28.682774249464273, 4253.600000000000364 ], [ 83.933753818273544, 28.682767041027542, 4253.600000000000364 ], [ 83.933827830478549, 28.682698057964444, 4252.600000000000364 ], [ 83.933850880712271, 28.682686993852258, 4252.399999999999636 ], [ 83.933887341991067, 28.682680204510689, 4252.0 ], [ 83.93391190096736, 28.682673582807183, 4251.399999999999636 ], [ 83.933957498520613, 28.682660842314363, 4250.399999999999636 ], [ 83.933966467157006, 28.682657070457935, 4250.399999999999636 ], [ 83.933993289247155, 28.682657070457935, 4249.399999999999636 ], [ 83.933993373066187, 28.682657154276967, 4249.199999999999818 ], [ 83.933993373066187, 28.682657154276967, 4249.199999999999818 ], [ 83.933993373066187, 28.682657154276967, 4249.199999999999818 ], [ 83.933993373066187, 28.682657154276967, 4249.199999999999818 ], [ 83.933993373066187, 28.682657154276967, 4249.199999999999818 ], [ 83.933993373066187, 28.682657154276967, 4249.0 ], [ 83.934047436341643, 28.682633684948087, 4249.0 ], [ 83.934125723317266, 28.682586159557104, 4249.0 ], [ 83.93419680185616, 28.682557912543416, 4248.600000000000364 ], [ 83.934250697493553, 28.682539639994506, 4248.399999999999636 ], [ 83.934301240369678, 28.682524720206857, 4248.399999999999636 ], [ 83.934420011937618, 28.682502256706357, 4248.399999999999636 ], [ 83.934502741321921, 28.682491527870297, 4248.399999999999636 ], [ 83.934549260884523, 28.682491611689329, 4248.399999999999636 ], [ 83.934577507898211, 28.682490857318044, 4248.399999999999636 ], [ 83.934635007753968, 28.682492030784488, 4249.0 ], [ 83.934662919491529, 28.682495383545756, 4249.199999999999818 ], [ 83.934726119041443, 28.682506699115041, 4249.199999999999818 ], [ 83.934750761836767, 28.682516003027558, 4249.399999999999636 ], [ 83.934791916981339, 28.682523965835571, 4249.399999999999636 ], [ 83.934842459857464, 28.682534275576472, 4249.399999999999636 ], [ 83.934977324679494, 28.682516505941749, 4249.600000000000364 ], [ 83.935098694637418, 28.682450372725725, 4249.600000000000364 ], [ 83.935127779841423, 28.68243251927197, 4249.800000000000182 ], [ 83.93517698161304, 28.682406367734075, 4250.0 ], [ 83.935187458992004, 28.68240075185895, 4250.0 ], [ 83.935247641056776, 28.682367978617549, 4250.0 ], [ 83.935357863083482, 28.682353645563129, 4250.0 ], [ 83.935408741235733, 28.682358926162124, 4250.0 ], [ 83.935461631044745, 28.682357836514711, 4250.800000000000182 ], [ 83.935488872230053, 28.682359764352441, 4251.199999999999818 ], [ 83.935558693483472, 28.682373845949769, 4251.800000000000182 ], [ 83.935601441189647, 28.682371582835913, 4251.800000000000182 ], [ 83.935624659061432, 28.682374432682991, 4251.800000000000182 ], [ 83.935689032077789, 28.682401841506358, 4251.800000000000182 ], [ 83.935718787834048, 28.68241005577147, 4251.800000000000182 ], [ 83.93579263240099, 28.682437716051936, 4251.800000000000182 ], [ 83.935874858871102, 28.682496808469296, 4251.0 ], [ 83.935987092554569, 28.682497562840581, 4251.0 ], [ 83.936099158599973, 28.682483145967129, 4250.0 ], [ 83.936141319572926, 28.682478703558445, 4249.600000000000364 ], [ 83.936256486922503, 28.68248239159584, 4248.800000000000182 ], [ 83.936282806098461, 28.682480966672301, 4248.800000000000182 ], [ 83.93640635535121, 28.682488175109029, 4248.399999999999636 ], [ 83.936560414731503, 28.682481218129396, 4248.399999999999636 ], [ 83.936652615666389, 28.682466382160783, 4248.199999999999818 ], [ 83.936667870730162, 28.682462023571137, 4247.800000000000182 ], [ 83.936769207939506, 28.682439224794507, 4247.399999999999636 ], [ 83.936783792451024, 28.682437296956778, 4247.399999999999636 ], [ 83.936893846839666, 28.682425646111369, 4247.399999999999636 ], [ 83.936916310340166, 28.682432100176811, 4247.399999999999636 ], [ 83.936922596767545, 28.682427825406194, 4247.199999999999818 ], [ 83.936970373615623, 28.682412737980485, 4247.199999999999818 ], [ 83.937027705833316, 28.682419694960117, 4247.199999999999818 ], [ 83.937041284516454, 28.682422963902351, 4247.199999999999818 ], [ 83.937150668352842, 28.682435033842921, 4247.399999999999636 ], [ 83.937294669449329, 28.682423550635576, 4247.399999999999636 ], [ 83.937405478209257, 28.682401590049267, 4247.600000000000364 ], [ 83.937502456828952, 28.682383988052607, 4247.600000000000364 ], [ 83.937586946412921, 28.682364290580153, 4247.800000000000182 ], [ 83.937681829556823, 28.682360602542762, 4248.399999999999636 ], [ 83.937715776264668, 28.682354399934411, 4248.399999999999636 ], [ 83.937778640538454, 28.682335373014212, 4248.800000000000182 ], [ 83.937873858958483, 28.682300839573145, 4248.800000000000182 ], [ 83.937979806214571, 28.682279381901026, 4249.0 ], [ 83.938093464821577, 28.682267228141427, 4249.0 ], [ 83.93822405487299, 28.682257086038589, 4249.0 ], [ 83.938353890553117, 28.682217271998525, 4249.0 ], [ 83.938425052911043, 28.6821598559618, 4249.0 ], [ 83.93850794993341, 28.682108391076326, 4249.0 ], [ 83.938595373183489, 28.682081485167146, 4249.0 ], [ 83.938653040677309, 28.682069582864639, 4248.199999999999818 ], [ 83.938690088689327, 28.682056423276663, 4247.600000000000364 ], [ 83.938731076195836, 28.68204552680254, 4247.399999999999636 ], [ 83.938882034271955, 28.682014178484678, 4247.0 ], [ 83.938948586583138, 28.681996241211891, 4246.600000000000364 ], [ 83.939024023711681, 28.681973358616233, 4246.399999999999636 ], [ 83.939160900190473, 28.681916780769825, 4246.199999999999818 ], [ 83.939236253499985, 28.681874871253967, 4245.800000000000182 ], [ 83.939259303733706, 28.68186766281724, 4245.600000000000364 ], [ 83.939322084188461, 28.681836985051632, 4244.399999999999636 ], [ 83.939417637884617, 28.681811755523089, 4243.800000000000182 ], [ 83.939467091113329, 28.681797925382853, 4243.600000000000364 ], [ 83.939520819112659, 28.681789794936776, 4243.399999999999636 ], [ 83.939622659236193, 28.681745370849967, 4243.399999999999636 ], [ 83.939705807715654, 28.681681416928768, 4243.199999999999818 ], [ 83.939750986173749, 28.68162073194981, 4242.800000000000182 ], [ 83.939761212095618, 28.681604471057653, 4242.399999999999636 ], [ 83.939786860719323, 28.681572871282697, 4241.199999999999818 ], [ 83.939785854890943, 28.681570021435618, 4240.800000000000182 ], [ 83.939781663939357, 28.681569853797555, 4240.800000000000182 ], [ 83.939816616475582, 28.681541355326772, 4240.0 ], [ 83.939860370010138, 28.681531548500061, 4239.399999999999636 ], [ 83.939882246777415, 28.681525178253651, 4239.199999999999818 ], [ 83.939874535426497, 28.681522244587541, 4239.0 ], [ 83.939901608973742, 28.681512018665671, 4238.800000000000182 ], [ 83.939908146858215, 28.681521071121097, 4238.800000000000182 ], [ 83.939912505447865, 28.681524759158492, 4238.800000000000182 ], [ 83.939904375001788, 28.681526267901063, 4238.800000000000182 ], [ 83.939904375001788, 28.681526267901063, 4238.800000000000182 ], [ 83.939904375001788, 28.681526267901063, 4238.800000000000182 ], [ 83.939904542639852, 28.681521322578192, 4238.399999999999636 ], [ 83.93991376273334, 28.681518640369177, 4238.399999999999636 ], [ 83.93991912715137, 28.681514700874686, 4238.399999999999636 ], [ 83.939924323931336, 28.681512270122766, 4238.199999999999818 ], [ 83.939927509054542, 28.68151486851275, 4237.800000000000182 ], [ 83.939966065809131, 28.681521154940128, 4237.199999999999818 ], [ 83.93998852930963, 28.681515119969845, 4236.800000000000182 ], [ 83.940011328086257, 28.681494584307075, 4235.600000000000364 ], [ 83.940012417733669, 28.681482765823603, 4235.199999999999818 ], [ 83.940037898719311, 28.681486118584871, 4235.199999999999818 ], [ 83.940041922032833, 28.681485783308744, 4235.199999999999818 ], [ 83.940042005851865, 28.681485615670681, 4235.199999999999818 ], [ 83.940045777708292, 28.681494165211916, 4235.0 ], [ 83.940042005851865, 28.681485615670681, 4234.800000000000182 ], [ 83.940042005851865, 28.681485615670681, 4234.800000000000182 ], [ 83.940039239823818, 28.681496428325772, 4234.600000000000364 ], [ 83.940031193196774, 28.681505229324102, 4234.600000000000364 ], [ 83.940020212903619, 28.681511515751481, 4234.600000000000364 ], [ 83.940014764666557, 28.681527189910412, 4234.600000000000364 ], [ 83.940004790201783, 28.681540600955486, 4234.199999999999818 ], [ 83.93999288789928, 28.681547222658992, 4233.600000000000364 ], [ 83.939970843493938, 28.681550659239292, 4232.600000000000364 ], [ 83.939967071637511, 28.681551665067673, 4232.399999999999636 ], [ 83.939965311437845, 28.681557029485703, 4232.199999999999818 ], [ 83.939954834058881, 28.681566417217255, 4231.800000000000182 ], [ 83.939941339194775, 28.6815813370049, 4231.399999999999636 ], [ 83.939917115494609, 28.681601034477353, 4230.0 ], [ 83.939899932593107, 28.681622073054314, 4229.0 ], [ 83.939901944249868, 28.681637076660991, 4228.600000000000364 ], [ 83.939926754683256, 28.681629281491041, 4228.0 ], [ 83.939962042495608, 28.681606985628605, 4227.399999999999636 ], [ 83.939988864585757, 28.681595334783196, 4226.800000000000182 ], [ 83.94001392647624, 28.681580666452646, 4226.199999999999818 ], [ 83.940039658918977, 28.681574631482363, 4225.800000000000182 ], [ 83.940058518201113, 28.681564070284367, 4224.600000000000364 ], [ 83.940074695274234, 28.681554598733783, 4223.600000000000364 ], [ 83.940070001408458, 28.681555269286036, 4223.399999999999636 ], [ 83.940068576484919, 28.68156666867435, 4223.0 ], [ 83.940067989751697, 28.681593490764499, 4222.399999999999636 ], [ 83.94004225730896, 28.68162316270173, 4221.399999999999636 ], [ 83.940031863749027, 28.681630622595549, 4221.199999999999818 ], [ 83.940014261752367, 28.681657277047631, 4220.600000000000364 ], [ 83.940001102164388, 28.681672113016248, 4220.0 ], [ 83.939966903999448, 28.681707065552473, 4219.0 ], [ 83.939947206526995, 28.681737827137113, 4218.0 ], [ 83.939944608137012, 28.681752663105726, 4217.800000000000182 ], [ 83.939961371943355, 28.681765152141452, 4217.199999999999818 ], [ 83.939967742189765, 28.681763727217913, 4217.0 ], [ 83.939974699169397, 28.681764900684357, 4216.800000000000182 ], [ 83.940000599250197, 28.681792141869664, 4215.600000000000364 ], [ 83.940003532916307, 28.681799015030265, 4215.399999999999636 ], [ 83.940003197640181, 28.6818334646523, 4214.399999999999636 ], [ 83.940002527087927, 28.681907560676336, 4213.800000000000182 ], [ 83.940013339743018, 28.681918038055301, 4213.199999999999818 ], [ 83.940040161833167, 28.68192340247333, 4212.199999999999818 ], [ 83.940047705546021, 28.681923486292359, 4212.0 ], [ 83.94008525647223, 28.68193170055747, 4211.0 ], [ 83.940125992521644, 28.681938573718071, 4210.0 ], [ 83.940145941451192, 28.681944273412228, 4210.0 ], [ 83.940226156264544, 28.681955337524418, 4210.0 ], [ 83.940313328057528, 28.681980315595865, 4210.0 ], [ 83.940338809043169, 28.68198953568935, 4210.0 ], [ 83.940413827076554, 28.682008311152455, 4210.0 ], [ 83.940445343032479, 28.682014849036932, 4210.0 ], [ 83.940462190657854, 28.682018369436264, 4210.199999999999818 ], [ 83.940482726320624, 28.682026667520404, 4211.0 ], [ 83.940499238669872, 28.682034211233258, 4211.399999999999636 ], [ 83.940514242276549, 28.682033875957131, 4211.600000000000364 ], [ 83.940486581996083, 28.682041419669986, 4212.0 ], [ 83.940485157072544, 28.682035719975829, 4212.199999999999818 ], [ 83.940483396872878, 28.68202842772007, 4212.399999999999636 ], [ 83.940552296116948, 28.681989703327417, 4212.399999999999636 ], [ 83.940647514536977, 28.681955505162477, 4212.399999999999636 ], [ 83.940702332183719, 28.681937148794532, 4212.600000000000364 ], [ 83.940788162872195, 28.681889288127422, 4212.800000000000182 ], [ 83.940854799002409, 28.681842433288693, 4213.399999999999636 ], [ 83.940872652456164, 28.681826172396541, 4213.600000000000364 ], [ 83.94091447815299, 28.681780910119414, 4214.0 ], [ 83.940933672711253, 28.68176992982626, 4214.0 ], [ 83.941005924716592, 28.68173740804195, 4214.399999999999636 ], [ 83.94101707264781, 28.68173279799521, 4214.600000000000364 ], [ 83.941057305783033, 28.681717626750469, 4215.600000000000364 ], [ 83.941069627180696, 28.681713184341788, 4215.600000000000364 ], [ 83.941154284402728, 28.681700360029936, 4215.600000000000364 ], [ 83.941201139241457, 28.681697007268667, 4215.600000000000364 ], [ 83.941281521692872, 28.681681752204895, 4215.600000000000364 ], [ 83.941316390410066, 28.681641351431608, 4215.600000000000364 ], [ 83.941332148388028, 28.681625174358487, 4215.600000000000364 ], [ 83.941360395401716, 28.681601956486706, 4214.600000000000364 ], [ 83.941391743719578, 28.681591982021928, 4213.399999999999636 ], [ 83.941403059288859, 28.681588545441628, 4213.199999999999818 ], [ 83.941451674327254, 28.6815779004246, 4212.399999999999636 ], [ 83.941492578014731, 28.681562561541796, 4211.600000000000364 ], [ 83.941512778401375, 28.681557280942801, 4211.199999999999818 ], [ 83.941583605483174, 28.681527441367507, 4210.600000000000364 ], [ 83.941631047055125, 28.681496344506741, 4210.0 ], [ 83.941667340695858, 28.681469522416592, 4209.800000000000182 ], [ 83.941736407577991, 28.681454518809915, 4209.199999999999818 ], [ 83.941760547459126, 28.681452171877027, 4209.0 ], [ 83.941774209961295, 28.681448148563504, 4209.0 ], [ 83.94186875782907, 28.681395929306746, 4208.600000000000364 ], [ 83.941910164430737, 28.681373801082373, 4208.0 ], [ 83.941976968199015, 28.681352259591225, 4207.0 ], [ 83.941986607387662, 28.681349158287048, 4206.800000000000182 ], [ 83.94206372089684, 28.681300291791558, 4206.0 ], [ 83.942077551037073, 28.681295765563849, 4205.800000000000182 ], [ 83.942180648446083, 28.681284114718437, 4205.199999999999818 ], [ 83.942217109724879, 28.68128981441259, 4204.800000000000182 ], [ 83.942271759733558, 28.681292161345478, 4204.399999999999636 ], [ 83.942284164950252, 28.681287802755833, 4204.199999999999818 ], [ 83.942305454984307, 28.681277828291059, 4203.600000000000364 ], [ 83.942374857142568, 28.681286294013265, 4202.399999999999636 ], [ 83.942387513816357, 28.681287970393896, 4202.399999999999636 ], [ 83.942496897652745, 28.681296017020941, 4201.199999999999818 ], [ 83.942523552104831, 28.681291742250323, 4200.800000000000182 ], [ 83.942640479654074, 28.681290736421943, 4200.399999999999636 ], [ 83.942696051672101, 28.681276068091393, 4200.199999999999818 ], [ 83.942748019471765, 28.681269194930792, 4199.399999999999636 ], [ 83.942776685580611, 28.681283611804247, 4199.0 ], [ 83.942804178223014, 28.681294340640303, 4198.0 ], [ 83.942811219021678, 28.681287467479702, 4197.399999999999636 ], [ 83.942837957292795, 28.681278750300407, 4196.600000000000364 ], [ 83.942848350852728, 28.681282522156835, 4195.800000000000182 ], [ 83.942860085517168, 28.681281851604581, 4195.199999999999818 ], [ 83.942895038053393, 28.681276151910424, 4194.399999999999636 ], [ 83.942914819344878, 28.681272296234965, 4194.199999999999818 ], [ 83.942945329472423, 28.681270368397236, 4193.199999999999818 ], [ 83.942954801023006, 28.681270536035299, 4193.199999999999818 ], [ 83.942986987531185, 28.681293418630961, 4192.0 ], [ 83.94300676882267, 28.681294927373528, 4191.800000000000182 ], [ 83.943035770207644, 28.681293837726116, 4191.800000000000182 ], [ 83.943079188466072, 28.681264249607921, 4191.800000000000182 ], [ 83.943074410781264, 28.68126374669373, 4191.800000000000182 ], [ 83.943078434094787, 28.68125980719924, 4191.600000000000364 ], [ 83.943078434094787, 28.68125980719924, 4191.600000000000364 ], [ 83.943072399124503, 28.681272380053997, 4191.600000000000364 ], [ 83.94308052957058, 28.681271290406585, 4191.600000000000364 ], [ 83.943083295598626, 28.681271122768521, 4191.600000000000364 ], [ 83.943081870675087, 28.681269530206919, 4191.600000000000364 ], [ 83.943124702200294, 28.681210186332464, 4191.199999999999818 ], [ 83.9431968703866, 28.681188561022282, 4190.600000000000364 ], [ 83.943221429362893, 28.681188393384215, 4190.399999999999636 ], [ 83.94330139271915, 28.68119141086936, 4189.600000000000364 ], [ 83.943362245336175, 28.681208426132802, 4189.199999999999818 ], [ 83.943450003862381, 28.681237930431958, 4188.800000000000182 ], [ 83.943555364385247, 28.681240947917104, 4188.600000000000364 ], [ 83.943566512316465, 28.681242037564516, 4188.399999999999636 ], [ 83.943602554500103, 28.681246479973197, 4187.399999999999636 ], [ 83.943657455965877, 28.681253101676702, 4187.0 ], [ 83.943692408502102, 28.681247653439641, 4186.800000000000182 ], [ 83.943769857287407, 28.681227453053001, 4186.399999999999636 ], [ 83.943815203383565, 28.681214544922113, 4186.199999999999818 ], [ 83.943884437903762, 28.68117674253881, 4185.399999999999636 ], [ 83.943951241672039, 28.681096276268363, 4185.399999999999636 ], [ 83.943980662152171, 28.681065598502755, 4185.199999999999818 ], [ 83.944046124815941, 28.681037267670035, 4185.199999999999818 ], [ 83.944131284952164, 28.680982701480389, 4184.399999999999636 ], [ 83.944153496995568, 28.680966356769204, 4184.399999999999636 ], [ 83.944210410118103, 28.680933080613613, 4184.199999999999818 ], [ 83.944292552769184, 28.68088991381228, 4184.0 ], [ 83.9443314447999, 28.680877843871713, 4183.600000000000364 ], [ 83.944363547489047, 28.68087088689208, 4183.399999999999636 ], [ 83.944386346265674, 28.680869042873383, 4183.399999999999636 ], [ 83.944479385390878, 28.680852195248008, 4183.399999999999636 ], [ 83.944534957408905, 28.680828223004937, 4183.399999999999636 ], [ 83.944567311555147, 28.680797461420298, 4183.199999999999818 ], [ 83.944637970998883, 28.680771561339498, 4182.399999999999636 ], [ 83.944660350680351, 28.680768040940169, 4182.199999999999818 ], [ 83.944671917706728, 28.680766951292753, 4182.199999999999818 ], [ 83.944773003458977, 28.680742979049683, 4181.199999999999818 ], [ 83.944836119189858, 28.680724119767547, 4181.0 ], [ 83.944897307083011, 28.680701069533825, 4179.800000000000182 ], [ 83.945009037852287, 28.680665027350187, 4179.399999999999636 ], [ 83.945113979279995, 28.680605348199609, 4179.0 ], [ 83.945172568783164, 28.680584225803617, 4179.0 ], [ 83.94518505781889, 28.680577939376235, 4179.0 ], [ 83.945277174934745, 28.680513398721818, 4178.800000000000182 ], [ 83.9453399553895, 28.680495461449027, 4178.800000000000182 ], [ 83.945421259850264, 28.680487331002951, 4178.800000000000182 ], [ 83.945490326732397, 28.680513063445687, 4178.800000000000182 ], [ 83.945612534880638, 28.680567210540175, 4178.199999999999818 ], [ 83.945645056664944, 28.680591937154531, 4177.600000000000364 ], [ 83.945673052221537, 28.680625297129151, 4177.399999999999636 ], [ 83.945681769400835, 28.680644491687417, 4177.399999999999636 ], [ 83.945725187659264, 28.680677684023976, 4177.399999999999636 ], [ 83.94574262201786, 28.68067491799593, 4177.399999999999636 ], [ 83.945747818797827, 28.680669302120805, 4177.399999999999636 ], [ 83.945777574554086, 28.680652622133493, 4177.399999999999636 ], [ 83.945776987820864, 28.680652035400271, 4177.399999999999636 ], [ 83.945774221792817, 28.680652789771557, 4177.399999999999636 ], [ 83.945774221792817, 28.680652789771557, 4177.399999999999636 ], [ 83.945774221792817, 28.680652789771557, 4177.399999999999636 ], [ 83.945800792425871, 28.680636025965217, 4177.399999999999636 ], [ 83.945800876244903, 28.680636025965217, 4177.399999999999636 ], [ 83.945832559838891, 28.680625716224313, 4177.399999999999636 ], [ 83.945868015289307, 28.680612808093429, 4176.800000000000182 ], [ 83.945918222889304, 28.680585315451022, 4176.199999999999818 ], [ 83.945936327800155, 28.680583471432328, 4175.800000000000182 ], [ 83.94600254483521, 28.680574670434002, 4175.199999999999818 ], [ 83.94606364890933, 28.680540136992931, 4174.199999999999818 ], [ 83.946072282269597, 28.680532509461045, 4174.199999999999818 ], [ 83.9461032114923, 28.680498898029327, 4173.800000000000182 ], [ 83.946135398000479, 28.680480290204287, 4172.800000000000182 ], [ 83.946154676377773, 28.680471908301115, 4172.399999999999636 ], [ 83.946250732988119, 28.68044039234519, 4172.199999999999818 ], [ 83.946288703009486, 28.680437626317143, 4171.600000000000364 ], [ 83.946319296956062, 28.68044818751514, 4170.800000000000182 ], [ 83.946329690515995, 28.680449947714809, 4170.600000000000364 ], [ 83.946363553404808, 28.680461850017309, 4169.600000000000364 ], [ 83.946386016905308, 28.680466711521149, 4168.600000000000364 ], [ 83.94641837105155, 28.680469477549195, 4167.800000000000182 ], [ 83.946433290839195, 28.680470567196608, 4167.399999999999636 ], [ 83.946458185091615, 28.680479368194938, 4166.399999999999636 ], [ 83.94647654145956, 28.680485906079412, 4165.600000000000364 ], [ 83.94649263471365, 28.680484397336841, 4165.199999999999818 ], [ 83.946522558107972, 28.68046285584569, 4164.600000000000364 ], [ 83.946544015780091, 28.680450785905123, 4164.0 ], [ 83.946565221995115, 28.680443912744519, 4162.800000000000182 ], [ 83.946569999679923, 28.680444164201617, 4162.800000000000182 ], [ 83.946589026600122, 28.680439386516809, 4161.800000000000182 ], [ 83.946589026600122, 28.680439386516809, 4161.600000000000364 ], [ 83.946587853133678, 28.680439805611968, 4161.399999999999636 ], [ 83.946603611111641, 28.6804433260113, 4160.399999999999636 ], [ 83.946629259735346, 28.680443158373237, 4159.600000000000364 ], [ 83.946635629981756, 28.680444331839681, 4159.399999999999636 ], [ 83.946674019098282, 28.680429579690099, 4158.199999999999818 ], [ 83.946681227535009, 28.680430166423321, 4157.800000000000182 ], [ 83.946703355759382, 28.680424718186259, 4157.0 ], [ 83.946717185899615, 28.68041449226439, 4156.600000000000364 ], [ 83.946722047403455, 28.68040569126606, 4156.399999999999636 ], [ 83.946732860058546, 28.680368307977915, 4155.800000000000182 ], [ 83.946731938049197, 28.680340982973576, 4155.600000000000364 ], [ 83.946755826473236, 28.68033679202199, 4154.800000000000182 ], [ 83.946768902242184, 28.680339474231005, 4154.399999999999636 ], [ 83.946798238903284, 28.680348610505462, 4153.600000000000364 ], [ 83.946829084306955, 28.680354645475745, 4152.600000000000364 ], [ 83.946836125105619, 28.680352885276079, 4152.199999999999818 ], [ 83.946852050721645, 28.680353304371241, 4151.399999999999636 ], [ 83.946885913610458, 28.680382892489433, 4150.399999999999636 ], [ 83.946891278028488, 28.68039102293551, 4150.199999999999818 ], [ 83.946914244443178, 28.680407870560884, 4149.0 ], [ 83.94694902934134, 28.680417845025659, 4148.0 ], [ 83.947019102051854, 28.680403595790267, 4147.0 ], [ 83.947025304660201, 28.680400662124157, 4146.800000000000182 ], [ 83.947065118700266, 28.680410720407963, 4145.600000000000364 ], [ 83.947081631049514, 28.680418515577912, 4145.199999999999818 ], [ 83.947112308815122, 28.680432345718145, 4144.600000000000364 ], [ 83.947136281058192, 28.680432932451367, 4143.600000000000364 ], [ 83.947139801457524, 28.680432932451367, 4143.600000000000364 ], [ 83.947171149775386, 28.680426394566897, 4142.600000000000364 ], [ 83.947192775085568, 28.680429076775908, 4141.399999999999636 ], [ 83.947216747328639, 28.680432680994272, 4140.600000000000364 ], [ 83.947221525013447, 28.680428992956877, 4140.399999999999636 ], [ 83.947252873331308, 28.680429747328159, 4140.399999999999636 ], [ 83.947262847796082, 28.680429244413972, 4140.0 ], [ 83.947270642966032, 28.680423125624657, 4139.600000000000364 ], [ 83.947272403165698, 28.680424802005291, 4139.600000000000364 ], [ 83.947272403165698, 28.680424802005291, 4139.399999999999636 ], [ 83.947272403165698, 28.680424802005291, 4139.199999999999818 ], [ 83.947272906079888, 28.680425053462383, 4139.199999999999818 ], [ 83.947276845574379, 28.68042622692883, 4138.600000000000364 ], [ 83.947274079546332, 28.680427484214302, 4138.600000000000364 ], [ 83.947269218042493, 28.680427065119147, 4138.399999999999636 ], [ 83.947277683764696, 28.680422203615308, 4138.0 ], [ 83.947284808382392, 28.680419269949201, 4137.800000000000182 ], [ 83.947320012375712, 28.680411977693439, 4136.800000000000182 ], [ 83.947333171963692, 28.680423879995946, 4136.199999999999818 ], [ 83.947342811152339, 28.680429914966226, 4135.600000000000364 ], [ 83.947365190833807, 28.680435279384255, 4134.600000000000364 ], [ 83.947404166683555, 28.68044575676322, 4133.800000000000182 ], [ 83.947416990995407, 28.680454222485423, 4133.600000000000364 ], [ 83.947461247444153, 28.680458497256041, 4132.399999999999636 ], [ 83.947481447830796, 28.680458664894104, 4132.199999999999818 ], [ 83.947554370388389, 28.680458497256041, 4131.399999999999636 ], [ 83.947570631280541, 28.680456653237343, 4131.0 ], [ 83.947575911879539, 28.680450031533837, 4131.0 ], [ 83.947573229670525, 28.68044969625771, 4130.399999999999636 ], [ 83.947590664029121, 28.680458078160878, 4130.399999999999636 ], [ 83.947614803910255, 28.680461263284087, 4129.800000000000182 ], [ 83.947630310431123, 28.680466543883085, 4129.199999999999818 ], [ 83.947667526081204, 28.680468052625656, 4128.199999999999818 ], [ 83.947692001238465, 28.680467298254371, 4127.199999999999818 ], [ 83.947699964046478, 28.680465454235673, 4127.0 ], [ 83.947757631540298, 28.680439805611968, 4126.0 ], [ 83.947763415053487, 28.680433770641685, 4126.0 ], [ 83.947761403396726, 28.68042916059494, 4125.800000000000182 ], [ 83.947792081162333, 28.680418012663718, 4125.600000000000364 ], [ 83.947846563532948, 28.68041206151247, 4125.0 ], [ 83.947876989841461, 28.680407367646698, 4124.0 ], [ 83.947895849123597, 28.68040032684803, 4123.600000000000364 ], [ 83.947917055338621, 28.680393034592271, 4122.800000000000182 ], [ 83.947948655113578, 28.680383646860719, 4122.199999999999818 ], [ 83.947950499132276, 28.680384401232004, 4122.0 ], [ 83.947965083643794, 28.680382305756211, 4121.800000000000182 ], [ 83.947997270151973, 28.680376689881086, 4121.600000000000364 ], [ 83.948043705895543, 28.680366883054376, 4120.600000000000364 ], [ 83.948094751685858, 28.680366296321154, 4119.399999999999636 ], [ 83.948120400309563, 28.680353807285428, 4118.600000000000364 ], [ 83.948129452764988, 28.680350286886096, 4118.399999999999636 ], [ 83.948162561282516, 28.680334109812975, 4117.199999999999818 ], [ 83.948196927085519, 28.680320782586932, 4116.199999999999818 ], [ 83.94823556765914, 28.680299408733845, 4115.199999999999818 ], [ 83.948283344507217, 28.680267808958888, 4114.399999999999636 ], [ 83.948307316750288, 28.680267641320825, 4114.399999999999636 ], [ 83.948346711695194, 28.680256996303797, 4114.399999999999636 ], [ 83.948445618152618, 28.680247105658054, 4114.199999999999818 ], [ 83.948567993938923, 28.680262109264731, 4114.199999999999818 ], [ 83.948667319491506, 28.680282644927502, 4114.0 ], [ 83.948706211522222, 28.68027962744236, 4114.0 ], [ 83.948732698336244, 28.68027376011014, 4114.0 ], [ 83.948788437992334, 28.680267306044698, 4113.600000000000364 ], [ 83.94884442910552, 28.680260768160224, 4113.600000000000364 ], [ 83.948848703876138, 28.68025716394186, 4113.0 ], [ 83.948848703876138, 28.680256828665733, 4112.800000000000182 ], [ 83.948927661404014, 28.680219864472747, 4111.800000000000182 ], [ 83.949006283655763, 28.680176781490445, 4110.800000000000182 ], [ 83.949029501527548, 28.680165046826005, 4110.600000000000364 ], [ 83.949140142649412, 28.680109726265073, 4109.600000000000364 ], [ 83.949150033295155, 28.680106289684772, 4109.399999999999636 ], [ 83.949199737980962, 28.680096818134189, 4108.600000000000364 ], [ 83.94926905632019, 28.680089861154556, 4107.399999999999636 ], [ 83.949380619451404, 28.680125065147877, 4107.399999999999636 ], [ 83.949473826214671, 28.680160772055387, 4107.199999999999818 ], [ 83.949554124847054, 28.6801911983639, 4106.800000000000182 ], [ 83.949643978849053, 28.680213913321495, 4106.600000000000364 ], [ 83.949697790667415, 28.680237969383597, 4106.199999999999818 ], [ 83.949753530323505, 28.680251045152545, 4105.399999999999636 ], [ 83.949765097349882, 28.680251548066735, 4105.199999999999818 ], [ 83.949822261929512, 28.680269233882427, 4104.600000000000364 ], [ 83.94988177344203, 28.68027719669044, 4104.0 ], [ 83.949912115931511, 28.680273927748203, 4103.600000000000364 ], [ 83.949968190863729, 28.680279459804296, 4102.800000000000182 ], [ 83.950077407062054, 28.680315418168902, 4102.0 ], [ 83.950105234980583, 28.680320028215647, 4101.800000000000182 ], [ 83.950188970193267, 28.680328745394945, 4100.800000000000182 ], [ 83.950198944658041, 28.68032849393785, 4100.600000000000364 ], [ 83.950239848345518, 28.680333103984591, 4099.399999999999636 ], [ 83.950251080095768, 28.680336959660053, 4098.399999999999636 ], [ 83.950288379564881, 28.680341150611639, 4098.399999999999636 ], [ 83.950303634628654, 28.680340899154544, 4098.199999999999818 ], [ 83.950335821136832, 28.680326817557216, 4097.199999999999818 ], [ 83.950364654883742, 28.6803172621876, 4096.399999999999636 ], [ 83.950374880805612, 28.680315082892776, 4096.199999999999818 ], [ 83.95041293464601, 28.680315585806969, 4095.0 ], [ 83.950455766171217, 28.680318351835012, 4094.199999999999818 ], [ 83.950476050376892, 28.68031625635922, 4094.0 ], [ 83.950539082288742, 28.680306952446699, 4093.4 ], [ 83.950584260746837, 28.680304270237684, 4093.0 ], [ 83.950649220496416, 28.680290775373575, 4092.199999999999818 ], [ 83.950692471116781, 28.680296307429671, 4091.6 ], [ 83.95077645778656, 28.680288847535849, 4091.0 ], [ 83.95087176002562, 28.680267473682761, 4090.6 ], [ 83.950888523831964, 28.680264875292774, 4090.6 ], [ 83.950979802757502, 28.680261522531509, 4090.6 ], [ 83.951088599860668, 28.680266970768571, 4090.199999999999818 ], [ 83.951209047809243, 28.680252805352211, 4089.4 ], [ 83.951335782185197, 28.680225061252713, 4088.4 ], [ 83.951372997835279, 28.680205782875419, 4088.4 ], [ 83.951440723612905, 28.680178457871079, 4088.199999999999818 ], [ 83.951573492959142, 28.680164543911815, 4088.199999999999818 ], [ 83.951688325032592, 28.680166052654386, 4088.199999999999818 ], [ 83.951811455190182, 28.680138224735856, 4088.199999999999818 ], [ 83.951827213168144, 28.680134285241365, 4088.199999999999818 ], [ 83.951866021379828, 28.680108888074756, 4088.199999999999818 ], [ 83.951942129060626, 28.680089525878429, 4088.0 ], [ 83.952042795717716, 28.680067397654057, 4088.0 ], [ 83.952082023024559, 28.68006412871182, 4088.0 ], [ 83.952086884528399, 28.680064463987947, 4088.0 ], [ 83.952101720497012, 28.680068571120501, 4087.800000000000182 ], [ 83.952151592820883, 28.680070666596293, 4087.4 ], [ 83.952186880633235, 28.680089022964239, 4086.199999999999818 ], [ 83.952258713543415, 28.680127998813987, 4085.199999999999818 ], [ 83.952270867303014, 28.680135710164905, 4085.0 ], [ 83.95231906324625, 28.680161023512483, 4084.0 ], [ 83.952337251976132, 28.680168064311147, 4083.4 ], [ 83.952344628050923, 28.680169740691781, 4083.0 ], [ 83.952382262796164, 28.680188683792949, 4082.0 ], [ 83.95239382982254, 28.680192288011312, 4082.0 ], [ 83.952465746551752, 28.680209890007973, 4080.800000000000182 ], [ 83.952481336891651, 28.680213326588273, 4080.6 ], [ 83.952548475936055, 28.680228581652045, 4080.199999999999818 ], [ 83.952631121501327, 28.680237801745537, 4079.800000000000182 ], [ 83.952719047665596, 28.68025716394186, 4079.800000000000182 ], [ 83.952804878354073, 28.68025959469378, 4079.800000000000182 ], [ 83.952883332967758, 28.680252972990271, 4079.6 ], [ 83.952988022938371, 28.680208548903465, 4079.6 ], [ 83.953005373477936, 28.68019999936223, 4079.4 ], [ 83.953066729009151, 28.680195976048708, 4079.0 ], [ 83.953086761757731, 28.680193377658725, 4078.800000000000182 ], [ 83.953129593282938, 28.68019186891615, 4078.800000000000182 ], [ 83.953185835853219, 28.680198155343533, 4078.0 ], [ 83.953278539702296, 28.680226989090443, 4077.4 ], [ 83.953297147527337, 28.680227911099792, 4076.800000000000182 ], [ 83.953308463096619, 28.680223301053047, 4076.4 ], [ 83.953372500836849, 28.680227156728503, 4076.4 ], [ 83.953480208292603, 28.680226402357221, 4075.6 ], [ 83.953540222719312, 28.680233275517821, 4075.6 ], [ 83.95360074006021, 28.680251212790608, 4075.199999999999818 ], [ 83.953628065064549, 28.680266048759226, 4074.800000000000182 ], [ 83.953649187460542, 28.680279711261392, 4074.6 ], [ 83.953659245744348, 28.680286752060056, 4074.4 ], [ 83.953693360090256, 28.680298822000623, 4074.0 ], [ 83.953720768913627, 28.680311478674412, 4073.199999999999818 ], [ 83.953725211322308, 28.68031432852149, 4073.0 ], [ 83.953778520226479, 28.680363781750199, 4071.800000000000182 ], [ 83.953786650672555, 28.680365206673741, 4071.800000000000182 ], [ 83.953819926828146, 28.680360428988937, 4071.6 ], [ 83.953863009810448, 28.680374259129167, 4071.4 ], [ 83.953863009810448, 28.680376606062055, 4071.199999999999818 ], [ 83.95385186187923, 28.680372247472405, 4071.0 ], [ 83.953850688412786, 28.680376941338181, 4070.800000000000182 ], [ 83.953877594321966, 28.68038976565003, 4070.800000000000182 ], [ 83.953902069479227, 28.680401248857379, 4070.6 ], [ 83.953972645103931, 28.680441146716475, 4069.800000000000182 ], [ 83.953981110826135, 28.680446008220315, 4069.6 ], [ 83.95406442694366, 28.680460508912802, 4068.800000000000182 ], [ 83.954075910151005, 28.68046386167407, 4068.6 ], [ 83.954100301489234, 28.680484564974904, 4067.6 ], [ 83.954126704484224, 28.68049805983901, 4067.0 ], [ 83.954138271510601, 28.680505938827991, 4066.6 ], [ 83.954166518524289, 28.680540220811963, 4065.4 ], [ 83.954170374199748, 28.680548770353202, 4065.199999999999818 ], [ 83.954203817993402, 28.680576179176569, 4064.0 ], [ 83.95421689376235, 28.680582130327821, 4063.4 ], [ 83.954237513244152, 28.680596966296431, 4063.0 ], [ 83.954268107190728, 28.680639797821641, 4061.800000000000182 ], [ 83.954295432195067, 28.680692352354527, 4060.800000000000182 ], [ 83.954324936494231, 28.68071959353983, 4060.199999999999818 ], [ 83.954337676987052, 28.680728310719132, 4059.6 ], [ 83.954377239570022, 28.680759323760867, 4058.6 ], [ 83.954414706677198, 28.680788911879063, 4057.6 ], [ 83.954424010589719, 28.680790672078729, 4057.6 ], [ 83.954429375007749, 28.680793270468712, 4057.4 ], [ 83.954382436349988, 28.68082445114851, 4056.199999999999818 ], [ 83.954361900687218, 28.680858984589577, 4056.199999999999818 ], [ 83.954371120780706, 28.680865773931146, 4056.199999999999818 ], [ 83.95439526066184, 28.680897206068039, 4056.199999999999818 ], [ 83.95445535890758, 28.680942133069038, 4056.199999999999818 ], [ 83.954539513215423, 28.680940289050341, 4056.0 ], [ 83.954547140747309, 28.680939534679055, 4055.4 ], [ 83.954602628946304, 28.680896870791912, 4055.199999999999818 ], [ 83.95461855456233, 28.680883459746841, 4054.6 ], [ 83.954638671129942, 28.680875580757856, 4054.199999999999818 ], [ 83.954648142680526, 28.680871725082397, 4054.0 ], [ 83.954659961163998, 28.680867701768875, 4053.800000000000182 ], [ 83.954675886780024, 28.68085571564734, 4053.4 ], [ 83.954696338623762, 28.680837778374553, 4053.4 ], [ 83.954731877893209, 28.680798886343837, 4053.4 ], [ 83.954737661406398, 28.680792851373553, 4053.4 ], [ 83.954744534566998, 28.68077558465302, 4053.4 ], [ 83.95481251180172, 28.680706014856696, 4053.4 ], [ 83.954854086041451, 28.680686317384243, 4053.6 ], [ 83.954876800999045, 28.680679360404611, 4053.6 ], [ 83.954897169023752, 28.680673157796264, 4053.800000000000182 ], [ 83.954937234520912, 28.680650275200605, 4053.800000000000182 ], [ 83.954958021640778, 28.680644743144512, 4053.800000000000182 ], [ 83.95502457395196, 28.680618507787585, 4053.800000000000182 ], [ 83.955085258930922, 28.680586237460375, 4053.6 ], [ 83.955118199810386, 28.680560756474733, 4053.6 ], [ 83.955130018293858, 28.680540136992931, 4053.199999999999818 ], [ 83.955197492614388, 28.680465202778574, 4052.800000000000182 ], [ 83.955249795690179, 28.680395716801289, 4052.0 ], [ 83.955248286947608, 28.680379623547196, 4051.6 ], [ 83.955256585031748, 28.680352047085758, 4051.0 ], [ 83.95528114400804, 28.680318770930171, 4050.6 ], [ 83.955285251140594, 28.680314077064395, 4050.0 ], [ 83.955285251140594, 28.680314077064395, 4049.800000000000182 ], [ 83.955285251140594, 28.680314077064395, 4049.6 ], [ 83.955298494547606, 28.680310724303126, 4049.6 ], [ 83.955351132899523, 28.680278873071071, 4048.800000000000182 ], [ 83.955370243638754, 28.68025783449411, 4048.0 ], [ 83.955381056293845, 28.680251715704799, 4047.6 ], [ 83.955418020486832, 28.680237466469407, 4047.6 ], [ 83.955491697415709, 28.680192120373249, 4047.199999999999818 ], [ 83.955553052946925, 28.680163538083431, 4046.800000000000182 ], [ 83.95561926998198, 28.680136632174253, 4046.6 ], [ 83.955643158406019, 28.680128417909145, 4046.4 ], [ 83.955714656040072, 28.680088771507144, 4046.4 ], [ 83.955807443708181, 28.680042671039701, 4046.0 ], [ 83.955897130072117, 28.680000258609653, 4045.800000000000182 ], [ 83.955961251631379, 28.679966814816002, 4045.800000000000182 ], [ 83.956026546657085, 28.679916942492127, 4045.6 ], [ 83.956054961308837, 28.679898753762245, 4045.6 ], [ 83.956109108403325, 28.679857179522511, 4045.199999999999818 ], [ 83.956136936321855, 28.679838068783283, 4044.6 ], [ 83.95622419193387, 28.679797500371933, 4044.6 ], [ 83.956326199695468, 28.67974360473454, 4044.6 ], [ 83.956427536904812, 28.679667916148901, 4043.6 ], [ 83.956436170265079, 28.679663054645061, 4043.4 ], [ 83.956482522189617, 28.679654924198985, 4043.199999999999818 ], [ 83.956499453634024, 28.679652577266097, 4043.0 ], [ 83.95650708116591, 28.679650565609336, 4042.800000000000182 ], [ 83.956509428098798, 28.679640172049403, 4042.199999999999818 ], [ 83.956506075337529, 28.67964344099164, 4041.6 ], [ 83.956524096429348, 28.679615948349237, 4041.4 ], [ 83.956620236858726, 28.679550234228373, 4040.800000000000182 ], [ 83.95664781332016, 28.679538499563932, 4040.4 ], [ 83.956698272377253, 28.679486196488146, 4039.800000000000182 ], [ 83.956720652058721, 28.679457446560264, 4039.199999999999818 ], [ 83.956765662878752, 28.67942601442337, 4038.199999999999818 ], [ 83.95678611472249, 28.679412100464106, 4037.800000000000182 ], [ 83.956896755844355, 28.679354600608349, 4037.6 ], [ 83.956951657310128, 28.679311685264111, 4037.6 ], [ 83.956976551562548, 28.679300704970956, 4037.0 ], [ 83.957026675343513, 28.679254520684481, 4037.0 ], [ 83.957084091380239, 28.679188722744584, 4036.6 ], [ 83.957167156040668, 28.679114039987329, 4036.199999999999818 ], [ 83.957234462723136, 28.679072130471468, 4036.0 ], [ 83.957280060276389, 28.679046565666795, 4035.0 ], [ 83.957288190722466, 28.67904212325811, 4035.0 ], [ 83.957361280918121, 28.67899551987648, 4034.199999999999818 ], [ 83.957448871806264, 28.678925195708871, 4033.800000000000182 ], [ 83.957457337528467, 28.678918238729239, 4033.800000000000182 ], [ 83.95750536583364, 28.678886722773314, 4033.199999999999818 ], [ 83.957544509321451, 28.678865768015385, 4033.0 ], [ 83.957576025277376, 28.678848501294851, 4033.0 ], [ 83.957642577588558, 28.67881765589118, 4033.0 ], [ 83.95772966556251, 28.678785301744934, 4032.800000000000182 ], [ 83.957817424088717, 28.678727885708213, 4032.800000000000182 ], [ 83.957903841510415, 28.678674241527915, 4032.800000000000182 ], [ 83.95797785371542, 28.678644569590688, 4033.0 ], [ 83.958042897284031, 28.678585980087519, 4033.0 ], [ 83.958110539242625, 28.678554631769657, 4033.0 ], [ 83.958185976371169, 28.678526971489191, 4033.0 ], [ 83.958262586966157, 28.67848833091557, 4033.0 ], [ 83.958327295258641, 28.67845949716866, 4032.800000000000182 ], [ 83.958386890590191, 28.678412390872836, 4032.800000000000182 ], [ 83.958439026027918, 28.678333936259151, 4031.800000000000182 ], [ 83.958474230021238, 28.678285237401724, 4031.800000000000182 ], [ 83.958515301346779, 28.678254727274179, 4031.199999999999818 ], [ 83.958571711555123, 28.67821617051959, 4031.199999999999818 ], [ 83.958656117320061, 28.678143667057157, 4031.0 ], [ 83.958711354061961, 28.678095638751984, 4030.800000000000182 ], [ 83.95871571265161, 28.678088346496224, 4030.6 ], [ 83.958798525854945, 28.678004527464509, 4029.6 ], [ 83.958807494491339, 28.6779894400388, 4029.6 ], [ 83.958849739283323, 28.677946859970689, 4029.199999999999818 ], [ 83.958867089822888, 28.677931856364012, 4029.199999999999818 ], [ 83.958908496424556, 28.677916768938303, 4029.199999999999818 ], [ 83.959005810320377, 28.677916517481208, 4029.199999999999818 ], [ 83.959069345146418, 28.677921295166016, 4029.199999999999818 ], [ 83.959141094237566, 28.677928084507585, 4029.199999999999818 ], [ 83.959173616021872, 28.677932610735297, 4029.6 ], [ 83.959213513880968, 28.677927162498236, 4030.199999999999818 ], [ 83.959239581599832, 28.677910398691893, 4030.199999999999818 ], [ 83.959263721480966, 28.677893886342645, 4030.199999999999818 ], [ 83.959271349012852, 28.677888857200745, 4030.199999999999818 ], [ 83.959284760057926, 28.677876032888889, 4030.6 ], [ 83.959334045648575, 28.677819538861513, 4031.0 ], [ 83.959339242428541, 28.677818365395069, 4031.0 ], [ 83.959346953779459, 28.67782037705183, 4031.0 ], [ 83.959348797798157, 28.677820209413767, 4031.199999999999818 ], [ 83.959348797798157, 28.677820209413767, 4031.199999999999818 ], [ 83.959348797798157, 28.677820209413767, 4031.199999999999818 ], [ 83.959348797798157, 28.677820209413767, 4031.4 ], [ 83.959348797798157, 28.677820209413767, 4031.6 ], [ 83.959341337904334, 28.677820796146989, 4031.6 ], [ 83.959349552169442, 28.677803361788392, 4031.800000000000182 ], [ 83.959392718970776, 28.677787352353334, 4031.800000000000182 ], [ 83.959431778639555, 28.677781233564019, 4031.800000000000182 ], [ 83.95945985801518, 28.677780060097575, 4032.0 ], [ 83.95950285717845, 28.677768828347325, 4032.199999999999818 ], [ 83.959513753652573, 28.677764050662521, 4032.6 ], [ 83.959542335942388, 28.677734462544318, 4032.800000000000182 ], [ 83.959575444459915, 28.677701102569699, 4032.800000000000182 ], [ 83.959640571847558, 28.677641171962023, 4032.800000000000182 ], [ 83.959707878530025, 28.677615104243159, 4033.0 ], [ 83.959758672863245, 28.677595071494579, 4033.199999999999818 ], [ 83.959836876019835, 28.677562633529305, 4033.6 ], [ 83.959874259307981, 28.677551066502929, 4033.800000000000182 ], [ 83.959917090833187, 28.67753421887755, 4034.0 ], [ 83.959992444142699, 28.677501948550344, 4034.4 ], [ 83.96004231646657, 28.67748761549592, 4034.800000000000182 ], [ 83.960120435804129, 28.67746825329959, 4035.4 ], [ 83.960172906517982, 28.677461463958025, 4036.0 ], [ 83.960210457444191, 28.677458949387074, 4036.199999999999818 ], [ 83.960278686136007, 28.677429864183068, 4036.6 ], [ 83.960312381386757, 28.677419386804104, 4037.199999999999818 ], [ 83.960395781323314, 28.67740228772163, 4037.6 ], [ 83.960460070520639, 28.677387619391084, 4038.199999999999818 ], [ 83.960469458252192, 28.677385523915291, 4038.199999999999818 ], [ 83.960547242313623, 28.677358031272888, 4038.4 ], [ 83.960606083273888, 28.677344536408786, 4039.199999999999818 ], [ 83.960614381358027, 28.677343362942334, 4039.199999999999818 ], [ 83.960686298087239, 28.677336741238832, 4039.4 ], [ 83.96075134165585, 28.677319893613458, 4039.800000000000182 ], [ 83.960799789056182, 28.677315199747682, 4040.4 ], [ 83.960823006927967, 28.677309667691588, 4040.6 ], [ 83.960869610309601, 28.677301621064544, 4040.800000000000182 ], [ 83.960883188992739, 28.6773038841784, 4040.800000000000182 ], [ 83.960964493453503, 28.677285024896264, 4040.800000000000182 ], [ 83.961018640547991, 28.677280163392425, 4040.800000000000182 ], [ 83.961123917251825, 28.677297262474895, 4040.800000000000182 ], [ 83.961179740726948, 28.67734688334167, 4040.800000000000182 ], [ 83.961188541725278, 28.677362641319633, 4040.4 ], [ 83.961194409057498, 28.677371609956023, 4040.199999999999818 ], [ 83.961230283603072, 28.677393989637498, 4039.800000000000182 ], [ 83.961246125400066, 28.677409160882235, 4039.6 ], [ 83.961259620264173, 28.677425757050511, 4039.4 ], [ 83.961281832307577, 28.677438916638497, 4038.0 ], [ 83.961287867277861, 28.677435982972383, 4037.4 ], [ 83.961288621649146, 28.677426259964705, 4037.199999999999818 ], [ 83.961288118734956, 28.67741821333766, 4037.0 ], [ 83.961295913904905, 28.677402036264539, 4037.0 ], [ 83.961296752095222, 28.67742701433599, 4037.0 ], [ 83.961300188675523, 28.677426259964705, 4037.0 ], [ 83.961292142048478, 28.677399940788742, 4037.0 ], [ 83.961292058229446, 28.677395163103935, 4037.0 ], [ 83.961296416819096, 28.677354091778401, 4037.0 ], [ 83.961302200332284, 28.677325844764709, 4037.4 ], [ 83.961306475102901, 28.677328862249851, 4037.800000000000182 ], [ 83.961306475102901, 28.677328862249851, 4038.0 ], [ 83.961306139826775, 28.677333472296596, 4038.199999999999818 ], [ 83.961324915289879, 28.677323749288917, 4038.4 ], [ 83.961382918059826, 28.677285024896264, 4039.0 ], [ 83.961393060162663, 28.67728041484952, 4039.199999999999818 ], [ 83.961407477036119, 28.677288796752691, 4039.4 ], [ 83.961408399045467, 28.67729625664651, 4039.6 ], [ 83.961407644674182, 28.677298268303275, 4039.6 ], [ 83.961408566683531, 28.677296508103609, 4039.800000000000182 ], [ 83.961408566683531, 28.677296508103609, 4039.800000000000182 ], [ 83.961408566683531, 28.677296508103609, 4040.0 ], [ 83.961408566683531, 28.677296508103609, 4040.199999999999818 ], [ 83.961408566683531, 28.677296508103609, 4040.199999999999818 ], [ 83.961408566683531, 28.677296508103609, 4040.199999999999818 ], [ 83.961405465379357, 28.677304638549685, 4040.199999999999818 ], [ 83.96140705794096, 28.67730095051229, 4040.4 ], [ 83.961408566683531, 28.677296508103609, 4040.4 ], [ 83.961408566683531, 28.677296508103609, 4040.6 ], [ 83.961408566683531, 28.677296508103609, 4040.800000000000182 ], [ 83.961405800655484, 28.677293909713622, 4040.800000000000182 ], [ 83.961445782333612, 28.677276978269219, 4041.199999999999818 ], [ 83.961462713778019, 28.677274715155363, 4041.4 ], [ 83.961480567231774, 28.677271362394094, 4041.800000000000182 ], [ 83.961489200592041, 28.677271697670221, 4042.0 ], [ 83.961518621072173, 28.67726574651897, 4042.6 ], [ 83.961528763175011, 28.677264740690589, 4043.199999999999818 ], [ 83.961543096229434, 28.677261639386415, 4044.0 ], [ 83.961575869470835, 28.677267171442509, 4045.0 ], [ 83.961603613570333, 28.677256107330319, 4045.800000000000182 ], [ 83.961616354063153, 28.677246300503612, 4046.199999999999818 ], [ 83.961631944403052, 28.677237248048183, 4046.6 ], [ 83.961672764271498, 28.677233308553696, 4047.199999999999818 ], [ 83.961680643260479, 28.677229704335332, 4047.4 ], [ 83.961731772869825, 28.677205564454201, 4047.800000000000182 ], [ 83.961754320189357, 28.677202966064215, 4048.0 ], [ 83.961778962984681, 28.677196511998773, 4048.199999999999818 ], [ 83.961814669892192, 28.677187543362379, 4048.6 ], [ 83.961836630478501, 28.677178826183081, 4048.6 ], [ 83.961866050958633, 28.67716264910996, 4048.6 ], [ 83.961883233860135, 28.67715242318809, 4048.6 ], [ 83.961959425359964, 28.677132809534669, 4048.6 ], [ 83.962050452828407, 28.677098862826824, 4048.6 ], [ 83.962121112272143, 28.677104897797108, 4048.6 ], [ 83.962133852764964, 28.677104813978076, 4048.6 ], [ 83.962218090891838, 28.677116967737675, 4048.4 ], [ 83.962296964600682, 28.677103724330664, 4048.4 ], [ 83.962368797510862, 28.677068436518312, 4048.199999999999818 ], [ 83.96239846944809, 28.677058629691601, 4047.800000000000182 ], [ 83.962455466389656, 28.677034573629498, 4047.6 ], [ 83.9625274669379, 28.677012277767066, 4047.4 ], [ 83.962588990107179, 28.676984366029501, 4047.4 ], [ 83.962664343416691, 28.677000291645527, 4047.4 ], [ 83.962731482461095, 28.677082434296608, 4047.4 ], [ 83.962796861305833, 28.677059803158045, 4047.4 ], [ 83.962828628718853, 28.677014708518985, 4047.4 ], [ 83.96284556016326, 28.677001632750031, 4047.6 ], [ 83.962841033935547, 28.677020156756043, 4047.800000000000182 ], [ 83.962876070290804, 28.676969865337018, 4047.800000000000182 ], [ 83.962922506034374, 28.676926949992776, 4048.800000000000182 ], [ 83.962930887937546, 28.676923513412476, 4048.800000000000182 ], [ 83.962993500754237, 28.676920495927337, 4049.800000000000182 ], [ 83.963004564866424, 28.676920747384429, 4050.0 ], [ 83.963048988953233, 28.676928374916315, 4050.199999999999818 ], [ 83.963063908740878, 28.676925441250205, 4050.6 ], [ 83.96307086572051, 28.676923010498285, 4051.0 ], [ 83.963086372241378, 28.676917143166065, 4051.199999999999818 ], [ 83.96310699172318, 28.676903313025832, 4051.4 ], [ 83.963148817420006, 28.676860649138689, 4051.4 ], [ 83.96316516213119, 28.676845645532012, 4052.0 ], [ 83.963173208758235, 28.676843298599124, 4052.199999999999818 ], [ 83.963192738592625, 28.676836928352714, 4053.0 ], [ 83.963224506005645, 28.6768220923841, 4053.0 ], [ 83.963279742747545, 28.676778506487608, 4053.0 ], [ 83.963294494897127, 28.676765765994787, 4053.199999999999818 ], [ 83.963301200419664, 28.676758976653218, 4053.199999999999818 ], [ 83.963312264531851, 28.676749337464571, 4053.4 ], [ 83.963323663920164, 28.676737854257222, 4053.6 ], [ 83.963349312543869, 28.676722180098295, 4053.6 ], [ 83.963371608406305, 28.676710864529017, 4053.800000000000182 ], [ 83.963436400517821, 28.676684712991118, 4053.800000000000182 ], [ 83.96345785818994, 28.67667775601149, 4054.0 ], [ 83.963496163487434, 28.676669709384441, 4054.4 ], [ 83.963533798232675, 28.676656549796466, 4055.199999999999818 ], [ 83.963561709970236, 28.676641965284944, 4055.4 ], [ 83.963611163198948, 28.676633248105645, 4056.0 ], [ 83.963630273938179, 28.676627380773425, 4056.0 ], [ 83.963635303080082, 28.676625033840537, 4056.199999999999818 ], [ 83.96366841159761, 28.676600139588121, 4056.199999999999818 ], [ 83.9637500513345, 28.676566192880273, 4056.4 ], [ 83.963810820132494, 28.67656460031867, 4056.6 ], [ 83.963851556181908, 28.676547165960073, 4057.4 ], [ 83.963855411857367, 28.676542891189456, 4057.6 ], [ 83.963860021904111, 28.676549009978771, 4058.6 ], [ 83.963869409635663, 28.676538532599807, 4058.800000000000182 ], [ 83.963915342465043, 28.676515817642212, 4059.199999999999818 ], [ 83.963951803743839, 28.676513973623511, 4059.800000000000182 ], [ 83.963994802907109, 28.676507603377104, 4060.199999999999818 ], [ 83.964003352448344, 28.676505926996469, 4060.4 ], [ 83.96403294056654, 28.676512883976105, 4060.800000000000182 ], [ 83.964074933901429, 28.676518332213163, 4061.199999999999818 ], [ 83.964112317189574, 28.67652109824121, 4062.0 ], [ 83.964127404615283, 28.676526127383113, 4062.199999999999818 ], [ 83.964170571416616, 28.676516823470592, 4063.0 ], [ 83.964164033532143, 28.67652059532702, 4063.4 ], [ 83.964317422360182, 28.676527217030525, 4063.6 ], [ 83.964414400979877, 28.67650743573904, 4063.800000000000182 ], [ 83.964461339637637, 28.67650743573904, 4064.199999999999818 ], [ 83.964479863643646, 28.676520930603147, 4064.6 ], [ 83.964505512267351, 28.676532413810492, 4065.199999999999818 ], [ 83.964543985202909, 28.67654699832201, 4065.6 ], [ 83.964550774544477, 28.676550853997469, 4066.199999999999818 ], [ 83.964538285508752, 28.676546327769756, 4066.199999999999818 ], [ 83.964546751230955, 28.676553871482611, 4066.199999999999818 ], [ 83.964519426226616, 28.67654163390398, 4066.6 ], [ 83.96452059969306, 28.676542975008488, 4066.800000000000182 ], [ 83.964516073465347, 28.676539789885283, 4067.199999999999818 ], [ 83.964518252760172, 28.676541382446885, 4067.4 ], [ 83.964518252760172, 28.676541382446885, 4067.4 ], [ 83.964548259973526, 28.67654942907393, 4067.6 ], [ 83.964551696553826, 28.676553200930357, 4067.6 ], [ 83.9645616710186, 28.676564432680607, 4068.0 ], [ 83.964557563886046, 28.676559990271929, 4068.199999999999818 ], [ 83.964458405971527, 28.676520679146051, 4071.4 ], [ 83.964537782594562, 28.676542807370424, 4071.6 ], [ 83.964558402076364, 28.676546327769756, 4072.0 ], [ 83.964562676846981, 28.676546579226851, 4072.4 ], [ 83.964556222781539, 28.676542807370424, 4072.6 ], [ 83.964556055143476, 28.676542388275266, 4073.4 ], [ 83.964599138125777, 28.676563845947385, 4073.6 ], [ 83.964628810063004, 28.6765699647367, 4073.6 ], [ 83.964641131460667, 28.676570132374763, 4073.6 ], [ 83.964660158380866, 28.676576251164079, 4073.800000000000182 ], [ 83.964714221656322, 28.676587231457233, 4074.0 ], [ 83.964761160314083, 28.676586225628853, 4074.6 ], [ 83.964817989617586, 28.676574323326349, 4074.800000000000182 ], [ 83.964853612706065, 28.676580106839538, 4075.800000000000182 ], [ 83.964862832799554, 28.676580945029855, 4076.0 ], [ 83.964904407039285, 28.67658362723887, 4076.4 ], [ 83.964924942702055, 28.676588907837868, 4076.4 ], [ 83.964965511113405, 28.676589075475931, 4076.4 ], [ 83.96499359048903, 28.676588069647551, 4076.6 ], [ 83.965030806139112, 28.676598044112325, 4076.6 ], [ 83.965138597413898, 28.676599049940705, 4076.6 ], [ 83.965206909924746, 28.676598044112325, 4076.800000000000182 ], [ 83.965287962928414, 28.676576083526015, 4076.800000000000182 ], [ 83.965341104194522, 28.676578346639872, 4076.800000000000182 ], [ 83.965364322066307, 28.676576083526015, 4076.6 ], [ 83.96542408503592, 28.676555966958404, 4076.4 ], [ 83.965516705065966, 28.676559068262577, 4076.4 ], [ 83.965592393651605, 28.676590835675597, 4076.4 ], [ 83.965671434998512, 28.676607934758067, 4076.4 ], [ 83.965759444981813, 28.67664230056107, 4076.0 ], [ 83.965782076120377, 28.676648419350386, 4075.6 ], [ 83.965836139395833, 28.676662752404809, 4074.6 ], [ 83.965846952050924, 28.676664428785443, 4074.4 ], [ 83.965894896537066, 28.676668116822839, 4073.6 ], [ 83.965953402221203, 28.676676331087947, 4073.6 ], [ 83.966021630913019, 28.676682449877266, 4073.6 ], [ 83.966030515730381, 28.676674906164408, 4073.6 ], [ 83.966078544035554, 28.676683371886611, 4073.6 ], [ 83.966142665594816, 28.676704913377758, 4073.6 ], [ 83.966164793819189, 28.676716648042198, 4073.800000000000182 ], [ 83.966201590374112, 28.676733244210482, 4074.4 ], [ 83.966242661699653, 28.676742548122998, 4074.800000000000182 ], [ 83.966291612014174, 28.676742296665907, 4074.800000000000182 ], [ 83.966347351670265, 28.676760401576757, 4074.800000000000182 ], [ 83.966380041092634, 28.676773142069575, 4075.0 ], [ 83.96641063503921, 28.676790241152048, 4075.0 ], [ 83.966427147388458, 28.676792923361063, 4075.199999999999818 ], [ 83.966439804062247, 28.676799293607473, 4075.199999999999818 ], [ 83.9664595015347, 28.676808932796121, 4075.4 ], [ 83.966512139886618, 28.676798790693283, 4075.4 ], [ 83.966519935056567, 28.676785714924335, 4075.4 ], [ 83.966529322788119, 28.676749588921663, 4075.800000000000182 ], [ 83.966552037745714, 28.676717737689614, 4076.6 ], [ 83.966555390506983, 28.676714133471251, 4076.800000000000182 ], [ 83.96655379794538, 28.67671363055706, 4076.800000000000182 ], [ 83.96655379794538, 28.67671363055706, 4076.800000000000182 ], [ 83.966550193727016, 28.676706086844209, 4076.800000000000182 ], [ 83.96654692478478, 28.676706422120333, 4076.800000000000182 ], [ 83.966552875936031, 28.676699213683605, 4076.6 ], [ 83.966579278931022, 28.676708685234189, 4072.4 ], [ 83.966591265052557, 28.676709607243534, 4072.199999999999818 ], [ 83.966643903404474, 28.676681444048882, 4071.800000000000182 ], [ 83.966643903404474, 28.676681444048882, 4071.800000000000182 ], [ 83.966643903404474, 28.676681444048882, 4071.800000000000182 ], [ 83.966643903404474, 28.676681444048882, 4071.800000000000182 ], [ 83.966643903404474, 28.676681444048882, 4071.800000000000182 ], [ 83.966643903404474, 28.676681444048882, 4071.800000000000182 ], [ 83.966627391055226, 28.676687981933355, 4071.800000000000182 ], [ 83.966637030243874, 28.676684545353055, 4071.800000000000182 ], [ 83.966671898961067, 28.676667278632522, 4071.800000000000182 ], [ 83.96673996001482, 28.67665596306324, 4072.0 ], [ 83.966806344687939, 28.676638193428516, 4072.199999999999818 ], [ 83.966841297224164, 28.676626458764076, 4073.0 ], [ 83.9668635930866, 28.676620088517662, 4073.6 ], [ 83.966908603906631, 28.676610952243209, 4073.6 ], [ 83.966953866183758, 28.676604749634865, 4073.6 ], [ 83.967057047411799, 28.676594607532024, 4073.6 ], [ 83.967113373801112, 28.676599636673927, 4073.6 ], [ 83.967137010768056, 28.676603073254228, 4073.800000000000182 ], [ 83.967249076813459, 28.676625369116664, 4073.800000000000182 ], [ 83.967318059876561, 28.676643306389451, 4073.6 ], [ 83.967415960505605, 28.676660321652889, 4073.6 ], [ 83.967482764273882, 28.676719749346375, 4073.6 ], [ 83.967493996024132, 28.676722766831517, 4073.0 ], [ 83.967549568042159, 28.676732070744041, 4073.0 ], [ 83.967559458687901, 28.676732741296291, 4072.800000000000182 ], [ 83.96761410869658, 28.676767693832517, 4072.4 ], [ 83.967650821432471, 28.676793845370412, 4072.0 ], [ 83.967698011547327, 28.676837850362062, 4071.0 ], [ 83.967705639079213, 28.676846651360393, 4071.0 ], [ 83.967759031802416, 28.676916807889938, 4071.0 ], [ 83.967772107571363, 28.676927369087934, 4071.0 ], [ 83.967807898297906, 28.676957627758384, 4071.0 ], [ 83.967840084806085, 28.676994675770398, 4071.0 ], [ 83.967886436730623, 28.677059300243855, 4071.0 ], [ 83.967933710664511, 28.677101461216807, 4071.0 ], [ 83.967941673472524, 28.677106322720647, 4071.0 ], [ 83.967996407300234, 28.677122918888927, 4071.199999999999818 ], [ 83.968033622950315, 28.677128283306956, 4071.6 ], [ 83.968054829165339, 28.677135910838839, 4071.6 ], [ 83.968086512759328, 28.677143370732665, 4071.6 ], [ 83.968169158324599, 28.677139850333333, 4071.800000000000182 ], [ 83.968193214386702, 28.677137671038508, 4072.0 ], [ 83.968234118074179, 28.677136665210128, 4072.4 ], [ 83.968263622373343, 28.67714068852365, 4073.199999999999818 ], [ 83.968275273218751, 28.677141778171062, 4073.6 ], [ 83.968310561031103, 28.677143286913633, 4073.800000000000182 ], [ 83.968326486647129, 28.677144544199109, 4074.199999999999818 ], [ 83.968341322615743, 28.677150076255199, 4074.800000000000182 ], [ 83.968357834964991, 28.677155105397105, 4075.4 ], [ 83.968373006209731, 28.677155105397105, 4076.0 ], [ 83.96838759072125, 28.677155021578074, 4076.199999999999818 ], [ 83.968403348699212, 28.677152507007118, 4076.6 ], [ 83.96841106005013, 28.677150411531329, 4076.6 ], [ 83.968424387276173, 28.677149657160044, 4076.6 ], [ 83.968453304842114, 28.677141526713967, 4077.0 ], [ 83.968488927930593, 28.677128702402115, 4077.0 ], [ 83.968518264591694, 28.677141023799777, 4077.0 ], [ 83.968553300946951, 28.677142532542348, 4077.6 ], [ 83.968578279018402, 28.677139095962048, 4078.0 ], [ 83.968585403636098, 28.677133480086923, 4078.4 ], [ 83.968590181320906, 28.677130546420813, 4078.6 ], [ 83.968618679791689, 28.677116045728329, 4079.0 ], [ 83.968653799965978, 28.677096012979742, 4079.4 ], [ 83.968690177425742, 28.677068687975407, 4079.6 ], [ 83.96869545802474, 28.67706541903317, 4079.800000000000182 ], [ 83.968730662018061, 28.677063155919313, 4080.4 ], [ 83.968759579584002, 28.677052678540349, 4080.800000000000182 ], [ 83.968766955658793, 28.677046140655875, 4081.199999999999818 ], [ 83.968794951215386, 28.677040692418817, 4081.800000000000182 ], [ 83.968828478828073, 28.677025521174073, 4082.199999999999818 ], [ 83.968879105523229, 28.677009427919984, 4082.6 ], [ 83.968905676156282, 28.676994675770398, 4083.0 ], [ 83.96892805583775, 28.676988808438185, 4083.4 ], [ 83.96895051933825, 28.676978917792439, 4084.0 ], [ 83.968960661441088, 28.676977744325995, 4084.199999999999818 ], [ 83.968994272872806, 28.676972715184093, 4084.199999999999818 ], [ 83.969023358076811, 28.676976738497615, 4084.4 ], [ 83.969032997265458, 28.676977157592773, 4084.4 ], [ 83.969067614525557, 28.676974223926663, 4085.199999999999818 ], [ 83.969100806862116, 28.676971541717649, 4086.199999999999818 ], [ 83.969110529869795, 28.676969865337018, 4086.4 ], [ 83.969146236777306, 28.676967015489936, 4087.199999999999818 ], [ 83.969183033332229, 28.67696332745254, 4087.800000000000182 ], [ 83.969186386093497, 28.676963830366731, 4088.4 ], [ 83.969233240932226, 28.676946815103292, 4088.6 ], [ 83.969278419390321, 28.67694279178977, 4088.800000000000182 ], [ 83.969314126297832, 28.676938600838184, 4089.6 ], [ 83.969321502372622, 28.676938684657216, 4089.6 ], [ 83.969355532899499, 28.676944468170404, 4090.199999999999818 ], [ 83.969358131289482, 28.676957041025162, 4090.6 ], [ 83.969372045248747, 28.676977995783091, 4091.0 ], [ 83.969398867338896, 28.676995011046529, 4091.0 ], [ 83.969420660287142, 28.677004566416144, 4092.0 ], [ 83.969450667500496, 28.677003644406796, 4092.800000000000182 ], [ 83.96946357563138, 28.677000291645527, 4093.4 ], [ 83.96947430446744, 28.676998866721988, 4094.199999999999818 ], [ 83.969480255618691, 28.67699752561748, 4094.4 ], [ 83.969513196498156, 28.677001968026161, 4094.800000000000182 ], [ 83.969532391056418, 28.677002051845193, 4096.0 ], [ 83.969549154862761, 28.677001381292939, 4096.0 ], [ 83.969572959467769, 28.677001465111971, 4096.399999999999636 ], [ 83.969572959467769, 28.677001465111971, 4096.600000000000364 ], [ 83.969572959467769, 28.677001465111971, 4096.600000000000364 ], [ 83.969572959467769, 28.677001465111971, 4096.800000000000182 ], [ 83.969583353027701, 28.6769999563694, 4096.800000000000182 ], [ 83.969627022743225, 28.676999034360051, 4097.0 ], [ 83.969655437394977, 28.677002470940351, 4097.0 ], [ 83.969662813469768, 28.677000878378749, 4097.399999999999636 ], [ 83.969671698287129, 28.677001297473907, 4097.600000000000364 ], [ 83.969679493457079, 28.677000124007463, 4097.800000000000182 ], [ 83.969721151515841, 28.676997190341353, 4098.399999999999636 ], [ 83.969724252820015, 28.676989478990436, 4098.399999999999636 ], [ 83.969748560339212, 28.676979672163725, 4099.600000000000364 ], [ 83.969754343852401, 28.67697698995471, 4099.600000000000364 ], [ 83.96979097276926, 28.676961734890934, 4100.0 ], [ 83.969806144014001, 28.676953855901957, 4100.199999999999818 ], [ 83.969827936962247, 28.676949664950371, 4100.600000000000364 ], [ 83.969846041873097, 28.676951173692942, 4101.199999999999818 ], [ 83.969857608899474, 28.676953185349703, 4101.600000000000364 ], [ 83.969873869791627, 28.676950922235847, 4102.600000000000364 ], [ 83.969879988580942, 28.676944971084595, 4102.800000000000182 ], [ 83.969903290271759, 28.676932062953711, 4103.199999999999818 ], [ 83.969927933067083, 28.676922675222158, 4103.399999999999636 ], [ 83.969986941665411, 28.676910102367401, 4103.800000000000182 ], [ 83.970008315518498, 28.676904235035181, 4104.800000000000182 ], [ 83.970017032697797, 28.676899122074246, 4105.199999999999818 ], [ 83.970041088759899, 28.676900966092944, 4106.199999999999818 ], [ 83.97005726583302, 28.67690222337842, 4106.800000000000182 ], [ 83.970069838687778, 28.676905995234847, 4107.399999999999636 ], [ 83.970091128721833, 28.676916304975748, 4107.800000000000182 ], [ 83.970120968297124, 28.676923681050539, 4108.0 ], [ 83.970133792608976, 28.676929632201791, 4108.600000000000364 ], [ 83.970133373513818, 28.676934745162725, 4109.0 ], [ 83.970118118450046, 28.676939187571406, 4109.600000000000364 ], [ 83.970117783173919, 28.676938768476248, 4109.600000000000364 ], [ 83.970118118450046, 28.676939019933343, 4109.800000000000182 ], [ 83.970121387392282, 28.676934661343697, 4109.800000000000182 ], [ 83.970117447897792, 28.676937846466899, 4109.800000000000182 ], [ 83.970167655497789, 28.676946479827169, 4110.0 ], [ 83.970201518386602, 28.676968859508634, 4110.199999999999818 ], [ 83.970253486186266, 28.676984701305628, 4110.199999999999818 ], [ 83.970312494784594, 28.676995430141687, 4110.600000000000364 ], [ 83.970334120094776, 28.677007164806128, 4110.800000000000182 ], [ 83.970360523089767, 28.677014289423823, 4111.0 ], [ 83.970401175320148, 28.677026107907295, 4111.800000000000182 ], [ 83.970437049865723, 28.677024180069569, 4112.399999999999636 ], [ 83.970497231930494, 28.677020743489265, 4112.800000000000182 ], [ 83.970560766756535, 28.677030550315976, 4112.800000000000182 ], [ 83.970566131174564, 28.67703759111464, 4113.199999999999818 ], [ 83.970566131174564, 28.67703759111464, 4113.800000000000182 ], [ 83.970588259398937, 28.677040357142687, 4115.0 ], [ 83.970660092309117, 28.677066005766392, 4115.399999999999636 ], [ 83.970714574679732, 28.677076147869229, 4116.199999999999818 ], [ 83.970759082585573, 28.677100790664554, 4116.399999999999636 ], [ 83.970819599926472, 28.677139598876241, 4116.399999999999636 ], [ 83.970867795869708, 28.677153764292601, 4116.600000000000364 ], [ 83.970911717042327, 28.677163403481245, 4116.800000000000182 ], [ 83.971029398962855, 28.677191650494933, 4117.0 ], [ 83.97108287550509, 28.677207911387089, 4117.199999999999818 ], [ 83.971123611554503, 28.677218891680241, 4117.199999999999818 ], [ 83.971173064783216, 28.677234565839171, 4117.199999999999818 ], [ 83.971204999834299, 28.677250826731324, 4117.600000000000364 ], [ 83.97124171257019, 28.677268009632822, 4117.600000000000364 ], [ 83.971282113343477, 28.677281001582742, 4118.199999999999818 ], [ 83.971293093636632, 28.677286701276898, 4118.600000000000364 ], [ 83.971316227689385, 28.677304051816463, 4119.399999999999636 ], [ 83.971323017030954, 28.677307907491919, 4119.600000000000364 ], [ 83.971331063657999, 28.677299525588751, 4120.399999999999636 ], [ 83.971328297629952, 28.677296089008451, 4120.800000000000182 ], [ 83.971316646784544, 28.677286198362708, 4121.399999999999636 ], [ 83.971316646784544, 28.677286198362708, 4121.399999999999636 ], [ 83.971316479146481, 28.67728577926755, 4121.399999999999636 ], [ 83.971315808594227, 28.677287204191089, 4121.399999999999636 ], [ 83.971312707290053, 28.677281169220805, 4121.600000000000364 ], [ 83.971360819414258, 28.677260298281908, 4121.600000000000364 ], [ 83.971383702009916, 28.677244959399104, 4122.600000000000364 ], [ 83.971407590433955, 28.677224926650524, 4123.600000000000364 ], [ 83.971410021185875, 28.677222663536668, 4123.600000000000364 ], [ 83.971426617354155, 28.67720548063517, 4123.600000000000364 ], [ 83.971435334533453, 28.677202127873898, 4123.800000000000182 ], [ 83.971459306776524, 28.677173629403111, 4124.800000000000182 ], [ 83.971475064754486, 28.677155608311296, 4125.800000000000182 ], [ 83.971478417515755, 28.677153931930661, 4126.0 ], [ 83.971503814682364, 28.677144963294268, 4126.800000000000182 ], [ 83.971509095281363, 28.677141359075904, 4127.199999999999818 ], [ 83.971525775268674, 28.677122332155704, 4127.600000000000364 ], [ 83.971521584317088, 28.67712358944118, 4127.600000000000364 ], [ 83.971514962613583, 28.677123337984085, 4127.600000000000364 ], [ 83.971489565446973, 28.677137503400445, 4127.600000000000364 ], [ 83.971485793590546, 28.677145214751363, 4127.600000000000364 ], [ 83.971494007855654, 28.677139179781079, 4127.800000000000182 ], [ 83.971498366445303, 28.67713431827724, 4127.800000000000182 ], [ 83.971498366445303, 28.67713431827724, 4127.800000000000182 ], [ 83.971524769440293, 28.677103975787759, 4127.800000000000182 ], [ 83.971533570438623, 28.677096934989095, 4127.800000000000182 ], [ 83.971565756946802, 28.677079500630494, 4127.800000000000182 ], [ 83.971572127193213, 28.677080674096946, 4128.199999999999818 ], [ 83.971599200740457, 28.677071034908295, 4129.0 ], [ 83.971602469682693, 28.677077908068895, 4129.399999999999636 ], [ 83.971607331186533, 28.677075477316976, 4129.600000000000364 ], [ 83.971646558493376, 28.677031472325325, 4130.0 ], [ 83.971675978973508, 28.676999034360051, 4130.0 ], [ 83.971709003672004, 28.676972212269902, 4130.199999999999818 ], [ 83.971716463565826, 28.676965506747365, 4130.399999999999636 ], [ 83.971749152988195, 28.676938349381089, 4130.600000000000364 ], [ 83.971779998391867, 28.676908006891608, 4130.600000000000364 ], [ 83.971857950091362, 28.676832569763064, 4130.600000000000364 ], [ 83.971868176013231, 28.67682259529829, 4130.600000000000364 ], [ 83.971878988668323, 28.676814045757055, 4130.600000000000364 ], [ 83.971921149641275, 28.676803400740027, 4131.0 ], [ 83.971931794658303, 28.676812620833516, 4131.0 ], [ 83.97197412326932, 28.676845813170075, 4131.0 ], [ 83.972004465758801, 28.676859056577086, 4131.399999999999636 ], [ 83.972031287848949, 28.676870875060558, 4131.600000000000364 ], [ 83.972081998363137, 28.676903732120991, 4131.800000000000182 ], [ 83.972108233720064, 28.676934661343697, 4132.0 ], [ 83.972145952284336, 28.676984366029501, 4132.600000000000364 ], [ 83.972155256196856, 28.677016049623489, 4133.399999999999636 ], [ 83.972153915092349, 28.677022168412805, 4133.399999999999636 ], [ 83.972138576209545, 28.677082266658545, 4133.600000000000364 ], [ 83.972136061638594, 28.67709182202816, 4133.800000000000182 ], [ 83.972119800746441, 28.677149657160044, 4134.199999999999818 ], [ 83.972112005576491, 28.677183017134663, 4134.199999999999818 ], [ 83.972115693613887, 28.677178574725986, 4134.399999999999636 ], [ 83.972097085788846, 28.677183520048857, 4134.800000000000182 ], [ 83.972062636166811, 28.677222579717636, 4134.800000000000182 ], [ 83.971993066370487, 28.677247641608119, 4135.199999999999818 ], [ 83.97196046076715, 28.67725971154869, 4135.800000000000182 ], [ 83.971953587606549, 28.677263567224145, 4136.600000000000364 ], [ 83.971953671425581, 28.677263483405113, 4137.0 ], [ 83.971952497959137, 28.677263148128983, 4137.0 ], [ 83.97194285877049, 28.67726918309927, 4137.600000000000364 ], [ 83.97192089818418, 28.677307488396764, 4137.600000000000364 ], [ 83.971899691969156, 28.677335316315293, 4138.199999999999818 ], [ 83.971906397491693, 28.677359204739332, 4138.199999999999818 ], [ 83.971945121884346, 28.677408825606108, 4138.199999999999818 ], [ 83.971937326714396, 28.677407400682569, 4138.399999999999636 ], [ 83.971937326714396, 28.677407400682569, 4138.399999999999636 ], [ 83.971937829628587, 28.67740991525352, 4138.399999999999636 ], [ 83.971944032236934, 28.677432127296925, 4138.600000000000364 ], [ 83.971948055550456, 28.677490130066872, 4139.199999999999818 ], [ 83.971944032236934, 28.677485939115289, 4139.800000000000182 ], [ 83.971943026408553, 28.67750178091228, 4140.0 ], [ 83.971944283694029, 28.677507564425468, 4140.399999999999636 ], [ 83.971944367513061, 28.677530447021127, 4140.399999999999636 ], [ 83.971958365291357, 28.677553497254848, 4140.399999999999636 ], [ 83.971941350027919, 28.677653912454844, 4140.399999999999636 ], [ 83.971915449947119, 28.677743850275871, 4140.399999999999636 ], [ 83.971900027245283, 28.677764302119613, 4140.399999999999636 ], [ 83.971867421641946, 28.677826831117272, 4140.199999999999818 ], [ 83.971855854615569, 28.6778892762959, 4140.399999999999636 ], [ 83.971866080537438, 28.677944680675864, 4140.399999999999636 ], [ 83.971905307844281, 28.67801140062511, 4140.399999999999636 ], [ 83.971963562071323, 28.678064290434119, 4140.800000000000182 ], [ 83.972012093290687, 28.678128998726606, 4140.800000000000182 ], [ 83.972066827118397, 28.678148863837123, 4140.800000000000182 ], [ 83.972074706107378, 28.678152719512585, 4141.199999999999818 ], [ 83.972085854038596, 28.678157413378361, 4141.399999999999636 ], [ 83.972092643380165, 28.678159257397056, 4141.600000000000364 ], [ 83.972090044990182, 28.678158251568675, 4141.800000000000182 ], [ 83.972084261476994, 28.678157078102231, 4142.0 ], [ 83.972084177657962, 28.678156994283199, 4142.199999999999818 ], [ 83.972148885950446, 28.678170908242464, 4142.399999999999636 ], [ 83.972219629213214, 28.678174512460828, 4142.399999999999636 ], [ 83.972270004451275, 28.678183816373348, 4143.399999999999636 ], [ 83.972282577306032, 28.678183816373348, 4143.399999999999636 ], [ 83.972323732450604, 28.678185241296887, 4143.399999999999636 ], [ 83.972356505692005, 28.678198736160994, 4143.399999999999636 ], [ 83.972403192892671, 28.678242741152644, 4143.399999999999636 ], [ 83.972419956699014, 28.678288422524929, 4143.399999999999636 ], [ 83.972431104630232, 28.67832706309855, 4142.399999999999636 ], [ 83.972423728555441, 28.678389927372336, 4142.199999999999818 ], [ 83.972422303631902, 28.678406272083521, 4142.199999999999818 ], [ 83.97242272272706, 28.678406188264489, 4142.199999999999818 ], [ 83.97242272272706, 28.678406188264489, 4142.0 ], [ 83.972420375794172, 28.678394285961986, 4142.0 ], [ 83.97242808714509, 28.678444745019078, 4141.600000000000364 ], [ 83.97243152372539, 28.678470309823751, 4141.199999999999818 ], [ 83.972433870658278, 28.678480284288529, 4141.199999999999818 ], [ 83.972452143207192, 28.678565947338939, 4141.0 ], [ 83.972452059388161, 28.678602073341608, 4140.199999999999818 ], [ 83.972448874264956, 28.678640462458137, 4139.600000000000364 ], [ 83.972447114065289, 28.678664937615395, 4139.600000000000364 ], [ 83.972395397722721, 28.678776165470481, 4139.600000000000364 ], [ 83.972391625866294, 28.678841460496187, 4139.600000000000364 ], [ 83.972403360530734, 28.678924608975649, 4139.600000000000364 ], [ 83.972421633079648, 28.678971296176311, 4139.600000000000364 ], [ 83.972429595887661, 28.678992837667465, 4140.199999999999818 ], [ 83.972436636686325, 28.679027790203691, 4140.800000000000182 ], [ 83.972446443513036, 28.679054360836744, 4141.199999999999818 ], [ 83.972464632242918, 28.679082607850432, 4141.800000000000182 ], [ 83.972478294745088, 28.679104316979647, 4142.199999999999818 ], [ 83.972494136542082, 28.679137844592333, 4142.399999999999636 ], [ 83.972505955025554, 28.679193332791328, 4143.399999999999636 ], [ 83.972505871206522, 28.679200457409024, 4143.600000000000364 ], [ 83.972510145977139, 28.679211521521211, 4143.600000000000364 ], [ 83.972524395212531, 28.679258208721876, 4144.199999999999818 ], [ 83.972527077421546, 28.679271368309855, 4144.600000000000364 ], [ 83.972529508173466, 28.679293161258101, 4145.199999999999818 ], [ 83.97253361530602, 28.679318306967616, 4145.800000000000182 ], [ 83.972543841227889, 28.679336244240403, 4146.0 ], [ 83.972554318606853, 28.679355271160603, 4146.600000000000364 ], [ 83.972556414082646, 28.679358540102839, 4146.800000000000182 ], [ 83.972557000815868, 28.679367508739233, 4147.0 ], [ 83.972564795985818, 28.679407574236393, 4147.800000000000182 ], [ 83.972578542307019, 28.679442945867777, 4148.0 ], [ 83.972575441002846, 28.679451663047075, 4148.399999999999636 ], [ 83.972575524821877, 28.679451746866107, 4148.600000000000364 ], [ 83.972589690238237, 28.679486447945237, 4149.0 ], [ 83.972617937251925, 28.679532296955585, 4149.0 ], [ 83.972617518156767, 28.679579738527536, 4149.399999999999636 ], [ 83.972642328590155, 28.6796317063272, 4150.0 ], [ 83.972644759342074, 28.679639669135213, 4150.0 ], [ 83.972654733806849, 28.679671185091134, 4150.199999999999818 ], [ 83.97266898304224, 28.679681159555912, 4150.199999999999818 ], [ 83.972690273076296, 28.67971234023571, 4150.199999999999818 ], [ 83.972701253369451, 28.679732792079449, 4150.199999999999818 ], [ 83.97273100912571, 28.679769337177277, 4150.199999999999818 ], [ 83.972744587808847, 28.679798087105155, 4150.0 ], [ 83.972745593637228, 28.679788364097476, 4149.600000000000364 ], [ 83.972758753225207, 28.679798087105155, 4149.399999999999636 ], [ 83.972782893106341, 28.679823651909828, 4149.399999999999636 ], [ 83.972790520638227, 28.679831698536873, 4149.399999999999636 ], [ 83.972829831764102, 28.679873608052731, 4149.399999999999636 ], [ 83.972849110141397, 28.679893556982279, 4149.399999999999636 ], [ 83.97286637686193, 28.679915936663747, 4149.600000000000364 ], [ 83.972917171195149, 28.679935801774263, 4150.0 ], [ 83.972988082095981, 28.679974023252729, 4150.600000000000364 ], [ 83.972991686314344, 28.679982991889119, 4150.800000000000182 ], [ 83.972996715456247, 28.680015010759231, 4151.399999999999636 ], [ 83.973004426807165, 28.680034205317497, 4151.800000000000182 ], [ 83.973002163693309, 28.680052226409316, 4152.399999999999636 ], [ 83.973013563081622, 28.680082149803638, 4152.800000000000182 ], [ 83.973036110401154, 28.680107546970248, 4153.399999999999636 ], [ 83.97303937934339, 28.680115509778261, 4153.800000000000182 ], [ 83.973036361858249, 28.680130681023002, 4155.0 ], [ 83.973034517839551, 28.680159011855721, 4155.800000000000182 ], [ 83.973034434020519, 28.680177116766572, 4156.0 ], [ 83.973040217533708, 28.680189186707139, 4156.600000000000364 ], [ 83.973039546981454, 28.680222211405635, 4156.800000000000182 ], [ 83.973038289695978, 28.680222798138857, 4157.0 ], [ 83.973040133714676, 28.68023419752717, 4157.199999999999818 ], [ 83.973040133714676, 28.68023419752717, 4157.199999999999818 ], [ 83.973040133714676, 28.68023419752717, 4157.199999999999818 ], [ 83.973040133714676, 28.68023419752717, 4157.199999999999818 ], [ 83.973040133714676, 28.68023419752717, 4157.399999999999636 ], [ 83.973035775125027, 28.68023193441331, 4157.399999999999636 ], [ 83.9730354398489, 28.680247021839023, 4157.399999999999636 ], [ 83.973043151199818, 28.680289266631007, 4158.0 ], [ 83.97304181009531, 28.680289518088102, 4158.199999999999818 ], [ 83.973072320222855, 28.680297983810306, 4159.0 ], [ 83.973077600821853, 28.680294044315815, 4159.399999999999636 ], [ 83.973092436790466, 28.680282896384597, 4159.800000000000182 ], [ 83.973102662712336, 28.680279208347201, 4160.199999999999818 ], [ 83.973118755966425, 28.680277867242697, 4160.399999999999636 ], [ 83.973133927211165, 28.680279543623328, 4160.600000000000364 ], [ 83.97316200658679, 28.680276861414313, 4161.399999999999636 ], [ 83.97318497300148, 28.680275352671742, 4161.399999999999636 ], [ 83.973242472857237, 28.680280381813645, 4161.600000000000364 ], [ 83.973266864195466, 28.680292284116149, 4161.600000000000364 ], [ 83.973304331302643, 28.680301923304796, 4161.600000000000364 ], [ 83.973312713205814, 28.680301252752542, 4161.600000000000364 ], [ 83.973342636600137, 28.680303348228335, 4161.600000000000364 ], [ 83.973404159769416, 28.680321034044027, 4161.199999999999818 ], [ 83.97346643730998, 28.680326901376247, 4161.199999999999818 ], [ 83.97353089414537, 28.680332265794277, 4161.199999999999818 ], [ 83.973529888316989, 28.68033486418426, 4161.199999999999818 ], [ 83.973533157259226, 28.680336372926831, 4161.199999999999818 ], [ 83.973581185564399, 28.680349783971906, 4161.0 ], [ 83.973633740097284, 28.680364117026329, 4160.800000000000182 ], [ 83.97365159355104, 28.680373253300782, 4160.800000000000182 ], [ 83.973737172782421, 28.680400494486097, 4160.600000000000364 ], [ 83.973783776164055, 28.68040326051414, 4160.600000000000364 ], [ 83.973789224401116, 28.680402338504791, 4160.399999999999636 ], [ 83.973843120038509, 28.680410720407963, 4160.0 ], [ 83.973923502489924, 28.680388005450368, 4159.199999999999818 ], [ 83.973931549116969, 28.680391861125827, 4159.0 ], [ 83.973970860242844, 28.680389262735844, 4158.199999999999818 ], [ 83.974030623212457, 28.68037928827107, 4158.199999999999818 ], [ 83.974115950986743, 28.68038029409945, 4158.199999999999818 ], [ 83.974233884364367, 28.680373085662723, 4158.199999999999818 ], [ 83.97426925599575, 28.680360177531838, 4158.199999999999818 ], [ 83.974304459989071, 28.680347353219982, 4158.199999999999818 ], [ 83.974304040893912, 28.680347688496113, 4157.399999999999636 ], [ 83.974295407533646, 28.680352717638016, 4157.199999999999818 ], [ 83.974303705617785, 28.680347185581923, 4157.199999999999818 ], [ 83.974303957074881, 28.680345425382257, 4157.199999999999818 ], [ 83.974278811365366, 28.680353555828333, 4156.399999999999636 ], [ 83.974288450554013, 28.680357746779919, 4156.399999999999636 ], [ 83.974319044500589, 28.680348442867398, 4156.199999999999818 ], [ 83.974328264594078, 28.680350203067064, 4156.199999999999818 ], [ 83.974329857155681, 28.680354310199618, 4156.199999999999818 ], [ 83.974355421960354, 28.680341485887769, 4156.199999999999818 ], [ 83.974444437772036, 28.680267306044698, 4156.199999999999818 ], [ 83.974528508260846, 28.680220199748874, 4156.399999999999636 ], [ 83.974616266787052, 28.68017116561532, 4156.399999999999636 ], [ 83.97460738196969, 28.68016479536891, 4156.800000000000182 ], [ 83.974605537950993, 28.680167309939861, 4157.0 ], [ 83.974606711417437, 28.680167309939861, 4157.0 ], [ 83.974624648690224, 28.680154988542199, 4157.0 ], [ 83.974659601226449, 28.680131267756224, 4157.0 ], [ 83.974697235971689, 28.68013110011816, 4157.0 ], [ 83.974708802998066, 28.680135710164905, 4157.0 ], [ 83.974718861281872, 28.680135458707809, 4157.0 ], [ 83.974771248176694, 28.680140571668744, 4157.0 ], [ 83.974798070266843, 28.680132944136854, 4157.0 ], [ 83.974815672263503, 28.680126490071416, 4156.800000000000182 ], [ 83.974890019744635, 28.680100254714489, 4156.199999999999818 ], [ 83.974958416074514, 28.680076114833355, 4155.199999999999818 ], [ 83.975010048598051, 28.680074186995625, 4155.0 ], [ 83.975038127973676, 28.680069157853723, 4154.199999999999818 ], [ 83.975073751062155, 28.680052058771253, 4153.800000000000182 ], [ 83.975109793245792, 28.680051807314157, 4153.0 ], [ 83.975124126300216, 28.680042754858732, 4152.0 ], [ 83.975133178755641, 28.680045520886779, 4151.600000000000364 ], [ 83.975162263959646, 28.68003680370748, 4151.0 ], [ 83.975192522630095, 28.679990284144878, 4150.399999999999636 ], [ 83.975202245637774, 28.679978717118502, 4150.199999999999818 ], [ 83.975273324176669, 28.679939992725849, 4150.199999999999818 ], [ 83.975325291976333, 28.679917110130191, 4149.399999999999636 ], [ 83.975342307239771, 28.679898753762245, 4149.199999999999818 ], [ 83.975360412150621, 28.67984326556325, 4148.199999999999818 ], [ 83.975409278646111, 28.679789286106825, 4147.0 ], [ 83.975451691076159, 28.679778976365924, 4146.199999999999818 ], [ 83.975480105727911, 28.679779730737209, 4145.800000000000182 ], [ 83.975537018850446, 28.679788531735539, 4145.800000000000182 ], [ 83.975562332198024, 28.679767493158579, 4145.800000000000182 ], [ 83.97561932913959, 28.679731534793973, 4144.800000000000182 ], [ 83.975644139572978, 28.679728433489799, 4144.600000000000364 ], [ 83.975726366043091, 28.679708736017343, 4144.399999999999636 ], [ 83.975742543116212, 28.679712675511837, 4144.199999999999818 ], [ 83.97575662471354, 28.679711502045393, 4143.800000000000182 ], [ 83.97580599412322, 28.679706724360585, 4143.800000000000182 ], [ 83.975843796506524, 28.67970404215157, 4143.800000000000182 ], [ 83.975899452343583, 28.679698342457417, 4143.800000000000182 ], [ 83.975908756256104, 28.679683841764927, 4144.199999999999818 ], [ 83.975924598053098, 28.679675459861755, 4144.399999999999636 ], [ 83.975924598053098, 28.679675459861755, 4144.600000000000364 ], [ 83.975924598053098, 28.679675459861755, 4144.600000000000364 ], [ 83.975924598053098, 28.679675459861755, 4144.600000000000364 ], [ 83.975924598053098, 28.679675459861755, 4144.600000000000364 ], [ 83.975926944985986, 28.679677890613675, 4144.600000000000364 ], [ 83.975937170907855, 28.679672861471772, 4144.600000000000364 ], [ 83.975984277203679, 28.679642686620355, 4143.600000000000364 ], [ 83.97599944844842, 28.679630616679788, 4143.399999999999636 ], [ 83.976038759574294, 28.679593820124865, 4143.0 ], [ 83.976071448996663, 28.679576469585299, 4142.600000000000364 ], [ 83.976089050993323, 28.679565154016014, 4142.600000000000364 ], [ 83.976104306057096, 28.679560208693147, 4142.399999999999636 ], [ 83.97616851143539, 28.679538751021028, 4142.199999999999818 ], [ 83.976222239434719, 28.679520059376955, 4142.0 ], [ 83.976240679621696, 28.679509581997991, 4141.199999999999818 ], [ 83.976264651864767, 28.679494243115187, 4140.199999999999818 ], [ 83.976276218891144, 28.679488962516189, 4140.0 ], [ 83.976348219439387, 28.679461805149913, 4140.0 ], [ 83.976421812549233, 28.679439593106508, 4139.199999999999818 ], [ 83.97642751224339, 28.679437832906839, 4139.199999999999818 ], [ 83.976463973522186, 28.679421236738563, 4138.0 ], [ 83.976480318233371, 28.679409082978964, 4137.600000000000364 ], [ 83.976511918008327, 28.679386619478464, 4137.0 ], [ 83.976532118394971, 28.679377986118197, 4137.0 ], [ 83.976594898849726, 28.679352169856429, 4136.800000000000182 ], [ 83.976601520553231, 28.679340938106179, 4136.600000000000364 ], [ 83.97668500430882, 28.67929534055293, 4136.0 ], [ 83.976739402860403, 28.679276229813695, 4136.0 ], [ 83.976772343739867, 28.679255526512861, 4135.800000000000182 ], [ 83.976808972656727, 28.679233146831393, 4135.800000000000182 ], [ 83.97682573646307, 28.679224764928222, 4135.399999999999636 ], [ 83.976859096437693, 28.679205486550927, 4134.800000000000182 ], [ 83.976885247975588, 28.679188806563616, 4133.600000000000364 ], [ 83.9768897742033, 28.679182687774301, 4133.600000000000364 ], [ 83.976897904649377, 28.679168354719877, 4133.399999999999636 ], [ 83.976939730346203, 28.679122421890497, 4133.199999999999818 ], [ 83.976985244080424, 28.679075734689832, 4132.800000000000182 ], [ 83.977039726451039, 28.679045643657449, 4132.800000000000182 ], [ 83.97708180360496, 28.679019911214709, 4132.600000000000364 ], [ 83.977102590724826, 28.678985545411702, 4132.399999999999636 ], [ 83.977101081982255, 28.678978085517883, 4132.600000000000364 ], [ 83.977113738656044, 28.678934080526233, 4132.600000000000364 ], [ 83.977119857445359, 28.678922848775983, 4132.600000000000364 ], [ 83.977152965962887, 28.678884459659457, 4132.600000000000364 ], [ 83.977182134985924, 28.678873814642429, 4132.600000000000364 ], [ 83.977213148027658, 28.678864510729909, 4132.600000000000364 ], [ 83.977220272645354, 28.678859649226069, 4132.800000000000182 ], [ 83.977247262373567, 28.678838359192017, 4133.399999999999636 ], [ 83.97727525793016, 28.678831653669477, 4133.800000000000182 ], [ 83.977281795814633, 28.678829055279493, 4134.0 ], [ 83.977282634004951, 28.678828971460462, 4134.399999999999636 ], [ 83.977282634004951, 28.678828971460462, 4134.800000000000182 ], [ 83.977282634004951, 28.678828971460462, 4135.199999999999818 ], [ 83.977282634004951, 28.678828971460462, 4135.800000000000182 ], [ 83.977282634004951, 28.678828971460462, 4136.0 ], [ 83.977282634004951, 28.678828971460462, 4136.0 ], [ 83.977282634004951, 28.678828971460462, 4136.0 ], [ 83.977286070585251, 28.678831066936255, 4136.0 ], [ 83.977340720593929, 28.678821930661801, 4136.0 ], [ 83.97734759375453, 28.678828552365303, 4136.0 ], [ 83.977420432493091, 28.678849758580327, 4135.399999999999636 ], [ 83.97752788849175, 28.678851434960961, 4135.0 ], [ 83.977539120242, 28.678852273151278, 4135.0 ], [ 83.97761438973248, 28.678837940096855, 4135.0 ], [ 83.977661328390241, 28.678832072764635, 4133.800000000000182 ], [ 83.977678511291742, 28.678829977288839, 4133.399999999999636 ], [ 83.977698544040322, 28.678827295079827, 4132.800000000000182 ], [ 83.977789571508765, 28.67882058955729, 4131.600000000000364 ], [ 83.977836342528462, 28.678815811872479, 4130.600000000000364 ], [ 83.977835671976209, 28.678810866549611, 4130.199999999999818 ], [ 83.977882778272033, 28.678812123835087, 4130.0 ], [ 83.977908929809928, 28.678811201825734, 4129.399999999999636 ], [ 83.977952599525452, 28.678832910954952, 4128.399999999999636 ], [ 83.977970033884048, 28.678841879591342, 4128.199999999999818 ], [ 83.978058798238635, 28.678836850449443, 4127.800000000000182 ], [ 83.978080255910754, 28.678828217089176, 4127.600000000000364 ], [ 83.978117723017931, 28.678827043622732, 4127.199999999999818 ], [ 83.978130714967847, 28.678822852671143, 4126.600000000000364 ], [ 83.978151166811585, 28.678821930661801, 4126.0 ], [ 83.978234147652984, 28.67884422652423, 4125.0 ], [ 83.978251414373517, 28.678848166018724, 4124.600000000000364 ], [ 83.978351410478354, 28.678886303678155, 4123.800000000000182 ], [ 83.978365659713745, 28.678886974230409, 4122.800000000000182 ], [ 83.97836540825665, 28.678882699459791, 4122.600000000000364 ], [ 83.978374041616917, 28.678877083584663, 4122.199999999999818 ], [ 83.978413017466664, 28.678878089413047, 4121.399999999999636 ], [ 83.978444030508399, 28.678872641175985, 4120.800000000000182 ], [ 83.97849197499454, 28.678876245394349, 4120.399999999999636 ], [ 83.978525921702385, 28.678870461881161, 4120.0 ], [ 83.97856917232275, 28.678875323385, 4119.199999999999818 ], [ 83.978604208678007, 28.678879681974649, 4118.199999999999818 ], [ 83.978611417114735, 28.678884962573647, 4118.0 ], [ 83.978648884221911, 28.678882448002696, 4116.800000000000182 ], [ 83.978671347722411, 28.678883872926235, 4116.399999999999636 ], [ 83.978715520352125, 28.67887431755662, 4115.800000000000182 ], [ 83.978763381019235, 28.678865768015385, 4115.399999999999636 ], [ 83.978772601112723, 28.678864678367972, 4115.399999999999636 ], [ 83.978867819532752, 28.678835593163967, 4115.399999999999636 ], [ 83.978929677978158, 28.678833246231079, 4115.0 ], [ 83.978994470089674, 28.678789241239429, 4115.0 ], [ 83.979029003530741, 28.678759904578328, 4115.0 ], [ 83.979044677689672, 28.678743978962306, 4114.800000000000182 ], [ 83.979052305221558, 28.678736267611384, 4114.800000000000182 ], [ 83.979091364890337, 28.678674912080169, 4114.800000000000182 ], [ 83.979097316041589, 28.678666446357965, 4114.600000000000364 ], [ 83.979170238599181, 28.678600899875164, 4114.399999999999636 ], [ 83.979230588302016, 28.678560247644786, 4114.399999999999636 ], [ 83.979299822822213, 28.678525546565652, 4114.399999999999636 ], [ 83.979360088706017, 28.678499311208725, 4114.399999999999636 ], [ 83.979384480044246, 28.67849076166749, 4114.399999999999636 ], [ 83.979402584955096, 28.678482798859477, 4114.399999999999636 ], [ 83.979432005435228, 28.678480368107557, 4114.399999999999636 ], [ 83.979441812261939, 28.678479613736272, 4114.399999999999636 ], [ 83.979490511119366, 28.678466621786356, 4115.199999999999818 ], [ 83.979493863880634, 28.678460670635104, 4115.199999999999818 ], [ 83.979500737041235, 28.678451534360647, 4115.199999999999818 ], [ 83.979524793103337, 28.678430831059813, 4115.199999999999818 ], [ 83.979542814195156, 28.678421527147293, 4115.199999999999818 ], [ 83.979547005146742, 28.67841406725347, 4115.199999999999818 ], [ 83.979551950469613, 28.678410965949297, 4115.199999999999818 ], [ 83.97962068207562, 28.67837886326015, 4115.0 ], [ 83.9796475879848, 28.678371151909232, 4114.800000000000182 ], [ 83.97964951582253, 28.678364111110568, 4114.600000000000364 ], [ 83.979652281850576, 28.678357908502221, 4114.600000000000364 ], [ 83.979693856090307, 28.678333684802055, 4113.800000000000182 ], [ 83.979724114760756, 28.678330667316914, 4113.800000000000182 ], [ 83.979816818609834, 28.678315747529268, 4113.600000000000364 ], [ 83.979894770309329, 28.678290853276849, 4112.800000000000182 ], [ 83.97990558296442, 28.678286410868168, 4112.600000000000364 ], [ 83.979980517178774, 28.678256487473845, 4112.0 ], [ 83.980004405602813, 28.678251877427101, 4111.399999999999636 ], [ 83.98006827570498, 28.678246596828103, 4111.399999999999636 ], [ 83.980147987604141, 28.678252212703228, 4111.399999999999636 ], [ 83.98019383661449, 28.678241483867168, 4111.399999999999636 ], [ 83.980243625119328, 28.67824642919004, 4111.399999999999636 ], [ 83.980325013399124, 28.678238717839118, 4111.399999999999636 ], [ 83.980390392243862, 28.678217260167003, 4111.600000000000364 ], [ 83.980499356985092, 28.678167555481195, 4111.600000000000364 ], [ 83.980557695031166, 28.678151797503233, 4111.800000000000182 ], [ 83.980613769963384, 28.678132016211748, 4112.600000000000364 ], [ 83.980663307011127, 28.678122544661164, 4113.600000000000364 ], [ 83.980670850723982, 28.678120784461498, 4113.800000000000182 ], [ 83.980719381943345, 28.678114162757993, 4114.399999999999636 ], [ 83.980727596208453, 28.678112402558327, 4114.600000000000364 ], [ 83.980768332257867, 28.678084658458829, 4115.199999999999818 ], [ 83.980836560949683, 28.678048700094223, 4115.600000000000364 ], [ 83.980843434110284, 28.67804316803813, 4115.800000000000182 ], [ 83.980846032500267, 28.678027912974361, 4116.0 ], [ 83.980846032500267, 28.678027829155329, 4116.0 ], [ 83.980846032500267, 28.678027829155329, 4116.0 ], [ 83.980842176824808, 28.678039396181703, 4116.0 ], [ 83.980843937024474, 28.678040988743305, 4116.0 ], [ 83.980837734416127, 28.678040402010083, 4116.0 ], [ 83.980846032500267, 28.678027829155329, 4116.0 ], [ 83.980846032500267, 28.678027829155329, 4116.0 ], [ 83.980832789093256, 28.678032858297229, 4116.0 ], [ 83.980852905660868, 28.678018022328615, 4116.199999999999818 ], [ 83.980878721922636, 28.678029421716928, 4116.199999999999818 ], [ 83.980885846540332, 28.678022297099233, 4116.199999999999818 ], [ 83.980916105210781, 28.678024811670184, 4116.199999999999818 ], [ 83.980934210121632, 28.67801827378571, 4116.800000000000182 ], [ 83.980980729684234, 28.677997570484877, 4117.399999999999636 ], [ 83.980998331680894, 28.677993211895227, 4117.399999999999636 ], [ 83.981001852080226, 28.677996313199401, 4117.399999999999636 ], [ 83.981004450470209, 28.677997905761003, 4117.399999999999636 ], [ 83.981023896485567, 28.677971502766013, 4117.399999999999636 ], [ 83.981089945882559, 28.677926994860172, 4117.399999999999636 ], [ 83.981126323342323, 28.677899921312928, 4117.399999999999636 ], [ 83.981195222586393, 28.677866142243147, 4117.399999999999636 ], [ 83.981264960020781, 28.677833452820774, 4117.399999999999636 ], [ 83.981261942535639, 28.67782750166953, 4117.399999999999636 ], [ 83.981261691078544, 28.677826998755336, 4117.399999999999636 ], [ 83.981262026354671, 28.677827250212431, 4117.800000000000182 ], [ 83.981262026354671, 28.677827250212431, 4118.199999999999818 ], [ 83.981262026354671, 28.677827250212431, 4118.199999999999818 ], [ 83.981262110173702, 28.677828256040812, 4118.199999999999818 ], [ 83.981262026354671, 28.677827250212431, 4118.199999999999818 ], [ 83.98126152344048, 28.677837643772364, 4118.199999999999818 ], [ 83.981262026354671, 28.677827250212431, 4118.399999999999636 ], [ 83.981259344145656, 28.677850719541311, 4118.399999999999636 ], [ 83.981265211477876, 28.677829932421449, 4118.199999999999818 ], [ 83.981262026354671, 28.677827250212431, 4118.399999999999636 ], [ 83.981262026354671, 28.677827250212431, 4118.399999999999636 ], [ 83.98126688785851, 28.67782817222178, 4118.399999999999636 ], [ 83.981266971677542, 28.677819957956672, 4118.399999999999636 ], [ 83.981256745755672, 28.677820209413767, 4118.399999999999636 ], [ 83.981267893686891, 28.677840242162347, 4119.0 ], [ 83.981267558410764, 28.677835967391729, 4119.0 ], [ 83.981261271983385, 28.677831357344985, 4119.0 ], [ 83.9812864176929, 28.677830519154668, 4119.0 ], [ 83.981305444613099, 28.677812162786719, 4119.0 ], [ 83.98131625726819, 28.677803529426455, 4119.199999999999818 ], [ 83.981331177055836, 28.67778743617237, 4119.199999999999818 ], [ 83.9813641179353, 28.677767822518945, 4119.0 ], [ 83.981470232829452, 28.67773680947721, 4118.600000000000364 ], [ 83.981517422944307, 28.677718201652169, 4118.600000000000364 ], [ 83.981537707149982, 28.677704790607095, 4118.600000000000364 ], [ 83.981552040204406, 28.677697330713272, 4118.199999999999818 ], [ 83.981627058237791, 28.677659360691905, 4118.199999999999818 ], [ 83.981682797893882, 28.677639747038484, 4118.199999999999818 ], [ 83.981672655791044, 28.677635975182056, 4118.0 ], [ 83.981671063229442, 28.677633879706264, 4118.0 ], [ 83.981671147048473, 28.677633963525295, 4118.0 ], [ 83.981671147048473, 28.677633963525295, 4118.0 ], [ 83.981671147048473, 28.677633963525295, 4118.0 ], [ 83.981671147048473, 28.677633963525295, 4118.199999999999818 ], [ 83.981671147048473, 28.677633963525295, 4118.199999999999818 ], [ 83.981671147048473, 28.677633963525295, 4118.199999999999818 ], [ 83.981714397668839, 28.677647542208433, 4118.399999999999636 ], [ 83.981697466224432, 28.677656259387732, 4118.600000000000364 ], [ 83.981684474274516, 28.677649218589067, 4119.0 ], [ 83.981664357706904, 28.677642932161689, 4119.199999999999818 ], [ 83.981648096814752, 28.677628263831139, 4119.399999999999636 ], [ 83.981658071279526, 28.677630107849836, 4119.600000000000364 ], [ 83.981662094593048, 28.67763563990593, 4119.600000000000364 ], [ 83.981679361313581, 28.677642093971372, 4119.600000000000364 ], [ 83.981714816763997, 28.677646452561021, 4119.600000000000364 ], [ 83.981758067384362, 28.67765667848289, 4119.600000000000364 ], [ 83.981766784563661, 28.677673526108265, 4119.600000000000364 ], [ 83.981788577511907, 28.67767134681344, 4119.600000000000364 ], [ 83.981809113174677, 28.677668664604425, 4119.399999999999636 ], [ 83.981839036568999, 28.677681991830468, 4118.399999999999636 ], [ 83.981868037953973, 28.677717363461852, 4117.399999999999636 ], [ 83.981872564181685, 28.677722727879878, 4117.399999999999636 ], [ 83.981891926378012, 28.677735887467861, 4116.800000000000182 ], [ 83.981917910277843, 28.677757093682885, 4116.399999999999636 ], [ 83.981925705447793, 28.677763715386391, 4116.199999999999818 ], [ 83.981947330757976, 28.677781904116273, 4115.199999999999818 ], [ 83.981959652155638, 28.677798416465521, 4114.199999999999818 ], [ 83.981975242495537, 28.677813420072201, 4114.199999999999818 ], [ 83.981979601085186, 28.677816689014435, 4114.0 ], [ 83.982042213901877, 28.677852395921946, 4114.0 ], [ 83.982068449258804, 28.677865974605083, 4113.399999999999636 ], [ 83.982121590524912, 28.677934873849154, 4113.399999999999636 ], [ 83.982155621051788, 28.677999246865511, 4113.399999999999636 ], [ 83.982210773974657, 28.678073594346639, 4113.399999999999636 ], [ 83.982209181413054, 28.678074516355991, 4113.600000000000364 ], [ 83.98220750503242, 28.678069487214088, 4113.600000000000364 ], [ 83.982200464233756, 28.678065882995725, 4113.600000000000364 ], [ 83.982150005176663, 28.678080635145307, 4113.600000000000364 ], [ 83.982155537232757, 28.678078623488545, 4113.600000000000364 ], [ 83.982155537232757, 28.678078623488545, 4113.600000000000364 ], [ 83.982155537232757, 28.678078623488545, 4113.600000000000364 ], [ 83.982205241918564, 28.678072253242135, 4113.600000000000364 ], [ 83.98221580311656, 28.678082814440131, 4113.600000000000364 ], [ 83.982252515852451, 28.678144756704569, 4112.600000000000364 ], [ 83.982260059565306, 28.678154060617089, 4112.399999999999636 ], [ 83.982319822534919, 28.678191946819425, 4111.399999999999636 ], [ 83.982325689867139, 28.678203765302896, 4111.199999999999818 ], [ 83.982350584119558, 28.678224133327603, 4110.800000000000182 ], [ 83.982373969629407, 28.678234275430441, 4110.399999999999636 ], [ 83.982453513890505, 28.678261432796717, 4110.199999999999818 ], [ 83.982534315437078, 28.678261348977685, 4109.399999999999636 ], [ 83.982544708997011, 28.678263109177351, 4109.199999999999818 ], [ 83.982567172497511, 28.678261768072844, 4108.800000000000182 ], [ 83.982618385925889, 28.678263863548636, 4108.399999999999636 ], [ 83.982706731185317, 28.678284734487537, 4108.399999999999636 ], [ 83.982718549668789, 28.678281381726265, 4108.199999999999818 ], [ 83.982730703428388, 28.678277023136616, 4107.800000000000182 ], [ 83.982775043696165, 28.67829043418169, 4107.199999999999818 ], [ 83.982809158042073, 28.678314154967666, 4106.800000000000182 ], [ 83.982876883819699, 28.678346509113908, 4106.600000000000364 ], [ 83.982960619032383, 28.678381461650133, 4105.800000000000182 ], [ 83.982985597103834, 28.678395627066493, 4105.199999999999818 ], [ 83.983052568510175, 28.678421946242452, 4104.600000000000364 ], [ 83.983130268752575, 28.678443320095539, 4104.600000000000364 ], [ 83.983141416683793, 28.678448684513569, 4104.199999999999818 ], [ 83.98325121961534, 28.678483469411731, 4103.399999999999636 ], [ 83.983272258192301, 28.678483972325921, 4103.199999999999818 ], [ 83.983303187415004, 28.678485313430429, 4102.0 ], [ 83.983346857130527, 28.678501155227423, 4102.0 ], [ 83.983439058065414, 28.678513392806053, 4101.600000000000364 ], [ 83.983477782458067, 28.678525127470493, 4101.399999999999636 ], [ 83.983490774407983, 28.678529988974333, 4101.199999999999818 ], [ 83.983554979786277, 28.678555469959974, 4101.199999999999818 ], [ 83.983568977564573, 28.678552284836769, 4101.0 ], [ 83.983629159629345, 28.67854842916131, 4100.800000000000182 ], [ 83.983728066086769, 28.678552368655801, 4100.199999999999818 ], [ 83.983746003359556, 28.67854499258101, 4100.0 ], [ 83.983788415789604, 28.678539795801044, 4100.0 ], [ 83.983826972544193, 28.678537616506219, 4099.800000000000182 ], [ 83.983862930908799, 28.67853376083076, 4099.800000000000182 ], [ 83.983887238427997, 28.678532838821411, 4099.800000000000182 ], [ 83.983964351937175, 28.678538789972663, 4099.800000000000182 ], [ 83.984014894813299, 28.678546249866489, 4099.800000000000182 ], [ 83.984028389677405, 28.678545160219073, 4099.800000000000182 ], [ 83.98404523730278, 28.678550440818071, 4100.600000000000364 ], [ 83.984052361920476, 28.678549602627751, 4100.800000000000182 ], [ 83.984086140990257, 28.67855085991323, 4101.399999999999636 ], [ 83.984115142375231, 28.678550943732262, 4101.800000000000182 ], [ 83.984131067991257, 28.678546668961644, 4101.800000000000182 ], [ 83.984146574512124, 28.678537700325251, 4101.800000000000182 ], [ 83.984181694686413, 28.67851858958602, 4102.800000000000182 ], [ 83.984187981113791, 28.678516577929258, 4103.0 ], [ 83.984228130429983, 28.678515907377005, 4103.199999999999818 ], [ 83.98428370244801, 28.678522612899545, 4104.0 ], [ 83.984292671084404, 28.678525798022747, 4104.199999999999818 ], [ 83.984305327758193, 28.678534682840109, 4104.399999999999636 ], [ 83.984325947239995, 28.678546836599708, 4104.600000000000364 ], [ 83.984345057979226, 28.678552955389023, 4105.199999999999818 ], [ 83.984364168718457, 28.678559409454465, 4106.0 ], [ 83.984374646097422, 28.678566869348288, 4106.600000000000364 ], [ 83.984395349398255, 28.678579358384013, 4107.199999999999818 ], [ 83.984435414895415, 28.678600313141946, 4107.600000000000364 ], [ 83.984443210065365, 28.67860266007483, 4107.600000000000364 ], [ 83.984496099874377, 28.678587321192023, 4107.800000000000182 ], [ 83.984523927792907, 28.678572736680508, 4108.399999999999636 ], [ 83.984538177028298, 28.678558906540275, 4108.600000000000364 ], [ 83.984564244747162, 28.678542645648118, 4109.0 ], [ 83.984595173969865, 28.67854138836265, 4109.399999999999636 ], [ 83.984642280265689, 28.678534096106887, 4109.800000000000182 ], [ 83.984676394611597, 28.67854256182909, 4109.800000000000182 ], [ 83.984696511179209, 28.678558152168989, 4110.399999999999636 ], [ 83.984704641625285, 28.678558738902211, 4110.800000000000182 ], [ 83.98472735658288, 28.67856158874929, 4111.800000000000182 ], [ 83.984735906124115, 28.67856309749186, 4112.0 ], [ 83.984781671315432, 28.678575921803713, 4112.600000000000364 ], [ 83.984813271090388, 28.678558235988021, 4112.600000000000364 ], [ 83.984842272475362, 28.678549602627751, 4112.800000000000182 ], [ 83.984864233061671, 28.678550105541945, 4113.199999999999818 ], [ 83.984917039051652, 28.678559241816401, 4113.199999999999818 ], [ 83.984975041821599, 28.678559241816401, 4113.600000000000364 ], [ 83.984992643818259, 28.678560499101877, 4113.800000000000182 ], [ 83.985021645203233, 28.678557397797704, 4114.0 ], [ 83.985081827268004, 28.678551111370325, 4114.600000000000364 ], [ 83.985119629651308, 28.678573742508888, 4115.0 ], [ 83.985136393457651, 28.678585477173328, 4115.0 ], [ 83.985173692926764, 28.678599642589688, 4115.199999999999818 ], [ 83.985243178904057, 28.67857919074595, 4115.600000000000364 ], [ 83.985288105905056, 28.67855915799737, 4115.800000000000182 ], [ 83.985308976843953, 28.678557146340609, 4115.800000000000182 ], [ 83.985374523326755, 28.678551698103547, 4115.800000000000182 ], [ 83.985436214134097, 28.678557565435767, 4116.199999999999818 ], [ 83.985454821959138, 28.678552452474833, 4116.399999999999636 ], [ 83.98552430793643, 28.678534096106887, 4116.600000000000364 ], [ 83.985586334019899, 28.678529066964984, 4116.800000000000182 ], [ 83.985655065625906, 28.67852739058435, 4116.800000000000182 ], [ 83.98571633733809, 28.678519008681175, 4117.0 ], [ 83.985737795010209, 28.67851548828185, 4117.0 ], [ 83.985742488875985, 28.678515404462814, 4117.199999999999818 ], [ 83.985742488875985, 28.678515404462814, 4117.199999999999818 ], [ 83.985742572695017, 28.678515572100881, 4117.800000000000182 ], [ 83.985747937113047, 28.678514733910561, 4118.199999999999818 ], [ 83.985788505524397, 28.678521187976003, 4118.399999999999636 ], [ 83.98580183275044, 28.678517919033769, 4118.399999999999636 ], [ 83.985830834135413, 28.67851858958602, 4118.399999999999636 ], [ 83.98587073199451, 28.678515572100881, 4118.600000000000364 ], [ 83.985904175788164, 28.678491096943617, 4118.600000000000364 ], [ 83.985944073647261, 28.678445834666491, 4119.399999999999636 ], [ 83.985982462763786, 28.678436111658812, 4119.600000000000364 ], [ 83.986002914607525, 28.678434519097209, 4119.800000000000182 ], [ 83.986017163842916, 28.678431753069159, 4120.0 ], [ 83.986016660928726, 28.678432842716575, 4120.0 ], [ 83.986020600423217, 28.67843016050756, 4120.399999999999636 ], [ 83.986072149127722, 28.6784159950912, 4121.199999999999818 ], [ 83.986093858256936, 28.678398225456476, 4121.399999999999636 ], [ 83.986124871298671, 28.678373666480184, 4121.600000000000364 ], [ 83.986174492165446, 28.678345754742622, 4121.600000000000364 ], [ 83.986185807734728, 28.678343072533607, 4122.0 ], [ 83.986205589026213, 28.678338211029768, 4122.0 ], [ 83.986247917637229, 28.67833242751658, 4122.199999999999818 ], [ 83.986264932900667, 28.678326644003391, 4122.199999999999818 ], [ 83.986273482441902, 28.678328152745959, 4122.800000000000182 ], [ 83.986268285661936, 28.67832656018436, 4123.199999999999818 ], [ 83.986304076388478, 28.678330751135945, 4123.600000000000364 ], [ 83.986348751932383, 28.678323207423091, 4123.800000000000182 ], [ 83.98637305945158, 28.678324548527598, 4123.800000000000182 ], [ 83.986379010602832, 28.678324883803725, 4124.0 ], [ 83.986398624256253, 28.678330918774009, 4124.199999999999818 ], [ 83.986410610377789, 28.678329829126596, 4125.0 ], [ 83.986431062221527, 28.678326979279522, 4125.600000000000364 ], [ 83.986453777179122, 28.678333852440119, 4125.600000000000364 ], [ 83.986462745815516, 28.678335109725595, 4126.0 ], [ 83.986475151032209, 28.678334522992373, 4126.399999999999636 ], [ 83.986512618139386, 28.678328907117248, 4126.800000000000182 ], [ 83.986526783555746, 28.67832706309855, 4127.199999999999818 ], [ 83.986545223742723, 28.678321782499552, 4127.199999999999818 ], [ 83.986577242612839, 28.678321111947294, 4127.399999999999636 ], [ 83.986589061096311, 28.678325051441789, 4128.399999999999636 ], [ 83.986591156572104, 28.678324967622757, 4128.600000000000364 ], [ 83.986591156572104, 28.678324967622757, 4128.800000000000182 ], [ 83.986591156572104, 28.678324967622757, 4128.800000000000182 ], [ 83.986591156572104, 28.678324967622757, 4128.800000000000182 ], [ 83.986591156572104, 28.678324967622757, 4128.800000000000182 ], [ 83.986591156572104, 28.678324967622757, 4128.800000000000182 ], [ 83.986591156572104, 28.678324967622757, 4128.800000000000182 ], [ 83.986591156572104, 28.678324967622757, 4128.800000000000182 ], [ 83.986591156572104, 28.678324967622757, 4128.800000000000182 ], [ 83.986591156572104, 28.678324967622757, 4128.800000000000182 ], [ 83.98661152459681, 28.678319519385695, 4129.0 ], [ 83.986660642549396, 28.678313652053475, 4129.0 ], [ 83.986701210960746, 28.678309293463823, 4129.0 ], [ 83.986736247316003, 28.678303007036448, 4129.199999999999818 ], [ 83.986753346398473, 28.678303174674511, 4129.600000000000364 ], [ 83.986776145175099, 28.678300408646464, 4130.399999999999636 ], [ 83.986795675009489, 28.678300408646464, 4130.600000000000364 ], [ 83.986832890659571, 28.678306778892875, 4131.0 ], [ 83.986841021105647, 28.678314154967666, 4131.800000000000182 ], [ 83.986844373866916, 28.678317340090871, 4132.199999999999818 ], [ 83.986864155158401, 28.678323123604059, 4132.600000000000364 ], [ 83.986909165978432, 28.678324967622757, 4132.800000000000182 ], [ 83.986914195120335, 28.678324213251472, 4133.199999999999818 ], [ 83.986929701641202, 28.678321614861488, 4134.0 ], [ 83.986949231475592, 28.678320944309235, 4134.199999999999818 ], [ 83.986978651955724, 28.678324380889535, 4134.399999999999636 ], [ 83.987020226195455, 28.678318010643125, 4134.800000000000182 ], [ 83.987058699131012, 28.678316753357649, 4135.199999999999818 ], [ 83.987096920609474, 28.678310299292207, 4136.0 ], [ 83.987125921994448, 28.678316585719585, 4136.199999999999818 ], [ 83.987144194543362, 28.6783158313483, 4136.800000000000182 ], [ 83.987143691629171, 28.678322955965996, 4137.0 ], [ 83.987156013026834, 28.678309796378016, 4137.199999999999818 ], [ 83.987158443778753, 28.678307449445128, 4137.199999999999818 ], [ 83.987158443778753, 28.678307449445128, 4137.399999999999636 ], [ 83.987163892015815, 28.678304264321923, 4137.600000000000364 ], [ 83.987215524539351, 28.678297726437449, 4137.800000000000182 ], [ 83.987235892564058, 28.678296972066164, 4137.800000000000182 ], [ 83.987271934747696, 28.678299067541957, 4138.399999999999636 ], [ 83.987276712432504, 28.678300324827433, 4138.399999999999636 ], [ 83.987301103770733, 28.678305689245462, 4139.399999999999636 ], [ 83.98730831220746, 28.678306946530935, 4139.399999999999636 ], [ 83.987313089892268, 28.678309712558985, 4139.600000000000364 ], [ 83.987324070185423, 28.678317675367001, 4140.600000000000364 ], [ 83.987331865355372, 28.678322117775679, 4140.800000000000182 ], [ 83.987376876175404, 28.678327817469835, 4141.199999999999818 ], [ 83.987422054633498, 28.678337456658483, 4141.600000000000364 ], [ 83.987428676337004, 28.678340725600719, 4141.800000000000182 ], [ 83.987454827874899, 28.678348520770669, 4142.800000000000182 ], [ 83.987458432093263, 28.678349358960983, 4143.0 ], [ 83.98750176653266, 28.678355142474174, 4143.800000000000182 ], [ 83.987504281103611, 28.678356567397714, 4144.0 ], [ 83.987570162862539, 28.678352711722255, 4144.0 ], [ 83.987618610262871, 28.678361847996712, 4144.600000000000364 ], [ 83.987627914175391, 28.678362686187029, 4144.800000000000182 ], [ 83.987671751528978, 28.678369307890534, 4145.800000000000182 ], [ 83.987676529213786, 28.67836813442409, 4146.0 ], [ 83.987722462043166, 28.678378192707896, 4146.800000000000182 ], [ 83.987762359902263, 28.678398812189695, 4147.0 ], [ 83.987770657986403, 28.678401662036777, 4147.199999999999818 ], [ 83.987794714048505, 28.678413480520248, 4148.0 ], [ 83.987832684069872, 28.678420940414071, 4149.199999999999818 ], [ 83.987853974103928, 28.678426388651133, 4149.600000000000364 ], [ 83.987889932468534, 28.678437117487192, 4150.399999999999636 ], [ 83.987901834771037, 28.678443655371662, 4151.399999999999636 ], [ 83.987945923581719, 28.678460754454136, 4152.600000000000364 ], [ 83.987945588305593, 28.678465699777007, 4153.800000000000182 ], [ 83.987971069291234, 28.678467124700543, 4154.600000000000364 ], [ 83.987984815612435, 28.67847433313727, 4155.0 ], [ 83.98800116032362, 28.678483804687858, 4156.0 ], [ 83.98800459690392, 28.678483301773667, 4156.399999999999636 ], [ 83.988020857796073, 28.67848145775497, 4157.199999999999818 ], [ 83.988071568310261, 28.678481793031096, 4158.0 ], [ 83.98808766156435, 28.678482631221417, 4158.399999999999636 ], [ 83.988122278824449, 28.678487660363317, 4159.399999999999636 ], [ 83.988142311573029, 28.678488498553634, 4160.199999999999818 ], [ 83.988167708739638, 28.678489839658141, 4160.600000000000364 ], [ 83.988218754529953, 28.678503502160311, 4160.600000000000364 ], [ 83.988274997100234, 28.678538873791695, 4160.600000000000364 ], [ 83.988346494734287, 28.67857382632792, 4161.800000000000182 ], [ 83.988365270197392, 28.678585896268487, 4162.199999999999818 ], [ 83.988386308774352, 28.67859318852425, 4163.0 ], [ 83.988419668748975, 28.678600983694196, 4164.199999999999818 ], [ 83.988449173048139, 28.678610706701875, 4165.600000000000364 ], [ 83.988470714539289, 28.678615568205711, 4166.600000000000364 ], [ 83.988495776429772, 28.678627889603376, 4167.800000000000182 ], [ 83.988526370376348, 28.678641971200705, 4168.600000000000364 ], [ 83.988557131960988, 28.678659740835428, 4168.800000000000182 ], [ 83.988572806119919, 28.678673151880503, 4169.199999999999818 ], [ 83.988579511642456, 28.678675163537264, 4169.800000000000182 ], [ 83.988619912415743, 28.6786974593997, 4170.0 ], [ 83.988673891872168, 28.678729729726911, 4171.199999999999818 ], [ 83.988713370636106, 28.67874532006681, 4172.0 ], [ 83.988744216039777, 28.678771555423737, 4172.399999999999636 ], [ 83.988745808601379, 28.678792007267475, 4172.399999999999636 ], [ 83.988745221868157, 28.678810698911548, 4173.0 ], [ 83.988739438354969, 28.678843388333917, 4173.0 ], [ 83.988740695640445, 28.678858475759625, 4173.0 ], [ 83.988748826086521, 28.678872138261795, 4173.0 ], [ 83.988758716732264, 28.678887141868472, 4173.0 ], [ 83.988761398941278, 28.678906252607703, 4172.399999999999636 ], [ 83.988772463053465, 28.678954532369971, 4171.800000000000182 ], [ 83.988776570186019, 28.678981103003025, 4171.399999999999636 ], [ 83.988775564357638, 28.679014379158616, 4170.800000000000182 ], [ 83.988754022866488, 28.679071795195341, 4169.600000000000364 ], [ 83.988754861056805, 28.679075902327895, 4169.0 ], [ 83.98876391351223, 28.679063664749265, 4168.600000000000364 ], [ 83.988768691197038, 28.679058300331235, 4168.399999999999636 ], [ 83.988802805542946, 28.678994346410036, 4167.600000000000364 ], [ 83.988809427246451, 28.678990826010704, 4167.399999999999636 ], [ 83.98884161375463, 28.678985377773643, 4166.800000000000182 ], [ 83.988860556855798, 28.678972134366632, 4166.399999999999636 ], [ 83.988890899345279, 28.678975068032742, 4165.800000000000182 ], [ 83.988885786384344, 28.678993256762624, 4165.199999999999818 ], [ 83.988873800262809, 28.679010355845097, 4163.800000000000182 ], [ 83.988865921273828, 28.679011864587665, 4163.800000000000182 ], [ 83.988860975950956, 28.679027622565627, 4163.399999999999636 ], [ 83.988852510228753, 28.679060228168964, 4162.600000000000364 ], [ 83.988850666210055, 28.679077997803688, 4161.199999999999818 ], [ 83.988856617361307, 28.679103730246425, 4160.0 ], [ 83.988862987607718, 28.67912108078599, 4159.800000000000182 ], [ 83.98886944167316, 28.679154692217708, 4159.0 ], [ 83.988857371732593, 28.679174138233066, 4158.199999999999818 ], [ 83.988849325105548, 28.679180927574635, 4158.0 ], [ 83.988838428631425, 28.679197272285819, 4157.0 ], [ 83.988837841898203, 28.67922225035727, 4155.800000000000182 ], [ 83.98884211666882, 28.679247898980975, 4154.600000000000364 ], [ 83.988832393661141, 28.679273966699839, 4154.0 ], [ 83.988826358690858, 28.679286120459437, 4153.399999999999636 ], [ 83.988819820806384, 28.679304393008351, 4152.600000000000364 ], [ 83.988831052556634, 28.679293245077133, 4152.199999999999818 ], [ 83.988849828019738, 28.679300034418706, 4151.0 ], [ 83.988849576562643, 28.679304225370288, 4150.600000000000364 ], [ 83.988827113062143, 28.679344207048416, 4150.399999999999636 ], [ 83.988816384226084, 28.679372789338231, 4150.0 ], [ 83.988801715895534, 28.679384021088481, 4149.0 ], [ 83.988788472488523, 28.679395923390985, 4148.0 ], [ 83.988779503852129, 28.679401287809014, 4147.800000000000182 ], [ 83.988772630691528, 28.67941034026444, 4146.800000000000182 ], [ 83.988782940432429, 28.679408077150583, 4146.800000000000182 ], [ 83.988843122497201, 28.679411262273788, 4146.800000000000182 ], [ 83.988856868818402, 28.679418135434389, 4145.600000000000364 ], [ 83.988875392824411, 28.679422410205007, 4144.199999999999818 ], [ 83.98890950717032, 28.679409502074119, 4143.600000000000364 ], [ 83.988939095288515, 28.679402796551585, 4143.399999999999636 ], [ 83.988968431949615, 28.679413525387645, 4142.800000000000182 ], [ 83.988962145522237, 28.679418554529548, 4142.399999999999636 ], [ 83.988945465534925, 28.679432300850749, 4141.600000000000364 ], [ 83.988909004256129, 28.67945333942771, 4140.600000000000364 ], [ 83.988896850496531, 28.679459458217025, 4140.199999999999818 ], [ 83.988883020356297, 28.679472617805004, 4139.399999999999636 ], [ 83.988857790827751, 28.679494243115187, 4138.399999999999636 ], [ 83.988845385611057, 28.679500613361597, 4137.800000000000182 ], [ 83.988833902403712, 28.679507821798325, 4137.199999999999818 ], [ 83.988808002322912, 28.679532213136554, 4136.399999999999636 ], [ 83.988802302628756, 28.679538331925869, 4136.199999999999818 ], [ 83.988805152475834, 28.679548306390643, 4135.0 ], [ 83.988805320113897, 28.679559621959925, 4134.600000000000364 ], [ 83.988794172182679, 28.679580660536885, 4134.0 ], [ 83.988792160525918, 28.679593065753579, 4133.600000000000364 ], [ 83.988793082535267, 28.679605638608336, 4132.800000000000182 ], [ 83.988790400326252, 28.679624833166599, 4131.600000000000364 ], [ 83.988758213818073, 28.679650314152241, 4130.600000000000364 ], [ 83.988720327615738, 28.679660959169269, 4129.399999999999636 ], [ 83.988703479990363, 28.679669424891472, 4129.199999999999818 ], [ 83.988695098087192, 28.679693648591641, 4128.600000000000364 ], [ 83.988689063116908, 28.679688032716513, 4128.199999999999818 ], [ 83.988686464726925, 28.679688284173608, 4127.399999999999636 ], [ 83.988668946549296, 28.679687445983291, 4127.199999999999818 ], [ 83.988652098923922, 28.679696917533875, 4127.0 ], [ 83.988633407279849, 28.679712424054745, 4126.800000000000182 ], [ 83.988633072003722, 28.679711166769263, 4126.199999999999818 ], [ 83.988606669008732, 28.679733881726861, 4126.0 ], [ 83.988600466400385, 28.679746622219682, 4125.600000000000364 ], [ 83.988601891323924, 28.679756177589297, 4125.0 ], [ 83.988608010113239, 28.67976950481534, 4124.600000000000364 ], [ 83.98857775144279, 28.679783837869763, 4123.800000000000182 ], [ 83.988560903817415, 28.679790375754237, 4123.0 ], [ 83.988555539399385, 28.67979196831584, 4122.600000000000364 ], [ 83.988535422831774, 28.679807642474771, 4121.600000000000364 ], [ 83.98852645419538, 28.679819041863084, 4121.199999999999818 ], [ 83.988510444760323, 28.679841421544552, 4120.399999999999636 ], [ 83.988498458638787, 28.679869752377272, 4119.399999999999636 ], [ 83.988496111705899, 28.679873356595635, 4119.199999999999818 ], [ 83.988486723974347, 28.679889114573601, 4118.199999999999818 ], [ 83.988462667912245, 28.679914930835366, 4116.800000000000182 ], [ 83.988452274352312, 28.679927168413997, 4116.199999999999818 ], [ 83.988441126421094, 28.679934544488788, 4115.600000000000364 ], [ 83.988453950732946, 28.679953571408987, 4114.800000000000182 ], [ 83.988440874963999, 28.679962204769257, 4114.600000000000364 ], [ 83.988410867750645, 28.679983830079436, 4113.199999999999818 ], [ 83.988391757011414, 28.679990787059069, 4112.199999999999818 ], [ 83.988372310996056, 28.680001767352223, 4111.199999999999818 ], [ 83.988320343196392, 28.680031942203641, 4110.800000000000182 ], [ 83.988302070647478, 28.680067816749215, 4110.0 ], [ 83.98828505538404, 28.680094638839364, 4109.199999999999818 ], [ 83.988276422023773, 28.680102936923504, 4109.0 ], [ 83.988249097019434, 28.68013110011816, 4107.800000000000182 ], [ 83.988223783671856, 28.680168064311147, 4107.399999999999636 ], [ 83.988201320171356, 28.680206621065736, 4106.600000000000364 ], [ 83.98816829547286, 28.680260935798287, 4105.800000000000182 ], [ 83.988160835579038, 28.680270072072744, 4105.600000000000364 ], [ 83.988112136721611, 28.680320447310805, 4104.600000000000364 ], [ 83.988095624372363, 28.680336037650704, 4104.600000000000364 ], [ 83.988017253577709, 28.68041499517858, 4104.600000000000364 ], [ 83.988005518913269, 28.680424299091101, 4104.600000000000364 ], [ 83.987915832549334, 28.680480374023318, 4104.600000000000364 ], [ 83.987869061529636, 28.680539717897773, 4104.600000000000364 ], [ 83.987847771495581, 28.680570144206285, 4104.600000000000364 ], [ 83.987836372107267, 28.680588500574231, 4105.0 ], [ 83.987813489511609, 28.680621022358537, 4105.600000000000364 ], [ 83.987797731533647, 28.68063292466104, 4105.600000000000364 ], [ 83.987752720713615, 28.680646000429988, 4105.600000000000364 ], [ 83.987739896401763, 28.680651364848018, 4105.600000000000364 ], [ 83.98772120475769, 28.680659243836999, 4105.800000000000182 ], [ 83.987679462879896, 28.680708529427648, 4107.0 ], [ 83.987641660496593, 28.680743398144841, 4107.600000000000364 ], [ 83.987626824527979, 28.680753540247679, 4107.600000000000364 ], [ 83.987577958032489, 28.680796371772885, 4108.0 ], [ 83.987577790394425, 28.680795868858695, 4108.0 ], [ 83.987568737939, 28.680787738412619, 4108.399999999999636 ], [ 83.987567229196429, 28.680787151679397, 4108.399999999999636 ], [ 83.987555745989084, 28.680793438106775, 4108.600000000000364 ], [ 83.987547531723976, 28.680798886343837, 4108.600000000000364 ], [ 83.987525654956698, 28.680815817788243, 4108.600000000000364 ], [ 83.987517608329654, 28.680816907435656, 4108.600000000000364 ], [ 83.987506376579404, 28.68081078864634, 4108.600000000000364 ], [ 83.987506879493594, 28.680811543017622, 4108.399999999999636 ], [ 83.987508052960038, 28.680814309045672, 4108.399999999999636 ], [ 83.98754526861012, 28.680832497775555, 4106.800000000000182 ], [ 83.987541496753693, 28.680837694555521, 4106.199999999999818 ], [ 83.987522386014462, 28.680882705375552, 4106.199999999999818 ], [ 83.987467065453529, 28.680956549942493, 4106.199999999999818 ], [ 83.987420042976737, 28.681033914908767, 4106.199999999999818 ], [ 83.987407051026821, 28.681078338995576, 4105.600000000000364 ], [ 83.987369416281581, 28.681181604042649, 4104.800000000000182 ], [ 83.987369248643517, 28.68120021186769, 4104.199999999999818 ], [ 83.987367739900947, 28.681213119998574, 4103.600000000000364 ], [ 83.987339325249195, 28.681272631511092, 4102.399999999999636 ], [ 83.987320717424154, 28.68130917660892, 4101.600000000000364 ], [ 83.987300600856543, 28.68136927485466, 4101.199999999999818 ], [ 83.987277634441853, 28.681407161056995, 4100.399999999999636 ], [ 83.987271515652537, 28.68142174556851, 4100.399999999999636 ], [ 83.987217284739017, 28.681496679782867, 4100.399999999999636 ], [ 83.987187696620822, 28.681563315913081, 4100.199999999999818 ], [ 83.987174956128001, 28.681609081104401, 4099.800000000000182 ], [ 83.98714117705822, 28.681683596223593, 4099.399999999999636 ], [ 83.987136483192444, 28.681679153814912, 4099.399999999999636 ], [ 83.987131537869573, 28.681694241240621, 4099.199999999999818 ], [ 83.987121563404799, 28.681720057502389, 4099.199999999999818 ], [ 83.987080324441195, 28.681782418861985, 4098.199999999999818 ], [ 83.987068589776754, 28.681791974231601, 4098.0 ], [ 83.987041851505637, 28.681812845170494, 4097.0 ], [ 83.987026093527675, 28.681845366954803, 4095.800000000000182 ], [ 83.987011341378093, 28.681861460208893, 4094.800000000000182 ], [ 83.986992817372084, 28.68189062923193, 4093.800000000000182 ], [ 83.986979573965073, 28.681902280077335, 4093.4 ], [ 83.986944453790784, 28.681931784376506, 4092.800000000000182 ], [ 83.986932132393122, 28.68194536305964, 4092.0 ], [ 83.986920062452555, 28.681951062753797, 4091.4 ], [ 83.98690128698945, 28.681965731084347, 4090.199999999999818 ], [ 83.986876560375094, 28.681986099109057, 4089.199999999999818 ], [ 83.986869100481272, 28.681992720812559, 4088.800000000000182 ], [ 83.986848816275597, 28.68202256038785, 4087.800000000000182 ], [ 83.986841021105647, 28.682036306709051, 4087.4 ], [ 83.986830376088619, 28.682052735239267, 4086.800000000000182 ], [ 83.986797854304314, 28.682085173204541, 4085.800000000000182 ], [ 83.986791651695967, 28.682091375812888, 4085.6 ], [ 83.986776228994131, 28.68210612796247, 4084.6 ], [ 83.986749825999141, 28.682119455188513, 4083.4 ], [ 83.986729457974434, 28.682127501815557, 4083.0 ], [ 83.986713113263249, 28.682132447138429, 4082.4 ], [ 83.986709509044886, 28.682140996679664, 4081.199999999999818 ], [ 83.986715376377106, 28.6821408290416, 4080.6 ], [ 83.986708000302315, 28.682145774364471, 4080.0 ], [ 83.98667992092669, 28.682155245915055, 4080.0 ], [ 83.986673299223185, 28.682180140167475, 4079.0 ], [ 83.986671371385455, 28.682185253128409, 4078.6 ], [ 83.986666342243552, 28.682197574526072, 4077.800000000000182 ], [ 83.986637843772769, 28.682213500142097, 4076.800000000000182 ], [ 83.986609764397144, 28.682235879823565, 4075.800000000000182 ], [ 83.986609764397144, 28.682246105745435, 4075.0 ], [ 83.986597862094641, 28.682254990562797, 4074.6 ], [ 83.98658755235374, 28.682276029139757, 4074.0 ], [ 83.98658855818212, 28.682294469326735, 4073.4 ], [ 83.986568944528699, 28.682318273931742, 4072.199999999999818 ], [ 83.986552935093641, 28.682330762967467, 4071.6 ], [ 83.986535249277949, 28.6823411565274, 4071.0 ], [ 83.98650549352169, 28.68237342685461, 4069.6 ], [ 83.986489651724696, 28.68239882402122, 4069.0 ], [ 83.986461404711008, 28.682450708001852, 4068.4 ], [ 83.986451178789139, 28.682468896731734, 4067.800000000000182 ], [ 83.98644095286727, 28.682487085461617, 4067.199999999999818 ], [ 83.986426619812846, 28.682519439607859, 4066.0 ], [ 83.986414801329374, 28.682534191757441, 4065.4 ], [ 83.986402982845902, 28.682552464306355, 4065.0 ], [ 83.986370209604502, 28.682582890614867, 4064.4 ], [ 83.986343638971448, 28.682620944455262, 4063.800000000000182 ], [ 83.986312039196491, 28.682654220610857, 4063.0 ], [ 83.986288150772452, 28.682670062407851, 4062.6 ], [ 83.986248504370451, 28.682696213945743, 4061.6 ], [ 83.986243894323707, 28.682702081277966, 4061.4 ], [ 83.986230231821537, 28.682721862569451, 4060.6 ], [ 83.986211456358433, 28.682749355211858, 4060.0 ], [ 83.986210115253925, 28.68275698274374, 4059.6 ], [ 83.986208522692323, 28.682770142331719, 4059.6 ], [ 83.986211372539401, 28.682777853682637, 4059.6 ], [ 83.986212378367782, 28.68278045207262, 4059.4 ], [ 83.986211456358433, 28.682783469557759, 4059.199999999999818 ], [ 83.986211456358433, 28.682783469557759, 4059.0 ], [ 83.986223945394158, 28.682786067947745, 4059.0 ], [ 83.986216066405177, 28.682773746550083, 4059.0 ], [ 83.98619469255209, 28.682799227535725, 4058.199999999999818 ], [ 83.986194944009185, 28.682806435972452, 4058.199999999999818 ], [ 83.986189914867282, 28.68281657807529, 4057.0 ], [ 83.986187567934394, 28.68282361887395, 4056.199999999999818 ], [ 83.986186226829886, 28.682828061282635, 4056.0 ], [ 83.986186310648918, 28.682861337438226, 4054.6 ], [ 83.986184718087316, 28.682867791503668, 4054.4 ], [ 83.986170971766114, 28.682910120114684, 4053.6 ], [ 83.986150939017534, 28.682955214753747, 4052.4 ], [ 83.986105341464281, 28.682983629405499, 4051.0 ], [ 83.98607550188899, 28.683003410696983, 4050.4 ], [ 83.986031915992498, 28.683059988543391, 4050.199999999999818 ], [ 83.985966704785824, 28.683120170608163, 4050.0 ], [ 83.985954383388162, 28.683121595531706, 4050.0 ], [ 83.985916245728731, 28.683157889172435, 4049.0 ], [ 83.985921107232571, 28.683152943849564, 4048.800000000000182 ], [ 83.985925382003188, 28.683147747069597, 4048.800000000000182 ], [ 83.985971147194505, 28.683132911100984, 4047.800000000000182 ], [ 83.985976260155439, 28.683135425671935, 4047.4 ], [ 83.985983384773135, 28.683145316317677, 4047.0 ], [ 83.985975086688995, 28.683154201135039, 4046.6 ], [ 83.985949270427227, 28.683170713484287, 4045.800000000000182 ], [ 83.985931668430567, 28.683185549452901, 4045.4 ], [ 83.985920185223222, 28.68320943787694, 4044.4 ], [ 83.985921693965793, 28.683214969933033, 4044.0 ], [ 83.985915742814541, 28.683233326300979, 4043.199999999999818 ], [ 83.985902415588498, 28.683277582749724, 4042.0 ], [ 83.985885735601187, 28.683309266343713, 4040.800000000000182 ], [ 83.985871486365795, 28.683338267728686, 4039.6 ], [ 83.98583896458149, 28.683358719572425, 4038.4 ], [ 83.985819015651941, 28.683382272720337, 4037.6 ], [ 83.985814405605197, 28.683390906080604, 4037.4 ], [ 83.985775513574481, 28.683439856395125, 4036.199999999999818 ], [ 83.985771993175149, 28.683450752869248, 4036.199999999999818 ], [ 83.985757157206535, 28.683487633243203, 4035.199999999999818 ], [ 83.98575154133141, 28.683510012924671, 4034.0 ], [ 83.985723042860627, 28.683552173897624, 4033.199999999999818 ], [ 83.985695969313383, 28.683584863319993, 4033.0 ], [ 83.985680127516389, 28.683614116162062, 4031.6 ], [ 83.985671326518059, 28.683632640168071, 4030.6 ], [ 83.985654562711716, 28.683658456429839, 4029.6 ], [ 83.985645761713386, 28.683672118932009, 4028.4 ], [ 83.985642325133085, 28.683687457814813, 4028.0 ], [ 83.985635535791516, 28.683726936578751, 4027.4 ], [ 83.985633356496692, 28.683753255754709, 4027.0 ], [ 83.985641906037927, 28.683782340958711, 4026.199999999999818 ], [ 83.985648695379496, 28.68380120024085, 4025.0 ], [ 83.985645845532417, 28.68380949832499, 4024.4 ], [ 83.985647857189178, 28.683826262131333, 4024.0 ], [ 83.985626567155123, 28.683862974867225, 4022.800000000000182 ], [ 83.985612317919731, 28.683892479166389, 4021.6 ], [ 83.985607288777828, 28.683902285993099, 4021.4 ], [ 83.985603852197528, 28.683909829705954, 4021.0 ], [ 83.985614413395524, 28.683912511914968, 4020.6 ], [ 83.985642157495022, 28.683898933231831, 4019.4 ], [ 83.985668979585171, 28.683894407004122, 4018.4 ], [ 83.985675601288676, 28.683888455852863, 4017.800000000000182 ], [ 83.985694963485003, 28.683878229930997, 4017.4 ], [ 83.985721617937088, 28.683874541893601, 4016.199999999999818 ], [ 83.985744249075651, 28.683864148333669, 4015.4 ], [ 83.985752547159791, 28.683858867734671, 4015.199999999999818 ], [ 83.985792445018888, 28.683837661519647, 4014.199999999999818 ], [ 83.985815579071641, 28.683854090049863, 4013.0 ], [ 83.985794372856617, 28.683896586298943, 4012.0 ], [ 83.985789008438587, 28.683925839141011, 4011.6 ], [ 83.985780207440257, 28.683958444744349, 4010.800000000000182 ], [ 83.985778782516718, 28.683955259621143, 4010.0 ], [ 83.985776687040925, 28.683955259621143, 4010.0 ], [ 83.985780123621225, 28.683967916294932, 4009.6 ], [ 83.985772663727403, 28.684005215764049, 4008.4 ], [ 83.985759252682328, 28.684018291532993, 4007.800000000000182 ], [ 83.985734861344099, 28.684028768911961, 4007.199999999999818 ], [ 83.985699908807874, 28.684064643457532, 4006.4 ], [ 83.985694544389844, 28.684072103351355, 4006.199999999999818 ], [ 83.98568800650537, 28.684097165241841, 4005.199999999999818 ], [ 83.985686162486672, 28.684104038402442, 4005.0 ], [ 83.985681803897023, 28.684130357578397, 4004.199999999999818 ], [ 83.98566797375679, 28.684133794158697, 4003.199999999999818 ], [ 83.985658921301365, 28.684135302901268, 4003.0 ], [ 83.985635284334421, 28.684142930433151, 4002.4 ], [ 83.985622879117727, 28.684148630127311, 4002.0 ], [ 83.985619777813554, 28.684157934039831, 4001.199999999999818 ], [ 83.985618939623237, 28.684163382276893, 4001.0 ], [ 83.985600583255291, 28.684189030900601, 4000.0 ], [ 83.985593542456627, 28.684196993708611, 3999.4 ], [ 83.985581723973155, 28.684206381440163, 3998.800000000000182 ], [ 83.985570911318064, 28.684241753071547, 3997.6 ], [ 83.985566971823573, 28.684254912659529, 3997.0 ], [ 83.985557500272989, 28.684267736971378, 3996.6 ], [ 83.9855414070189, 28.684284249320623, 3996.199999999999818 ], [ 83.985517686232924, 28.684295229613781, 3995.199999999999818 ], [ 83.985489020124078, 28.684305874630809, 3994.199999999999818 ], [ 83.985461862757802, 28.68434434756637, 3993.199999999999818 ], [ 83.985458593815565, 28.68437267839909, 3992.199999999999818 ], [ 83.985448367893696, 28.684405535459518, 3991.199999999999818 ], [ 83.985426826402545, 28.684437638148665, 3990.199999999999818 ], [ 83.985417103394866, 28.684453647583723, 3990.0 ], [ 83.985412325710058, 28.684454150497913, 3989.199999999999818 ], [ 83.985412325710058, 28.684454150497913, 3989.199999999999818 ], [ 83.985410900786519, 28.684453815221783, 3989.199999999999818 ], [ 83.985394388437271, 28.684479966759682, 3989.0 ], [ 83.985393634065986, 28.684482900425792, 3988.800000000000182 ], [ 83.985389778390527, 28.68450460955501, 3987.6 ], [ 83.985390365123749, 28.684510728344321, 3987.199999999999818 ], [ 83.985387180000544, 28.684525899589062, 3986.4 ], [ 83.985388604924083, 28.684552554041147, 3985.6 ], [ 83.985385168343782, 28.684555487707257, 3985.4 ], [ 83.985377037897706, 28.684575688093901, 3984.199999999999818 ], [ 83.985366225242615, 28.684590272605419, 3983.800000000000182 ], [ 83.985347282141447, 28.684602174907923, 3983.199999999999818 ], [ 83.985311239957809, 28.68464014492929, 3982.0 ], [ 83.985307300463319, 28.684646179899573, 3981.800000000000182 ], [ 83.985293470323086, 28.684670487418771, 3981.0 ], [ 83.985288105905056, 28.684698566794395, 3980.4 ], [ 83.985282238572836, 28.684712313115597, 3980.0 ], [ 83.98527167737484, 28.684741146862507, 3979.0 ], [ 83.985263211652637, 28.684756234288216, 3978.199999999999818 ], [ 83.985257679596543, 28.684763358905911, 3977.800000000000182 ], [ 83.985254410654306, 28.684796383604407, 3976.800000000000182 ], [ 83.985252231359482, 28.684803592041135, 3976.6 ], [ 83.985248208045959, 28.684809794649482, 3976.4 ], [ 83.98519984446466, 28.684864360839128, 3975.6 ], [ 83.985193055123091, 28.684871401637793, 3975.6 ], [ 83.985176039859653, 28.684907862916589, 3975.4 ], [ 83.985177129507065, 28.684909623116255, 3975.4 ], [ 83.985178805887699, 28.684911550953984, 3975.4 ], [ 83.985175117850304, 28.684928985312581, 3975.4 ], [ 83.985166400671005, 28.684967877343297, 3974.4 ], [ 83.985154079273343, 28.684992687776685, 3974.4 ], [ 83.985136058181524, 28.685053121298552, 3974.4 ], [ 83.985118707641959, 28.685100395232439, 3974.4 ], [ 83.985115271061659, 28.685149429365993, 3974.4 ], [ 83.985106134787202, 28.685195026919249, 3974.4 ], [ 83.985109152272344, 28.685204163193703, 3974.4 ], [ 83.98510018363595, 28.685237606987357, 3974.800000000000182 ], [ 83.985092723742127, 28.685266189277172, 3975.800000000000182 ], [ 83.985085180029273, 28.685276750475168, 3976.0 ], [ 83.9850820787251, 28.685292340815067, 3976.4 ], [ 83.985083168372512, 28.685299381613731, 3977.0 ], [ 83.985084677115083, 28.685300471261144, 3977.6 ], [ 83.985084677115083, 28.685300471261144, 3977.800000000000182 ], [ 83.985084593296051, 28.685311200097203, 3977.800000000000182 ], [ 83.985064895823598, 28.685345817357302, 3978.199999999999818 ], [ 83.985061291605234, 28.685349924489856, 3978.4 ], [ 83.985047461465001, 28.685358222573996, 3979.199999999999818 ], [ 83.985041175037622, 28.685361994430423, 3979.6 ], [ 83.985032290220261, 28.685363251715899, 3980.199999999999818 ], [ 83.985029105097055, 28.685367610305548, 3980.4 ], [ 83.985018292441964, 28.68537406437099, 3980.800000000000182 ], [ 83.98501661606133, 28.685376578941941, 3980.800000000000182 ], [ 83.985017035156488, 28.685391079634428, 3981.4 ], [ 83.985018962994218, 28.685409603640437, 3982.0 ], [ 83.985026171430945, 28.685423349961638, 3982.4 ], [ 83.985027009621263, 28.685420583933592, 3982.800000000000182 ], [ 83.985030865296721, 28.685449669137597, 3983.0 ], [ 83.985026758164167, 28.685458302497864, 3983.4 ], [ 83.985025836154819, 28.685465175658464, 3983.800000000000182 ], [ 83.985016951337457, 28.685470288619399, 3984.0 ], [ 83.985016951337457, 28.685470288619399, 3984.199999999999818 ], [ 83.985016951337457, 28.685470288619399, 3984.199999999999818 ], [ 83.985019801184535, 28.685459978878495, 3984.199999999999818 ], [ 83.985018879175186, 28.68546006269753, 3984.4 ], [ 83.985038492828608, 28.685526782646775, 3984.4 ], [ 83.985027093440294, 28.685585204511881, 3984.4 ], [ 83.984989039599895, 28.68563306517899, 3984.4 ], [ 83.984975963830948, 28.685696180909872, 3984.199999999999818 ], [ 83.984994823113084, 28.685791315510869, 3984.199999999999818 ], [ 83.985019968822598, 28.685825765132904, 3984.0 ], [ 83.985028602182865, 28.685867004096508, 3984.0 ], [ 83.985032960772514, 28.685905812308192, 3983.6 ], [ 83.985022902488708, 28.685948895290498, 3982.4 ], [ 83.985022315755486, 28.685979237779975, 3982.0 ], [ 83.9850630518049, 28.686031708493829, 3981.4 ], [ 83.985075373202562, 28.686033468693495, 3981.199999999999818 ], [ 83.985086604952812, 28.686062470078468, 3980.800000000000182 ], [ 83.985080067068338, 28.686085771769285, 3980.0 ], [ 83.985057855024934, 28.686120808124542, 3978.800000000000182 ], [ 83.985047461465001, 28.686137655749917, 3978.4 ], [ 83.985043438151479, 28.686176463961601, 3977.6 ], [ 83.985044863075018, 28.686205968260765, 3976.199999999999818 ], [ 83.985043689608574, 28.686217535287145, 3975.800000000000182 ], [ 83.985042683780193, 28.68625801987946, 3975.199999999999818 ], [ 83.985044527798891, 28.68630638346076, 3974.199999999999818 ], [ 83.985041175037622, 28.686316525563601, 3974.0 ], [ 83.985031871125102, 28.686373354867101, 3972.800000000000182 ], [ 83.985026758164167, 28.686385257169604, 3972.199999999999818 ], [ 83.985024578869343, 28.686392800882459, 3971.800000000000182 ], [ 83.985010161995888, 28.686446277424693, 3970.6 ], [ 83.984994068741798, 28.686459437012672, 3970.0 ], [ 83.984985183924437, 28.686468489468098, 3969.6 ], [ 83.984967498108745, 28.686497490853071, 3968.4 ], [ 83.984960708767176, 28.686535125598311, 3967.6 ], [ 83.984952159225941, 28.686557170003653, 3967.4 ], [ 83.984937742352486, 28.686601258814335, 3966.199999999999818 ], [ 83.984924079850316, 28.686634702607989, 3965.4 ], [ 83.984928773716092, 28.68669924326241, 3965.0 ], [ 83.984937909990549, 28.686730759218335, 3965.0 ], [ 83.984937490895391, 28.686753306537867, 3964.199999999999818 ], [ 83.984962301328778, 28.686835952103134, 3964.0 ], [ 83.984967833384871, 28.686846680939201, 3964.0 ], [ 83.984967833384871, 28.686846680939201, 3964.0 ], [ 83.984967833384871, 28.686846680939201, 3963.800000000000182 ], [ 83.984975125640631, 28.686846597120169, 3963.800000000000182 ], [ 83.98493891581893, 28.686848105862737, 3963.800000000000182 ], [ 83.98493891581893, 28.686848105862737, 3963.800000000000182 ], [ 83.984971269965172, 28.686863277107477, 3963.800000000000182 ], [ 83.984967079013586, 28.686858918517828, 3963.800000000000182 ], [ 83.984970347955823, 28.686857661232352, 3963.800000000000182 ], [ 83.984985938295722, 28.686852464452382, 3963.800000000000182 ], [ 83.98496875539422, 28.686842992901799, 3963.800000000000182 ], [ 83.984967833384871, 28.686846680939201, 3963.800000000000182 ], [ 83.984967833384871, 28.686846680939201, 3963.6 ], [ 83.984967833384871, 28.686846680939201, 3963.6 ], [ 83.984963223338127, 28.686849195510149, 3963.6 ], [ 83.984967833384871, 28.686846680939201, 3962.800000000000182 ], [ 83.984967833384871, 28.686846680939201, 3962.199999999999818 ], [ 83.984967833384871, 28.686846680939201, 3961.0 ], [ 83.984967833384871, 28.686846680939201, 3961.0 ], [ 83.984955679625273, 28.686854559928179, 3960.800000000000182 ], [ 83.984970599412918, 28.686860259622335, 3960.800000000000182 ], [ 83.984972443431616, 28.686856152489781, 3960.199999999999818 ], [ 83.984975209459662, 28.686871156096458, 3960.0 ], [ 83.984971269965172, 28.68688733316958, 3959.800000000000182 ], [ 83.984962301328778, 28.686919268220663, 3959.800000000000182 ], [ 83.984964983537793, 28.686969643458724, 3958.800000000000182 ], [ 83.98496825248003, 28.686976935714483, 3958.800000000000182 ], [ 83.984972359612584, 28.686984060332179, 3958.6 ], [ 83.984942100942135, 28.68703493848443, 3957.6 ], [ 83.984933467581868, 28.687043823301792, 3957.4 ], [ 83.984921565279365, 28.687071651220322, 3956.6 ], [ 83.984934808686376, 28.687100484967232, 3955.4 ], [ 83.984941765666008, 28.687140215188265, 3954.4 ], [ 83.984942184761167, 28.687152452766895, 3954.199999999999818 ], [ 83.984951321035624, 28.687195787206292, 3953.0 ], [ 83.984944112598896, 28.687233673408628, 3951.6 ], [ 83.984909914433956, 28.687290167436004, 3951.0 ], [ 83.984894743189216, 28.687332244589925, 3950.6 ], [ 83.984907818958163, 28.687359150499105, 3950.4 ], [ 83.984902035444975, 28.687379267066717, 3949.800000000000182 ], [ 83.984898682683706, 28.687388068065047, 3949.4 ], [ 83.984895078465343, 28.687407011166215, 3948.6 ], [ 83.984891977161169, 28.687415141612291, 3948.199999999999818 ], [ 83.984872112050653, 28.687431570142508, 3947.0 ], [ 83.984837578609586, 28.687449339777231, 3946.0 ], [ 83.984825843945146, 28.6874526925385, 3946.0 ], [ 83.984795166179538, 28.687478341162205, 3945.4 ], [ 83.984786113724113, 28.687484627589583, 3945.0 ], [ 83.984780162572861, 28.687491081655025, 3944.800000000000182 ], [ 83.984760465100408, 28.687517149373889, 3943.6 ], [ 83.984709419310093, 28.687588814646009, 3942.4 ], [ 83.984691984951496, 28.687607673928142, 3941.4 ], [ 83.984679495915771, 28.687645979225636, 3940.0 ], [ 83.984676981344819, 28.687653774395585, 3939.800000000000182 ], [ 83.984662648290396, 28.687677495181561, 3939.0 ], [ 83.984637502580881, 28.687708592042327, 3937.800000000000182 ], [ 83.984631886705756, 28.68771362118423, 3937.6 ], [ 83.984623337164521, 28.687727116048336, 3936.6 ], [ 83.984595760703087, 28.687748992815617, 3935.4 ], [ 83.984574554488063, 28.687756452709436, 3935.0 ], [ 83.984557120129466, 28.687765253707767, 3934.4 ], [ 83.984555276110768, 28.687776485458016, 3934.199999999999818 ], [ 83.984529459849, 28.687800457701087, 3933.199999999999818 ], [ 83.9845035597682, 28.687819400802255, 3932.4 ], [ 83.984485035762191, 28.687825351953503, 3932.199999999999818 ], [ 83.98445812985301, 28.687830967828631, 3931.6 ], [ 83.984436923637986, 28.687833985313773, 3931.0 ], [ 83.984405910596251, 28.687838343903422, 3929.800000000000182 ], [ 83.984405575320125, 28.68784898892045, 3929.199999999999818 ], [ 83.984400713816285, 28.687858376651999, 3929.0 ], [ 83.984390823170543, 28.687865668907762, 3928.6 ], [ 83.984357630833983, 28.68789249099791, 3927.6 ], [ 83.984336676076055, 28.687902297824621, 3926.800000000000182 ], [ 83.984328797087073, 28.687908416613936, 3926.4 ], [ 83.984298622235656, 28.687956780195236, 3925.800000000000182 ], [ 83.984299879521132, 28.687993576750159, 3925.800000000000182 ], [ 83.984294096007943, 28.688037497922775, 3925.4 ], [ 83.98429099470377, 28.68805568665266, 3925.4 ], [ 83.984278338029981, 28.688091896474361, 3925.0 ], [ 83.984271883964539, 28.688134057447311, 3924.4 ], [ 83.984254114329815, 28.688218044117093, 3924.4 ], [ 83.984214467927814, 28.68829901330173, 3924.199999999999818 ], [ 83.984207175672054, 28.688309155404568, 3924.199999999999818 ], [ 83.984203739091754, 28.688381239771843, 3923.6 ], [ 83.984199883416295, 28.688436476513743, 3923.4 ], [ 83.984194686636329, 28.688483415171504, 3922.199999999999818 ], [ 83.984177336096764, 28.688538819551468, 3921.199999999999818 ], [ 83.984178761020303, 28.68856773711741, 3919.6 ], [ 83.984179766848683, 28.688595229759812, 3918.6 ], [ 83.984181275591254, 28.688651388511062, 3917.6 ], [ 83.984177336096764, 28.688664045184851, 3917.4 ], [ 83.98415420204401, 28.688739314675331, 3916.800000000000182 ], [ 83.984147999435663, 28.688774183392525, 3916.4 ], [ 83.984158141538501, 28.68883403018117, 3916.199999999999818 ], [ 83.984160656109452, 28.688848866149783, 3915.4 ], [ 83.984164763242006, 28.688890272751451, 3914.199999999999818 ], [ 83.984171217307448, 28.688928410410881, 3913.0 ], [ 83.984186891466379, 28.68896403349936, 3912.0 ], [ 83.984179934486747, 28.688983814790845, 3911.199999999999818 ], [ 83.984175492078066, 28.68899236433208, 3910.800000000000182 ], [ 83.984170714393258, 28.689007367938757, 3910.6 ], [ 83.984169205650687, 28.689059671014547, 3909.6 ], [ 83.98417767137289, 28.689090181142092, 3908.4 ], [ 83.984187729656696, 28.689124546945095, 3907.199999999999818 ], [ 83.984195441007614, 28.689151285216212, 3906.4 ], [ 83.984198961406946, 28.689159918576479, 3906.0 ], [ 83.984194938093424, 28.689174167811871, 3905.4 ], [ 83.984191501513124, 28.689192356541753, 3904.800000000000182 ], [ 83.984207427129149, 28.689212640747428, 3903.800000000000182 ], [ 83.984210612252355, 28.689220352098346, 3903.6 ], [ 83.984197871759534, 28.689248850569129, 3902.4 ], [ 83.98418596945703, 28.689269302412868, 3901.800000000000182 ], [ 83.984177000820637, 28.689284054562449, 3901.199999999999818 ], [ 83.984156297519803, 28.689305344596505, 3900.800000000000182 ], [ 83.984156297519803, 28.689305260777473, 3900.800000000000182 ], [ 83.984157890081406, 28.689322778955106, 3900.800000000000182 ], [ 83.984149340540171, 28.689356558024883, 3900.199999999999818 ], [ 83.984147412702441, 28.689390337094665, 3899.0 ], [ 83.984150011092424, 28.689405843615532, 3898.4 ], [ 83.984154453501105, 28.689410956576467, 3898.0 ], [ 83.98415612988174, 28.689424283802509, 3897.199999999999818 ], [ 83.984150011092424, 28.689443059265617, 3896.800000000000182 ], [ 83.984123105183244, 28.689474491402507, 3896.0 ], [ 83.984120758250356, 28.689477173611522, 3895.800000000000182 ], [ 83.98412000387907, 28.689474323764443, 3895.6 ], [ 83.984074993059039, 28.689497541636229, 3894.4 ], [ 83.984051523730159, 28.689543809741735, 3893.199999999999818 ], [ 83.984048506245017, 28.689562501385808, 3893.0 ], [ 83.984032496809959, 28.68959384970367, 3892.0 ], [ 83.98401397280395, 28.689645230770111, 3891.0 ], [ 83.984010871499777, 28.689655791968107, 3891.0 ], [ 83.983993856236339, 28.689737431705002, 3890.0 ], [ 83.983996119350195, 28.689749417826533, 3889.800000000000182 ], [ 83.98399880155921, 28.689788309857249, 3888.800000000000182 ], [ 83.98399829864502, 28.689825190231204, 3887.6 ], [ 83.983993604779243, 28.689866596832871, 3886.4 ], [ 83.983989749103785, 28.689919989556071, 3885.800000000000182 ], [ 83.98398513905704, 28.689943458884951, 3885.4 ], [ 83.983993772417307, 28.690028786659241, 3884.4 ], [ 83.983993101865053, 28.690042197704315, 3884.199999999999818 ], [ 83.983956724405289, 28.690105900168419, 3883.199999999999818 ], [ 83.983948426321149, 28.690116629004478, 3883.0 ], [ 83.983888244256377, 28.690208494663239, 3882.199999999999818 ], [ 83.983870474621654, 28.69023104198277, 3882.0 ], [ 83.983808197081089, 28.690265910699964, 3882.0 ], [ 83.983758576214314, 28.690302120521665, 3880.800000000000182 ], [ 83.983737537637353, 28.690329194068909, 3880.199999999999818 ], [ 83.983722114935517, 28.690345622599125, 3879.800000000000182 ], [ 83.983686408028007, 28.690394069999456, 3879.0 ], [ 83.983685066923499, 28.690402619540691, 3878.800000000000182 ], [ 83.983670314773917, 28.690420389175415, 3878.6 ], [ 83.983667129650712, 28.690419299528003, 3878.6 ], [ 83.983675511553884, 28.690435560420156, 3878.4 ], [ 83.98367433808744, 28.690444445237517, 3878.199999999999818 ], [ 83.983672158792615, 28.690464980900288, 3878.0 ], [ 83.983663441613317, 28.69055969640613, 3877.6 ], [ 83.983682887628675, 28.690639659762383, 3876.4 ], [ 83.983697136864066, 28.690658938139677, 3876.199999999999818 ], [ 83.983749020844698, 28.6907958984375, 3875.800000000000182 ], [ 83.98375790566206, 28.690832024440169, 3875.4 ], [ 83.98377257399261, 28.690908215939999, 3874.4 ], [ 83.983776429668069, 28.690919615328312, 3874.199999999999818 ], [ 83.98381314240396, 28.691000584512949, 3873.4 ], [ 83.983819261193275, 28.691083565354347, 3873.4 ], [ 83.983772909268737, 28.691161852329969, 3873.4 ], [ 83.983809957280755, 28.69124935939908, 3873.199999999999818 ], [ 83.983830073848367, 28.691341057419777, 3873.199999999999818 ], [ 83.983789086341858, 28.691434012725949, 3873.0 ], [ 83.98379797115922, 28.691503247246143, 3872.800000000000182 ], [ 83.983751451596618, 28.691565273329616, 3872.4 ], [ 83.983742399141192, 28.691580360755324, 3872.0 ], [ 83.983728066086769, 28.691659402102232, 3871.4 ], [ 83.983700992539525, 28.691733749583364, 3871.4 ], [ 83.983688419684768, 28.691794099286199, 3871.4 ], [ 83.983686240389943, 28.691817736253142, 3871.199999999999818 ], [ 83.98366067558527, 28.691913457587361, 3871.199999999999818 ], [ 83.983639301732183, 28.691930221393704, 3871.0 ], [ 83.983587753027678, 28.69200867600739, 3871.0 ], [ 83.983583562076092, 28.692067684605721, 3871.0 ], [ 83.983581550419331, 28.692085118964311, 3871.0 ], [ 83.983559589833021, 28.692153431475163, 3871.0 ], [ 83.983509801328182, 28.692244878038764, 3870.800000000000182 ], [ 83.983519021421671, 28.692326853051782, 3870.800000000000182 ], [ 83.983545592054725, 28.692397093400359, 3870.6 ], [ 83.983555734157562, 28.692481582984328, 3870.199999999999818 ], [ 83.983559673652053, 28.692490048706532, 3870.0 ], [ 83.983576940372586, 28.692527767270803, 3868.800000000000182 ], [ 83.98359714075923, 28.692542770877481, 3868.4 ], [ 83.98362647742033, 28.692540340125561, 3867.800000000000182 ], [ 83.983625890687108, 28.69253539480269, 3867.199999999999818 ], [ 83.983675176277757, 28.692480744794011, 3866.6 ], [ 83.983714738860726, 28.692503292113543, 3865.4 ], [ 83.983731335029006, 28.692526593804359, 3864.6 ], [ 83.983737956732512, 28.692529108375311, 3864.4 ], [ 83.983774250373244, 28.69256179779768, 3864.199999999999818 ], [ 83.983823284506798, 28.692593229934573, 3863.199999999999818 ], [ 83.983859578147531, 28.692624494433403, 3862.6 ], [ 83.983876425772905, 28.69264293462038, 3862.199999999999818 ], [ 83.983943900093436, 28.692693896591663, 3861.800000000000182 ], [ 83.984006932005286, 28.692731447517872, 3861.800000000000182 ], [ 83.984027886763215, 28.692750558257103, 3861.800000000000182 ], [ 83.984039118513465, 28.692757934331897, 3861.800000000000182 ], [ 83.984051104635, 28.692766483873129, 3861.800000000000182 ], [ 83.984081614762545, 28.69279196485877, 3861.800000000000182 ], [ 83.984118243679404, 28.692820547148585, 3862.4 ], [ 83.984136264771223, 28.692832533270121, 3862.800000000000182 ], [ 83.984165182337165, 28.69286036118865, 3863.4 ], [ 83.984202900901437, 28.692882154136896, 3864.0 ], [ 83.984225364401937, 28.692900678142905, 3864.4 ], [ 83.984244307503104, 28.692914508283138, 3865.199999999999818 ], [ 83.984241709113121, 28.692912664264441, 3865.6 ], [ 83.98424070328474, 28.692911993712187, 3866.0 ], [ 83.98424070328474, 28.692911993712187, 3866.199999999999818 ], [ 83.98424070328474, 28.692911993712187, 3866.6 ], [ 83.984230645000935, 28.692923979833719, 3866.800000000000182 ], [ 83.98424556478858, 28.692927584052089, 3866.800000000000182 ], [ 83.984311949461699, 28.692941414192319, 3867.0 ], [ 83.984331479296088, 28.692946024239063, 3867.4 ], [ 83.984329383820295, 28.692949460819364, 3867.6 ], [ 83.984327204525471, 28.692951388657093, 3868.199999999999818 ], [ 83.984371544793248, 28.692965637892485, 3868.199999999999818 ], [ 83.984387554228306, 28.692924818024039, 3868.199999999999818 ], [ 83.984387218952179, 28.692923225462437, 3868.199999999999818 ], [ 83.984383279457688, 28.692917358130217, 3868.199999999999818 ], [ 83.984381351619959, 28.692916268482804, 3867.6 ], [ 83.984236596152186, 28.692893134430051, 3863.6 ], [ 83.984310021623969, 28.692883662879467, 3863.6 ], [ 83.984289988875389, 28.69290042668581, 3863.4 ], [ 83.984275739639997, 28.692922638729215, 3863.4 ], [ 83.984304321929812, 28.692973265424371, 3863.4 ], [ 83.984300214797258, 28.692982150241733, 3863.4 ], [ 83.984284540638328, 28.692978210747238, 3863.4 ], [ 83.98429686203599, 28.692988688126206, 3863.199999999999818 ], [ 83.984287306666374, 28.692990951240063, 3863.199999999999818 ], [ 83.984281858429313, 28.692999165505171, 3863.199999999999818 ], [ 83.984285043552518, 28.692994136363268, 3863.199999999999818 ], [ 83.984288815408945, 28.692979216575623, 3863.199999999999818 ], [ 83.984283031895757, 28.692976282909513, 3863.199999999999818 ], [ 83.984283031895757, 28.692976282909513, 3863.199999999999818 ], [ 83.984283031895757, 28.692976282909513, 3863.199999999999818 ], [ 83.984279846772552, 28.692974355071783, 3863.4 ], [ 83.984279511496425, 28.692981228232384, 3863.6 ], [ 83.984283031895757, 28.692976282909513, 3863.6 ], [ 83.984285378828645, 28.692984329536557, 3863.800000000000182 ], [ 83.984275152906775, 28.692985335364934, 3864.6 ], [ 83.984281942248344, 28.692989191040397, 3864.6 ], [ 83.984319157898426, 28.693012408912185, 3864.800000000000182 ], [ 83.984363079071045, 28.693035542964935, 3865.800000000000182 ], [ 83.984374897554517, 28.69304065592587, 3866.0 ], [ 83.984413454309106, 28.693064963445067, 3866.800000000000182 ], [ 83.984426949173212, 28.693064041435719, 3867.199999999999818 ], [ 83.984418567270041, 28.693060604855415, 3867.800000000000182 ], [ 83.984434828162193, 28.693064041435719, 3867.800000000000182 ], [ 83.984444551169872, 28.693065801635385, 3867.800000000000182 ], [ 83.984479922801256, 28.693066472187638, 3868.0 ], [ 83.984528118744493, 28.693069908767939, 3868.800000000000182 ], [ 83.984537003561854, 28.693068819120526, 3869.199999999999818 ], [ 83.984565837308764, 28.693057922646403, 3870.0 ], [ 83.984565334394574, 28.69303478859365, 3870.0 ], [ 83.984567848965526, 28.693003272637725, 3870.0 ], [ 83.984581343829632, 28.692979635670781, 3870.199999999999818 ], [ 83.984619397670031, 28.692898415029049, 3870.199999999999818 ], [ 83.984641944989562, 28.692843513563275, 3870.199999999999818 ], [ 83.984658122062683, 28.692823061719537, 3871.0 ], [ 83.984664492309093, 28.692821217700839, 3871.199999999999818 ], [ 83.984705815091729, 28.69278509169817, 3872.0 ], [ 83.984705898910761, 28.692780984565616, 3872.0 ], [ 83.984708162024617, 28.692785678431392, 3872.0 ], [ 83.984752837568521, 28.692773440852761, 3872.6 ], [ 83.984766080975533, 28.692769501358271, 3873.199999999999818 ], [ 83.98475962691009, 28.692761538550258, 3873.4 ], [ 83.984781838953495, 28.692730944603682, 3874.199999999999818 ], [ 83.98480505682528, 28.69271376170218, 3874.199999999999818 ], [ 83.984829112887383, 28.692726586014032, 3875.6 ], [ 83.984862891957164, 28.692742427811027, 3876.0 ], [ 83.984892731532454, 28.692766567692161, 3876.6 ], [ 83.984912345185876, 28.692785007879134, 3877.199999999999818 ], [ 83.984921900555491, 28.692795736715201, 3877.800000000000182 ], [ 83.984947884455323, 28.692806465551257, 3878.199999999999818 ], [ 83.98496582172811, 28.692817026749253, 3878.199999999999818 ], [ 83.984981328248978, 28.692832114174958, 3878.4 ], [ 83.984980992972851, 28.692834209650755, 3878.4 ], [ 83.984985686838627, 28.692850973457094, 3879.0 ], [ 83.984983339905739, 28.692856170237064, 3879.199999999999818 ], [ 83.984993901103735, 28.692879555746913, 3880.199999999999818 ], [ 83.985001193359494, 28.692883495241404, 3880.800000000000182 ], [ 83.985003205016255, 28.692885925993323, 3881.199999999999818 ], [ 83.98501762188971, 28.692906210198998, 3882.199999999999818 ], [ 83.985021896660328, 28.692910904064775, 3882.6 ], [ 83.985034301877022, 28.692937223240733, 3882.6 ], [ 83.985047545284033, 28.692953567951921, 3882.6 ], [ 83.985053077340126, 28.692961111664772, 3883.199999999999818 ], [ 83.985074367374182, 28.692982820793983, 3884.0 ], [ 83.985076798126101, 28.692986089736223, 3884.199999999999818 ], [ 83.985081743448973, 28.692991705611348, 3884.4 ], [ 83.985103284940124, 28.693024227395657, 3885.4 ], [ 83.985103201121092, 28.693027580156919, 3885.6 ], [ 83.985106805339456, 28.693049121648073, 3886.4 ], [ 83.985105128958821, 28.693050043657426, 3886.6 ], [ 83.985110241919756, 28.693067394196987, 3887.199999999999818 ], [ 83.985124323517084, 28.69310176, 3887.800000000000182 ], [ 83.985136728733778, 28.69313201867044, 3888.800000000000182 ], [ 83.985140500590205, 28.693144004791975, 3889.4 ], [ 83.985141757875681, 28.693169904872775, 3890.0 ], [ 83.985144523903728, 28.693179292604327, 3890.0 ], [ 83.985140332952142, 28.69321851991117, 3891.0 ], [ 83.985122395679355, 28.693248527124524, 3891.4 ], [ 83.985112169757485, 28.693284653127193, 3891.800000000000182 ], [ 83.985106721520424, 28.693294459953904, 3892.199999999999818 ], [ 83.985096579417586, 28.693317342549559, 3893.199999999999818 ], [ 83.985083419829607, 28.693361431360245, 3893.4 ], [ 83.985082414001226, 28.693368891254067, 3893.4 ], [ 83.985072104260325, 28.693390935659409, 3893.4 ], [ 83.985070679336786, 28.693401580676436, 3893.6 ], [ 83.985047629103065, 28.693453799933195, 3894.0 ], [ 83.985030027106404, 28.69347651489079, 3894.4 ], [ 83.985024243593216, 28.69349654763937, 3894.800000000000182 ], [ 83.985023908317089, 28.693517921492457, 3895.4 ], [ 83.985017873346806, 28.693541139364243, 3895.4 ], [ 83.985000858083367, 28.693579277023673, 3895.4 ], [ 83.984985267743468, 28.693618420511484, 3895.4 ], [ 83.984988201409578, 28.693623701110479, 3895.4 ], [ 83.984997421503067, 28.693647421896458, 3895.4 ], [ 83.984991302713752, 28.69367097504437, 3895.4 ], [ 83.985000690445304, 28.693706346675754, 3895.4 ], [ 83.985023489221931, 28.69376284070313, 3895.199999999999818 ], [ 83.985030362382531, 28.693778766319156, 3895.199999999999818 ], [ 83.985041426494718, 28.693835595622659, 3895.199999999999818 ], [ 83.985059699043632, 28.693882618099451, 3895.199999999999818 ], [ 83.985072858631611, 28.693917486816645, 3895.199999999999818 ], [ 83.985076127573848, 28.693969789892435, 3895.199999999999818 ], [ 83.985092220827937, 28.69403500109911, 3895.4 ], [ 83.985105715692043, 28.694083364680409, 3895.800000000000182 ], [ 83.9851114153862, 28.694121418520808, 3895.800000000000182 ], [ 83.985114935785532, 28.69416399858892, 3895.800000000000182 ], [ 83.985148882493377, 28.694217642769217, 3896.0 ], [ 83.985179895535111, 28.6942686047405, 3896.199999999999818 ], [ 83.985213842242956, 28.694308921694756, 3896.4 ], [ 83.985288692638278, 28.694347226992249, 3896.4 ], [ 83.985313251614571, 28.694354686886072, 3896.4 ], [ 83.98535767570138, 28.694395506754521, 3896.6 ], [ 83.985364632681012, 28.69440489448607, 3896.6 ], [ 83.985394472256303, 28.69444060139358, 3897.199999999999818 ], [ 83.985436297953129, 28.694470189511776, 3897.199999999999818 ], [ 83.98547351360321, 28.694513607770205, 3897.6 ], [ 83.985470663756132, 28.69452266022563, 3897.800000000000182 ], [ 83.985466808080673, 28.694547470659018, 3898.4 ], [ 83.985461192205548, 28.694585775956511, 3898.4 ], [ 83.985462868586183, 28.694594157859683, 3898.6 ], [ 83.985466137528419, 28.694657357409596, 3899.199999999999818 ], [ 83.985469238832593, 28.694679150357839, 3899.6 ], [ 83.985467730090022, 28.694692058488727, 3900.199999999999818 ], [ 83.98546764627099, 28.694719467312098, 3900.800000000000182 ], [ 83.985471334308386, 28.694739500060681, 3901.199999999999818 ], [ 83.985482482239604, 28.694778475910425, 3901.800000000000182 ], [ 83.985478626564145, 28.69478115811944, 3902.0 ], [ 83.985489690676332, 28.694834718480703, 3902.4 ], [ 83.985490025952458, 28.694871095940471, 3902.6 ], [ 83.985497988760471, 28.694880148395896, 3903.0 ], [ 83.985531851649284, 28.694906216114759, 3903.0 ], [ 83.985561020672321, 28.694945694878697, 3903.0 ], [ 83.985587004572153, 28.694989448413253, 3903.4 ], [ 83.985594715923071, 28.695015264675021, 3904.199999999999818 ], [ 83.985594883561134, 28.695025574415919, 3904.6 ], [ 83.985600331798196, 28.695047618821263, 3905.0 ], [ 83.985611647367477, 28.695057677105069, 3905.199999999999818 ], [ 83.985617263242602, 28.69506748393178, 3905.4 ], [ 83.985618520528078, 28.69507142342627, 3905.6 ], [ 83.985626148059964, 28.695109225809578, 3906.0 ], [ 83.985625393688679, 28.695122469216585, 3906.4 ], [ 83.985628662630916, 28.695144262164831, 3907.199999999999818 ], [ 83.985629752278328, 28.695147866383195, 3907.4 ], [ 83.985634362325072, 28.695173682644963, 3907.6 ], [ 83.985667135566473, 28.695205533877015, 3908.4 ], [ 83.985667051747441, 28.695212071761489, 3908.6 ], [ 83.985660932958126, 28.695218861103054, 3909.6 ], [ 83.985654395073652, 28.695237133651972, 3910.6 ], [ 83.985649198293686, 28.695243671536449, 3910.800000000000182 ], [ 83.985651964321733, 28.695263285189867, 3911.0 ], [ 83.985658166930079, 28.695268984884024, 3911.0 ], [ 83.985689850524068, 28.695299914106727, 3911.4 ], [ 83.985693706199527, 28.695312319323421, 3911.800000000000182 ], [ 83.985697897151113, 28.695330759510401, 3912.800000000000182 ], [ 83.985695298761129, 28.695333693176508, 3913.0 ], [ 83.985705692321062, 28.695343835279346, 3913.800000000000182 ], [ 83.985717259347439, 28.695356575772166, 3914.0 ], [ 83.985725725069642, 28.695369148626924, 3914.6 ], [ 83.985731340944767, 28.695375602692369, 3915.0 ], [ 83.985739639028907, 28.695385828614235, 3915.800000000000182 ], [ 83.985748942941427, 28.695404604077339, 3916.199999999999818 ], [ 83.985758414492011, 28.695427738130093, 3916.4 ], [ 83.9857486076653, 28.695453302934769, 3916.4 ], [ 83.985746344551444, 28.695455230772495, 3917.199999999999818 ], [ 83.985731676220894, 28.695482220500708, 3917.6 ], [ 83.985750954598188, 28.695515412837267, 3918.199999999999818 ], [ 83.985763778910041, 28.695527398958799, 3918.199999999999818 ], [ 83.985766209661961, 28.695531757548451, 3918.199999999999818 ], [ 83.985770735889673, 28.695542570203543, 3918.6 ], [ 83.985758330672979, 28.695561764761809, 3919.199999999999818 ], [ 83.985756738111377, 28.695564195513725, 3919.4 ], [ 83.985766461119056, 28.69558171369135, 3920.4 ], [ 83.985776184126735, 28.695600908249617, 3920.6 ], [ 83.985784398391843, 28.695618929341435, 3921.0 ], [ 83.985782722011209, 28.695632927119732, 3921.800000000000182 ], [ 83.985781716182828, 28.695639045909047, 3922.199999999999818 ], [ 83.985779955983162, 28.695651032030582, 3922.800000000000182 ], [ 83.985790349543095, 28.695675591006875, 3923.4 ], [ 83.985794121399522, 28.695680536329743, 3924.0 ], [ 83.985798060894012, 28.695706771686673, 3924.4 ], [ 83.985794875770807, 28.695713980123401, 3924.800000000000182 ], [ 83.985795881599188, 28.695721188560128, 3925.0 ], [ 83.985791858285666, 28.695746501907703, 3925.4 ], [ 83.985788421705365, 28.695771144703031, 3926.0 ], [ 83.985790936276317, 28.69577600620687, 3926.0 ], [ 83.985799234360456, 28.695799643173817, 3926.199999999999818 ], [ 83.985806191340089, 28.695816742256284, 3927.199999999999818 ], [ 83.98580526933074, 28.69582143612206, 3927.4 ], [ 83.985817171633244, 28.695854712277651, 3927.4 ], [ 83.985838294029236, 28.69589326903224, 3927.6 ], [ 83.985847514122725, 28.695937693119049, 3928.199999999999818 ], [ 83.985853129997849, 28.695945823565125, 3928.199999999999818 ], [ 83.985859751701355, 28.69595437310636, 3928.199999999999818 ], [ 83.98586243391037, 28.695966778323054, 3928.800000000000182 ], [ 83.985860422253609, 28.695975076407191, 3929.4 ], [ 83.985864780843258, 28.69599980302155, 3930.0 ], [ 83.98588003590703, 28.696005083620548, 3930.6 ], [ 83.985880287364125, 28.696016063913703, 3931.199999999999818 ], [ 83.985877018421888, 28.696032324805856, 3931.6 ], [ 83.985878024250269, 28.696038443595171, 3932.0 ], [ 83.985880119726062, 28.696048082783818, 3932.800000000000182 ], [ 83.985880119726062, 28.696048082783818, 3933.0 ], [ 83.985879868268967, 28.696054201573133, 3933.199999999999818 ], [ 83.985879616811872, 28.696058643981814, 3933.199999999999818 ], [ 83.985886070877314, 28.6960818618536, 3933.6 ], [ 83.985887747257948, 28.696089657023549, 3934.0 ], [ 83.985896799713373, 28.696112455800176, 3935.0 ], [ 83.985895710065961, 28.69611413218081, 3935.0 ], [ 83.985889842733741, 28.696143971756101, 3936.0 ], [ 83.985891854390502, 28.696144558489323, 3936.0 ], [ 83.985897470265627, 28.696159813553095, 3936.199999999999818 ], [ 83.985895290970802, 28.696165597066283, 3936.4 ], [ 83.985901828855276, 28.696184288710356, 3936.4 ], [ 83.985907696187496, 28.696197867393497, 3936.4 ], [ 83.985914066433907, 28.696211110800505, 3937.4 ], [ 83.985918005928397, 28.696231311187148, 3938.4 ], [ 83.985918844118714, 28.696233490481973, 3938.4 ], [ 83.985936110839248, 28.69624606333673, 3938.6 ], [ 83.98596947081387, 28.696261821314692, 3939.0 ], [ 83.98598556406796, 28.696267856284976, 3939.6 ], [ 83.98599092848599, 28.696269616484638, 3939.800000000000182 ], [ 83.985990257933736, 28.696272298693657, 3940.4 ], [ 83.985999980941415, 28.696274813264608, 3940.6 ], [ 83.985999980941415, 28.696274813264608, 3940.800000000000182 ], [ 83.986019594594836, 28.696286715567112, 3940.800000000000182 ], [ 83.986018504947424, 28.696289146319032, 3941.4 ], [ 83.986021606251597, 28.696303982287645, 3942.6 ], [ 83.986024623736739, 28.696321835741401, 3943.199999999999818 ], [ 83.986021941527724, 28.696329966187477, 3943.800000000000182 ], [ 83.986009955406189, 28.696343880146745, 3944.4 ], [ 83.985976511612535, 28.696353686973453, 3944.800000000000182 ], [ 83.98595966398716, 28.696358967572451, 3944.800000000000182 ], [ 83.985930159687996, 28.696373049169779, 3945.0 ], [ 83.985927142202854, 28.696396518498659, 3945.800000000000182 ], [ 83.985927142202854, 28.696399284526706, 3946.6 ], [ 83.985931584611535, 28.696410683915019, 3947.0 ], [ 83.98593183606863, 28.696424765512347, 3947.6 ], [ 83.985936027020216, 28.696461310610175, 3948.0 ], [ 83.985938709229231, 28.696471285074949, 3948.0 ], [ 83.985943403095007, 28.69649819098413, 3948.0 ], [ 83.985950946807861, 28.696512021124363, 3948.199999999999818 ], [ 83.985958071425557, 28.696526857092977, 3948.199999999999818 ], [ 83.985960585996509, 28.696543034166098, 3948.4 ], [ 83.985961172729731, 28.696559714153409, 3948.6 ], [ 83.985963938757777, 28.696587458252907, 3948.800000000000182 ], [ 83.985985899344087, 28.696599695831537, 3949.199999999999818 ], [ 83.985995873808861, 28.696598438546062, 3949.6 ], [ 83.986039459705353, 28.696613358333707, 3950.0 ], [ 83.98604323156178, 28.696615872904658, 3950.199999999999818 ], [ 83.986042812466621, 28.696644036099315, 3950.6 ], [ 83.986037196591496, 28.696648646146059, 3950.800000000000182 ], [ 83.986037028953433, 28.696648729965091, 3951.199999999999818 ], [ 83.986047338694334, 28.696673037484288, 3951.4 ], [ 83.98608329705894, 28.696709079667929, 3951.4 ], [ 83.98610039614141, 28.696719221770763, 3952.4 ], [ 83.986078351736069, 28.696744367480282, 3953.4 ], [ 83.986074663698673, 28.696750570088625, 3953.6 ], [ 83.986068461090326, 28.696788623929024, 3954.6 ], [ 83.98605739697814, 28.696801951155063, 3955.199999999999818 ], [ 83.986047003418207, 28.696814440190792, 3955.6 ], [ 83.986024288460612, 28.69682441465557, 3957.0 ], [ 83.986019007861614, 28.696829946711659, 3957.0 ], [ 83.986028479412198, 28.696856265887615, 3957.199999999999818 ], [ 83.986010458320379, 28.69688618928194, 3957.800000000000182 ], [ 83.985986402258277, 28.696889542043209, 3957.800000000000182 ], [ 83.985982378944755, 28.696885434910655, 3957.800000000000182 ], [ 83.985969889909029, 28.696880824863911, 3957.800000000000182 ], [ 83.985969386994839, 28.696880573406816, 3957.800000000000182 ], [ 83.985970811918378, 28.696875460445881, 3957.800000000000182 ], [ 83.985976427793503, 28.696867916733027, 3957.800000000000182 ], [ 83.985976427793503, 28.696867916733027, 3957.800000000000182 ], [ 83.985976427793503, 28.696867916733027, 3957.800000000000182 ], [ 83.985977349802852, 28.696864563971761, 3957.800000000000182 ], [ 83.985982211306691, 28.696869090199471, 3957.800000000000182 ], [ 83.985983217135072, 28.696894235908985, 3957.800000000000182 ], [ 83.985984642058611, 28.696895241737369, 3958.0 ], [ 83.986006770282984, 28.696911837905645, 3958.0 ], [ 83.986006686463952, 28.696911837905645, 3958.800000000000182 ], [ 83.986006686463952, 28.696911837905645, 3958.800000000000182 ], [ 83.986006686463952, 28.696911837905645, 3958.800000000000182 ], [ 83.986014313995838, 28.696931954473257, 3959.0 ], [ 83.986014816910028, 28.69695458561182, 3959.6 ], [ 83.986001573503017, 28.696995070204139, 3960.0 ], [ 83.985988246276975, 28.697018371894956, 3961.0 ], [ 83.985988413915038, 28.697022395208482, 3961.4 ], [ 83.985981037840247, 28.697031112387776, 3962.4 ], [ 83.985975673422217, 28.697038069367409, 3963.0 ], [ 83.985960250720382, 28.697049468755718, 3963.199999999999818 ], [ 83.985944660380483, 28.697060365229845, 3963.4 ], [ 83.985946252942085, 28.697062460705641, 3963.4 ], [ 83.985951449722052, 28.697079559788108, 3963.6 ], [ 83.985956227406859, 28.697090791538361, 3963.6 ], [ 83.985962513834238, 28.697116943076253, 3963.800000000000182 ], [ 83.985960837453604, 28.697118619456887, 3964.6 ], [ 83.985963352024555, 28.697155499830838, 3964.800000000000182 ], [ 83.9859679620713, 28.697169749066234, 3965.0 ], [ 83.985963352024555, 28.697188775986433, 3965.800000000000182 ], [ 83.985961675643921, 28.697199001908302, 3966.199999999999818 ], [ 83.985949102789164, 28.697229512035847, 3967.0 ], [ 83.985936194658279, 28.697248036041856, 3967.800000000000182 ], [ 83.985936781391501, 28.697242503985763, 3968.199999999999818 ], [ 83.985943486914039, 28.697283994406462, 3968.199999999999818 ], [ 83.985964609310031, 28.697333028540015, 3968.4 ], [ 83.985968297347426, 28.697336968034502, 3968.4 ], [ 83.985996963456273, 28.697374938055873, 3968.4 ], [ 83.986015068367124, 28.69744224473834, 3968.4 ], [ 83.986037615686655, 28.697489267215133, 3968.800000000000182 ], [ 83.986033676192164, 28.697506869211793, 3969.199999999999818 ], [ 83.986039711162448, 28.697536876425147, 3969.6 ], [ 83.986055720597506, 28.697574594989419, 3970.4 ], [ 83.986065192148089, 28.697601752355695, 3970.6 ], [ 83.986072819679976, 28.697686577215791, 3970.6 ], [ 83.98606862872839, 28.697708873078227, 3971.199999999999818 ], [ 83.986079189926386, 28.697753632441163, 3971.4 ], [ 83.986081033945084, 28.697761846706271, 3971.6 ], [ 83.986069886013865, 28.697825968265533, 3971.800000000000182 ], [ 83.986080447211862, 28.697815323248506, 3971.800000000000182 ], [ 83.986080447211862, 28.697815323248506, 3971.800000000000182 ], [ 83.986084805801511, 28.697856646031141, 3971.800000000000182 ], [ 83.986084051430225, 28.697887910529971, 3971.800000000000182 ], [ 83.986084051430225, 28.697923114523292, 3972.0 ], [ 83.986084973439574, 28.69794356636703, 3972.0 ], [ 83.986086649820209, 28.697955217212439, 3971.800000000000182 ], [ 83.986083548516035, 28.698034174740311, 3971.800000000000182 ], [ 83.986080698668957, 28.698033839464188, 3971.800000000000182 ], [ 83.986072484403849, 28.698032833635807, 3971.6 ], [ 83.986092517152429, 28.698041383177038, 3970.0 ], [ 83.986101150512695, 28.698066277429461, 3970.0 ], [ 83.986114645376801, 28.698083125054836, 3970.0 ], [ 83.986117076128721, 28.698143642395735, 3970.0 ], [ 83.986103078350425, 28.698217738419771, 3969.6 ], [ 83.986096540465951, 28.698271298781037, 3969.6 ], [ 83.986084302887321, 28.698340784758329, 3969.6 ], [ 83.986077848821878, 28.698391998186707, 3969.6 ], [ 83.98605739697814, 28.69845025241375, 3969.6 ], [ 83.986060917377472, 28.698563575744629, 3969.6 ], [ 83.986099725589156, 28.698633061721921, 3969.6 ], [ 83.986097797751427, 28.698642030358315, 3969.6 ], [ 83.986110622063279, 28.69866332039237, 3970.0 ], [ 83.986125374212861, 28.698709420859817, 3970.800000000000182 ], [ 83.9861199259758, 28.69872098788619, 3971.0 ], [ 83.986102240160108, 28.698773039504889, 3971.0 ], [ 83.986097127199173, 28.69878401979804, 3971.0 ], [ 83.986087907105684, 28.698818553239107, 3971.0 ], [ 83.986067539080977, 28.69886607863009, 3971.199999999999818 ], [ 83.986050188541412, 28.69896498508751, 3971.199999999999818 ], [ 83.986051781103015, 28.699002368375659, 3971.4 ], [ 83.986061001196504, 28.699040086939931, 3971.4 ], [ 83.986066030338407, 28.699118373915553, 3971.6 ], [ 83.986051110550761, 28.69918224401772, 3972.0 ], [ 83.986034011468291, 28.699277462437749, 3972.0 ], [ 83.986020935699344, 28.699359940364957, 3972.199999999999818 ], [ 83.98600316606462, 28.699443256482478, 3972.4 ], [ 83.985979529097676, 28.69952036999166, 3972.800000000000182 ], [ 83.985974919050932, 28.699630927294493, 3972.800000000000182 ], [ 83.985974164679646, 28.699714746326208, 3972.800000000000182 ], [ 83.985976260155439, 28.699726313352585, 3972.800000000000182 ], [ 83.985963938757777, 28.699739556759596, 3972.6 ], [ 83.985946252942085, 28.699750369414687, 3972.6 ], [ 83.985949354246259, 28.699813820421696, 3972.6 ], [ 83.985962010920048, 28.699859417974949, 3972.4 ], [ 83.985967878252268, 28.699949607253075, 3972.4 ], [ 83.985949773341417, 28.70002806186676, 3972.199999999999818 ], [ 83.98591959849, 28.700110288336873, 3972.199999999999818 ], [ 83.985915658995509, 28.700117580592632, 3972.0 ], [ 83.985885567963123, 28.700195029377937, 3972.0 ], [ 83.985867463052273, 28.700284296646711, 3971.800000000000182 ], [ 83.985861679539084, 28.700325870886445, 3971.800000000000182 ], [ 83.985841814428568, 28.70039275847375, 3971.6 ], [ 83.985751206055284, 28.700464423745871, 3971.199999999999818 ], [ 83.985751625150442, 28.700521504506469, 3971.199999999999818 ], [ 83.985711894929409, 28.700576573610302, 3971.199999999999818 ], [ 83.985715331509709, 28.700593169778585, 3971.199999999999818 ], [ 83.985706530511379, 28.700650418177247, 3971.199999999999818 ], [ 83.985702842473984, 28.700667517259717, 3971.199999999999818 ], [ 83.985680462792516, 28.70070917531848, 3971.199999999999818 ], [ 83.985684737563133, 28.700762903317809, 3971.199999999999818 ], [ 83.985677445307374, 28.700797352939844, 3972.0 ], [ 83.985674846917391, 28.70081570930779, 3972.0 ], [ 83.985661016777158, 28.700846806168556, 3973.0 ], [ 83.98566160351038, 28.700863318517804, 3973.199999999999818 ], [ 83.985665626823902, 28.700878825038671, 3973.4 ], [ 83.985657077282667, 28.700906736776233, 3973.6 ], [ 83.985654646530747, 28.700916962698106, 3974.0 ], [ 83.985652383416891, 28.700937414541841, 3974.6 ], [ 83.985607456415892, 28.70096406899393, 3974.800000000000182 ], [ 83.985601672902703, 28.700968595221639, 3974.800000000000182 ], [ 83.985550375655293, 28.701006397604942, 3974.800000000000182 ], [ 83.985544005408883, 28.701009918004271, 3975.0 ], [ 83.985540652647614, 28.701010756194592, 3975.0 ], [ 83.985540652647614, 28.701010756194592, 3975.0 ], [ 83.985520284622908, 28.701034057885408, 3974.800000000000182 ], [ 83.985508466139436, 28.701057694852352, 3974.800000000000182 ], [ 83.98550427518785, 28.701064148917791, 3974.800000000000182 ], [ 83.985501592978835, 28.70106004178524, 3974.199999999999818 ], [ 83.985512321814895, 28.701057024300098, 3974.199999999999818 ], [ 83.985505448654294, 28.701056856662035, 3974.199999999999818 ], [ 83.985473765060306, 28.701077476143837, 3974.199999999999818 ], [ 83.985407799482346, 28.70111427269876, 3974.199999999999818 ], [ 83.985366141423583, 28.701138328760862, 3974.199999999999818 ], [ 83.985349126160145, 28.701148638501763, 3974.6 ], [ 83.985342001542449, 28.701149225234985, 3975.0 ], [ 83.985315598547459, 28.701156685128808, 3975.199999999999818 ], [ 83.985269498080015, 28.7011778075248, 3975.800000000000182 ], [ 83.985221805050969, 28.701211083680391, 3976.4 ], [ 83.985203700140119, 28.701229440048337, 3977.0 ], [ 83.985181152820587, 28.701237989589572, 3977.6 ], [ 83.985166065394878, 28.701242012903094, 3978.0 ], [ 83.985148882493377, 28.701257687062025, 3978.4 ], [ 83.985134297981858, 28.701275708153844, 3979.0 ], [ 83.985110493376851, 28.701285179704428, 3979.800000000000182 ], [ 83.985067242756486, 28.701298087835312, 3980.199999999999818 ], [ 83.985028937458992, 28.701315186917785, 3981.199999999999818 ], [ 83.985022399574518, 28.701318120583892, 3981.4 ], [ 83.984989793971181, 28.701338488608599, 3981.800000000000182 ], [ 83.984968168660998, 28.701353911310431, 3982.4 ], [ 83.984960624948144, 28.701365394517779, 3982.800000000000182 ], [ 83.984929695725441, 28.701387355104089, 3983.4 ], [ 83.984924247488379, 28.701391629874703, 3983.6 ], [ 83.984913351014256, 28.70140990242362, 3984.800000000000182 ], [ 83.984870938584208, 28.701425576582551, 3985.199999999999818 ], [ 83.984826263040304, 28.701441502198577, 3986.0 ], [ 83.984819557517767, 28.701445190235972, 3986.0 ], [ 83.984810002148151, 28.701471257954836, 3987.199999999999818 ], [ 83.984797094017267, 28.701485842466351, 3987.6 ], [ 83.984773037955165, 28.701510485261679, 3987.800000000000182 ], [ 83.984758537262678, 28.70152129791677, 3988.4 ], [ 83.98472442291677, 28.701546778902411, 3989.199999999999818 ], [ 83.984706234186888, 28.701554574072361, 3989.199999999999818 ], [ 83.984706234186888, 28.701554574072361, 3989.199999999999818 ], [ 83.98467019200325, 28.701577624306083, 3989.199999999999818 ], [ 83.98462719283998, 28.701606541872025, 3989.199999999999818 ], [ 83.984599616378546, 28.701635543257002, 3989.199999999999818 ], [ 83.984564077109098, 28.701674770563841, 3989.199999999999818 ], [ 83.984527364373207, 28.701707292348143, 3988.6 ], [ 83.984471205621958, 28.701753308996562, 3988.6 ], [ 83.984393840655684, 28.701803181320429, 3988.6 ], [ 83.984373556450009, 28.701819190755486, 3988.6 ], [ 83.984336089342833, 28.701863111928105, 3988.6 ], [ 83.984312284737825, 28.701891945675015, 3988.6 ], [ 83.984306417405605, 28.701899740844965, 3989.0 ], [ 83.984299628064036, 28.7019048538059, 3989.199999999999818 ], [ 83.984263334423304, 28.70195246301591, 3989.6 ], [ 83.984222263097763, 28.702004933729768, 3989.800000000000182 ], [ 83.984187310561538, 28.702049190178514, 3990.199999999999818 ], [ 83.984169038012624, 28.702090932056308, 3990.6 ], [ 83.98416250012815, 28.702101828530431, 3990.800000000000182 ], [ 83.984112963080406, 28.702149605378509, 3991.6 ], [ 83.984084883704782, 28.702190509065986, 3991.800000000000182 ], [ 83.984072729945183, 28.702203333377842, 3992.0 ], [ 83.984058229252696, 28.702228395268321, 3992.800000000000182 ], [ 83.984040627256036, 28.702243147417903, 3993.0 ], [ 83.983996957540512, 28.702283967286348, 3994.0 ], [ 83.983982959762216, 28.702298132702708, 3994.4 ], [ 83.983968123793602, 28.702309867367148, 3994.800000000000182 ], [ 83.983967201784253, 28.702320260927081, 3994.800000000000182 ], [ 83.983920263126493, 28.702374240383502, 3994.800000000000182 ], [ 83.983910456299782, 28.70237885043025, 3995.0 ], [ 83.983923448249698, 28.702388489618897, 3995.0 ], [ 83.98391280323267, 28.702432410791516, 3995.199999999999818 ], [ 83.983884640038013, 28.702502064406872, 3995.199999999999818 ], [ 83.983865529298782, 28.702531903982159, 3995.199999999999818 ], [ 83.983841054141521, 28.702579345554113, 3995.199999999999818 ], [ 83.983823787420988, 28.70260264724493, 3995.0 ], [ 83.983763102442026, 28.702652016654611, 3995.0 ], [ 83.983727227896452, 28.702688897028565, 3995.0 ], [ 83.983713397756219, 28.70270624756813, 3995.0 ], [ 83.983640559017658, 28.702773218974471, 3995.0 ], [ 83.983585825189948, 28.702830886468291, 3994.4 ], [ 83.983566127717495, 28.70286013931036, 3994.4 ], [ 83.983524050563574, 28.702933816239241, 3994.4 ], [ 83.983477866277099, 28.703016629442573, 3994.4 ], [ 83.983435118570924, 28.703106315806508, 3994.4 ], [ 83.983400417491794, 28.703158618882298, 3994.4 ], [ 83.983376193791628, 28.703205389901996, 3994.800000000000182 ], [ 83.983364123851061, 28.7032207287848, 3995.0 ], [ 83.983349287882447, 28.703239588066936, 3995.199999999999818 ], [ 83.983313664793968, 28.703280240297321, 3995.6 ], [ 83.983274772763252, 28.703330950811505, 3995.800000000000182 ], [ 83.983268067240715, 28.70333950035274, 3995.800000000000182 ], [ 83.983228169381618, 28.703410495072603, 3995.800000000000182 ], [ 83.983189277350903, 28.703475538641214, 3996.6 ], [ 83.983165305107832, 28.703509736806151, 3997.0 ], [ 83.983145272359252, 28.703522142022848, 3997.199999999999818 ], [ 83.983068326488137, 28.70355692692101, 3997.4 ], [ 83.983038403093815, 28.703577127307653, 3998.0 ], [ 83.983023231849074, 28.703590203076601, 3998.199999999999818 ], [ 83.982990542426705, 28.703625071793795, 3998.800000000000182 ], [ 83.982981573790312, 28.703630017116662, 3999.0 ], [ 83.982943519949913, 28.70366245508194, 3999.800000000000182 ], [ 83.982932791113853, 28.703675698488951, 4000.199999999999818 ], [ 83.982908735051751, 28.703707633540031, 4000.800000000000182 ], [ 83.982885684818029, 28.703725570812821, 4001.4 ], [ 83.982865316793323, 28.703738059848547, 4001.800000000000182 ], [ 83.982844445854425, 28.703750884160399, 4002.0 ], [ 83.982784682884812, 28.703789189457893, 4002.0 ], [ 83.982730703428388, 28.703849287703633, 4002.0 ], [ 83.982694912701845, 28.70388868264854, 4002.0 ], [ 83.982697511091828, 28.703901087865233, 4002.199999999999818 ], [ 83.982692649587989, 28.703912235796452, 4002.4 ], [ 83.98266825824976, 28.703998317942023, 4002.4 ], [ 83.982658199965954, 28.704095715656877, 4002.4 ], [ 83.982637664303184, 28.704174589365721, 4002.4 ], [ 83.982601789757609, 28.704216331243515, 4002.6 ], [ 83.982566921040416, 28.704254887998104, 4003.199999999999818 ], [ 83.982559712603688, 28.70426150970161, 4003.4 ], [ 83.982533058151603, 28.70428841561079, 4004.0 ], [ 83.982528867200017, 28.704298557713628, 4004.6 ], [ 83.982510678470135, 28.704333510249853, 4005.4 ], [ 83.982500452548265, 28.704350525513291, 4005.800000000000182 ], [ 83.982483269646764, 28.704376509413123, 4005.800000000000182 ], [ 83.98246156051755, 28.704408528283238, 4006.800000000000182 ], [ 83.982459716498852, 28.704412383958697, 4007.0 ], [ 83.982452591881156, 28.704435350373387, 4008.0 ], [ 83.982435995712876, 28.704487653449178, 4008.6 ], [ 83.982422919943929, 28.704514224082232, 4009.199999999999818 ], [ 83.982396349310875, 28.704556971788406, 4010.199999999999818 ], [ 83.982365503907204, 28.704594438895583, 4011.4 ], [ 83.982352260500193, 28.704599216580391, 4011.6 ], [ 83.982325606048107, 28.704613130539656, 4011.800000000000182 ], [ 83.982308674603701, 28.704630313441157, 4012.199999999999818 ], [ 83.982278080657125, 28.70466367341578, 4012.199999999999818 ], [ 83.982275733724236, 28.704688316211104, 4012.199999999999818 ], [ 83.98226953111589, 28.704730058088899, 4012.6 ], [ 83.982260646298528, 28.704762244597077, 4012.800000000000182 ], [ 83.982246145606041, 28.704782947897911, 4012.800000000000182 ], [ 83.982230219990015, 28.704811111092567, 4013.6 ], [ 83.982220664620399, 28.704806417226791, 4013.800000000000182 ], [ 83.982209097594023, 28.704807003960013, 4014.0 ], [ 83.982209097594023, 28.704807003960013, 4014.0 ], [ 83.982178000733256, 28.704794263467193, 4014.0 ], [ 83.982173139229417, 28.704788479954004, 4014.0 ], [ 83.982175318524241, 28.70479267090559, 4014.0 ], [ 83.982175318524241, 28.70479267090559, 4014.0 ], [ 83.982175318524241, 28.70479267090559, 4013.6 ], [ 83.982175318524241, 28.70479267090559, 4013.0 ], [ 83.982175318524241, 28.70479267090559, 4013.0 ], [ 83.982172384858131, 28.704790323972706, 4013.0 ], [ 83.982229214161634, 28.704812116920948, 4013.0 ], [ 83.982227956876159, 28.704822761937976, 4013.0 ], [ 83.982228878885508, 28.70483223348856, 4013.0 ], [ 83.982263496145606, 28.704900713637471, 4013.0 ], [ 83.982268776744604, 28.704926865175366, 4013.0 ], [ 83.982263747602701, 28.70494346134365, 4013.0 ], [ 83.982268944382668, 28.704946143552661, 4013.0 ], [ 83.982299203053117, 28.705003308132291, 4013.0 ], [ 83.982332060113549, 28.705071285367012, 4013.0 ], [ 83.98233356885612, 28.705080421641469, 4013.0 ], [ 83.98233063519001, 28.705123839899898, 4011.800000000000182 ], [ 83.982316637411714, 28.705158624798059, 4010.4 ], [ 83.982239607721567, 28.705232804641128, 4010.199999999999818 ], [ 83.982179928570986, 28.70525736361742, 4009.4 ], [ 83.982146149501204, 28.705289717763662, 4009.199999999999818 ], [ 83.982138941064477, 28.705298770219088, 4009.199999999999818 ], [ 83.982107006013393, 28.705327939242125, 4008.199999999999818 ], [ 83.982058810070157, 28.705358784645796, 4007.199999999999818 ], [ 83.982037017121911, 28.705368088558316, 4007.199999999999818 ], [ 83.981954539194703, 28.705400107428432, 4006.0 ], [ 83.981944229453802, 28.705407232046127, 4006.0 ], [ 83.981893435120583, 28.705444866791368, 4005.0 ], [ 83.981863930821419, 28.705461462959647, 4004.4 ], [ 83.981788493692875, 28.705525835976005, 4004.0 ], [ 83.981778351590037, 28.705532373860478, 4003.800000000000182 ], [ 83.981662848964334, 28.705606302246451, 4003.800000000000182 ], [ 83.981597637757659, 28.705655923113227, 4003.800000000000182 ], [ 83.981501748785377, 28.705707974731919, 4003.199999999999818 ], [ 83.981457073241472, 28.705736137926579, 4002.800000000000182 ], [ 83.981452044099569, 28.705743262544271, 4002.6 ], [ 83.981386078521609, 28.705758266150951, 4002.0 ], [ 83.981376606971025, 28.705762960016727, 4001.800000000000182 ], [ 83.981272336095572, 28.705830685794353, 4001.800000000000182 ], [ 83.981263702735305, 28.705836217850447, 4000.800000000000182 ], [ 83.981263702735305, 28.705836217850447, 4000.800000000000182 ], [ 83.981263702735305, 28.705836217850447, 4000.4 ], [ 83.981276946142316, 28.705832362174988, 3999.199999999999818 ], [ 83.981272587552667, 28.705843510106209, 3999.0 ], [ 83.98124735802412, 28.705914169549946, 3999.0 ], [ 83.981207041069865, 28.705965550616384, 3998.800000000000182 ], [ 83.981144679710269, 28.70603671297431, 3998.4 ], [ 83.981141578406096, 28.706049285829067, 3998.199999999999818 ], [ 83.981101512908936, 28.706139056012031, 3998.199999999999818 ], [ 83.981078630313277, 28.706217426806688, 3998.0 ], [ 83.981052059680223, 28.706248691305522, 3997.199999999999818 ], [ 83.981050718575716, 28.706262772902846, 3997.199999999999818 ], [ 83.98103672079742, 28.706320859491825, 3997.0 ], [ 83.981033954769373, 28.706327481195331, 3996.800000000000182 ], [ 83.981046443805099, 28.706293115392327, 3996.800000000000182 ], [ 83.981047952547669, 28.706294624134895, 3996.6 ], [ 83.981054909527302, 28.706313651055098, 3996.6 ], [ 83.981015933677554, 28.706367965787649, 3996.6 ], [ 83.980946699157357, 28.706469302996993, 3996.199999999999818 ], [ 83.980943681672215, 28.706480534747243, 3995.800000000000182 ], [ 83.980928007513285, 28.706510541960597, 3995.800000000000182 ], [ 83.980908980593085, 28.706550691276789, 3995.4 ], [ 83.980895485728979, 28.706572400406003, 3995.4 ], [ 83.980858437716961, 28.706625793129209, 3995.4 ], [ 83.980848714709282, 28.706639120355248, 3995.4 ], [ 83.980778222903609, 28.706703661009669, 3995.4 ], [ 83.980720303952694, 28.706749761477113, 3995.4 ], [ 83.980690129101276, 28.706825198605657, 3995.800000000000182 ], [ 83.980681160464883, 28.706838693469763, 3995.800000000000182 ], [ 83.980681328102946, 28.706838861107823, 3996.0 ], [ 83.98062726482749, 28.706892086192969, 3996.199999999999818 ], [ 83.980579320341349, 28.706961991265416, 3996.199999999999818 ], [ 83.980533555150032, 28.70702913030982, 3996.199999999999818 ], [ 83.98048460483551, 28.707081349566579, 3996.199999999999818 ], [ 83.980451663956046, 28.707141699269418, 3996.199999999999818 ], [ 83.980407072231174, 28.707204479724169, 3996.0 ], [ 83.980404222384095, 28.707213113084435, 3996.0 ], [ 83.980353428050876, 28.707321658730507, 3996.0 ], [ 83.980268351733685, 28.707389803603292, 3996.199999999999818 ], [ 83.980218814685941, 28.707431964576244, 3996.4 ], [ 83.980155028402805, 28.707490805536509, 3996.0 ], [ 83.980090403929353, 28.707583509385582, 3995.800000000000182 ], [ 83.980035334825516, 28.707650396972895, 3995.800000000000182 ], [ 83.980026785284281, 28.707660371437669, 3996.0 ], [ 83.979990072548389, 28.707730192691088, 3996.0 ], [ 83.979925783351064, 28.707810491323471, 3996.199999999999818 ], [ 83.979845400899649, 28.707880899310112, 3996.4 ], [ 83.97979318164289, 28.707937812432647, 3996.6 ], [ 83.979709194973111, 28.707999419420961, 3996.6 ], [ 83.979634596034884, 28.708051638677716, 3996.6 ], [ 83.979622023180127, 28.708057589828968, 3996.800000000000182 ], [ 83.979611545801163, 28.70806404389441, 3996.800000000000182 ], [ 83.979543568566442, 28.708104025572538, 3997.199999999999818 ], [ 83.979524038732052, 28.708118526265025, 3997.6 ], [ 83.979488331824541, 28.70814124122262, 3997.6 ], [ 83.979407195001841, 28.708168230950832, 3997.6 ], [ 83.97934952750802, 28.708224724978209, 3997.6 ], [ 83.979263696819544, 28.708275016397241, 3997.6 ], [ 83.979196390137076, 28.708324888721108, 3997.6 ], [ 83.979133944958448, 28.708399403840303, 3997.6 ], [ 83.979036128148437, 28.708466878160831, 3997.199999999999818 ], [ 83.978993380442262, 28.70850283652544, 3996.800000000000182 ], [ 83.97897862829268, 28.708529658615589, 3996.199999999999818 ], [ 83.978948537260294, 28.708575926721096, 3995.6 ], [ 83.978927163407207, 28.708589086309075, 3995.4 ], [ 83.978925487026572, 28.708588499575853, 3995.199999999999818 ], [ 83.978927247226238, 28.708589337766171, 3995.199999999999818 ], [ 83.978923978284001, 28.708595791831613, 3995.0 ], [ 83.97889849729836, 28.708670642226934, 3995.0 ], [ 83.978868490085006, 28.708734763786197, 3994.6 ], [ 83.97885943762958, 28.708767872303724, 3994.6 ], [ 83.978835800662637, 28.708825372159481, 3994.6 ], [ 83.978758603334427, 28.708954369649291, 3994.6 ], [ 83.978724656626582, 28.709033578634266, 3994.6 ], [ 83.978692134842277, 28.709074985235929, 3994.6 ], [ 83.978692134842277, 28.709074985235929, 3994.4 ], [ 83.978692134842277, 28.709074985235929, 3994.4 ], [ 83.978686351329088, 28.709108093753457, 3994.6 ], [ 83.978661289438605, 28.709186129271984, 3994.6 ], [ 83.978622816503048, 28.709315126761791, 3994.6 ], [ 83.978592809289694, 28.709374638274312, 3994.800000000000182 ], [ 83.978566657751799, 28.709466084837914, 3995.199999999999818 ], [ 83.978539668023586, 28.709525763988495, 3995.4 ], [ 83.978501278907061, 28.709574043750763, 3995.4 ], [ 83.9784836769104, 28.709602123126388, 3995.6 ], [ 83.9784768037498, 28.709611929953098, 3995.800000000000182 ], [ 83.97846557199955, 28.709634225815535, 3996.0 ], [ 83.978452580049634, 28.709658281877637, 3996.4 ], [ 83.97843380458653, 28.709689127281308, 3996.800000000000182 ], [ 83.978377562016249, 28.709740424528722, 3997.6 ], [ 83.978355936706066, 28.709764229133725, 3997.800000000000182 ], [ 83.978306483477354, 28.70983044616878, 3998.0 ], [ 83.978247726336122, 28.709891298785809, 3998.4 ], [ 83.978190561756492, 28.709961120039225, 3998.4 ], [ 83.978158459067345, 28.710048291832209, 3998.4 ], [ 83.978108167648315, 28.710143929347396, 3998.6 ], [ 83.978060306981206, 28.710266975685951, 3998.6 ], [ 83.978031976148486, 28.710393961519003, 3998.800000000000182 ], [ 83.978020828217268, 28.710472080856562, 3998.800000000000182 ], [ 83.978023510426283, 28.710587918758392, 3998.800000000000182 ], [ 83.978032814338803, 28.710660254582763, 3999.0 ], [ 83.978030886501074, 28.710684813559055, 3999.199999999999818 ], [ 83.978023342788219, 28.710764274001122, 3999.4 ], [ 83.977998867630959, 28.710824707522988, 4000.0 ], [ 83.977992245927453, 28.710832418873903, 4000.0 ], [ 83.977974727749825, 28.710857732221484, 4000.0 ], [ 83.977907504886389, 28.71094305999577, 4000.800000000000182 ], [ 83.977891076356173, 28.71097038500011, 4001.199999999999818 ], [ 83.977881269529462, 28.710996368899941, 4001.6 ], [ 83.977844472974539, 28.711040960624818, 4001.800000000000182 ], [ 83.977836761623621, 28.711048923432827, 4001.800000000000182 ], [ 83.97781278938055, 28.71112335473299, 4002.4 ], [ 83.977775070816278, 28.711181944236159, 4003.199999999999818 ], [ 83.9777687843889, 28.711176915094256, 4003.199999999999818 ], [ 83.97776928730309, 28.711174484342337, 4003.199999999999818 ], [ 83.9777687843889, 28.7111746519804, 4003.4 ], [ 83.97776685655117, 28.711181357502937, 4003.6 ], [ 83.9777756575495, 28.711196696385741, 4004.0 ], [ 83.977764090523124, 28.711179094389081, 4005.6 ], [ 83.977763336151838, 28.711186135187745, 4005.800000000000182 ], [ 83.977764844894409, 28.711191583424807, 4005.800000000000182 ], [ 83.977730898186564, 28.71126241050661, 4005.800000000000182 ], [ 83.977711535990238, 28.711302978917956, 4005.800000000000182 ], [ 83.977656047791243, 28.711386881768703, 4005.800000000000182 ], [ 83.97760366089642, 28.711461815983057, 4005.800000000000182 ], [ 83.977541131898761, 28.711560890078545, 4005.800000000000182 ], [ 83.977484386414289, 28.711669771000743, 4005.800000000000182 ], [ 83.977424707263708, 28.711756523698568, 4005.4 ], [ 83.977405512705445, 28.711802791804075, 4005.4 ], [ 83.97739595733583, 28.711819471791387, 4005.4 ], [ 83.977342480793595, 28.711899183690548, 4005.4 ], [ 83.977271905168891, 28.711990378797054, 4005.6 ], [ 83.977233935147524, 28.712066737934947, 4005.6 ], [ 83.977190013974905, 28.712153071537617, 4005.6 ], [ 83.977147350087762, 28.712241249158978, 4005.6 ], [ 83.977097729220986, 28.712347615510225, 4005.800000000000182 ], [ 83.977056909352541, 28.712434535846111, 4006.0 ], [ 83.977004522457719, 28.712520869448781, 4006.0 ], [ 83.976952051743865, 28.712572250515223, 4006.800000000000182 ], [ 83.976939981803298, 28.712590942159295, 4006.800000000000182 ], [ 83.976902514696121, 28.712678533047441, 4007.199999999999818 ], [ 83.976880805566907, 28.712735362350941, 4007.4 ], [ 83.976855156943202, 28.71278095990419, 4007.4 ], [ 83.97680813446641, 28.712862683460116, 4007.4 ], [ 83.976789526641369, 28.712948681786656, 4007.6 ], [ 83.976785084232688, 28.712964523583651, 4007.800000000000182 ], [ 83.976766979321837, 28.713012468069792, 4007.800000000000182 ], [ 83.9767534006387, 28.713115733116865, 4008.0 ], [ 83.976731859147549, 28.71319217607379, 4008.0 ], [ 83.97671970538795, 28.713203240185976, 4008.0 ], [ 83.976635467261076, 28.713271385058761, 4008.0 ], [ 83.976610405370593, 28.713342044502497, 4008.199999999999818 ], [ 83.976621050387621, 28.71331530623138, 4008.199999999999818 ], [ 83.976625744253397, 28.713310780003667, 4008.199999999999818 ], [ 83.976625576615334, 28.713325029239058, 4008.800000000000182 ], [ 83.97662197239697, 28.713329136371613, 4008.800000000000182 ], [ 83.976617278531194, 28.713353276252747, 4008.800000000000182 ], [ 83.976590037345886, 28.713440364226699, 4009.0 ], [ 83.97656581364572, 28.713532481342551, 4009.0 ], [ 83.976545361801982, 28.713636668398976, 4009.0 ], [ 83.976534381508827, 28.713733060285449, 4008.800000000000182 ], [ 83.976527927443385, 28.713813526555896, 4008.800000000000182 ], [ 83.976527256891131, 28.713895920664072, 4008.800000000000182 ], [ 83.976522143930197, 28.714005472138524, 4008.6 ], [ 83.976520802825689, 28.714019218459725, 4008.6 ], [ 83.976508649066091, 28.714111084118485, 4008.6 ], [ 83.976478725671768, 28.714190544560552, 4008.4 ], [ 83.976421561092138, 28.714240584522489, 4008.4 ], [ 83.976336820051074, 28.714311327785257, 4008.0 ], [ 83.976295413449407, 28.714388692751527, 4008.0 ], [ 83.976228190585971, 28.714481145143509, 4007.800000000000182 ], [ 83.976219892501831, 28.714500926434994, 4007.800000000000182 ], [ 83.976164488121867, 28.714595474302769, 4007.800000000000182 ], [ 83.976091230288148, 28.714651213958859, 4007.800000000000182 ], [ 83.976033311337233, 28.714734865352511, 4007.800000000000182 ], [ 83.975991485640407, 28.714822791516781, 4007.800000000000182 ], [ 83.975986372679472, 28.714879537001252, 4008.4 ], [ 83.976001543924212, 28.714904431253672, 4008.800000000000182 ], [ 83.97600581869483, 28.714927230030298, 4009.4 ], [ 83.976002130657434, 28.714926978573203, 4009.4 ], [ 83.976000119000673, 28.714931169524789, 4009.4 ], [ 83.975992742925882, 28.714952459558845, 4009.800000000000182 ], [ 83.975986205041409, 28.715018089860681, 4010.0 ], [ 83.975982517004013, 28.715051785111427, 4010.6 ], [ 83.97598042152822, 28.715060334652662, 4010.800000000000182 ], [ 83.975944044068456, 28.715116996318105, 4011.6 ], [ 83.975939517840743, 28.715125964954495, 4011.800000000000182 ], [ 83.975924681872129, 28.715180782601237, 4012.6 ], [ 83.97592518478632, 28.715194026008248, 4012.800000000000182 ], [ 83.975924681872129, 28.715212717652321, 4013.4 ], [ 83.975925352424383, 28.715229900553823, 4014.0 ], [ 83.975917473435402, 28.715254375711083, 4014.800000000000182 ], [ 83.97591445595026, 28.715275665745139, 4015.0 ], [ 83.975922083482146, 28.71530064381659, 4015.6 ], [ 83.975923424586654, 28.715302320197225, 4016.199999999999818 ], [ 83.975923676043749, 28.71530307456851, 4016.199999999999818 ], [ 83.975940439850092, 28.715355461463332, 4016.6 ], [ 83.975948737934232, 28.715389156714082, 4017.199999999999818 ], [ 83.975952928885818, 28.715393766760823, 4017.4 ], [ 83.975952761247754, 28.715406758710746, 4017.800000000000182 ], [ 83.97596332244575, 28.715418325737119, 4018.199999999999818 ], [ 83.975987965241075, 28.715447578579187, 4019.199999999999818 ], [ 83.975987210869789, 28.715454619377851, 4019.6 ], [ 83.975991234183311, 28.71548387221992, 4020.4 ], [ 83.97599458694458, 28.715512789785866, 4021.0 ], [ 83.975984612479806, 28.715549586340785, 4021.4 ], [ 83.975972207263112, 28.715605242177844, 4021.6 ], [ 83.975972374901175, 28.71565192937851, 4022.4 ], [ 83.975963657721877, 28.715700209140778, 4023.199999999999818 ], [ 83.975992659106851, 28.715734574943781, 4023.6 ], [ 83.976006573066115, 28.715783525258303, 4024.6 ], [ 83.97600581869483, 28.715790817514065, 4024.800000000000182 ], [ 83.976006573066115, 28.715829290449619, 4025.6 ], [ 83.976005902513862, 28.715843036770821, 4025.800000000000182 ], [ 83.975994838401675, 28.715860471129417, 4026.4 ], [ 83.975985618308187, 28.715885700657964, 4026.4 ], [ 83.975987294688821, 28.715885700657964, 4026.800000000000182 ], [ 83.976002801209688, 28.715865164995193, 4027.0 ], [ 83.975999783724546, 28.715853849425912, 4027.199999999999818 ], [ 83.975997436791658, 28.715859213843942, 4027.4 ], [ 83.976008668541908, 28.715923083946109, 4027.4 ], [ 83.976028449833393, 28.71595736593008, 4028.0 ], [ 83.976028449833393, 28.715961389243603, 4028.0 ], [ 83.976041357964277, 28.716022241860628, 4028.199999999999818 ], [ 83.976048901677132, 28.716042777523398, 4028.199999999999818 ], [ 83.976070862263441, 28.716108994558457, 4029.0 ], [ 83.976075388491154, 28.716115364804864, 4029.199999999999818 ], [ 83.976122327148914, 28.716186359524727, 4029.6 ], [ 83.976163733750582, 28.716231621801853, 4030.0 ], [ 83.976168343797326, 28.716262048110369, 4030.6 ], [ 83.976223831996322, 28.716325163841248, 4030.6 ], [ 83.97623548284173, 28.716348884627223, 4031.0 ], [ 83.976241266354918, 28.716383501887321, 4031.800000000000182 ], [ 83.97624378092587, 28.716398505493999, 4032.199999999999818 ], [ 83.976236740127206, 28.716430692002177, 4033.0 ], [ 83.976221736520529, 28.71644452214241, 4033.199999999999818 ], [ 83.97618418559432, 28.716465644538403, 4033.800000000000182 ], [ 83.976164571940899, 28.716489113867283, 4034.4 ], [ 83.976150741800666, 28.716511242091656, 4034.800000000000182 ], [ 83.976139677688479, 28.716542422771457, 4035.6 ], [ 83.976130206137896, 28.716561365872622, 4035.800000000000182 ], [ 83.976097516715527, 28.716647867113352, 4036.0 ], [ 83.976060636341572, 28.716730009764433, 4036.0 ], [ 83.976033730432391, 28.716794298961759, 4036.199999999999818 ], [ 83.976042782887816, 28.716847272589803, 4036.4 ], [ 83.976051500067115, 28.71686747297645, 4036.4 ], [ 83.976062312722206, 28.716888846829537, 4036.6 ], [ 83.976071532815695, 28.716943664476275, 4037.199999999999818 ], [ 83.976069521158934, 28.716952884569764, 4037.4 ], [ 83.976067677140236, 28.717008205130696, 4037.4 ], [ 83.976096091791987, 28.717084899544716, 4037.6 ], [ 83.976127691566944, 28.717187829315662, 4037.6 ], [ 83.976143365725875, 28.717269133776423, 4038.199999999999818 ], [ 83.976145377382636, 28.717335350811481, 4038.6 ], [ 83.97614604793489, 28.717352952808142, 4038.800000000000182 ], [ 83.976148059591651, 28.717400478199124, 4039.199999999999818 ], [ 83.976115705445409, 28.717450182884932, 4039.800000000000182 ], [ 83.97610841318965, 28.717458648607135, 4039.800000000000182 ], [ 83.976083770394325, 28.717508185654879, 4040.199999999999818 ], [ 83.976084105670452, 28.717532493174076, 4040.199999999999818 ], [ 83.976122243329883, 28.717583371326327, 4040.199999999999818 ], [ 83.976192232221365, 28.717673644423485, 4040.199999999999818 ], [ 83.976232884451747, 28.717756625264883, 4040.199999999999818 ], [ 83.976272782310843, 28.717828458175063, 4040.199999999999818 ], [ 83.976286025717854, 28.717852346599106, 4039.800000000000182 ], [ 83.976370766758919, 28.717900458723307, 4038.800000000000182 ], [ 83.976438576355577, 28.717936417087913, 4037.800000000000182 ], [ 83.976497752591968, 28.717959551140662, 4037.4 ], [ 83.976564053446054, 28.717990648001432, 4036.6 ], [ 83.976608896628022, 28.718052003532648, 4036.6 ], [ 83.976650051772594, 28.718128949403763, 4036.6 ], [ 83.976696319878101, 28.718203883618116, 4036.4 ], [ 83.976692715659738, 28.718294072896239, 4036.4 ], [ 83.976633958518505, 28.718353668227792, 4036.199999999999818 ], [ 83.976597413420677, 28.718432290479541, 4036.0 ], [ 83.976541170850396, 28.718466488644481, 4036.0 ], [ 83.97640404291451, 28.71848551556468, 4036.0 ], [ 83.976359283551574, 28.71849037706852, 4035.6 ], [ 83.976330030709505, 28.718547290191054, 4035.0 ], [ 83.97626624442637, 28.718644939363003, 4034.6 ], [ 83.976259035989642, 28.718654830008745, 4034.6 ], [ 83.976183934137225, 28.718714509159327, 4033.6 ], [ 83.97616364993155, 28.718727920204401, 4033.6 ], [ 83.976090392097831, 28.718773433938622, 4033.0 ], [ 83.976057032123208, 28.718791119754311, 4032.4 ], [ 83.976009842008352, 28.718809811398387, 4032.4 ], [ 83.975998191162944, 28.71881291270256, 4032.4 ], [ 83.975882856175303, 28.718868400901556, 4032.199999999999818 ], [ 83.975815214216709, 28.718924559652805, 4032.0 ], [ 83.975788727402687, 28.718963619321585, 4032.0 ], [ 83.975767521187663, 28.719036709517241, 4031.800000000000182 ], [ 83.975728796795011, 28.719101836904883, 4031.800000000000182 ], [ 83.975669704377651, 28.719152715057135, 4031.6 ], [ 83.975664088502526, 28.719186242669821, 4031.6 ], [ 83.975669117644429, 28.719207532703876, 4031.4 ], [ 83.975668782368302, 28.719215244054791, 4031.4 ], [ 83.975658053532243, 28.719205856323239, 4031.4 ], [ 83.975664088502526, 28.719231337308884, 4031.4 ], [ 83.975664675235748, 28.719310713931922, 4031.4 ], [ 83.975653359666467, 28.719355054199696, 4031.4 ], [ 83.975621424615383, 28.719424037262797, 4030.800000000000182 ], [ 83.975539030507207, 28.719475837424397, 4030.4 ], [ 83.975465102121234, 28.71949109248817, 4030.4 ], [ 83.975446745753288, 28.719493271782991, 4030.199999999999818 ], [ 83.975408188998699, 28.719544317573309, 4030.199999999999818 ], [ 83.975404500961304, 28.719554208219051, 4030.199999999999818 ], [ 83.975338283926249, 28.719647414982319, 4029.4 ], [ 83.9753148984164, 28.719682535156608, 4029.199999999999818 ], [ 83.975269133225083, 28.719762833788991, 4028.800000000000182 ], [ 83.975206017494202, 28.719848748296499, 4028.6 ], [ 83.975146757438779, 28.719899877905849, 4028.6 ], [ 83.975142566487193, 28.719908930361271, 4028.4 ], [ 83.975040642544627, 28.719991995021701, 4028.199999999999818 ], [ 83.975042151287198, 28.720043962821364, 4028.199999999999818 ], [ 83.975044414401054, 28.720056787133217, 4027.800000000000182 ], [ 83.974987920373678, 28.72014714404941, 4027.4 ], [ 83.974977945908904, 28.720149826258421, 4027.4 ], [ 83.974951962009072, 28.720160219818354, 4027.199999999999818 ], [ 83.974950034171343, 28.720166338607669, 4027.199999999999818 ], [ 83.974947016686201, 28.720167512074113, 4027.0 ], [ 83.974927570670843, 28.720235573127862, 4026.199999999999818 ], [ 83.974928911775351, 28.720256192609668, 4026.0 ], [ 83.9749401435256, 28.720347890630364, 4025.0 ], [ 83.974939305335283, 28.720370354130864, 4024.800000000000182 ], [ 83.974933102726936, 28.720441348850727, 4023.800000000000182 ], [ 83.974926732480526, 28.720451323315501, 4023.800000000000182 ], [ 83.974877614527941, 28.720530029386278, 4023.800000000000182 ], [ 83.974873423576355, 28.720609489828348, 4023.4 ], [ 83.974850373342633, 28.720700349658728, 4023.199999999999818 ], [ 83.974820114672184, 28.720786850899454, 4023.199999999999818 ], [ 83.974805194884539, 28.720863796770573, 4023.0 ], [ 83.974763788282871, 28.720919452607632, 4023.0 ], [ 83.974707713350654, 28.72098826803267, 4023.0 ], [ 83.974667647853494, 28.721022717654705, 4023.0 ], [ 83.974585672840476, 28.721100501716137, 4023.0 ], [ 83.974538398906589, 28.721161857247353, 4023.0 ], [ 83.974499255418777, 28.721216674894094, 4023.0 ], [ 83.974487101659179, 28.721294458955526, 4023.0 ], [ 83.974467823281884, 28.72139185667038, 4023.199999999999818 ], [ 83.974435804411769, 28.721459666267037, 4023.4 ], [ 83.974423231557012, 28.721474753692743, 4023.800000000000182 ], [ 83.974393224343657, 28.721508532762527, 4024.4 ], [ 83.974369922652841, 28.721530577167869, 4025.0 ], [ 83.974365228787065, 28.721540383994579, 4025.4 ], [ 83.974347626790404, 28.721556477248669, 4026.0 ], [ 83.974330611526966, 28.721576677635312, 4026.0 ], [ 83.97426238283515, 28.721637027338147, 4027.0 ], [ 83.9742218144238, 28.721660077571869, 4027.199999999999818 ], [ 83.974216533824801, 28.721662843599916, 4027.199999999999818 ], [ 83.974135313183069, 28.721653958782554, 4027.199999999999818 ], [ 83.974116872996092, 28.721667286008596, 4027.199999999999818 ], [ 83.974084770306945, 28.721713302657008, 4027.4 ], [ 83.97407429292798, 28.721748422831297, 4027.4 ], [ 83.974011680111289, 28.721829475834969, 4027.4 ], [ 83.97396432235837, 28.721905499696732, 4027.4 ], [ 83.973952084779739, 28.721967693418264, 4027.6 ], [ 83.973943535238504, 28.722043130546808, 4028.199999999999818 ], [ 83.97394529543817, 28.722055703401569, 4028.199999999999818 ], [ 83.973937667906284, 28.72210155241191, 4028.6 ], [ 83.973936997354031, 28.722107671201229, 4029.0 ], [ 83.973929202184081, 28.722189897671345, 4029.199999999999818 ], [ 83.973910845816135, 28.722263909876347, 4029.199999999999818 ], [ 83.973903637379408, 28.72235544025898, 4029.4 ], [ 83.973892070353031, 28.722432134672999, 4029.6 ], [ 83.973859213292599, 28.72249910607934, 4030.199999999999818 ], [ 83.973847646266222, 28.722517881542444, 4030.4 ], [ 83.973819315433502, 28.722567250952125, 4030.6 ], [ 83.973801545798779, 28.722623996436596, 4030.6 ], [ 83.97379626519978, 28.722704714164134, 4030.800000000000182 ], [ 83.973760139197111, 28.722781408578157, 4031.0 ], [ 83.973749075084925, 28.72281820513308, 4031.4 ], [ 83.973731556907296, 28.722851146012545, 4031.6 ], [ 83.973672967404127, 28.722934378311042, 4031.6 ], [ 83.973629046231508, 28.722991291433573, 4031.800000000000182 ], [ 83.973630219697952, 28.723002858459949, 4031.800000000000182 ], [ 83.973628208041191, 28.723071254789829, 4032.0 ], [ 83.97360079921782, 28.723125820979476, 4032.4 ], [ 83.9735949318856, 28.723134119063616, 4032.6 ], [ 83.973561655730009, 28.723174938932061, 4033.199999999999818 ], [ 83.973529385402799, 28.723237384110689, 4033.6 ], [ 83.973534666001797, 28.723234701901671, 4033.6 ], [ 83.973512789234519, 28.723275689408183, 4034.0 ], [ 83.973469622433186, 28.723347019404173, 4034.199999999999818 ], [ 83.973477082327008, 28.723420444875956, 4034.4 ], [ 83.973499797284603, 28.72343871742487, 4034.6 ], [ 83.9735137950629, 28.723455397412181, 4034.800000000000182 ], [ 83.973529385402799, 28.723501497879624, 4035.4 ], [ 83.973530558869243, 28.723509963601828, 4035.6 ], [ 83.973525613546371, 28.723549777641892, 4036.6 ], [ 83.97352552972734, 28.723557991907001, 4036.6 ], [ 83.973514633253217, 28.723585903644562, 4037.4 ], [ 83.9735172316432, 28.723605601117015, 4037.800000000000182 ], [ 83.973507257178426, 28.723628232255574, 4038.199999999999818 ], [ 83.973491918295622, 28.723657233640552, 4038.800000000000182 ], [ 83.973478926345706, 28.723670477047563, 4039.199999999999818 ], [ 83.973460150882602, 28.723690090700984, 4039.800000000000182 ], [ 83.973453948274255, 28.723698137328029, 4040.0 ], [ 83.973453445360065, 28.723735772073269, 4040.199999999999818 ], [ 83.973441375419497, 28.723755301907659, 4041.0 ], [ 83.973438860848546, 28.723763599991798, 4041.0 ], [ 83.973422097042203, 28.723813388496637, 4042.0 ], [ 83.973420923575759, 28.72381741181016, 4042.199999999999818 ], [ 83.97341069765389, 28.723840713500977, 4043.0 ], [ 83.973404411226511, 28.72384741902351, 4043.199999999999818 ], [ 83.973395023494959, 28.723878767341375, 4043.199999999999818 ], [ 83.973377756774426, 28.72393224388361, 4043.6 ], [ 83.973364178091288, 28.723939033225179, 4044.0 ], [ 83.97335940040648, 28.723942637443542, 4044.0 ], [ 83.973366441205144, 28.723914138972759, 4044.0 ], [ 83.973363423720002, 28.723954372107983, 4044.4 ], [ 83.973330734297633, 28.724001226946712, 4044.800000000000182 ], [ 83.973300475627184, 28.724040035158396, 4045.0 ], [ 83.973274659365416, 28.724096696823835, 4045.4 ], [ 83.973269714042544, 28.72410667128861, 4045.6 ], [ 83.973257811740041, 28.724121758714318, 4045.6 ], [ 83.973272480070591, 28.724109772592783, 4046.0 ], [ 83.973272228613496, 28.724109940230846, 4046.0 ], [ 83.973263930529356, 28.724104324355721, 4046.0 ], [ 83.973272228613496, 28.724109940230846, 4046.199999999999818 ], [ 83.973272228613496, 28.724109940230846, 4046.4 ], [ 83.973272228613496, 28.724109940230846, 4046.4 ], [ 83.97326460108161, 28.724124105647206, 4046.4 ], [ 83.973255632445216, 28.724133493378758, 4046.4 ], [ 83.973237778991461, 28.72419903986156, 4046.4 ], [ 83.973233168944716, 28.724207086488605, 4046.6 ], [ 83.973211208358407, 28.724250001832843, 4047.199999999999818 ], [ 83.973185978829861, 28.724277997389436, 4047.6 ], [ 83.973166113719344, 28.724295850843191, 4048.0 ], [ 83.973139207810163, 28.724316135048863, 4048.6 ], [ 83.973108446225524, 28.724329294636849, 4048.800000000000182 ], [ 83.973098639398813, 28.724331557750705, 4049.0 ], [ 83.97307357750833, 28.724367097020149, 4049.4 ], [ 83.973065866157413, 28.724379418417811, 4049.800000000000182 ], [ 83.97305941209197, 28.724381262436509, 4050.4 ], [ 83.973030243068933, 28.724412191659212, 4050.4 ], [ 83.973016748204827, 28.72442283667624, 4050.800000000000182 ], [ 83.972965953871608, 28.724455945193768, 4051.800000000000182 ], [ 83.972907029092312, 28.724511098116636, 4051.800000000000182 ], [ 83.972904346883297, 28.724514869973063, 4051.800000000000182 ], [ 83.972872663289309, 28.724564826115969, 4051.800000000000182 ], [ 83.972867634147406, 28.724569519981745, 4052.199999999999818 ], [ 83.97284927777946, 28.724600533023477, 4052.6 ], [ 83.97286981344223, 28.724576225504279, 4052.6 ], [ 83.972909962758422, 28.724505063146353, 4052.800000000000182 ], [ 83.972958410158753, 28.724453849717975, 4053.0 ], [ 83.972993697971106, 28.724460303783417, 4053.0 ], [ 83.972993697971106, 28.724474469199777, 4053.199999999999818 ], [ 83.972994787618518, 28.724485114216805, 4053.199999999999818 ], [ 83.972988501191139, 28.724508164450526, 4053.6 ], [ 83.972984729334712, 28.724528783932328, 4054.0 ], [ 83.972976598888636, 28.72454697266221, 4055.199999999999818 ], [ 83.972959918901324, 28.724578320980072, 4056.199999999999818 ], [ 83.972953632473946, 28.724588127806783, 4056.4 ], [ 83.972946591675282, 28.724602963775396, 4057.0 ], [ 83.972937874495983, 28.724611513316631, 4057.6 ], [ 83.972923038527369, 28.72463246807456, 4058.800000000000182 ], [ 83.972917087376118, 28.724644202739, 4059.199999999999818 ], [ 83.972927229478955, 28.724660715088248, 4059.800000000000182 ], [ 83.972926056012511, 28.72465786524117, 4060.0 ], [ 83.972927145659924, 28.724658451974392, 4060.199999999999818 ], [ 83.972927145659924, 28.724658451974392, 4060.199999999999818 ], [ 83.972928067669272, 28.724661050364375, 4060.4 ], [ 83.972917925566435, 28.724700529128313, 4060.800000000000182 ], [ 83.972916416823864, 28.724698852747679, 4061.0 ], [ 83.972883140668273, 28.724739924073219, 4061.199999999999818 ], [ 83.972872998565435, 28.72477806173265, 4061.199999999999818 ], [ 83.972866460680962, 28.724793316796426, 4061.199999999999818 ], [ 83.972856402397156, 28.724811337888241, 4061.199999999999818 ], [ 83.972850618883967, 28.724819300696257, 4061.4 ], [ 83.972846679389477, 28.724830280989408, 4061.4 ], [ 83.972844164818525, 28.724827012047172, 4061.4 ], [ 83.972846008837223, 28.724822904914618, 4061.4 ], [ 83.972847852855921, 28.724817289039493, 4061.4 ], [ 83.972849193960428, 28.724820809438825, 4061.4 ], [ 83.972854977473617, 28.72482106089592, 4061.4 ] ] } }
]
}
