{
"type": "FeatureCollection",
"name": "day01",
"crs": { "type": "name", "properties": { "name": "urn:ogc:def:crs:OGC:1.3:CRS84" } },
"features": [
{ "type": "Feature", "properties": { "name": "day01" }, "geometry": { "type": "LineString", "coordinates": [ [ 84.354172311723232, 28.524664482101802, 1941.8 ], [ 84.354148926213384, 28.524684263393283, 1941.8 ], [ 84.354139873757958, 28.524706810712814, 1941.8 ], [ 84.354128139093518, 28.524726843461391, 1941.8 ], [ 84.354101736098528, 28.524766154587269, 1941.8 ], [ 84.354084888473153, 28.524787360802293, 1941.8 ], [ 84.354052869603038, 28.52482826448977, 1942.6 ], [ 84.354043481871486, 28.524843854829669, 1942.8 ], [ 84.354029484093189, 28.524868665263057, 1942.8 ], [ 84.354021353647113, 28.524879226461053, 1942.8 ], [ 84.354010708630085, 28.52489062584937, 1943.0 ], [ 84.354000231251121, 28.524900013580918, 1943.2 ], [ 84.353991849347949, 28.524909066036344, 1943.4 ], [ 84.353970224037766, 28.524934882298112, 1943.8 ], [ 84.353922950103879, 28.524988945573568, 1944.8 ], [ 84.35389855876565, 28.525015683844689, 1945.8 ], [ 84.35388246551156, 28.525036806240681, 1946.0 ], [ 84.353834101930261, 28.525097575038671, 1947.0 ], [ 84.353779619559646, 28.52515222504735, 1948.0 ], [ 84.35376369394362, 28.525164965540171, 1948.4 ], [ 84.353742906823754, 28.525188351050019, 1949.0 ], [ 84.353734692558646, 28.525193966925144, 1949.2 ], [ 84.35371876694262, 28.525207545608279, 1949.6 ], [ 84.353700075298548, 28.525235122069716, 1950.0 ], [ 84.35368649661541, 28.525246353819966, 1950.2 ], [ 84.353648107498884, 28.52529949508607, 1951.0 ], [ 84.353641234338284, 28.525312067940831, 1951.2 ], [ 84.353606952354312, 28.525351798161864, 1952.2 ], [ 84.35359806753695, 28.525359677150849, 1952.4 ], [ 84.353543920442462, 28.525391696020961, 1953.6 ], [ 84.35353260487318, 28.525398401543494, 1953.6 ], [ 84.353484325110912, 28.525415584445, 1954.2 ], [ 84.353473260998726, 28.525421703234315, 1954.2 ], [ 84.353465465828776, 28.525401586666703, 1955.6 ], [ 84.353435123339295, 28.52545615285635, 1955.8 ], [ 84.353337222710252, 28.525517843663692, 1956.6 ], [ 84.353306796401739, 28.525522034615278, 1957.0 ], [ 84.353262539952993, 28.52553284727037, 1957.6 ], [ 84.353209985420108, 28.525548102334142, 1958.0 ], [ 84.353181989863515, 28.525557406246666, 1958.6 ], [ 84.353129183873534, 28.525595460087061, 1959.2 ], [ 84.353114934638143, 28.525625634938478, 1959.8 ], [ 84.353110659867525, 28.525668801739812, 1960.2 ], [ 84.353112671524286, 28.525739042088389, 1960.8 ], [ 84.353116108104587, 28.52580894716084, 1961.4 ], [ 84.353114934638143, 28.525820765644312, 1961.6 ], [ 84.353118119761348, 28.525888407602903, 1962.2 ], [ 84.353111917153001, 28.525905925780535, 1962.6 ], [ 84.353091968223453, 28.525938866659999, 1962.8 ], [ 84.353086268529296, 28.525948338210583, 1962.8 ], [ 84.353072438389063, 28.525966443121433, 1963.0 ], [ 84.353057853877544, 28.525983039289713, 1963.2 ], [ 84.353051148355007, 28.52599217556417, 1963.4 ], [ 84.353045700117946, 28.526000892743468, 1963.6 ], [ 84.353002617135644, 28.526052357628942, 1964.6 ], [ 84.352987948805094, 28.52606937289238, 1965.0 ], [ 84.3529530800879, 28.526108013466001, 1965.2 ], [ 84.352905470877886, 28.526153191924095, 1965.8 ], [ 84.352830201387405, 28.526217397302389, 1966.6 ], [ 84.352805642411113, 28.52625117637217, 1966.8 ], [ 84.352771108970046, 28.526285877451301, 1967.0 ], [ 84.352753255516291, 28.526305072009563, 1967.2 ], [ 84.352688631042838, 28.526358129456639, 1967.8 ], [ 84.352662563323975, 28.526389058679342, 1968.2 ], [ 84.352644626051188, 28.52642510086298, 1969.0 ], [ 84.352616965770721, 28.526474051177502, 1970.0 ], [ 84.35260958969593, 28.52648519910872, 1970.2 ], [ 84.352582935243845, 28.526534819975495, 1971.2 ], [ 84.352570194751024, 28.526555858552456, 1971.4 ], [ 84.352544043213129, 28.526630541309711, 1972.0 ], [ 84.352538594976068, 28.526648059487343, 1972.2 ], [ 84.35253188945353, 28.526665661484003, 1972.2 ], [ 84.352481430396438, 28.526724083349109, 1972.8 ], [ 84.352448238059878, 28.526765322312713, 1973.2 ], [ 84.352427953854203, 28.526800442487001, 1973.8 ], [ 84.35241362079978, 28.526838412508368, 1974.4 ], [ 84.352394510060549, 28.526887781918049, 1974.4 ], [ 84.3523452244699, 28.526968834921721, 1974.8 ], [ 84.352321336045861, 28.526996830478311, 1975.0 ], [ 84.352294849231839, 28.52701703086495, 1975.4 ], [ 84.352289484813809, 28.52702658623457, 1975.6 ], [ 84.352252604439855, 28.527081403881311, 1976.4 ], [ 84.352231984958053, 28.52711115963757, 1976.4 ], [ 84.352206671610475, 28.527159104123712, 1977.0 ], [ 84.352188147604465, 28.527189446613193, 1977.4 ], [ 84.352146657183766, 28.52725499309599, 1977.6 ], [ 84.352138275280595, 28.5272650513798, 1977.6 ], [ 84.352086642757058, 28.52730218321085, 1977.6 ], [ 84.352062838152051, 28.527318360283971, 1977.6 ], [ 84.3520378600806, 28.527340237051249, 1977.8 ], [ 84.352004081010818, 28.527365969493985, 1977.8 ], [ 84.35194892808795, 28.527401341125369, 1978.0 ], [ 84.35192646458745, 28.527418188750744, 1978.2 ], [ 84.351891931146383, 28.527460684999824, 1978.4 ], [ 84.351883716881275, 28.527469402179118, 1978.6 ], [ 84.351835353299975, 28.527527740225196, 1979.4 ], [ 84.35182873159647, 28.52753528393805, 1979.6 ], [ 84.351777266710997, 28.527593957260251, 1980.6 ], [ 84.351766956970096, 28.527603764086962, 1980.6 ], [ 84.351694202050567, 28.527666460722685, 1981.6 ], [ 84.351684981957078, 28.527674842625856, 1981.8 ], [ 84.351620441302657, 28.527736868709329, 1982.8 ], [ 84.351606108248234, 28.527746591717005, 1982.8 ], [ 84.351553469896317, 28.527787746861577, 1983.0 ], [ 84.35147937387228, 28.527875924482942, 1983.0 ], [ 84.351386921480298, 28.527946919202805, 1983.0 ], [ 84.351296899840236, 28.527972316369414, 1983.0 ], [ 84.351287512108684, 28.527976591140032, 1983.0 ], [ 84.351252224296331, 28.528014058247209, 1983.0 ], [ 84.351174104958773, 28.528075413778424, 1982.4 ], [ 84.351141415536404, 28.528104247525334, 1981.6 ], [ 84.351114258170128, 28.528135428205132, 1981.2 ], [ 84.351086178794503, 28.52816510014236, 1981.2 ], [ 84.351077964529395, 28.52817440405488, 1981.2 ], [ 84.351017866283655, 28.528218492865559, 1981.2 ], [ 84.350979728624225, 28.528266604989767, 1981.2 ], [ 84.350941758602858, 28.52830046787858, 1981.2 ], [ 84.350868919864297, 28.528388226404783, 1981.2 ], [ 84.350855089724064, 28.528422676026821, 1981.6 ], [ 84.350832793861628, 28.528469698503613, 1982.2 ], [ 84.350820640102029, 28.528491239994764, 1982.6 ], [ 84.35079189017415, 28.52854480035603, 1983.6 ], [ 84.35077671892941, 28.528586123138663, 1984.4 ], [ 84.350774874910712, 28.528595846146345, 1984.6 ], [ 84.35077135451138, 28.52860489860177, 1984.8 ], [ 84.350761799141765, 28.528618477284908, 1985.0 ], [ 84.350731875747442, 28.528666337952014, 1985.8 ], [ 84.350710669532418, 28.528697434812784, 1986.4 ], [ 84.350685523822904, 28.528727106750011, 1987.0 ], [ 84.350671861320734, 28.528746888041496, 1987.2 ], [ 84.350666748359799, 28.528757365420461, 1987.4 ], [ 84.350660881027579, 28.528766250237823, 1987.4 ], [ 84.350645374506712, 28.528784941881895, 1987.6 ], [ 84.350617881864309, 28.52882768958807, 1987.6 ], [ 84.350610924884677, 28.528839675709605, 1987.8 ], [ 84.350598519667983, 28.528856858611107, 1988.0 ], [ 84.350552754476666, 28.528887117281556, 1988.0 ], [ 84.350501541048288, 28.52892885915935, 1988.0 ], [ 84.350401628762484, 28.52900261990726, 1988.2 ], [ 84.350342033430934, 28.52907495573163, 1988.6 ], [ 84.350330717861652, 28.529094317927957, 1988.8 ], [ 84.350317222997546, 28.52911401540041, 1989.0 ], [ 84.350264919921756, 28.529172018170357, 1990.2 ], [ 84.350245390087366, 28.529187273234129, 1990.6 ], [ 84.35022845864296, 28.529197750613093, 1991.2 ], [ 84.350163331255317, 28.529237899929285, 1992.4 ], [ 84.350125193595886, 28.529267404228449, 1993.4 ], [ 84.350092504173517, 28.529287185519937, 1994.4 ], [ 84.350075405091047, 28.529303949326277, 1994.6 ], [ 84.350067693740129, 28.529311660677195, 1994.8 ], [ 84.350036764517426, 28.529347535222769, 1995.6 ], [ 84.350027209147811, 28.529358012601733, 1995.8 ], [ 84.350039614364505, 28.52937594987452, 1995.8 ], [ 84.350048080086708, 28.529393300414085, 1996.0 ], [ 84.350045397877693, 28.529402688145641, 1996.2 ], [ 84.350043972954154, 28.529398664832115, 1996.2 ], [ 84.349978677928448, 28.529458763077855, 1996.4 ], [ 84.349934086203575, 28.52952397428453, 1996.8 ], [ 84.349924447014928, 28.52954501286149, 1997.2 ], [ 84.349897373467684, 28.52960561402142, 1997.8 ], [ 84.349884046241641, 28.529631597921252, 1998.4 ], [ 84.349859906360507, 28.529666215181351, 1998.8 ], [ 84.349843896925449, 28.529690774157643, 1999.0 ], [ 84.349835263565183, 28.52970477193594, 1999.4 ], [ 84.349804669618607, 28.529736706987023, 2000.0 ], [ 84.349798718467355, 28.529745424166322, 2000.2 ], [ 84.349775668233633, 28.529801415279508, 2001.2 ], [ 84.349772147834301, 28.529827147722244, 2001.6 ], [ 84.34976770542562, 28.529886407777667, 2002.4 ], [ 84.349759323522449, 28.529920941218737, 2002.8 ], [ 84.349733674898744, 28.529962850734591, 2003.6 ], [ 84.349706685170531, 28.529988583177328, 2004.2 ], [ 84.349685478955507, 28.53001750074327, 2004.6 ], [ 84.349666032940149, 28.530058655887839, 2005.2 ], [ 84.349676761776209, 28.530087824910879, 2005.6 ], [ 84.349683718755841, 28.530087321996689, 2005.6 ], [ 84.349692603573203, 28.530092518776655, 2005.6 ], [ 84.349700734019279, 28.530095284804705, 2005.8 ], [ 84.349695956334472, 28.530089082196355, 2005.8 ], [ 84.349697632715106, 28.530097464099526, 2005.8 ], [ 84.349701404571533, 28.530088579282165, 2005.8 ], [ 84.349711211398244, 28.530094111338254, 2005.8 ], [ 84.349712552502751, 28.530096206814051, 2005.6 ], [ 84.349708780646324, 28.530098050832748, 2005.6 ], [ 84.349709451198578, 28.530092686414719, 2005.2 ], [ 84.349721856415272, 28.530084723606706, 2004.8 ], [ 84.349724119529128, 28.530079359188676, 2004.8 ], [ 84.349729148671031, 28.530088495463133, 2004.8 ], [ 84.349735602736473, 28.530091345310211, 2004.6 ], [ 84.349722107872367, 28.53008463978767, 2004.4 ], [ 84.349716156721115, 28.53008983656764, 2004.4 ], [ 84.349722107872367, 28.53008463978767, 2004.4 ], [ 84.349722107872367, 28.53008463978767, 2004.4 ], [ 84.349722107872367, 28.53008463978767, 2004.4 ], [ 84.349722107872367, 28.53008463978767, 2004.4 ], [ 84.349722107872367, 28.53008463978767, 2004.4 ], [ 84.349722107872367, 28.53008463978767, 2004.2 ], [ 84.349708529189229, 28.530093356966972, 2004.2 ], [ 84.34970417059958, 28.530078520998359, 2004.2 ], [ 84.349696794524789, 28.530076509341601, 2004.2 ], [ 84.349681371822953, 28.530092937871817, 2004.0 ], [ 84.349684137851, 28.53009989485145, 2004.0 ], [ 84.349679192528129, 28.530107187107205, 2004.0 ], [ 84.349631415680051, 28.530167704448104, 2004.0 ], [ 84.349613562226295, 28.53018413297832, 2004.0 ], [ 84.349575256928802, 28.530221683904529, 2004.0 ], [ 84.349550195038319, 28.530248673632741, 2004.4 ], [ 84.349517086520791, 28.530320171266791, 2005.0 ], [ 84.349512560293078, 28.53032972663641, 2005.2 ], [ 84.349448019638658, 28.530406169593338, 2006.2 ], [ 84.349435111507773, 28.530413713306189, 2006.4 ], [ 84.34940711595118, 28.53044162504375, 2006.8 ], [ 84.349396135658026, 28.530461909249425, 2007.4 ], [ 84.349390184506774, 28.530469117686152, 2007.6 ], [ 84.349383562803268, 28.530479427427053, 2007.8 ], [ 84.349376354366541, 28.530489066615701, 2008.0 ], [ 84.34936361387372, 28.530511446297169, 2008.2 ], [ 84.349360428750515, 28.530519157648087, 2008.4 ], [ 84.349347939714789, 28.530551763251424, 2008.8 ], [ 84.34931768104434, 28.530617812648416, 2009.4 ], [ 84.349304689094424, 28.530640108510852, 2009.8 ], [ 84.349264707416296, 28.530689980834723, 2010.6 ], [ 84.349253559485078, 28.530706744641066, 2011.0 ], [ 84.3492351192981, 28.530732979997993, 2011.8 ], [ 84.349207459017634, 28.530775057151914, 2012.2 ], [ 84.349197819828987, 28.530813530087471, 2012.8 ], [ 84.349191701039672, 28.530809171497825, 2013.2 ], [ 84.349187426269054, 28.530809171497825, 2013.2 ], [ 84.349145600572228, 28.530857115983963, 2013.6 ], [ 84.349135626107454, 28.530875975266099, 2013.8 ], [ 84.349103691056371, 28.530925428494811, 2014.6 ], [ 84.349089777097106, 28.530951915308833, 2015.0 ], [ 84.34907041490078, 28.53099474683404, 2015.8 ], [ 84.349064128473401, 28.531022658571601, 2016.2 ], [ 84.34906018897891, 28.531070435419679, 2016.6 ], [ 84.349056165665388, 28.53108124807477, 2016.6 ], [ 84.349040407687426, 28.531130785122514, 2017.2 ], [ 84.349008137360215, 28.531191973015662, 2018.0 ], [ 84.349002186208963, 28.531200774013996, 2018.2 ], [ 84.34896438382566, 28.531240504235029, 2018.6 ], [ 84.348925994709134, 28.531306469812989, 2018.8 ], [ 84.348914092406631, 28.531323652714491, 2019.2 ], [ 84.348881989717484, 28.531360365450382, 2019.6 ], [ 84.34886128641665, 28.531399257481095, 2020.4 ], [ 84.34884368441999, 28.531429097056389, 2021.0 ], [ 84.348838487640023, 28.531458098441359, 2021.4 ], [ 84.348827004432678, 28.531486261636019, 2021.8 ], [ 84.348790626972914, 28.531540157273412, 2022.4 ], [ 84.348785346373916, 28.531545102596283, 2022.6 ], [ 84.348770845681429, 28.531565386801962, 2023.4 ], [ 84.348757853731513, 28.531571505591273, 2023.6 ], [ 84.348693648353219, 28.531589191406965, 2023.8 ], [ 84.348656013607979, 28.531617019325495, 2024.4 ], [ 84.348626509308815, 28.531635459512472, 2024.8 ], [ 84.348554844036698, 28.531676530838013, 2025.2 ], [ 84.348522573709488, 28.531696060672399, 2025.6 ], [ 84.348485693335533, 28.531710477545857, 2025.6 ], [ 84.348402293398976, 28.531745681539174, 2025.8 ], [ 84.348327023908496, 28.531767725944519, 2026.6 ], [ 84.348317552357912, 28.531769653782248, 2026.8 ], [ 84.348256615921855, 28.531782981008291, 2027.2 ], [ 84.348233733326197, 28.531788680702448, 2027.4 ], [ 84.348224010318518, 28.531790105625987, 2027.6 ], [ 84.348149243742228, 28.531808294355869, 2028.8 ], [ 84.348065843805671, 28.531799325719476, 2029.4 ], [ 84.347939779981971, 28.531783986836672, 2029.6 ], [ 84.347880519926548, 28.531784238293767, 2029.8 ], [ 84.347860654816031, 28.531783064827323, 2030.0 ], [ 84.347842885181308, 28.531783232465383, 2030.2 ], [ 84.347769794985652, 28.531801588833332, 2031.0 ], [ 84.347757054492831, 28.531807707622647, 2031.2 ], [ 84.347725789994001, 28.531815502792597, 2031.8 ], [ 84.347707852721214, 28.53181273676455, 2032.0 ], [ 84.347657980397344, 28.531811395660043, 2032.8 ], [ 84.347645826637745, 28.531811563298103, 2033.0 ], [ 84.347588242962956, 28.531809551641345, 2034.0 ], [ 84.347575586289167, 28.531809216365215, 2034.4 ], [ 84.347520349547267, 28.531823297962543, 2035.2 ], [ 84.347483301535249, 28.531838888302445, 2035.8 ], [ 84.347444996237755, 28.531857915222645, 2036.2 ], [ 84.347381126135588, 28.531873673200607, 2036.8 ], [ 84.347331337630749, 28.531891694292423, 2037.4 ], [ 84.347284901887178, 28.531913990154862, 2037.4 ], [ 84.347234610468149, 28.531934777274728, 2038.2 ], [ 84.34720971621573, 28.531940979883075, 2038.2 ], [ 84.3471300881356, 28.531936202198267, 2038.2 ], [ 84.347103517502546, 28.531933100894097, 2038.4 ], [ 84.347021039575338, 28.531942153349519, 2039.0 ], [ 84.346932023763657, 28.531951960176229, 2039.2 ], [ 84.346901848912239, 28.531961934641004, 2039.4 ], [ 84.346854323521256, 28.531976267695427, 2039.8 ], [ 84.346782490611076, 28.532003341242671, 2040.4 ], [ 84.346784418448806, 28.532004514709115, 2040.6 ], [ 84.346761284396052, 28.53200769983232, 2041.0 ], [ 84.346699006855488, 28.532034941017628, 2041.2 ], [ 84.346676208078861, 28.532039970159531, 2041.4 ], [ 84.34663949534297, 28.532048352062706, 2041.8 ], [ 84.346604626625776, 28.532047932967544, 2042.0 ], [ 84.346487615257502, 28.53206729516387, 2042.0 ], [ 84.346429277211428, 28.532071569934487, 2042.4 ], [ 84.346415279433131, 28.532072743400931, 2042.6 ], [ 84.346388457342982, 28.532076850533485, 2042.8 ], [ 84.346307404339314, 28.532100068405271, 2043.8 ], [ 84.346285779029131, 28.532108953222632, 2044.0 ], [ 84.346225094050169, 28.532173242419962, 2044.8 ], [ 84.346215957775712, 28.532172739505768, 2045.0 ], [ 84.346203217282891, 28.532172068953511, 2045.2 ], [ 84.346141275018454, 28.532176846638318, 2046.0 ], [ 84.346128450706601, 28.532174415886399, 2046.0 ], [ 84.345994591712952, 28.532175924628973, 2046.6 ], [ 84.345936002209783, 28.532178523018956, 2047.0 ], [ 84.345903564244509, 28.532186737284064, 2047.8 ], [ 84.345888728275895, 28.532183887436982, 2048.0 ], [ 84.345815218985081, 28.532187072560191, 2048.800000000000182 ], [ 84.345793006941676, 28.532197633758187, 2049.199999999999818 ], [ 84.345763251185417, 28.532209452241659, 2049.4 ], [ 84.34573944658041, 28.532213978469372, 2049.6 ], [ 84.345720587298274, 28.532212134450671, 2050.199999999999818 ], [ 84.345679515972733, 28.53221565485001, 2050.6 ], [ 84.345651939511299, 28.532216912135478, 2051.0 ], [ 84.345629308372736, 28.532219342887402, 2051.4 ], [ 84.345613298937678, 28.532231077551842, 2051.800000000000182 ], [ 84.345581950619817, 28.532242309302092, 2052.0 ], [ 84.345542304217815, 28.532252535223961, 2052.6 ], [ 84.345470136031508, 28.53228036314249, 2053.199999999999818 ], [ 84.345436943694949, 28.53228522464633, 2053.800000000000182 ], [ 84.345391262322664, 28.532305173575882, 2055.0 ], [ 84.345371481031179, 28.532323529943824, 2056.0 ], [ 84.345324793830514, 28.532342053949833, 2056.800000000000182 ], [ 84.345304174348712, 28.53234481997788, 2057.0 ], [ 84.345241729170084, 28.532361667603254, 2057.800000000000182 ], [ 84.345230581238866, 28.532364098355178, 2058.0 ], [ 84.345154138281941, 28.532390501350164, 2059.0 ], [ 84.345141816884279, 28.532392680644989, 2059.199999999999818 ], [ 84.345071157440543, 28.532404163852338, 2060.199999999999818 ], [ 84.345057746395469, 28.532406510785226, 2060.6 ], [ 84.345012567937374, 28.53241765871644, 2061.0 ], [ 84.34496009722352, 28.53242352604866, 2061.199999999999818 ], [ 84.34489999897778, 28.532442385330796, 2061.4 ], [ 84.34487116523087, 28.532456215471029, 2061.800000000000182 ], [ 84.344813916832209, 28.532474404200912, 2062.4 ], [ 84.344787513837218, 28.532482702285051, 2062.800000000000182 ], [ 84.344684248790145, 28.5325060877949, 2063.6 ], [ 84.344602441415191, 28.532546823844314, 2064.6 ], [ 84.344527339562774, 28.532602731138468, 2065.6 ], [ 84.344513174146414, 28.532620668411255, 2066.0 ], [ 84.344452153891325, 28.532668193802241, 2066.4 ], [ 84.344384260475636, 28.532719574868679, 2066.6 ], [ 84.344367077574134, 28.532731896266341, 2066.800000000000182 ], [ 84.344312008470297, 28.532777661457654, 2067.800000000000182 ], [ 84.344296585768461, 28.532793167978525, 2068.4 ], [ 84.344267081469297, 28.532817391678691, 2069.0 ], [ 84.344225255772471, 28.532845806330439, 2069.800000000000182 ], [ 84.344198098406196, 28.532861899584532, 2070.0 ], [ 84.344123415648937, 28.532879082486033, 2070.4 ], [ 84.344008080661297, 28.532901629805565, 2071.0 ], [ 84.34400137513876, 28.532907078042623, 2071.0 ], [ 84.343969020992517, 28.532931301742792, 2072.199999999999818 ], [ 84.343960555270314, 28.532942533493038, 2072.4 ], [ 84.343933565542102, 28.532986287027597, 2073.199999999999818 ], [ 84.34390121139586, 28.533041439950463, 2073.800000000000182 ], [ 84.343894338235259, 28.533084942027926, 2074.199999999999818 ], [ 84.343890817835927, 28.533100364729759, 2074.6 ], [ 84.343847231939435, 28.53315744549036, 2075.4 ], [ 84.343772465363145, 28.533217208459973, 2076.0 ], [ 84.343767017126083, 28.533226596191525, 2076.0 ], [ 84.343722509220243, 28.533256268128753, 2076.199999999999818 ], [ 84.343671128153801, 28.533274121582508, 2076.4 ], [ 84.343640031293035, 28.533291723579168, 2076.4 ], [ 84.343591667711735, 28.533310666680336, 2076.6 ], [ 84.343603905290365, 28.533316785469651, 2077.0 ], [ 84.343606755137444, 28.533326676115394, 2077.0 ], [ 84.343598037958145, 28.533316198736429, 2077.199999999999818 ], [ 84.343573814257979, 28.533314438536763, 2077.4 ], [ 84.343491168692708, 28.533321730792519, 2078.4 ], [ 84.34344925917685, 28.533327849581841, 2078.6 ], [ 84.343387903645635, 28.533346960321069, 2079.199999999999818 ], [ 84.343297211453319, 28.533362047746778, 2079.199999999999818 ], [ 84.34321079403162, 28.53337537497282, 2079.6 ], [ 84.343105349689722, 28.533397251740094, 2080.0 ], [ 84.343028571456671, 28.533409489318728, 2080.0 ], [ 84.343020608648658, 28.533413596451283, 2080.0 ], [ 84.342994792386889, 28.533423068001863, 2080.0 ], [ 84.342939807102084, 28.533449973911047, 2080.199999999999818 ], [ 84.342886917293072, 28.533466905355453, 2080.6 ], [ 84.342868309468031, 28.53347159922123, 2080.800000000000182 ], [ 84.342784574255347, 28.533494733273983, 2081.4 ], [ 84.342743000015616, 28.533524991944432, 2081.6 ], [ 84.342710478231311, 28.533546617254615, 2081.800000000000182 ], [ 84.342632861807942, 28.533595148473974, 2082.4 ], [ 84.34259464032948, 28.533611744642258, 2082.800000000000182 ], [ 84.342566477134824, 28.533623646944761, 2083.199999999999818 ], [ 84.3424969073385, 28.533651893958449, 2083.800000000000182 ], [ 84.342471426352859, 28.533657426014543, 2084.4 ], [ 84.342416189610958, 28.533656168729067, 2084.800000000000182 ], [ 84.34232977218926, 28.533660862594843, 2085.199999999999818 ], [ 84.342282162979245, 28.533670753240585, 2086.0 ], [ 84.342239666730165, 28.533689444884654, 2086.800000000000182 ], [ 84.342217370867729, 28.533698413521051, 2086.800000000000182 ], [ 84.342171940952539, 28.533720457926393, 2087.0 ], [ 84.342146962881088, 28.533732863143086, 2087.199999999999818 ], [ 84.342094073072076, 28.533756332471967, 2088.199999999999818 ], [ 84.342071106657386, 28.533765720203519, 2088.6 ], [ 84.342030370607972, 28.533775191754103, 2089.199999999999818 ], [ 84.341957531869411, 28.533799918368459, 2089.800000000000182 ], [ 84.341909000650048, 28.533810898661613, 2090.4 ], [ 84.341876059770584, 28.53381416760385, 2090.6 ], [ 84.341781595721841, 28.533817771822218, 2091.0 ], [ 84.341723257675767, 28.533813832327724, 2091.4 ], [ 84.341644132509828, 28.533811150118709, 2091.6 ], [ 84.341595349833369, 28.533826908096671, 2091.6 ], [ 84.341596607118845, 28.533825566992164, 2091.6 ], [ 84.341596607118845, 28.533825566992164, 2091.6 ], [ 84.341596607118845, 28.533825566992164, 2091.6 ], [ 84.341596607118845, 28.533825566992164, 2091.6 ], [ 84.341596607118845, 28.533825566992164, 2091.6 ], [ 84.341599205508828, 28.533830428496003, 2091.6 ], [ 84.341545812785625, 28.533857418224216, 2091.6 ], [ 84.341557379812002, 28.53385549038649, 2091.4 ], [ 84.341566348448396, 28.533857502043247, 2091.4 ], [ 84.341565174981952, 28.533860016614199, 2091.4 ], [ 84.341555116698146, 28.533858507871628, 2091.4 ], [ 84.341554949060082, 28.533855238929391, 2091.4 ], [ 84.341563163325191, 28.533854484558105, 2091.4 ], [ 84.341541705653071, 28.533871416002512, 2091.6 ], [ 84.341456796973944, 28.533888179808855, 2091.800000000000182 ], [ 84.341361410915852, 28.533901339396831, 2091.800000000000182 ], [ 84.341310197487473, 28.533904692158103, 2092.0 ], [ 84.341270718723536, 28.533902512863278, 2092.4 ], [ 84.341258397325873, 28.533902429044247, 2092.6 ], [ 84.3411326687783, 28.53391139768064, 2092.6 ], [ 84.341032253578305, 28.533920785412192, 2093.0 ], [ 84.34102026745677, 28.533923299983144, 2093.199999999999818 ], [ 84.341018758714199, 28.533921791240573, 2093.199999999999818 ], [ 84.341018758714199, 28.533921791240573, 2093.199999999999818 ], [ 84.34100610204041, 28.533918438479304, 2093.199999999999818 ], [ 84.340970981866121, 28.533907122910023, 2093.4 ], [ 84.340954888612032, 28.533898824825883, 2093.4 ], [ 84.340896131470799, 28.533876109868288, 2093.4 ], [ 84.340801751241088, 28.533843085169792, 2093.4 ], [ 84.340689182281494, 28.533798577263951, 2093.4 ], [ 84.340589940547943, 28.53374719619751, 2093.6 ], [ 84.340468989685178, 28.533715764060616, 2093.800000000000182 ], [ 84.340350218117237, 28.5337217990309, 2094.0 ], [ 84.340264638885856, 28.533702185377479, 2094.199999999999818 ], [ 84.340230608358979, 28.533687265589833, 2094.800000000000182 ], [ 84.340232871472836, 28.533687265589833, 2094.800000000000182 ], [ 84.340215185657144, 28.53369003161788, 2095.0 ], [ 84.340187273919582, 28.533684080466628, 2095.199999999999818 ], [ 84.340127008035779, 28.533659437671304, 2096.4 ], [ 84.340118374675512, 28.533654576167464, 2096.6 ], [ 84.340019971132278, 28.53362356312573, 2097.4 ], [ 84.340008571743965, 28.533620545640588, 2097.4 ], [ 84.339930536225438, 28.53360503911972, 2097.800000000000182 ], [ 84.339875634759665, 28.533596741035581, 2098.199999999999818 ], [ 84.339840430766344, 28.533593807369471, 2098.4 ], [ 84.339792234823108, 28.533589616417885, 2098.800000000000182 ], [ 84.339726101607084, 28.533568829298019, 2099.4 ], [ 84.339708667248487, 28.533553909510378, 2099.6 ], [ 84.339609341695905, 28.533520381897688, 2100.6 ], [ 84.339597187936306, 28.5335180349648, 2100.800000000000182 ], [ 84.339497778564692, 28.533503534272313, 2101.6 ], [ 84.339489815756679, 28.533499175682664, 2101.800000000000182 ], [ 84.339440613985062, 28.533495236188173, 2102.199999999999818 ], [ 84.339386718347669, 28.533489368855953, 2102.800000000000182 ], [ 84.33933692984283, 28.533481657505035, 2104.199999999999818 ], [ 84.339313879609108, 28.533473946154121, 2105.0 ], [ 84.339220840483904, 28.533443519845605, 2105.199999999999818 ], [ 84.339190749451518, 28.533436143770817, 2106.0 ], [ 84.339171471074224, 28.533435640856624, 2106.4 ], [ 84.339120592921972, 28.533422397449613, 2107.4 ], [ 84.339094441384077, 28.53341963142157, 2108.0 ], [ 84.339056303724647, 28.533412339165807, 2108.6 ], [ 84.33899587020278, 28.533400436863303, 2109.6 ], [ 84.33896997012198, 28.533398592844605, 2110.199999999999818 ], [ 84.338945327326655, 28.533394569531083, 2110.800000000000182 ], [ 84.338879948481917, 28.533386271446943, 2111.800000000000182 ], [ 84.338830662891269, 28.533378224819899, 2112.4 ], [ 84.338777186349034, 28.533386439085007, 2113.0 ], [ 84.338756063953042, 28.533396497368813, 2113.199999999999818 ], [ 84.338751034811139, 28.533395323902369, 2113.4 ], [ 84.338691774755716, 28.533372692763805, 2114.0 ], [ 84.338576355949044, 28.533340757712718, 2114.4 ], [ 84.338470576331019, 28.533361712470651, 2114.6 ], [ 84.338368400931358, 28.533368753269315, 2114.6 ], [ 84.338355744257569, 28.533369340002537, 2114.800000000000182 ], [ 84.338272344321012, 28.533370345830917, 2114.800000000000182 ], [ 84.338243007659912, 28.533371770754457, 2114.800000000000182 ], [ 84.338232614099979, 28.53337487205863, 2114.800000000000182 ], [ 84.338178550824523, 28.533391216769814, 2114.6 ], [ 84.338124906644225, 28.533391719684005, 2114.6 ], [ 84.33802398853004, 28.533406974747777, 2114.800000000000182 ], [ 84.337939247488976, 28.533416865393519, 2114.6 ], [ 84.337886106222868, 28.533413428813219, 2114.4 ], [ 84.337755683809519, 28.533412422984838, 2114.199999999999818 ], [ 84.337642947211862, 28.533419715240601, 2114.199999999999818 ], [ 84.337548986077309, 28.53340127505362, 2114.199999999999818 ], [ 84.337491318583488, 28.533386187627912, 2114.199999999999818 ], [ 84.337491067126393, 28.533384930342436, 2114.199999999999818 ], [ 84.337490983307362, 28.533385097980499, 2114.199999999999818 ], [ 84.33749089948833, 28.533389456570148, 2114.199999999999818 ], [ 84.337488384917378, 28.53339004330337, 2114.199999999999818 ], [ 84.33742786757648, 28.53338710963726, 2114.0 ], [ 84.337325775995851, 28.533413261175156, 2113.199999999999818 ], [ 84.337308341637254, 28.53341837413609, 2113.199999999999818 ], [ 84.337296606972814, 28.533418793231249, 2113.199999999999818 ], [ 84.337296187877655, 28.533418960869312, 2113.0 ], [ 84.337259391322732, 28.533427258953452, 2113.0 ], [ 84.337156126275659, 28.533442346379161, 2111.800000000000182 ], [ 84.33714346960187, 28.533444777131081, 2111.6 ], [ 84.337093429639935, 28.533459194004536, 2110.800000000000182 ], [ 84.337053028866649, 28.533479897305369, 2110.0 ], [ 84.337028553709388, 28.533498086035252, 2109.6 ], [ 84.337009778246284, 28.533538402989507, 2108.4 ], [ 84.337003743276, 28.53354636579752, 2108.4 ], [ 84.336982453241944, 28.533574361354113, 2107.800000000000182 ], [ 84.336951775476336, 28.533590203151107, 2107.4 ], [ 84.336913805454969, 28.533589448779821, 2106.6 ], [ 84.336883127689362, 28.533588945865631, 2106.199999999999818 ], [ 84.336803080514073, 28.533592550083995, 2105.199999999999818 ], [ 84.336793944239616, 28.533590706065297, 2105.0 ], [ 84.336724961176515, 28.533590454608198, 2104.6 ], [ 84.336612224578857, 28.533597579225894, 2104.199999999999818 ], [ 84.336586073040962, 28.53360059671104, 2104.0 ], [ 84.336504684761167, 28.53360210545361, 2103.6 ], [ 84.336445089429617, 28.533594897016883, 2103.0 ], [ 84.336407957598567, 28.533599255606532, 2102.4 ], [ 84.336363198235631, 28.533604703843594, 2101.800000000000182 ], [ 84.336311314254999, 28.533605625852942, 2100.6 ], [ 84.336300501599908, 28.533604703843594, 2100.199999999999818 ], [ 84.33620922267437, 28.533602356910706, 2099.4 ], [ 84.336198829114437, 28.533603614196181, 2099.199999999999818 ], [ 84.336165217682719, 28.533611744642258, 2098.800000000000182 ], [ 84.336152477189898, 28.53361526504159, 2098.800000000000182 ], [ 84.336139652878046, 28.533619791269302, 2098.6 ], [ 84.336125571280718, 28.533623646944761, 2098.6 ], [ 84.336084499955177, 28.53363236412406, 2098.6 ], [ 84.33598643168807, 28.533650888130069, 2098.6 ], [ 84.335886854678392, 28.53369053453207, 2098.6 ], [ 84.335779817774892, 28.53372422978282, 2098.6 ], [ 84.335673786699772, 28.533750046044588, 2099.4 ], [ 84.335592230781913, 28.533759349957108, 2100.0 ], [ 84.335545292124152, 28.533769072964787, 2100.0 ], [ 84.335489887744188, 28.53378139436245, 2100.0 ], [ 84.335476392880082, 28.533785250037909, 2100.0 ], [ 84.335419395938516, 28.533807713538408, 2100.0 ], [ 84.3353805039078, 28.533823136240244, 2100.0 ], [ 84.335284698754549, 28.533855741843581, 2099.6 ], [ 84.335272209718823, 28.533863117918372, 2099.4 ], [ 84.335206244140863, 28.533898321911693, 2099.4 ], [ 84.335192749276757, 28.533897818997502, 2099.4 ], [ 84.335192916914821, 28.533894717693329, 2099.4 ], [ 84.335205489769578, 28.533901004120708, 2099.4 ], [ 84.335175231099129, 28.533909469842911, 2099.4 ], [ 84.335054699331522, 28.533899327740073, 2100.0 ], [ 84.33502527885139, 28.533903518691659, 2100.4 ], [ 84.33496224693954, 28.533905446529388, 2101.199999999999818 ], [ 84.334932742640376, 28.533902848139405, 2101.800000000000182 ], [ 84.334888570010662, 28.533902261406183, 2102.6 ], [ 84.334865435957909, 28.533902680501345, 2102.800000000000182 ], [ 84.33481908403337, 28.533905446529388, 2103.6 ], [ 84.334801565855742, 28.533907877281308, 2103.800000000000182 ], [ 84.334719339385629, 28.533907039090991, 2105.0 ], [ 84.334646416828036, 28.53392019867897, 2105.800000000000182 ], [ 84.33463191613555, 28.533923467621207, 2106.0 ], [ 84.334563268348575, 28.533931346610188, 2107.199999999999818 ], [ 84.334496464580297, 28.533944254741073, 2108.199999999999818 ], [ 84.33448338881135, 28.533945763483644, 2108.199999999999818 ], [ 84.334397977218032, 28.53393629193306, 2109.199999999999818 ], [ 84.33438615873456, 28.533934112638235, 2109.4 ], [ 84.334318432956934, 28.533917684108019, 2110.4 ], [ 84.334288761019707, 28.533910727128383, 2110.800000000000182 ], [ 84.334244085475802, 28.533899411559105, 2111.6 ], [ 84.334201337769628, 28.533887341618534, 2112.6 ], [ 84.334192117676139, 28.533886671066284, 2112.800000000000182 ], [ 84.334146687760949, 28.533877031877637, 2113.6 ], [ 84.334123972803354, 28.533870410174131, 2114.199999999999818 ], [ 84.334101844578981, 28.533863956108689, 2114.6 ], [ 84.334069406613708, 28.533854903653264, 2115.199999999999818 ], [ 84.3340456020087, 28.533844845369455, 2115.800000000000182 ], [ 84.33400989510119, 28.533828919753432, 2116.4 ], [ 84.333984162658453, 28.533816011622548, 2116.800000000000182 ], [ 84.333948204293847, 28.533807210624214, 2117.4 ], [ 84.333926159888506, 28.533802852034569, 2117.800000000000182 ], [ 84.333872180432081, 28.533774605020881, 2118.800000000000182 ], [ 84.333859859034419, 28.533767396584153, 2119.0 ], [ 84.333797246217728, 28.533754404634237, 2120.0 ], [ 84.33375240303576, 28.533758763223886, 2120.800000000000182 ], [ 84.333726419135928, 28.533754488453269, 2120.800000000000182 ], [ 84.3337157741189, 28.533753901720047, 2121.0 ], [ 84.333703787997365, 28.533753985539079, 2121.0 ], [ 84.333692556247115, 28.533754320815209, 2121.199999999999818 ], [ 84.333590297028422, 28.533755661919713, 2122.0 ], [ 84.333561379462481, 28.53375306352973, 2122.199999999999818 ], [ 84.333502957597375, 28.533733198419213, 2123.199999999999818 ], [ 84.333415534347296, 28.533705621957779, 2124.4 ], [ 84.333359459415078, 28.533694054931399, 2124.800000000000182 ], [ 84.333329955115914, 28.533686511218548, 2125.199999999999818 ], [ 84.333320064470172, 28.533684415742755, 2125.4 ], [ 84.333250829949975, 28.533672010526061, 2126.6 ], [ 84.333182433620095, 28.533662455156449, 2126.6 ], [ 84.333164915442467, 28.533655079081655, 2126.6 ], [ 84.333116048946977, 28.533628089353439, 2126.6 ], [ 84.333074558526278, 28.533600848168135, 2126.6 ], [ 84.33304731734097, 28.533593723550439, 2126.6 ], [ 84.332941118627787, 28.53356203995645, 2126.6 ], [ 84.332914128899574, 28.533555082976815, 2126.4 ], [ 84.332855204120278, 28.533543096855283, 2126.4 ], [ 84.332804325968027, 28.533531278371811, 2126.4 ], [ 84.332725619897246, 28.533516442403197, 2126.4 ], [ 84.332623109221458, 28.533516526222229, 2126.4 ], [ 84.332546079531312, 28.533532787114385, 2126.4 ], [ 84.332434851676226, 28.53355910629034, 2126.6 ], [ 84.332366790622473, 28.533585257828236, 2127.199999999999818 ], [ 84.332321109250188, 28.533600848168135, 2127.6 ], [ 84.332275344058871, 28.533619036898017, 2128.0 ], [ 84.332232344895601, 28.533626915887002, 2128.6 ], [ 84.332205187529325, 28.533631609752774, 2128.800000000000182 ], [ 84.332145676016808, 28.533644685521718, 2129.6 ], [ 84.332137210294604, 28.533648122102026, 2129.800000000000182 ], [ 84.332097228616476, 28.533666981384162, 2130.6 ], [ 84.33205883949995, 28.533684499561787, 2131.199999999999818 ], [ 84.332018941640854, 28.533702688291669, 2131.6 ], [ 84.331981725990772, 28.533718613907695, 2132.0 ], [ 84.331899667158723, 28.533771755173799, 2132.6 ], [ 84.331873767077923, 28.533793548122048, 2132.800000000000182 ], [ 84.331853147596121, 28.533820873126388, 2133.4 ], [ 84.331838898360729, 28.533841911703348, 2133.800000000000182 ], [ 84.331830097362399, 28.533857921138409, 2133.800000000000182 ], [ 84.331829426810145, 28.533859765157104, 2134.0 ], [ 84.331821715459228, 28.533902177587152, 2134.0 ], [ 84.331805286929011, 28.533943584188819, 2134.800000000000182 ], [ 84.33179740794003, 28.533972669392824, 2135.199999999999818 ], [ 84.331780057400465, 28.534014159813523, 2136.0 ], [ 84.331754744052887, 28.53403645567596, 2136.800000000000182 ], [ 84.331746026873589, 28.534042490646243, 2137.199999999999818 ], [ 84.331693220883608, 28.534065708518028, 2137.6 ], [ 84.3316591065377, 28.534079873934388, 2138.0 ], [ 84.331609485670924, 28.53409948758781, 2138.199999999999818 ], [ 84.331596745178103, 28.534105103462934, 2138.199999999999818 ], [ 84.331563636660576, 28.534119604155421, 2138.199999999999818 ], [ 84.331489037722349, 28.534165536984801, 2138.4 ], [ 84.331429610028863, 28.534189760684967, 2139.0 ], [ 84.331374960020185, 28.534206440672278, 2139.199999999999818 ], [ 84.331340258941054, 28.53422018699348, 2139.199999999999818 ], [ 84.331263396888971, 28.534238878637552, 2139.4 ], [ 84.331253757700324, 28.534238794818521, 2139.6 ], [ 84.331198269501328, 28.53427198715508, 2140.0 ], [ 84.331161975860596, 28.534284308552746, 2140.199999999999818 ], [ 84.331113444641232, 28.534299144521356, 2140.6 ], [ 84.331038426607847, 28.534307107329369, 2141.0 ], [ 84.330998612567782, 28.534303335472941, 2141.199999999999818 ], [ 84.330946728587151, 28.534289756789804, 2141.4 ], [ 84.330935748293996, 28.534288248047233, 2142.0 ], [ 84.330948740243912, 28.534295540302992, 2142.0 ], [ 84.330935748293996, 28.534288248047233, 2142.0 ], [ 84.330947902053595, 28.534303335472941, 2142.199999999999818 ], [ 84.330940777435899, 28.534314399585128, 2142.199999999999818 ], [ 84.33094815351069, 28.534304592758417, 2142.199999999999818 ], [ 84.330939939245582, 28.534306101500988, 2142.199999999999818 ], [ 84.330940945073962, 28.53429788723588, 2142.4 ], [ 84.330884786322713, 28.534270646050572, 2142.4 ], [ 84.330770373344421, 28.534256480634212, 2143.0 ], [ 84.330745227634907, 28.534246506169438, 2143.199999999999818 ], [ 84.330694181844592, 28.534236531704664, 2143.6 ], [ 84.330691499635577, 28.534238878637552, 2144.0 ], [ 84.330669036135077, 28.534225635230541, 2144.0 ], [ 84.330636179074645, 28.534212643280625, 2144.0 ], [ 84.330629892647266, 28.534207446500659, 2144.4 ], [ 84.330630898475647, 28.534205853939056, 2144.4 ], [ 84.330601058900356, 28.534189676865935, 2144.6 ], [ 84.330588150769472, 28.534184899181128, 2144.800000000000182 ], [ 84.330497374758124, 28.534127231687307, 2145.199999999999818 ], [ 84.330451022833586, 28.534089345484972, 2145.4 ], [ 84.330399390310049, 28.534053890034556, 2145.800000000000182 ], [ 84.330329149961472, 28.534022960811853, 2146.199999999999818 ], [ 84.33028656989336, 28.534026984125376, 2146.4 ], [ 84.33017366565764, 28.534054979681969, 2147.0 ], [ 84.330138629302382, 28.534057158976793, 2147.4 ], [ 84.330127146095037, 28.534057745710015, 2147.4 ], [ 84.330035364255309, 28.534062439575791, 2147.800000000000182 ], [ 84.329981720075011, 28.534062607213855, 2148.4 ], [ 84.329925728961825, 28.534070737659931, 2149.4 ], [ 84.329912485554814, 28.5340740904212, 2149.6 ], [ 84.329837970435619, 28.534098649397492, 2150.800000000000182 ], [ 84.329775357618928, 28.534143744036555, 2151.6 ], [ 84.329767310991883, 28.534155730158091, 2151.800000000000182 ], [ 84.329694304615259, 28.534190431237221, 2152.4 ], [ 84.329671086743474, 28.534199064597487, 2152.6 ], [ 84.329627919942141, 28.534201327711344, 2152.800000000000182 ], [ 84.329571174457669, 28.534198729321361, 2153.199999999999818 ], [ 84.329456426203251, 28.534204680472612, 2153.4 ], [ 84.329373864457011, 28.534201914444569, 2154.0 ], [ 84.329294906929135, 28.534197974950075, 2154.800000000000182 ], [ 84.329266659915447, 28.534202920272943, 2155.0 ], [ 84.329197341576219, 28.534218678250909, 2155.6 ], [ 84.329187115654349, 28.534237369894981, 2155.800000000000182 ], [ 84.329184852540493, 28.534237537533045, 2156.0 ], [ 84.329179069027305, 28.534234100952744, 2156.0 ], [ 84.329171441495419, 28.534230496734381, 2156.0 ], [ 84.329120395705104, 28.534230077639226, 2156.199999999999818 ], [ 84.329064236953855, 28.534226138144732, 2157.0 ], [ 84.329031044617295, 28.534222114831209, 2157.6 ], [ 84.328980753198266, 28.534212727099657, 2158.0 ], [ 84.3289789929986, 28.534217840060592, 2158.199999999999818 ], [ 84.32897656224668, 28.534223372116685, 2158.4 ], [ 84.32897656224668, 28.534223372116685, 2158.6 ], [ 84.328946387395263, 28.534199651330709, 2158.6 ], [ 84.328897101804614, 28.534174924716353, 2159.199999999999818 ], [ 84.328871956095099, 28.53416838683188, 2160.199999999999818 ], [ 84.328867178410292, 28.534165872260928, 2160.4 ], [ 84.32886659167707, 28.53416251949966, 2161.199999999999818 ], [ 84.328821497038007, 28.534139133989811, 2161.199999999999818 ], [ 84.328804146498442, 28.534130249172449, 2161.6 ], [ 84.32876106351614, 28.534110970795155, 2162.4 ], [ 84.328748993575573, 28.534105941653252, 2162.6 ], [ 84.328683614730835, 28.534076185896993, 2163.800000000000182 ], [ 84.328659977763891, 28.534064702689648, 2163.800000000000182 ], [ 84.328596778213978, 28.534032516181469, 2164.4 ], [ 84.328573225066066, 28.534012567251921, 2164.800000000000182 ], [ 84.328527627512813, 28.533996306359768, 2165.6 ], [ 84.328490328043699, 28.533974681049585, 2165.800000000000182 ], [ 84.328462416306138, 28.533951211720705, 2166.199999999999818 ], [ 84.328381782397628, 28.533908883109689, 2166.6 ], [ 84.328370383009315, 28.533920785412192, 2166.800000000000182 ], [ 84.328369628638029, 28.533920953050256, 2166.800000000000182 ], [ 84.328382620587945, 28.533930592238903, 2167.0 ], [ 84.328382620587945, 28.533930592238903, 2167.0 ], [ 84.328350769355893, 28.533907039090991, 2167.0 ], [ 84.328288827091455, 28.533848030492663, 2167.4 ], [ 84.328250018879771, 28.533834116533399, 2167.6 ], [ 84.328141137957573, 28.533807964995503, 2167.800000000000182 ], [ 84.328125212341547, 28.533804276958108, 2168.0 ], [ 84.328029323369265, 28.53378952480853, 2168.4 ], [ 84.328014403581619, 28.533787680789828, 2168.4 ], [ 84.327942235395312, 28.533782986924052, 2169.0 ], [ 84.32791331782937, 28.533783238381147, 2169.199999999999818 ], [ 84.327887166291475, 28.533781562000513, 2169.4 ], [ 84.32780678384006, 28.533759685233235, 2169.800000000000182 ], [ 84.32777451351285, 28.533747447654605, 2170.0 ], [ 84.327720701694489, 28.533737389370799, 2170.800000000000182 ], [ 84.327697400003672, 28.533732276409864, 2171.199999999999818 ], [ 84.327641073614359, 28.53370713070035, 2172.0 ], [ 84.327590446919203, 28.533685840666298, 2172.199999999999818 ], [ 84.327552309259772, 28.533680811524391, 2172.4 ], [ 84.327514674514532, 28.533679889515039, 2172.800000000000182 ], [ 84.327431693673134, 28.533668657764792, 2173.4 ], [ 84.327422305941582, 28.533664885908365, 2173.4 ], [ 84.327331781387329, 28.533650133758783, 2173.800000000000182 ], [ 84.327286351472139, 28.533645272254944, 2174.4 ], [ 84.327231114730239, 28.533639991655942, 2175.0 ], [ 84.327165484428406, 28.533627837896347, 2175.4 ], [ 84.32714126072824, 28.533621802926064, 2175.4 ], [ 84.327056519687176, 28.533613085746765, 2176.0 ], [ 84.327031541615725, 28.533610235899687, 2176.199999999999818 ], [ 84.326987788081169, 28.533603111281991, 2176.199999999999818 ], [ 84.326966581866145, 28.533596573397517, 2176.4 ], [ 84.326926684007049, 28.533595819026232, 2176.4 ], [ 84.326886534690857, 28.533589029684663, 2176.4 ], [ 84.326761728152633, 28.533556424081329, 2176.4 ], [ 84.326752088963985, 28.533553574234247, 2176.4 ], [ 84.326673466712236, 28.533519208431244, 2177.0 ], [ 84.326596185564995, 28.533470090478659, 2177.6 ], [ 84.326584953814745, 28.533464642241597, 2177.6 ], [ 84.326517144218087, 28.533436646685004, 2178.0 ], [ 84.326436510309577, 28.533410746604204, 2178.199999999999818 ], [ 84.326316565275192, 28.53336070664227, 2178.4 ], [ 84.326276667416096, 28.533347882330418, 2178.6 ], [ 84.326199470087886, 28.533324748277664, 2178.800000000000182 ], [ 84.326126463711262, 28.53330354206264, 2178.800000000000182 ], [ 84.326043482869864, 28.533289628103375, 2178.800000000000182 ], [ 84.325966034084558, 28.533263057470322, 2178.800000000000182 ], [ 84.325943235307932, 28.533250987529755, 2178.800000000000182 ], [ 84.325820859521627, 28.533232882618904, 2178.800000000000182 ], [ 84.325718767940998, 28.533212766051292, 2179.4 ], [ 84.325637379661202, 28.533182675018907, 2179.800000000000182 ], [ 84.325611647218466, 28.533169347792864, 2180.199999999999818 ], [ 84.3255131598562, 28.53313741274178, 2180.800000000000182 ], [ 84.325497569516301, 28.533133640885353, 2180.800000000000182 ], [ 84.32540075853467, 28.533131210133433, 2181.800000000000182 ], [ 84.325375780463219, 28.533134981989861, 2182.0 ], [ 84.325256338343024, 28.533122325316072, 2182.800000000000182 ], [ 84.325237730517983, 28.533119978383183, 2182.800000000000182 ], [ 84.325149636715651, 28.533105812966824, 2183.199999999999818 ], [ 84.325125580653548, 28.533100951462984, 2183.4 ], [ 84.325070595368743, 28.533093659207225, 2184.0 ], [ 84.325015190988779, 28.533080331981186, 2184.800000000000182 ], [ 84.324985519051552, 28.533075554296374, 2185.0 ], [ 84.32490287348628, 28.53307563811541, 2186.0 ], [ 84.324876805767417, 28.533082343637943, 2186.199999999999818 ], [ 84.324842775240541, 28.53307563811541, 2186.199999999999818 ], [ 84.324827939271927, 28.533061724156141, 2186.4 ], [ 84.324748227372766, 28.532992154359818, 2187.199999999999818 ], [ 84.324679160490632, 28.532952927052975, 2188.0 ], [ 84.324642363935709, 28.532940354198217, 2188.0 ], [ 84.324544630944729, 28.532898109406233, 2188.0 ], [ 84.324497357010841, 28.532873969525099, 2188.199999999999818 ], [ 84.324479503557086, 28.532861564308405, 2188.4 ], [ 84.324442958459258, 28.532833652570844, 2188.6 ], [ 84.324389230459929, 28.532794341444969, 2189.199999999999818 ], [ 84.324382273480296, 28.532789647579193, 2189.4 ], [ 84.324325444176793, 28.532740445807576, 2190.199999999999818 ], [ 84.324313709512353, 28.532720496878028, 2190.4 ], [ 84.324270207434893, 28.532678671181198, 2190.800000000000182 ], [ 84.324223436415195, 28.53260675445199, 2191.199999999999818 ], [ 84.324204158037901, 28.532585129141808, 2191.199999999999818 ], [ 84.324143389239907, 28.532514302060008, 2191.199999999999818 ], [ 84.324083374813199, 28.53243718855083, 2191.199999999999818 ], [ 84.324011709541082, 28.532390836626291, 2191.199999999999818 ], [ 84.323949096724391, 28.53232629597187, 2191.199999999999818 ], [ 84.323937362059951, 28.532315231859684, 2191.199999999999818 ], [ 84.323876509442925, 28.532254043966532, 2191.0 ], [ 84.323856392875314, 28.532229987904429, 2191.0 ], [ 84.32376335375011, 28.532167291268703, 2191.0 ], [ 84.323679367080331, 28.532128231599927, 2191.0 ], [ 84.323577275499701, 28.532095458358526, 2191.0 ], [ 84.323482559993863, 28.532056901603937, 2191.0 ], [ 84.323429418727756, 28.532041814178228, 2191.6 ], [ 84.323380216956139, 28.532020943239331, 2192.0 ], [ 84.323315341025591, 28.531988672912121, 2192.6 ], [ 84.323292374610901, 28.531978195533156, 2192.800000000000182 ], [ 84.323205957189202, 28.531965203583241, 2193.6 ], [ 84.323116941377521, 28.531946847215295, 2193.800000000000182 ], [ 84.322997750714421, 28.531903009861708, 2194.4 ], [ 84.322968749329448, 28.531894963234663, 2194.6 ], [ 84.322940586134791, 28.531885240226984, 2194.800000000000182 ], [ 84.322914183139801, 28.531879205256701, 2195.199999999999818 ], [ 84.322856934741139, 28.531866632401943, 2195.6 ], [ 84.322808319702744, 28.531860010698441, 2195.800000000000182 ], [ 84.322707904502749, 28.531856322661039, 2196.199999999999818 ], [ 84.322659624740481, 28.531844755634665, 2196.6 ], [ 84.322607237845659, 28.531839642673731, 2196.800000000000182 ], [ 84.322532303631306, 28.531832182779908, 2197.800000000000182 ], [ 84.322506571188569, 28.531832098960876, 2198.0 ], [ 84.322408754378557, 28.531841738149524, 2198.6 ], [ 84.322385704144835, 28.531848443672061, 2198.800000000000182 ], [ 84.322321247309446, 28.531836289912462, 2199.0 ], [ 84.322251593694091, 28.531828494742513, 2199.800000000000182 ], [ 84.322210941463709, 28.531813323497772, 2200.4 ], [ 84.322168193757534, 28.531795721501112, 2201.0 ], [ 84.322120416909456, 28.531785663217303, 2201.6 ], [ 84.32206878438592, 28.53178096935153, 2202.0 ], [ 84.322007428854704, 28.531763115897775, 2202.800000000000182 ], [ 84.321941966190934, 28.531733443960547, 2203.0 ], [ 84.321914138272405, 28.531726989895105, 2203.199999999999818 ], [ 84.321850519627333, 28.531723720952868, 2203.6 ], [ 84.32181129232049, 28.531724140048027, 2203.800000000000182 ], [ 84.32176829315722, 28.531720619648695, 2204.0 ], [ 84.321742309257388, 28.531722463667393, 2204.199999999999818 ], [ 84.321728479117155, 28.531724391505119, 2204.199999999999818 ], [ 84.321630410850048, 28.531722715124488, 2205.0 ], [ 84.321604762226343, 28.53172573260963, 2205.4 ], [ 84.321495043113828, 28.531724894419312, 2206.0 ], [ 84.321485990658402, 28.531722128391262, 2206.199999999999818 ], [ 84.321380211040378, 28.531697569414973, 2206.4 ], [ 84.321314161643386, 28.531689522787929, 2207.199999999999818 ], [ 84.321273090317845, 28.531679380685091, 2207.4 ], [ 84.321165466681123, 28.531665382906795, 2208.0 ], [ 84.321125401183963, 28.531654067337513, 2208.199999999999818 ], [ 84.321068320423365, 28.53162556886673, 2208.800000000000182 ], [ 84.321025740355253, 28.531604027375579, 2209.199999999999818 ], [ 84.320962205529213, 28.5315908677876, 2209.800000000000182 ], [ 84.320963295176625, 28.53159673511982, 2209.800000000000182 ], [ 84.32096840813756, 28.531604530289769, 2210.0 ], [ 84.320968240499496, 28.531605200842023, 2210.199999999999818 ], [ 84.320957008749247, 28.53159363381565, 2210.199999999999818 ], [ 84.32090780697763, 28.531533954665065, 2211.0 ], [ 84.320871597155929, 28.531504282727841, 2211.4 ], [ 84.320826251059771, 28.531474862247705, 2212.0 ], [ 84.320786939933896, 28.531445441767573, 2212.199999999999818 ], [ 84.320767158642411, 28.531437395140529, 2212.6 ], [ 84.320738995447755, 28.531425157561898, 2212.800000000000182 ], [ 84.320632629096508, 28.531375033780932, 2213.6 ], [ 84.320514444261789, 28.531361455097795, 2214.0 ], [ 84.320416543632746, 28.531340165063739, 2214.6 ], [ 84.320388380438089, 28.531333208084103, 2214.800000000000182 ], [ 84.320316379889846, 28.531316444277763, 2215.199999999999818 ], [ 84.320273213088512, 28.531302949413657, 2215.199999999999818 ], [ 84.320217641070485, 28.531288532540199, 2215.6 ], [ 84.320164583623409, 28.531274031847715, 2215.800000000000182 ], [ 84.320083782076836, 28.53125567547977, 2216.6 ], [ 84.320033406838775, 28.531240085139871, 2217.199999999999818 ], [ 84.31996526196599, 28.531213430687785, 2217.800000000000182 ], [ 84.319914802908897, 28.531195409595966, 2218.199999999999818 ], [ 84.319818411022425, 28.531160708516836, 2218.800000000000182 ], [ 84.319782285019755, 28.531145704910159, 2219.0 ], [ 84.319713972508907, 28.531115781515837, 2219.4 ], [ 84.319685976952314, 28.531104549765587, 2220.0 ], [ 84.319676337763667, 28.531101197004318, 2220.0 ], [ 84.319590423256159, 28.531060293316841, 2220.800000000000182 ], [ 84.319573240354657, 28.531045792624351, 2221.0 ], [ 84.319484559819102, 28.5310089122504, 2221.800000000000182 ], [ 84.31944583542645, 28.530991142615676, 2222.0 ], [ 84.319392861798406, 28.530962225049738, 2222.4 ], [ 84.319328991696239, 28.530945042148232, 2223.0 ], [ 84.319300409406424, 28.530935067683458, 2223.199999999999818 ], [ 84.319227822124958, 28.530895002186298, 2223.800000000000182 ], [ 84.319193372502923, 28.530883183702823, 2223.800000000000182 ], [ 84.319146936759353, 28.530873209238052, 2224.0 ], [ 84.319076277315617, 28.530852170661092, 2224.4 ], [ 84.319033194333315, 28.530827695503831, 2225.0 ], [ 84.318996984511614, 28.530812608078119, 2225.4 ], [ 84.318916015326977, 28.530785450711846, 2226.0 ], [ 84.318889109417796, 28.530773464590311, 2226.4 ], [ 84.318832699209452, 28.530748402699828, 2227.199999999999818 ], [ 84.318808559328318, 28.530734488740563, 2227.4 ], [ 84.318760111927986, 28.53071479126811, 2227.800000000000182 ], [ 84.31873488239944, 28.530706577002999, 2228.0 ], [ 84.318701438605785, 28.530697943642735, 2228.199999999999818 ], [ 84.318656763061881, 28.53067665360868, 2228.6 ], [ 84.31860588490963, 28.530637761577964, 2229.199999999999818 ], [ 84.318576296791434, 28.530615381896496, 2229.800000000000182 ], [ 84.318583756685257, 28.530612280592319, 2229.800000000000182 ], [ 84.318583756685257, 28.530612280592319, 2230.0 ], [ 84.318583756685257, 28.530612280592319, 2230.0 ], [ 84.318583756685257, 28.530612280592319, 2230.0 ], [ 84.318583756685257, 28.530612280592319, 2230.0 ], [ 84.318583756685257, 28.530612280592319, 2230.0 ], [ 84.318570345640182, 28.530606161803007, 2230.0 ], [ 84.318562466651201, 28.530605658888817, 2230.199999999999818 ], [ 84.318563472479582, 28.530604988336563, 2230.199999999999818 ], [ 84.318563472479582, 28.530604988336563, 2230.199999999999818 ], [ 84.318563472479582, 28.530604988336563, 2230.199999999999818 ], [ 84.318563472479582, 28.530604988336563, 2230.199999999999818 ], [ 84.318563472479582, 28.530604988336563, 2230.4 ], [ 84.318563472479582, 28.530604988336563, 2230.4 ], [ 84.318563472479582, 28.530604988336563, 2230.4 ], [ 84.318563472479582, 28.530604988336563, 2230.4 ], [ 84.318563472479582, 28.530604988336563, 2230.6 ], [ 84.318563472479582, 28.530604988336563, 2230.800000000000182 ], [ 84.318563472479582, 28.530604988336563, 2230.800000000000182 ], [ 84.318563221022487, 28.530607922002673, 2230.800000000000182 ], [ 84.318569339811802, 28.530610771849751, 2230.800000000000182 ], [ 84.318561209365726, 28.530596438795328, 2231.0 ], [ 84.318544026464224, 28.530579004436731, 2231.0 ], [ 84.318514773622155, 28.530550254508853, 2231.4 ], [ 84.318498512730002, 28.530517062172297, 2232.199999999999818 ], [ 84.318485269322991, 28.530498538166285, 2232.6 ], [ 84.318486358970404, 28.530494011938572, 2232.800000000000182 ], [ 84.318497171625495, 28.530491413548589, 2232.800000000000182 ], [ 84.318497171625495, 28.530491413548589, 2232.800000000000182 ], [ 84.318497171625495, 28.530491413548589, 2233.0 ], [ 84.318497171625495, 28.530491413548589, 2233.0 ], [ 84.318495159968734, 28.530480014160275, 2233.0 ], [ 84.318550899624825, 28.530438104644418, 2233.6 ], [ 84.318563556298614, 28.530431650578976, 2233.800000000000182 ], [ 84.31864838115871, 28.530424945056438, 2234.199999999999818 ], [ 84.318685429170728, 28.530427627265453, 2234.6 ], [ 84.31869288906455, 28.530429806560281, 2234.800000000000182 ], [ 84.318739157170057, 28.530444893985987, 2235.4 ], [ 84.318782575428486, 28.530456125736237, 2235.800000000000182 ], [ 84.318833621218801, 28.530479511246085, 2236.6 ], [ 84.31886387988925, 28.530491245910525, 2237.0 ], [ 84.318939065560699, 28.530509518459439, 2238.0 ], [ 84.319009389728308, 28.530519241467118, 2239.199999999999818 ], [ 84.319033194333315, 28.530520247295499, 2239.6 ], [ 84.319065464660525, 28.530522929504514, 2240.199999999999818 ], [ 84.319110224023461, 28.530527204275131, 2241.199999999999818 ], [ 84.319123132154346, 28.530528964474797, 2241.4 ], [ 84.319193540140986, 28.530521504580975, 2242.199999999999818 ], [ 84.319235282018781, 28.53051295503974, 2242.6 ], [ 84.319288842380047, 28.530501220375299, 2243.199999999999818 ], [ 84.319303426891565, 28.530498454347253, 2243.4 ], [ 84.319346006959677, 28.530489234253764, 2243.6 ], [ 84.31941457092762, 28.530447743833065, 2244.0 ], [ 84.319473495706916, 28.530423352494836, 2244.4 ], [ 84.319486068561673, 28.530417066067457, 2244.4 ], [ 84.319543316960335, 28.530374402180311, 2245.0 ], [ 84.319548597559333, 28.53035369887948, 2245.4 ], [ 84.319549771025777, 28.53034196421504, 2245.4 ], [ 84.319532671943307, 28.530332241207361, 2245.800000000000182 ], [ 84.319478441029787, 28.530288403853778, 2246.4 ], [ 84.319462683051825, 28.530281195417047, 2246.6 ], [ 84.319420857354999, 28.530263677239414, 2247.199999999999818 ], [ 84.319387413561344, 28.530248505994681, 2247.6 ], [ 84.319352125748992, 28.530233250930905, 2248.199999999999818 ], [ 84.319329410791397, 28.53022009134293, 2248.800000000000182 ], [ 84.319285908713937, 28.530205339193344, 2249.4 ], [ 84.319246094673872, 28.53019000031054, 2249.800000000000182 ], [ 84.319204604253173, 28.530173823237419, 2250.6 ], [ 84.319169567897916, 28.530159657821059, 2251.0 ], [ 84.319123048335314, 28.530142055824399, 2251.6 ], [ 84.319102596491575, 28.530127890408039, 2252.0 ], [ 84.319063872098923, 28.530075419694185, 2253.199999999999818 ], [ 84.319050461053848, 28.530058907344937, 2253.6 ], [ 84.319035960361362, 28.530039293691516, 2254.199999999999818 ], [ 84.318988099694252, 28.529983973130584, 2255.4 ], [ 84.318913584575057, 28.5299227014184, 2256.4 ], [ 84.318902604281902, 28.529914151877165, 2256.6 ], [ 84.318840578198433, 28.529839217662811, 2257.4 ], [ 84.318810906261206, 28.52981080301106, 2257.6 ], [ 84.318783329799771, 28.529774006456137, 2258.4 ], [ 84.318775115534663, 28.529765205457807, 2258.800000000000182 ], [ 84.318735636770725, 28.529734276235104, 2259.6 ], [ 84.318729266524315, 28.529726397246119, 2259.800000000000182 ], [ 84.318698588758707, 28.529682559892535, 2260.800000000000182 ], [ 84.318693308159709, 28.529675519093871, 2261.0 ], [ 84.318688111379743, 28.529618438333273, 2262.0 ], [ 84.318685848265886, 28.529603602364659, 2262.199999999999818 ], [ 84.318694565445185, 28.529606284573671, 2262.199999999999818 ], [ 84.318713424727321, 28.529579546302557, 2262.6 ], [ 84.318713927641511, 28.52955968119204, 2263.199999999999818 ], [ 84.31871191598475, 28.52950737811625, 2263.199999999999818 ], [ 84.318704288452864, 28.529490195214748, 2263.4 ], [ 84.318699846044183, 28.529478460550308, 2263.6 ], [ 84.318697499111295, 28.529467899352312, 2263.6 ], [ 84.318701354786754, 28.529449626803402, 2263.6 ], [ 84.318715184926987, 28.529442586004738, 2263.800000000000182 ], [ 84.318724488839507, 28.529400089755654, 2263.800000000000182 ], [ 84.318729182705283, 28.529379218816757, 2264.4 ], [ 84.318748041987419, 28.529325071722269, 2265.199999999999818 ], [ 84.318752568215132, 28.529311241582036, 2265.4 ], [ 84.318754998967052, 28.529302692040801, 2265.6 ], [ 84.318777211010456, 28.529252903535959, 2266.4 ], [ 84.3187818210572, 28.529240330681205, 2266.6 ], [ 84.318803362548351, 28.529184842482209, 2267.4 ], [ 84.318824904039502, 28.529128432273865, 2268.6 ], [ 84.318835800513625, 28.529092306271195, 2269.199999999999818 ], [ 84.318841332569718, 28.529071100056171, 2269.6 ], [ 84.318820126354694, 28.529012259095907, 2270.800000000000182 ], [ 84.318802189081907, 28.528937995433807, 2271.6 ], [ 84.318807469680905, 28.528912262991071, 2272.0 ], [ 84.318820461630821, 28.528859624639153, 2272.6 ], [ 84.31882725097239, 28.528834143653512, 2273.0 ], [ 84.318842757493258, 28.528756443411112, 2273.800000000000182 ], [ 84.318844517692924, 28.528743200004101, 2274.0 ], [ 84.318855665624142, 28.528683856129646, 2275.0 ], [ 84.318858850747347, 28.528670528903604, 2275.0 ], [ 84.318871591240168, 28.528595259413123, 2276.0 ], [ 84.318875949829817, 28.528581596910954, 2276.199999999999818 ], [ 84.318911824375391, 28.528506243601441, 2277.199999999999818 ], [ 84.318937724456191, 28.528428710997105, 2278.199999999999818 ], [ 84.31894501671195, 28.528394429013133, 2278.800000000000182 ], [ 84.31894744746387, 28.528350172564387, 2279.199999999999818 ], [ 84.318936802446842, 28.528284626081582, 2280.0 ], [ 84.318925738334656, 28.528263671323657, 2280.4 ], [ 84.318914590403438, 28.528198879212141, 2280.4 ], [ 84.318918781355023, 28.528122184798121, 2280.4 ], [ 84.318918781355023, 28.528100475668907, 2280.4 ], [ 84.318896066397429, 28.52799997664988, 2280.4 ], [ 84.318837895989418, 28.527885898947716, 2280.4 ], [ 84.31877888739109, 28.527835691347718, 2279.4 ], [ 84.318741587921977, 28.527808198705316, 2279.199999999999818 ], [ 84.318711664527655, 28.5277986433357, 2279.199999999999818 ], [ 84.31863228790462, 28.527808282524347, 2279.199999999999818 ], [ 84.31851502507925, 28.527887742966413, 2279.199999999999818 ], [ 84.318450149148703, 28.527962258085608, 2279.199999999999818 ], [ 84.318431122228503, 28.527983967214823, 2279.199999999999818 ], [ 84.318382255733013, 28.528054878115658, 2279.6 ], [ 84.318365156650543, 28.528064014390111, 2279.800000000000182 ], [ 84.318348141387105, 28.528069294989109, 2279.800000000000182 ], [ 84.318359876051545, 28.528060326352715, 2279.800000000000182 ], [ 84.318227609619498, 28.52812210097909, 2280.0 ], [ 84.318237584084272, 28.52811849676073, 2280.199999999999818 ], [ 84.318236913532019, 28.52811623364687, 2280.199999999999818 ], [ 84.318208079785109, 28.528119418770075, 2280.199999999999818 ], [ 84.318221658468246, 28.528118161484599, 2280.199999999999818 ], [ 84.318245546892285, 28.528099050745368, 2280.199999999999818 ], [ 84.318245965987444, 28.52808790281415, 2281.199999999999818 ], [ 84.318249654024839, 28.528092931956053, 2281.6 ], [ 84.318257700651884, 28.528099721297622, 2282.0 ], [ 84.318265579640865, 28.528037862852216, 2282.6 ], [ 84.31826482526958, 28.528028139844537, 2282.800000000000182 ], [ 84.318262143060565, 28.527998551726341, 2283.6 ], [ 84.318252168595791, 28.527968125417829, 2284.199999999999818 ], [ 84.318246468901634, 28.527955133467913, 2284.6 ], [ 84.318231716752052, 28.52793401107192, 2285.800000000000182 ], [ 84.318229956552386, 28.527910206466913, 2286.800000000000182 ], [ 84.318227525800467, 28.527904506772757, 2287.0 ], [ 84.318220485001802, 28.527878522872925, 2287.800000000000182 ], [ 84.318212186917663, 28.527855053544044, 2288.199999999999818 ], [ 84.31821109727025, 28.52783041074872, 2289.0 ], [ 84.318207828328013, 28.527817586436868, 2289.4 ], [ 84.318206906318665, 28.527811802923679, 2289.6 ], [ 84.318205649033189, 28.527799984440207, 2290.199999999999818 ], [ 84.318204140290618, 28.5277761798352, 2291.0 ], [ 84.318204894661903, 28.527769893407822, 2291.199999999999818 ], [ 84.318226184695959, 28.527714405208823, 2292.4 ], [ 84.318220568820834, 28.527713734656572, 2292.4 ], [ 84.318201625719666, 28.527690097689629, 2293.0 ], [ 84.318194249644876, 28.52767894975841, 2293.0 ], [ 84.31817932985723, 28.527676351368427, 2293.6 ], [ 84.318172121420503, 28.527677105739713, 2293.800000000000182 ], [ 84.318143120035529, 28.527686661109328, 2294.800000000000182 ], [ 84.318111855536699, 28.527695126831532, 2295.6 ], [ 84.318109508603811, 28.527692025527362, 2295.800000000000182 ], [ 84.318108167499304, 28.527676854282618, 2297.0 ], [ 84.318112106993794, 28.527667969465256, 2297.199999999999818 ], [ 84.318123506382108, 28.527616923674941, 2298.199999999999818 ], [ 84.31811822578311, 28.527591358870268, 2298.800000000000182 ], [ 84.318111184984446, 28.527570068836212, 2299.199999999999818 ], [ 84.318099869415164, 28.52755774743855, 2300.199999999999818 ], [ 84.318099115043879, 28.527550958096981, 2300.6 ], [ 84.31808746419847, 28.527531428262591, 2301.6 ], [ 84.31806793436408, 28.527507791295648, 2303.0 ], [ 84.3180410284549, 28.52748935110867, 2304.0 ], [ 84.318024851381779, 28.527501588687301, 2304.6 ], [ 84.317998280748725, 28.527518436312675, 2305.0 ], [ 84.317957125604153, 28.527546599507332, 2306.0 ], [ 84.317944971844554, 28.527553807944059, 2306.199999999999818 ], [ 84.317929046228528, 28.527560094371442, 2306.6 ], [ 84.317914545536041, 28.527564369142056, 2307.199999999999818 ], [ 84.317897446453571, 28.527574008330703, 2308.199999999999818 ], [ 84.317893590778112, 28.527574259787801, 2308.4 ], [ 84.317893087863922, 28.527571493759751, 2308.4 ], [ 84.317930638790131, 28.527561603114009, 2308.4 ], [ 84.317903565242887, 28.527568392455574, 2309.199999999999818 ], [ 84.317801557481289, 28.527590269222856, 2309.6 ], [ 84.317779093980789, 28.527600914239883, 2310.0 ], [ 84.317757887765765, 28.527616169303656, 2310.6 ], [ 84.317757301032543, 28.527631340548396, 2311.199999999999818 ], [ 84.317757049575448, 28.527638129889965, 2311.6 ], [ 84.317753948271275, 28.527634777128696, 2311.6 ], [ 84.317766437307, 28.527621449902657, 2311.6 ], [ 84.317759899422526, 28.527631927281615, 2311.800000000000182 ], [ 84.317734334617853, 28.527672160416842, 2312.6 ], [ 84.317724024876952, 28.527686661109328, 2312.800000000000182 ], [ 84.317715307697654, 28.527711890637875, 2313.4 ], [ 84.317711116746068, 28.527724044397473, 2313.800000000000182 ], [ 84.317711284384131, 28.527750112116337, 2314.4 ], [ 84.317711871117353, 28.527768552303311, 2314.800000000000182 ], [ 84.317710949108005, 28.527771485969424, 2315.199999999999818 ], [ 84.317713463678956, 28.527803001925349, 2315.6 ], [ 84.317720672115684, 28.527824459597468, 2316.0 ], [ 84.317723354324698, 28.527834517881271, 2316.4 ], [ 84.317727293819189, 28.527847845107317, 2317.0 ], [ 84.317732825875282, 28.52785530500114, 2317.199999999999818 ], [ 84.317732406780124, 28.527865447103977, 2317.199999999999818 ], [ 84.31772930547595, 28.527895119041204, 2318.199999999999818 ], [ 84.317720420658588, 28.527903333306313, 2319.0 ], [ 84.317714804783463, 28.527908278629184, 2319.4 ], [ 84.31768823415041, 28.527952283620831, 2320.6 ], [ 84.317686641588793, 28.527957648038864, 2320.6 ], [ 84.31768286973238, 28.528002575039864, 2321.6 ], [ 84.317682282999158, 28.528015818446875, 2321.800000000000182 ], [ 84.317688066512346, 28.52803710848093, 2322.800000000000182 ], [ 84.317684294655919, 28.528058985248208, 2323.199999999999818 ], [ 84.317678092047572, 28.528071055188775, 2323.199999999999818 ], [ 84.317669458687305, 28.528089160099626, 2323.199999999999818 ], [ 84.317675661295652, 28.528073988854885, 2323.4 ], [ 84.317651521414518, 28.528123442083597, 2323.4 ], [ 84.317632243037224, 28.528141211718321, 2323.800000000000182 ], [ 84.317619251087308, 28.528167614713311, 2324.4 ], [ 84.317601900547743, 28.528201477602124, 2324.800000000000182 ], [ 84.317592009902, 28.528215140104297, 2325.6 ], [ 84.317592009902, 28.528212960809469, 2326.0 ], [ 84.317570636048913, 28.528191084042192, 2326.6 ], [ 84.317553620785475, 28.528189659118652, 2327.199999999999818 ], [ 84.317547082901001, 28.528188234195113, 2327.4 ], [ 84.3175402097404, 28.528187731280923, 2328.199999999999818 ], [ 84.317519422620535, 28.528197454288598, 2329.199999999999818 ], [ 84.317514393478632, 28.528197789564729, 2329.800000000000182 ], [ 84.317497545853257, 28.528200052678585, 2330.4 ], [ 84.317475249990821, 28.528211871162057, 2331.199999999999818 ], [ 84.317464772611856, 28.528217654675245, 2331.4 ], [ 84.317475249990821, 28.528220755979419, 2331.4 ], [ 84.317477345466614, 28.528221510350704, 2331.6 ], [ 84.317479357123375, 28.528222348541021, 2331.800000000000182 ], [ 84.317498635500669, 28.528219498693943, 2331.800000000000182 ], [ 84.317498886957765, 28.528217151761055, 2331.800000000000182 ], [ 84.317503916099668, 28.528216984122992, 2331.800000000000182 ], [ 84.317511208355427, 28.52821690030396, 2331.800000000000182 ], [ 84.317519925534725, 28.528216816484928, 2331.800000000000182 ], [ 84.31751917116344, 28.528216732665896, 2331.800000000000182 ], [ 84.317516824230552, 28.528221091255546, 2331.800000000000182 ], [ 84.317511040717363, 28.528223857283592, 2331.800000000000182 ], [ 84.317513387650251, 28.528223102912307, 2331.800000000000182 ], [ 84.317526631057262, 28.528232825919986, 2331.800000000000182 ], [ 84.317532749846578, 28.528245314955711, 2331.800000000000182 ], [ 84.317535851150751, 28.528264341875911, 2332.6 ], [ 84.317532833665609, 28.528273059055209, 2332.800000000000182 ], [ 84.317531492561102, 28.528283704072237, 2333.6 ], [ 84.317533420398831, 28.52830390445888, 2334.0 ], [ 84.317529145628214, 28.528312286362052, 2334.6 ], [ 84.317526882514358, 28.528316561132669, 2334.800000000000182 ], [ 84.317519841715693, 28.528349418193105, 2335.6 ], [ 84.317517746239901, 28.528351346030831, 2335.6 ], [ 84.317512298002839, 28.528347071260217, 2336.4 ], [ 84.317492181435227, 28.528355117887259, 2336.4 ], [ 84.317487739026546, 28.528359057381749, 2337.0 ], [ 84.31746200658381, 28.528375066816807, 2337.4 ], [ 84.317447170615196, 28.52839233353734, 2338.0 ], [ 84.317416241392493, 28.528417395427823, 2339.199999999999818 ], [ 84.317381456494331, 28.528450168669224, 2340.4 ], [ 84.317361507564783, 28.528496017679572, 2341.6 ], [ 84.317343737930059, 28.528514206409454, 2342.6 ], [ 84.317330326884985, 28.528514038771391, 2343.0 ], [ 84.317317251116037, 28.528519738465548, 2343.199999999999818 ], [ 84.317310797050595, 28.528523677960042, 2343.199999999999818 ], [ 84.317309120669961, 28.528521247208118, 2343.4 ], [ 84.317302750423551, 28.528516888618469, 2343.6 ], [ 84.317268384620547, 28.528523426502943, 2344.800000000000182 ], [ 84.317243322730064, 28.528531892225143, 2345.0 ], [ 84.317224966362119, 28.528540441766381, 2346.0 ], [ 84.317191774025559, 28.528551841154695, 2346.6 ], [ 84.317168975248933, 28.528562905266881, 2347.0 ], [ 84.317146763205528, 28.528584195300937, 2348.0 ], [ 84.317148188129067, 28.52858679369092, 2348.199999999999818 ], [ 84.317140560597181, 28.528596013784409, 2348.4 ], [ 84.317112900316715, 28.528619650751352, 2349.199999999999818 ], [ 84.317110972478986, 28.528621410951018, 2349.199999999999818 ], [ 84.317105356603861, 28.52863029576838, 2349.199999999999818 ], [ 84.317102339118719, 28.528635408729315, 2349.199999999999818 ], [ 84.317100076004863, 28.528638007119294, 2349.4 ], [ 84.317107871174812, 28.528627110645175, 2349.800000000000182 ], [ 84.317075936123729, 28.528637839481235, 2349.800000000000182 ], [ 84.317065626382828, 28.528639432042837, 2350.0 ], [ 84.317051796242595, 28.528635911643505, 2350.199999999999818 ], [ 84.317007958889008, 28.52860976010561, 2351.6 ], [ 84.317002091556787, 28.528605150058866, 2351.800000000000182 ], [ 84.316971832886338, 28.528597271069884, 2352.6 ], [ 84.316957164555788, 28.528597271069884, 2353.0 ], [ 84.316953392699361, 28.528593583032489, 2353.4 ], [ 84.316956745460629, 28.528592074289921, 2353.800000000000182 ], [ 84.316961774602532, 28.528593918308616, 2353.800000000000182 ], [ 84.316976862028241, 28.528597354888916, 2354.800000000000182 ], [ 84.316979460418224, 28.528593666851521, 2356.0 ], [ 84.316958338022232, 28.528609173372388, 2356.6 ], [ 84.316985914483666, 28.528567431494594, 2357.0 ], [ 84.316992536187172, 28.528553517535329, 2358.4 ], [ 84.31700904853642, 28.528539938852191, 2359.4 ], [ 84.317025477066636, 28.528520995751023, 2360.6 ], [ 84.317027740180492, 28.528516720980409, 2360.800000000000182 ], [ 84.317034529522061, 28.5285100992769, 2361.800000000000182 ], [ 84.31705305352807, 28.528485456481576, 2362.800000000000182 ], [ 84.31709504686296, 28.528465759009123, 2363.199999999999818 ], [ 84.317088760435581, 28.528466513380408, 2364.0 ], [ 84.317075265571475, 28.528466932475567, 2364.6 ], [ 84.317059423774481, 28.528468189761043, 2365.0 ], [ 84.317042408511043, 28.528470536693931, 2366.0 ], [ 84.317034026607871, 28.528470452874899, 2366.0 ], [ 84.3170031812042, 28.528460981324315, 2367.199999999999818 ], [ 84.317004689946771, 28.528457880020142, 2367.4 ], [ 84.316991614177823, 28.528467854484916, 2368.4 ], [ 84.316979460418224, 28.528477493673563, 2368.800000000000182 ], [ 84.316982729360461, 28.528482103720307, 2369.0 ], [ 84.316987004131079, 28.528484115377069, 2369.6 ], [ 84.316982058808208, 28.528486713767052, 2370.4 ], [ 84.316979711875319, 28.528490904718637, 2370.4 ], [ 84.316975018009543, 28.528491826727983, 2370.4 ], [ 84.316977364942431, 28.528493586927652, 2370.4 ], [ 84.316972335800529, 28.528516888618469, 2370.4 ], [ 84.316979041323066, 28.52851202711463, 2370.6 ], [ 84.316982394084334, 28.528509764000773, 2370.6 ], [ 84.317009132355452, 28.528468608856201, 2371.0 ], [ 84.317024303600192, 28.528457041829824, 2371.6 ], [ 84.317033942788839, 28.528448576107621, 2372.800000000000182 ], [ 84.317035116255283, 28.528451342135668, 2373.199999999999818 ], [ 84.317038888111711, 28.528446396812797, 2374.0 ], [ 84.317055316641927, 28.528436087071896, 2374.6 ], [ 84.317073756828904, 28.528423346579075, 2375.199999999999818 ], [ 84.317105691879988, 28.528416892513633, 2376.199999999999818 ], [ 84.317125724628568, 28.528406415134668, 2376.6 ], [ 84.317148858681321, 28.528382442891601, 2377.4 ], [ 84.317156067118049, 28.52837179787457, 2377.6 ], [ 84.317183559760451, 28.528332822024822, 2378.4 ], [ 84.317195964977145, 28.52831169962883, 2379.4 ], [ 84.317194959148765, 28.528310442343351, 2379.6 ], [ 84.317212561145425, 28.528304742649201, 2380.800000000000182 ], [ 84.317217003554106, 28.528301222249866, 2380.800000000000182 ], [ 84.317256230860949, 28.528256211429831, 2381.800000000000182 ], [ 84.317241227254272, 28.528246069326997, 2382.800000000000182 ], [ 84.317233683541417, 28.528247578069568, 2383.0 ], [ 84.317164197564125, 28.528239950537682, 2384.0 ], [ 84.317115414887667, 28.528237855061889, 2385.199999999999818 ], [ 84.317091275006533, 28.528252607211471, 2385.6 ], [ 84.317074343562126, 28.52828093804419, 2386.199999999999818 ], [ 84.317065710201859, 28.528303150087595, 2387.0 ], [ 84.317065207287669, 28.528297785669565, 2387.4 ], [ 84.317031260579824, 28.528320416808128, 2388.199999999999818 ], [ 84.317017514258623, 28.528326116502285, 2388.4 ], [ 84.31698021478951, 28.528325026854873, 2389.4 ], [ 84.316976275295019, 28.528325278311968, 2389.4 ], [ 84.316952889785171, 28.528331816196442, 2390.6 ], [ 84.316936209797859, 28.528335504233837, 2391.0 ], [ 84.316912405192852, 28.528336258605123, 2391.800000000000182 ], [ 84.31687762029469, 28.528332486748695, 2392.6 ], [ 84.31687175296247, 28.528332151472569, 2392.800000000000182 ], [ 84.316858509555459, 28.528331900015473, 2393.0 ], [ 84.316829089075327, 28.528344808146361, 2393.800000000000182 ], [ 84.316812828183174, 28.528348915278912, 2393.800000000000182 ], [ 84.316781898960471, 28.528356375172734, 2394.6 ], [ 84.316780893132091, 28.528380934149027, 2394.800000000000182 ], [ 84.316779216751456, 28.528386717662215, 2395.199999999999818 ], [ 84.316775444895029, 28.528377749025822, 2395.4 ], [ 84.316776869818568, 28.528373809531331, 2395.6 ], [ 84.316768320277333, 28.528380263596773, 2395.800000000000182 ], [ 84.316758513450623, 28.528387472033501, 2396.0 ], [ 84.316742671653628, 28.528403397649527, 2396.6 ], [ 84.31673931889236, 28.528406666591763, 2396.800000000000182 ], [ 84.316734876483679, 28.528410941362381, 2397.0 ], [ 84.316719034686685, 28.528418987989426, 2397.4 ], [ 84.31668751873076, 28.528430806472898, 2398.0 ], [ 84.316680058836937, 28.528435165062547, 2398.199999999999818 ], [ 84.316640999168158, 28.52843432687223, 2399.199999999999818 ], [ 84.316630689427257, 28.528434578329325, 2399.6 ], [ 84.316600179299712, 28.528436170890927, 2400.199999999999818 ], [ 84.316566148772836, 28.528439523652196, 2401.199999999999818 ], [ 84.316556761041284, 28.528441954404116, 2401.4 ], [ 84.316553995013237, 28.528433991596103, 2402.199999999999818 ], [ 84.316540835425258, 28.528425609692931, 2402.4 ], [ 84.316539326682687, 28.528412617743015, 2403.199999999999818 ], [ 84.316536644473672, 28.52840825915337, 2403.4 ], [ 84.316557683050632, 28.528408175334334, 2403.4 ], [ 84.316542763262987, 28.528433656319976, 2403.6 ], [ 84.316526837646961, 28.528426364064217, 2403.6 ], [ 84.316506804898381, 28.528404487296939, 2404.6 ], [ 84.316501691937447, 28.528392082080245, 2405.199999999999818 ], [ 84.316486772149801, 28.528392752632499, 2405.6 ], [ 84.316449807956815, 28.528388645499945, 2406.4 ], [ 84.316441677510738, 28.528387891128659, 2406.4 ], [ 84.316419884562492, 28.528393423184752, 2406.4 ], [ 84.316415274515748, 28.528399709612131, 2406.6 ], [ 84.316435726359487, 28.528390657156702, 2406.800000000000182 ], [ 84.316437235102057, 28.528390321880579, 2406.800000000000182 ], [ 84.316440336406231, 28.528389818966389, 2406.800000000000182 ], [ 84.316417118534446, 28.528375821188092, 2407.4 ], [ 84.316408988088369, 28.528368445113301, 2407.6 ], [ 84.316374035552144, 28.528346568346024, 2408.6 ], [ 84.316360959783196, 28.528341539204121, 2409.0 ], [ 84.316336568444967, 28.528330642730001, 2409.800000000000182 ], [ 84.316314188763499, 28.52832687087357, 2410.6 ], [ 84.316309578716755, 28.52832687087357, 2410.800000000000182 ], [ 84.316296670585871, 28.528336677700281, 2411.199999999999818 ], [ 84.316296838223934, 28.528334414586425, 2411.4 ], [ 84.316267920657992, 28.528327709063888, 2411.6 ], [ 84.31624872609973, 28.528325362131, 2412.0 ], [ 84.316225843504071, 28.528331061825156, 2412.4 ], [ 84.316199272871017, 28.528338689357039, 2413.0 ], [ 84.316168930381536, 28.52835293859243, 2413.4 ], [ 84.316145461052656, 28.528346065431833, 2413.800000000000182 ], [ 84.316125931218266, 28.528340449556708, 2414.0 ], [ 84.316092068329453, 28.528325948864222, 2414.6 ], [ 84.316080836579204, 28.528323853388429, 2415.0 ], [ 84.316038005053997, 28.528318237513304, 2416.199999999999818 ], [ 84.316024510189891, 28.52831756696105, 2416.800000000000182 ], [ 84.31600539945066, 28.528307760134339, 2417.4 ], [ 84.316004812717438, 28.528285548090935, 2418.0 ], [ 84.316004393622279, 28.528270376846191, 2418.4 ], [ 84.315986204892397, 28.528247494250536, 2419.4 ], [ 84.315977403894067, 28.528246739879251, 2419.6 ], [ 84.315953683108091, 28.528246153146029, 2420.0 ], [ 84.315913952887058, 28.528221761807799, 2420.6 ], [ 84.315897356718779, 28.528190497308969, 2421.6 ], [ 84.315894339233637, 28.528185300529003, 2421.6 ], [ 84.315868522971869, 28.528161244466901, 2423.0 ], [ 84.315857626497746, 28.528148671612144, 2423.6 ], [ 84.315845388919115, 28.528134590014815, 2424.0 ], [ 84.315836923196912, 28.528126291930676, 2425.199999999999818 ], [ 84.315839353948832, 28.528127046301961, 2425.6 ], [ 84.315801551565528, 28.528108773753047, 2425.800000000000182 ], [ 84.315794510766864, 28.528104750439525, 2426.0 ], [ 84.315793588757515, 28.528104079887271, 2426.0 ], [ 84.315792499110103, 28.528104834258556, 2426.0 ], [ 84.315788391977549, 28.528108103200793, 2426.199999999999818 ], [ 84.315786799415946, 28.528093602508307, 2426.4 ], [ 84.315784117206931, 28.528086226433516, 2426.4 ], [ 84.315777998417616, 28.52807491086423, 2427.0 ], [ 84.315766431391239, 28.5280732344836, 2427.4 ], [ 84.315739525482059, 28.528050687164068, 2428.4 ], [ 84.315737932920456, 28.528044316917654, 2428.800000000000182 ], [ 84.315717229619622, 28.5280248709023, 2429.4 ], [ 84.315716475248337, 28.528020093217492, 2429.6 ], [ 84.315714044496417, 28.528017327189445, 2430.0 ], [ 84.315694514662027, 28.527989415451884, 2430.800000000000182 ], [ 84.315678672865033, 28.52799067273736, 2431.199999999999818 ], [ 84.315672889351845, 28.527993774041533, 2431.4 ], [ 84.315679846331477, 28.527986984699965, 2431.4 ], [ 84.315689485520124, 28.52798304520547, 2432.0 ], [ 84.315671548247337, 28.527991762384772, 2432.0 ], [ 84.315702226012945, 28.527995701879263, 2432.800000000000182 ], [ 84.315725946798921, 28.527993187308311, 2433.0 ], [ 84.315737932920456, 28.527989163994789, 2433.199999999999818 ], [ 84.315732065588236, 28.527981704100966, 2433.4 ], [ 84.315728461369872, 28.527968293055892, 2433.4 ], [ 84.315727287903428, 28.52796133607626, 2433.6 ], [ 84.315717145800591, 28.527933340519667, 2434.0 ], [ 84.31570683605969, 28.527906015515327, 2434.800000000000182 ], [ 84.315705914050341, 28.527897885069251, 2435.199999999999818 ], [ 84.315725192427635, 28.527897046878937, 2435.800000000000182 ], [ 84.315758971497416, 28.527883887290955, 2436.199999999999818 ], [ 84.31577917188406, 28.527879025787115, 2436.800000000000182 ], [ 84.315782692283392, 28.527850108221173, 2437.199999999999818 ], [ 84.315786631777883, 28.52784650400281, 2437.4 ], [ 84.315806496888399, 28.527804762125015, 2438.4 ], [ 84.315807670354843, 28.527796296402812, 2438.6 ], [ 84.315802389755845, 28.527749693021178, 2439.4 ], [ 84.31580456905067, 28.527736365795135, 2439.800000000000182 ], [ 84.315803730860353, 28.52773024700582, 2440.0 ], [ 84.315813621506095, 28.527718093246222, 2440.800000000000182 ], [ 84.31582267396152, 28.527716249227524, 2441.4 ], [ 84.315826781094074, 28.527684649452567, 2441.800000000000182 ], [ 84.315822254866362, 28.527674339711663, 2442.0 ], [ 84.31579870171845, 28.527645757421851, 2443.0 ], [ 84.315786883234978, 28.52764030918479, 2443.4 ], [ 84.31577087379992, 28.527639219537377, 2444.0 ], [ 84.31574983522296, 28.52762840688229, 2444.6 ], [ 84.315740950405598, 28.527622371912003, 2445.0 ], [ 84.315719911828637, 28.52759898640215, 2446.0 ], [ 84.315718151628971, 28.527596807107329, 2446.199999999999818 ], [ 84.315706249326468, 28.527590772137049, 2446.800000000000182 ], [ 84.315704656764865, 28.527589933946729, 2446.800000000000182 ], [ 84.315705327317119, 28.527595549821857, 2446.800000000000182 ], [ 84.315704824402928, 28.527595717459917, 2447.0 ], [ 84.315707506611943, 28.527595214545727, 2447.0 ], [ 84.315708512440324, 28.527581635862589, 2447.0 ], [ 84.315692922100425, 28.527573924511671, 2447.0 ], [ 84.315695017576218, 28.527530673891302, 2447.0 ], [ 84.315694430842996, 28.527523968368769, 2447.0 ], [ 84.315694347023964, 28.52751231752336, 2447.199999999999818 ], [ 84.315703483298421, 28.527473760768771, 2447.199999999999818 ], [ 84.315708428621292, 28.527455739676952, 2447.199999999999818 ], [ 84.315712451934814, 28.52741651237011, 2447.199999999999818 ], [ 84.315712368115783, 28.52738818153739, 2447.199999999999818 ], [ 84.315693257376552, 28.527344679459929, 2447.6 ], [ 84.315691664814949, 28.527342164888974, 2447.800000000000182 ], [ 84.315686887130141, 28.52733202278614, 2448.4 ], [ 84.315684204921126, 28.527317773550749, 2449.0 ], [ 84.315669955685735, 28.527296483516693, 2449.6 ], [ 84.315659729763865, 28.527283826842904, 2449.800000000000182 ], [ 84.315608516335487, 28.5272650513798, 2450.0 ], [ 84.315630057826638, 28.527248203754425, 2450.4 ], [ 84.315622178837657, 28.52724795229733, 2450.6 ], [ 84.315588064491749, 28.52719254791737, 2451.4 ], [ 84.31558177806437, 28.527176287025213, 2451.6 ], [ 84.315557219088078, 28.527143429964781, 2452.0 ], [ 84.31551924906671, 28.527136472985148, 2452.6 ], [ 84.31549871340394, 28.527128510177135, 2452.800000000000182 ], [ 84.315485386177897, 28.527123229578137, 2453.0 ], [ 84.315463257953525, 28.527096910402179, 2453.800000000000182 ], [ 84.315458983182907, 28.5270940605551, 2454.0 ], [ 84.315444231033325, 28.527104537934065, 2454.199999999999818 ], [ 84.315445488318801, 28.527060784399509, 2454.800000000000182 ], [ 84.315444398671389, 28.527040500193831, 2455.0 ], [ 84.315429059788585, 28.527002697810531, 2455.800000000000182 ], [ 84.315415313467383, 28.526995992287993, 2456.0 ], [ 84.315409949049354, 28.526990208774805, 2456.0 ], [ 84.315341217443347, 28.526952741667628, 2456.800000000000182 ], [ 84.315328141674399, 28.526944778859615, 2457.0 ], [ 84.315300229936838, 28.52689859457314, 2457.800000000000182 ], [ 84.315285058692098, 28.526870515197515, 2458.0 ], [ 84.31526854634285, 28.526833215728399, 2458.800000000000182 ], [ 84.315267037600279, 28.526832796633244, 2459.0 ], [ 84.315266283228993, 28.526825588196516, 2459.199999999999818 ], [ 84.315263433381915, 28.526775799691677, 2459.800000000000182 ], [ 84.315269300714135, 28.526766244322062, 2460.199999999999818 ], [ 84.315275754779577, 28.52673900313675, 2461.0 ], [ 84.315278939902782, 28.526725927367806, 2461.4 ], [ 84.315272653475404, 28.526698099449277, 2462.0 ], [ 84.315260667353868, 28.526675803586841, 2462.4 ], [ 84.315219093114138, 28.526646550744772, 2463.199999999999818 ], [ 84.315215405076742, 28.526644622907043, 2463.4 ], [ 84.315188163891435, 28.526639090850949, 2464.6 ], [ 84.315166035667062, 28.526635151356459, 2464.6 ], [ 84.315154971554875, 28.526627859100699, 2464.800000000000182 ], [ 84.315142817795277, 28.526584943756461, 2465.4 ], [ 84.315140638500452, 28.526580668985844, 2465.6 ], [ 84.315139716491103, 28.526562480255961, 2466.6 ], [ 84.315137537196279, 28.526558289304376, 2466.800000000000182 ], [ 84.315130664035678, 28.526546470820904, 2467.199999999999818 ], [ 84.315097220242023, 28.526510344818231, 2467.800000000000182 ], [ 84.315086575224996, 28.52650037035346, 2468.199999999999818 ], [ 84.315074505284429, 28.526488384231925, 2468.800000000000182 ], [ 84.315045168623328, 28.526473883539438, 2469.0 ], [ 84.314995296299458, 28.526437673717737, 2469.4 ], [ 84.314991692081094, 28.526418143883348, 2470.0 ], [ 84.31498808786273, 28.526409342885017, 2470.199999999999818 ], [ 84.314956571906805, 28.526359386742115, 2471.199999999999818 ], [ 84.314955649897456, 28.526351256296039, 2471.199999999999818 ], [ 84.314960343763232, 28.526322674006224, 2472.0 ], [ 84.314955566078424, 28.526314627379179, 2472.199999999999818 ], [ 84.314944334328175, 28.526271376758817, 2473.199999999999818 ], [ 84.31489965878427, 28.526230221614242, 2474.199999999999818 ], [ 84.314898988232017, 28.526222845539451, 2474.199999999999818 ], [ 84.314930588006973, 28.526192083954811, 2474.199999999999818 ], [ 84.314913153648376, 28.526195855811238, 2474.199999999999818 ], [ 84.314921032637358, 28.526198621839285, 2474.4 ], [ 84.314912064000964, 28.526200465857983, 2474.6 ], [ 84.314862694591284, 28.526201052591205, 2475.4 ], [ 84.31485909037292, 28.526206500828263, 2475.4 ], [ 84.314842158928514, 28.526222594082355, 2475.800000000000182 ], [ 84.314841739833355, 28.526216978207231, 2475.800000000000182 ], [ 84.314849618822336, 28.526196191087365, 2476.199999999999818 ], [ 84.314844841137528, 28.526172805577517, 2476.6 ], [ 84.314816761761904, 28.526128046214581, 2477.0 ], [ 84.314763369038701, 28.526100385934111, 2477.6 ], [ 84.314735038205981, 28.526089740917087, 2478.4 ], [ 84.314729757606983, 28.526086304336783, 2478.800000000000182 ], [ 84.314709724858403, 28.526057554408908, 2479.6 ], [ 84.314689273014665, 28.526033414527777, 2479.800000000000182 ], [ 84.314671335741878, 28.526046741753817, 2480.0 ], [ 84.314665803685784, 28.526047244668007, 2480.0 ], [ 84.31466949172318, 28.526043137535453, 2480.0 ], [ 84.314681477844715, 28.526032660156488, 2480.0 ], [ 84.31469245813787, 28.526005335152149, 2481.0 ], [ 84.314692122861743, 28.525998964905739, 2481.4 ], [ 84.314697487279773, 28.52596870623529, 2481.800000000000182 ], [ 84.31469933129847, 28.525959402322769, 2482.0 ], [ 84.31469933129847, 28.525942051783204, 2482.199999999999818 ], [ 84.314676700159907, 28.525885306298733, 2482.800000000000182 ], [ 84.314671587198973, 28.525879019871351, 2483.0 ], [ 84.314614925533533, 28.525851694867015, 2483.199999999999818 ], [ 84.314577709883451, 28.525834260508415, 2484.199999999999818 ], [ 84.314559772610664, 28.5258265491575, 2485.199999999999818 ], [ 84.314553150907159, 28.525824034586549, 2485.199999999999818 ], [ 84.314503697678447, 28.525800816714764, 2485.6 ], [ 84.314492382109165, 28.52578958496451, 2485.6 ], [ 84.314474109560251, 28.525772821158171, 2486.199999999999818 ], [ 84.314431613311172, 28.525735689327121, 2486.199999999999818 ], [ 84.314424404874444, 28.525726888328791, 2486.199999999999818 ], [ 84.314381824806333, 28.525651786476377, 2486.4 ], [ 84.314344022423029, 28.525594538077712, 2486.800000000000182 ], [ 84.314312255010009, 28.525580707937479, 2486.800000000000182 ], [ 84.314310410991311, 28.525581629946828, 2487.0 ], [ 84.314304878935218, 28.525580959394578, 2487.0 ], [ 84.314263137057424, 28.525609122589231, 2487.0 ], [ 84.314241679385304, 28.525594873353839, 2487.199999999999818 ], [ 84.314241763204336, 28.5255968850106, 2487.199999999999818 ], [ 84.314213516190648, 28.525554221123457, 2490.4 ], [ 84.314218377694488, 28.52555975317955, 2490.4 ], [ 84.3142453674227, 28.525577438995239, 2491.0 ], [ 84.314255006611347, 28.525584312155843, 2491.6 ], [ 84.31426296941936, 28.525586742907763, 2492.800000000000182 ], [ 84.314263639971614, 28.525583893060684, 2493.6 ], [ 84.314264645799994, 28.525583306327466, 2494.0 ], [ 84.314287444576621, 28.525583641603589, 2494.199999999999818 ], [ 84.314278475940228, 28.525581294670701, 2494.199999999999818 ], [ 84.314270177856088, 28.525582384318113, 2494.199999999999818 ], [ 84.314253497868776, 28.525593532249331, 2494.199999999999818 ], [ 84.31423413567245, 28.52560811676085, 2494.199999999999818 ], [ 84.314228100702167, 28.525620941072702, 2495.0 ], [ 84.314211755990982, 28.525645919144154, 2495.0 ], [ 84.314197087660432, 28.525668801739812, 2495.0 ], [ 84.31417596526444, 28.525661677122116, 2495.4 ], [ 84.314157692715526, 28.525653462857008, 2495.6 ], [ 84.314129026606679, 28.525661006569862, 2496.0 ], [ 84.314123159274459, 28.525662012398243, 2498.199999999999818 ], [ 84.314109664410353, 28.525663772597909, 2500.6 ], [ 84.314094828441739, 28.525661928579211, 2500.6 ], [ 84.314059456810355, 28.525661258026961, 2500.6 ], [ 84.314028108492494, 28.525666957721111, 2501.199999999999818 ], [ 84.314025761559606, 28.525667544454336, 2501.199999999999818 ], [ 84.314023582264781, 28.525669137015939, 2501.800000000000182 ], [ 84.314020229503512, 28.525665700435638, 2502.6 ], [ 84.314016960561275, 28.525662515312433, 2502.6 ], [ 84.314014529809356, 28.525651535019279, 2503.199999999999818 ], [ 84.314007572829723, 28.525642650201917, 2503.800000000000182 ], [ 84.313980499282479, 28.525621527805924, 2505.0 ], [ 84.313931297510862, 28.525592107325792, 2505.800000000000182 ], [ 84.313923334702849, 28.525589928030968, 2506.4 ], [ 84.313923921436071, 28.525592610239983, 2507.0 ], [ 84.313915204256773, 28.525581965222955, 2507.199999999999818 ], [ 84.313891064375639, 28.525559836998585, 2507.800000000000182 ], [ 84.313881257548928, 28.525543911382556, 2508.199999999999818 ], [ 84.313853681087494, 28.525512395426631, 2509.0 ], [ 84.313839850947261, 28.525487333536148, 2510.199999999999818 ], [ 84.313812609761953, 28.52545958943665, 2510.800000000000182 ], [ 84.313792828470469, 28.525448944419622, 2511.0 ], [ 84.313773130998015, 28.525438886135817, 2511.0 ], [ 84.313715882599354, 28.52542832493782, 2512.199999999999818 ], [ 84.313706830143929, 28.52541952393949, 2512.4 ], [ 84.313686965033412, 28.525412986055017, 2513.0 ], [ 84.31367514654994, 28.525404436513782, 2513.4 ], [ 84.313651593402028, 28.525391193106771, 2513.6 ], [ 84.313585795462132, 28.525352468714122, 2513.6 ], [ 84.313584873452783, 28.525347942486405, 2513.6 ], [ 84.313555201515555, 28.525309972465038, 2513.6 ], [ 84.313527457416058, 28.525254568085071, 2513.800000000000182 ], [ 84.31351387873292, 28.525237217545509, 2514.199999999999818 ], [ 84.313466856256127, 28.525205533951521, 2514.199999999999818 ], [ 84.313439279794693, 28.525204444304109, 2514.199999999999818 ], [ 84.313408099114895, 28.525233864784241, 2514.800000000000182 ], [ 84.313400974497199, 28.525236379355192, 2514.800000000000182 ], [ 84.313346073031425, 28.525250628590584, 2515.4 ], [ 84.313335428014398, 28.525250377133489, 2515.4 ], [ 84.313315479084849, 28.525235876440998, 2516.6 ], [ 84.313313215970993, 28.52522992528975, 2516.800000000000182 ], [ 84.313306258991361, 28.525216178968549, 2517.6 ], [ 84.313281448557973, 28.525194637477401, 2518.199999999999818 ], [ 84.313242388889194, 28.52516588754952, 2518.6 ], [ 84.313239036127925, 28.525163205340505, 2518.6 ], [ 84.313234258443117, 28.525148956105113, 2519.4 ], [ 84.31322218850255, 28.525140825659037, 2519.6 ], [ 84.313196036964655, 28.525104532018304, 2520.6 ], [ 84.313188325613737, 28.525102017447352, 2521.800000000000182 ], [ 84.313177680596709, 28.525085086002942, 2522.199999999999818 ], [ 84.313155636191368, 28.525060527026653, 2522.800000000000182 ], [ 84.313131663948298, 28.525027083232999, 2523.4 ], [ 84.313103249296546, 28.525002272799611, 2523.800000000000182 ], [ 84.313091430813074, 28.524992046877745, 2523.800000000000182 ], [ 84.313092017546296, 28.524979557842016, 2524.0 ], [ 84.313085647299886, 28.524973690509796, 2524.4 ], [ 84.313066033646464, 28.524979557842016, 2525.0 ], [ 84.3130555562675, 28.524974612519145, 2525.4 ], [ 84.313027895987034, 28.524972600862384, 2525.6 ], [ 84.313009036704898, 28.524964386597276, 2526.199999999999818 ], [ 84.312970899045467, 28.524947371333841, 2527.199999999999818 ], [ 84.312953632324934, 28.524938486516476, 2527.199999999999818 ], [ 84.312931504100561, 28.524927170947191, 2527.800000000000182 ], [ 84.312912560999393, 28.524923650547866, 2528.199999999999818 ], [ 84.312910800799727, 28.524923147633672, 2528.4 ], [ 84.312901329249144, 28.524908982217312, 2529.4 ], [ 84.312897054478526, 28.524908646941185, 2529.6 ], [ 84.312856905162334, 28.524897331371903, 2530.6 ], [ 84.312825975939631, 28.524888781830668, 2530.800000000000182 ], [ 84.312809379771352, 28.524893810972571, 2531.4 ], [ 84.312778618186712, 28.524893475696445, 2532.0 ], [ 84.31276386603713, 28.524891715496778, 2532.800000000000182 ], [ 84.312748443335295, 28.524894816800952, 2532.800000000000182 ], [ 84.312727740034461, 28.524881489574909, 2533.0 ], [ 84.312714915722609, 28.524870006367564, 2533.0 ], [ 84.312718436121941, 28.524869168177247, 2533.4 ], [ 84.312735786661506, 28.524876795709133, 2533.4 ], [ 84.312740731984377, 28.524882076308131, 2533.4 ], [ 84.312732685357332, 28.524883920326829, 2533.4 ], [ 84.312717514112592, 28.524880735203624, 2533.6 ], [ 84.312680130824447, 28.524866905063391, 2535.0 ], [ 84.31267149746418, 28.524863971397281, 2535.0 ], [ 84.312631515786052, 28.524825666099787, 2535.800000000000182 ], [ 84.312617853283882, 28.524785349145532, 2536.0 ], [ 84.312609639018774, 28.524773363023996, 2536.0 ], [ 84.312550127506256, 28.524738578125831, 2536.0 ], [ 84.312467817217112, 28.524734554812312, 2536.4 ], [ 84.31242230348289, 28.524710079655051, 2536.4 ], [ 84.312378969043493, 28.524693148210645, 2536.6 ], [ 84.312353823333979, 28.524684347212315, 2536.6 ], [ 84.312290707603097, 28.524657106027007, 2536.800000000000182 ], [ 84.312274614349008, 28.524657357484102, 2537.0 ], [ 84.312216527760029, 28.524664314463735, 2537.0 ], [ 84.312207475304604, 28.524663476273417, 2537.0 ], [ 84.312165649607778, 28.524628272280097, 2537.0 ], [ 84.312141761183739, 28.524594157934189, 2537.0 ], [ 84.312121896073222, 28.524573957547545, 2537.0 ], [ 84.312114100903273, 28.524560043588281, 2537.0 ], [ 84.312101360410452, 28.524544034153223, 2537.0 ], [ 84.31207881309092, 28.524542860686779, 2537.0 ], [ 84.312069592997432, 28.524546213448048, 2537.0 ], [ 84.312066156417131, 28.524543363600969, 2537.0 ], [ 84.312036568298936, 28.524538418278095, 2537.0 ], [ 84.311972530558705, 28.524532467126846, 2537.199999999999818 ], [ 84.311968255788088, 28.524532048031688, 2538.0 ], [ 84.311953503638506, 28.524527940899137, 2538.4 ], [ 84.311920898035169, 28.524517128244039, 2539.0 ], [ 84.311888460069895, 28.524508830159903, 2539.800000000000182 ], [ 84.31187504902482, 28.524497179314498, 2540.199999999999818 ], [ 84.31186088360846, 28.524476308375597, 2540.6 ], [ 84.311857195571065, 28.524467842653394, 2540.800000000000182 ], [ 84.311842946335673, 28.524433225393295, 2540.800000000000182 ], [ 84.311831295490265, 28.524405648931861, 2541.199999999999818 ], [ 84.311830122023821, 28.524401793256398, 2541.199999999999818 ], [ 84.311789385974407, 28.524377569556236, 2542.0 ], [ 84.311775472015142, 28.524347059428692, 2542.4 ], [ 84.31175434961915, 28.524320153519511, 2543.199999999999818 ], [ 84.311752589419484, 28.524318980053067, 2543.199999999999818 ], [ 84.311721492558718, 28.524281093850732, 2543.199999999999818 ], [ 84.311684276908636, 28.524237759411335, 2543.199999999999818 ], [ 84.311643289402127, 28.524198532104492, 2543.199999999999818 ], [ 84.311591405421495, 28.524181600660089, 2543.199999999999818 ], [ 84.3115393538028, 28.524159472435713, 2543.6 ], [ 84.311489313840866, 28.524132901802659, 2543.800000000000182 ], [ 84.311476992443204, 28.524054698646069, 2543.800000000000182 ], [ 84.311415553092957, 28.524026703089476, 2543.800000000000182 ], [ 84.311383031308651, 28.524017566815019, 2543.800000000000182 ], [ 84.311385797336698, 28.524013627320528, 2544.4 ], [ 84.311387641355395, 28.523996528238055, 2544.800000000000182 ], [ 84.311365764588118, 28.523974316194657, 2545.4 ], [ 84.311364339664578, 28.523970963433385, 2545.6 ], [ 84.311328213661909, 28.523941291496161, 2546.4 ], [ 84.311324609443545, 28.52393894456327, 2546.6 ], [ 84.311313545331359, 28.523920001462105, 2547.4 ], [ 84.311312204226851, 28.523916061967611, 2547.6 ], [ 84.311312707141042, 28.523913882672787, 2547.6 ], [ 84.31128672324121, 28.523893179371953, 2548.199999999999818 ], [ 84.311258727684617, 28.52388571947813, 2548.800000000000182 ], [ 84.311257135123014, 28.523885048925877, 2548.800000000000182 ], [ 84.311268534511328, 28.523879181593657, 2549.800000000000182 ], [ 84.311264846473932, 28.523874571546912, 2550.0 ], [ 84.311274653300643, 28.52385981939733, 2550.199999999999818 ], [ 84.311254452914, 28.5238216817379, 2550.800000000000182 ], [ 84.311248334124684, 28.523819670081139, 2550.800000000000182 ], [ 84.311211705207825, 28.523792428895831, 2551.199999999999818 ], [ 84.31120072491467, 28.523794105276465, 2551.4 ], [ 84.311148086562753, 28.523766612634063, 2551.800000000000182 ], [ 84.311138866469264, 28.523762421682477, 2551.800000000000182 ], [ 84.311128975823522, 28.523746747523543, 2552.0 ], [ 84.311084551736712, 28.52372981607914, 2552.6 ], [ 84.311068542301655, 28.523727469146252, 2553.0 ], [ 84.31104289367795, 28.52372394874692, 2553.6 ], [ 84.311026716604829, 28.523718416690823, 2554.0 ], [ 84.310995284467936, 28.523704167455435, 2554.199999999999818 ], [ 84.311006851494312, 28.523710453882813, 2554.800000000000182 ], [ 84.310989920049906, 28.523707017302513, 2554.800000000000182 ], [ 84.310974413529038, 28.523703245446089, 2554.800000000000182 ], [ 84.310959745198488, 28.523697797209024, 2555.0 ], [ 84.310901490971446, 28.523651110008359, 2555.4 ], [ 84.310886319726706, 28.52360911667347, 2555.4 ], [ 84.310884391888976, 28.523604590445757, 2555.6 ], [ 84.310858491808176, 28.523582713678479, 2555.6 ], [ 84.310848684981465, 28.52357198484242, 2555.6 ], [ 84.310799902305007, 28.523533511906862, 2555.800000000000182 ], [ 84.310810547322035, 28.523536194115877, 2555.800000000000182 ], [ 84.310802668333054, 28.523521022871137, 2555.800000000000182 ], [ 84.310798225924373, 28.523516999557614, 2555.800000000000182 ], [ 84.310771571472287, 28.523475676774979, 2556.199999999999818 ], [ 84.310763608664274, 28.52346645668149, 2556.199999999999818 ], [ 84.310725973919034, 28.523431587964296, 2556.4 ], [ 84.310699570924044, 28.523413818329573, 2556.800000000000182 ], [ 84.310680292546749, 28.523384397849441, 2557.199999999999818 ], [ 84.310659170150757, 28.523368388414383, 2557.199999999999818 ], [ 84.310676604509354, 28.523374926298857, 2557.6 ], [ 84.310676688328385, 28.523374926298857, 2557.6 ], [ 84.310676688328385, 28.523374926298857, 2557.6 ], [ 84.310676688328385, 28.523374926298857, 2557.6 ], [ 84.310676688328385, 28.523374926298857, 2557.6 ], [ 84.310676185414195, 28.523381045088172, 2557.6 ], [ 84.31066520512104, 28.523391522467136, 2557.6 ], [ 84.310655230656266, 28.523389426991343, 2557.800000000000182 ], [ 84.310655146837234, 28.523396551609039, 2557.800000000000182 ], [ 84.310647016391158, 28.523376770317551, 2557.800000000000182 ], [ 84.310645842924714, 28.52337559685111, 2557.800000000000182 ], [ 84.310644250363111, 28.523366963490844, 2558.0 ], [ 84.310639724135399, 28.523343075066805, 2558.199999999999818 ], [ 84.310633102431893, 28.523328993469477, 2558.6 ], [ 84.310625810176134, 28.523311307653785, 2559.199999999999818 ], [ 84.310625810176134, 28.523312984034419, 2559.4 ], [ 84.310648441314697, 28.523327987641096, 2559.6 ], [ 84.31064173579216, 28.523305440321565, 2560.4 ], [ 84.310596892610192, 28.523319354280829, 2561.199999999999818 ], [ 84.310580883175135, 28.52332279086113, 2561.4 ], [ 84.310551965609193, 28.523324886336923, 2561.6 ], [ 84.3105498701334, 28.523323880508546, 2561.800000000000182 ], [ 84.31056110188365, 28.52332622744143, 2562.0 ], [ 84.310573758557439, 28.523316420614719, 2562.0 ], [ 84.310565879568458, 28.523295130580664, 2562.4 ], [ 84.310511145740747, 28.523235786706209, 2563.4 ], [ 84.310499411076307, 28.523230254650116, 2563.6 ], [ 84.310431433841586, 28.523207288235422, 2564.6 ], [ 84.310422968119383, 28.523207036778331, 2564.6 ], [ 84.31037301197648, 28.523200331255794, 2565.199999999999818 ], [ 84.310359098017216, 28.52319790050387, 2565.199999999999818 ], [ 84.310353817418218, 28.523196056485176, 2565.4 ], [ 84.310284666717052, 28.523170994594693, 2565.4 ], [ 84.310244685038924, 28.523104609921575, 2565.4 ], [ 84.310238650068641, 28.523097317665815, 2565.6 ], [ 84.310194225981832, 28.523044846951962, 2565.800000000000182 ], [ 84.310169331729412, 28.522982988506556, 2566.0 ], [ 84.310121722519398, 28.52295926772058, 2566.6 ], [ 84.310112250968814, 28.522956250235438, 2567.0 ], [ 84.310050308704376, 28.52289229631424, 2567.199999999999818 ], [ 84.310025330632925, 28.522858936339617, 2567.6 ], [ 84.310018792748451, 28.522852314636111, 2567.6 ], [ 84.310000604018569, 28.522828510031104, 2567.6 ], [ 84.30998157709837, 28.522814344614744, 2567.6 ], [ 84.309963304549456, 28.522811746224761, 2567.6 ], [ 84.3099385779351, 28.522792719304562, 2567.6 ], [ 84.30992198176682, 28.522766400128603, 2567.199999999999818 ], [ 84.309892561286688, 28.522698590531945, 2567.199999999999818 ], [ 84.309862134978175, 28.52265190333128, 2566.4 ], [ 84.309851489961147, 28.522639581933618, 2565.800000000000182 ], [ 84.309845119714737, 28.522620387375355, 2565.4 ], [ 84.309844030067325, 28.522572023794055, 2565.4 ], [ 84.309837324544787, 28.522554421797395, 2565.4 ], [ 84.309817291796207, 28.522560708224773, 2565.199999999999818 ], [ 84.309801030904055, 28.522549141198397, 2565.199999999999818 ], [ 84.309809077531099, 28.522553835064173, 2565.0 ], [ 84.309788038954139, 28.522537909448147, 2565.0 ], [ 84.309773538261652, 28.522538831457496, 2565.0 ], [ 84.309748727828264, 28.522505639120936, 2565.0 ], [ 84.309733556583524, 28.522478314116597, 2565.0 ], [ 84.309722743928432, 28.522472362965345, 2565.0 ], [ 84.309667339548469, 28.522431459277868, 2565.0 ], [ 84.309621825814247, 28.522419221699241, 2565.0 ], [ 84.309604139998555, 28.522409247234464, 2565.199999999999818 ], [ 84.309567930176854, 28.522364823147655, 2566.0 ], [ 84.309562062844634, 28.522355770692229, 2566.4 ], [ 84.309541191905737, 28.522338252514601, 2567.199999999999818 ], [ 84.309534318745136, 28.522332804277539, 2567.6 ], [ 84.309517806395888, 28.522329870611429, 2568.4 ], [ 84.3095120228827, 28.522328194230795, 2568.6 ], [ 84.309510681778193, 28.522327020764351, 2568.800000000000182 ], [ 84.309497689828277, 28.522318890318271, 2569.6 ], [ 84.309493917971849, 28.52231771685183, 2569.800000000000182 ], [ 84.3094861228019, 28.522312100976706, 2570.800000000000182 ], [ 84.309476315975189, 28.52230841293931, 2570.800000000000182 ], [ 84.309424264356494, 28.522263402119279, 2572.0 ], [ 84.309419067576528, 28.522255942225456, 2572.199999999999818 ], [ 84.30940255522728, 28.522239094600081, 2573.0 ], [ 84.309392580762506, 28.522234736010432, 2573.6 ], [ 84.309389647096395, 28.522237502038479, 2573.6 ], [ 84.309336338192225, 28.522220151498914, 2573.6 ], [ 84.309315718710423, 28.52221017703414, 2574.0 ], [ 84.309299625456333, 28.522203387692571, 2574.0 ], [ 84.309297110885382, 28.522204058244824, 2574.0 ], [ 84.309240030124784, 28.522157706320289, 2574.0 ], [ 84.309168783947825, 28.52213641628623, 2574.0 ], [ 84.309123018756509, 28.522121077403423, 2574.0 ], [ 84.309086976572871, 28.522105906158689, 2573.800000000000182 ], [ 84.309064010158181, 28.522092998027802, 2573.6 ], [ 84.309043642133474, 28.522076569497585, 2573.199999999999818 ], [ 84.309038612991571, 28.52207388728857, 2573.0 ], [ 84.309034757316113, 28.522072127088904, 2572.800000000000182 ], [ 84.309023190289736, 28.522068439051509, 2572.800000000000182 ], [ 84.309000559151173, 28.522068271413445, 2572.800000000000182 ], [ 84.30898723192513, 28.522067600861192, 2572.800000000000182 ], [ 84.308995278552175, 28.522063242271543, 2572.800000000000182 ], [ 84.309000978246331, 28.522073635831475, 2572.800000000000182 ], [ 84.308979772031307, 28.522091237828135, 2572.800000000000182 ], [ 84.308972228318453, 28.52208998054266, 2573.0 ], [ 84.308947250247002, 28.522104397416115, 2573.4 ], [ 84.308944484218955, 28.522096686065197, 2573.4 ], [ 84.308911627158523, 28.522075060755014, 2573.6 ], [ 84.308862928301096, 28.522008173167706, 2574.6 ], [ 84.308818504214287, 28.521969197317961, 2575.6 ], [ 84.30880643427372, 28.521971292793751, 2575.6 ], [ 84.308784557506442, 28.521974561735988, 2575.800000000000182 ], [ 84.308764692395926, 28.521976824849844, 2576.199999999999818 ], [ 84.308736948296428, 28.521971041336656, 2576.199999999999818 ], [ 84.308706689625978, 28.521947655826807, 2576.6 ], [ 84.308645166456699, 28.521908344700933, 2576.800000000000182 ], [ 84.308585738763213, 28.521893173456192, 2577.6 ], [ 84.30857383646071, 28.521890658885241, 2577.6 ], [ 84.308531675487757, 28.521876577287912, 2578.0 ], [ 84.308493034914136, 28.521871548146009, 2578.0 ], [ 84.308470990508795, 28.521869201213121, 2578.0 ], [ 84.3084448389709, 28.521872134879231, 2578.199999999999818 ], [ 84.308431595563889, 28.521865764632821, 2578.199999999999818 ], [ 84.308385662734509, 28.521824609488249, 2578.199999999999818 ], [ 84.308357667177916, 28.521786974743009, 2578.199999999999818 ], [ 84.308284325525165, 28.521764427423477, 2578.199999999999818 ], [ 84.30822984315455, 28.521745903417468, 2578.199999999999818 ], [ 84.308191202580929, 28.521732995286584, 2578.199999999999818 ], [ 84.308182317763567, 28.521729977801439, 2578.199999999999818 ], [ 84.308171086013317, 28.521727966144681, 2578.199999999999818 ], [ 84.308137306943536, 28.521732157096267, 2577.800000000000182 ], [ 84.30812087841332, 28.521738694980741, 2577.800000000000182 ], [ 84.308075867593288, 28.521748753264543, 2577.199999999999818 ], [ 84.308005627244711, 28.521764259785417, 2576.800000000000182 ], [ 84.307984923943877, 28.521762080490589, 2576.6 ], [ 84.307922646403313, 28.521752273663878, 2576.4 ], [ 84.307888364419341, 28.521727798506618, 2576.4 ], [ 84.307837653905153, 28.52170298807323, 2576.4 ], [ 84.307821141555905, 28.521700724959373, 2576.199999999999818 ], [ 84.307809239253402, 28.52170642465353, 2576.199999999999818 ], [ 84.307811167091131, 28.521712124347687, 2576.199999999999818 ], [ 84.307806808501482, 28.521716902032495, 2576.199999999999818 ], [ 84.30776565335691, 28.521702820435166, 2575.6 ], [ 84.307762468233705, 28.521706173196435, 2575.6 ], [ 84.307718044146895, 28.521744981408119, 2574.6 ], [ 84.307713434100151, 28.5217459872365, 2574.4 ], [ 84.307733131572604, 28.521750178188089, 2574.4 ], [ 84.307717205956578, 28.52175478823483, 2574.4 ], [ 84.307712092995644, 28.521758727729321, 2574.199999999999818 ], [ 84.307732880115509, 28.521750262007117, 2574.199999999999818 ], [ 84.307732880115509, 28.521750262007117, 2574.199999999999818 ], [ 84.307732880115509, 28.521750262007117, 2574.199999999999818 ], [ 84.307732880115509, 28.521750262007117, 2574.199999999999818 ], [ 84.307719217613339, 28.521745903417468, 2574.199999999999818 ], [ 84.307706644758582, 28.521739281713963, 2575.0 ], [ 84.307698430493474, 28.521735006943345, 2575.199999999999818 ], [ 84.307695999741554, 28.521731989458203, 2575.199999999999818 ], [ 84.307688539847732, 28.521715309470892, 2575.6 ], [ 84.307685438543558, 28.521714052185416, 2576.0 ], [ 84.307669596746564, 28.521707849577069, 2576.199999999999818 ], [ 84.307649228721857, 28.521699719130993, 2576.4 ], [ 84.307628776878119, 28.521700138226151, 2576.4 ], [ 84.307592399418354, 28.521688738837842, 2576.6 ], [ 84.307530205696821, 28.521694270893931, 2577.6 ], [ 84.307522494345903, 28.521697372198105, 2577.800000000000182 ], [ 84.307439848780632, 28.521711872890592, 2578.800000000000182 ], [ 84.307424928992987, 28.521713465452191, 2578.800000000000182 ], [ 84.307376397773623, 28.521707430481911, 2579.6 ], [ 84.307367010042071, 28.521706843748689, 2579.6 ], [ 84.307327447459102, 28.52171472273767, 2579.800000000000182 ], [ 84.307311186566949, 28.521710364148021, 2580.4 ], [ 84.30725603364408, 28.521720254793763, 2581.0 ], [ 84.307236671447754, 28.52172838523984, 2581.199999999999818 ], [ 84.307160228490829, 28.521772474050518, 2581.800000000000182 ], [ 84.307151427492499, 28.521779095754027, 2582.199999999999818 ], [ 84.307098286226392, 28.521804241463546, 2583.0 ], [ 84.307037265971303, 28.521819412708279, 2583.0 ], [ 84.307026788592339, 28.521805582568049, 2583.199999999999818 ], [ 84.307024190202355, 28.521809186786413, 2583.199999999999818 ], [ 84.306977167725563, 28.521785298362374, 2583.199999999999818 ], [ 84.306897707283497, 28.521735342219472, 2583.4 ], [ 84.306888738647103, 28.521728636696935, 2583.4 ], [ 84.306847499683499, 28.521739533171058, 2583.800000000000182 ], [ 84.306823443621397, 28.521755542606115, 2584.199999999999818 ], [ 84.30680844001472, 28.521762164309621, 2584.4 ], [ 84.306799052283168, 28.521792506799105, 2585.0 ], [ 84.306781617924571, 28.52179585956037, 2585.199999999999818 ], [ 84.306759657338262, 28.521779011934996, 2585.6 ], [ 84.306767033413053, 28.521756716072559, 2585.6 ], [ 84.306773236021399, 28.521763673052192, 2585.6 ], [ 84.306762171909213, 28.521815808489919, 2585.6 ], [ 84.306764015927911, 28.521850761026144, 2585.6 ], [ 84.306739792227745, 28.521867860108618, 2585.6 ], [ 84.306688914075494, 28.521912703290582, 2585.4 ], [ 84.306675670668483, 28.521959306672215, 2585.0 ], [ 84.30666871368885, 28.521979507058859, 2584.800000000000182 ], [ 84.30666871368885, 28.521979507058859, 2584.6 ], [ 84.306679191067815, 28.521974477916956, 2584.6 ], [ 84.30668237619102, 28.521978501230478, 2584.6 ], [ 84.306672485545278, 28.521986715495583, 2584.6 ], [ 84.306651195511222, 28.522020746022463, 2584.4 ], [ 84.306642562150955, 28.522030636668205, 2584.4 ], [ 84.30663107894361, 28.522044131532311, 2584.4 ], [ 84.306626720353961, 28.52206408046186, 2584.4 ], [ 84.306580955162644, 28.522101631388068, 2584.4 ], [ 84.30656410753727, 28.522119233384728, 2584.4 ], [ 84.306532675400376, 28.522156113758683, 2584.4 ], [ 84.30650744587183, 28.522185869514946, 2584.4 ], [ 84.306446928530931, 28.522264156490564, 2584.6 ], [ 84.306396301835775, 28.522335654124618, 2585.199999999999818 ], [ 84.306391105055809, 28.52234210819006, 2585.199999999999818 ], [ 84.306343663483858, 28.522398602217436, 2586.199999999999818 ], [ 84.306338215246797, 28.522408995777369, 2586.199999999999818 ], [ 84.306291192770004, 28.522483762353659, 2587.199999999999818 ], [ 84.306284068152308, 28.522491557523608, 2587.4 ], [ 84.306247271597385, 28.522527012974024, 2588.199999999999818 ], [ 84.306240901350975, 28.522530701011419, 2588.199999999999818 ], [ 84.306237464770675, 28.522537490352988, 2588.4 ], [ 84.30620108731091, 28.522587195038795, 2589.4 ], [ 84.306192621588707, 28.522596750408411, 2589.4 ], [ 84.306189268827438, 28.522602198645473, 2589.6 ], [ 84.306201171129942, 28.522622650489211, 2589.6 ], [ 84.306207876652479, 28.52263237349689, 2589.6 ], [ 84.306227825582027, 28.522635558620095, 2589.6 ], [ 84.30627484805882, 28.522632122039795, 2589.6 ], [ 84.306323127821088, 28.522633966058493, 2589.6 ], [ 84.306344920769334, 28.522635474801064, 2589.4 ], [ 84.306383728981018, 28.522646371275187, 2588.4 ], [ 84.306427398696542, 28.522670343518257, 2587.199999999999818 ], [ 84.306448018178344, 28.522679898887873, 2586.800000000000182 ], [ 84.306469894945621, 28.522686688229442, 2586.199999999999818 ], [ 84.30647567845881, 28.522691214457151, 2586.199999999999818 ], [ 84.306518090888858, 28.522713761776689, 2585.6 ], [ 84.306537453085184, 28.522715773433447, 2585.199999999999818 ], [ 84.306538291275501, 28.522705212235451, 2584.6 ], [ 84.306540135294199, 28.5227061342448, 2584.6 ], [ 84.306553127244115, 28.522709403187037, 2584.199999999999818 ], [ 84.306546924635768, 28.522709906101227, 2584.199999999999818 ], [ 84.306558826938272, 28.522717701271176, 2584.199999999999818 ], [ 84.306559832766652, 28.522718120366335, 2584.199999999999818 ], [ 84.306561592966318, 28.522713258862495, 2584.199999999999818 ], [ 84.306550780311227, 28.522706218063831, 2584.199999999999818 ], [ 84.306509960442781, 28.522686269134283, 2584.199999999999818 ], [ 84.306482467800379, 28.522675288841128, 2585.199999999999818 ], [ 84.306428739801049, 28.522664811462164, 2586.4 ], [ 84.306399067863822, 28.522658525034785, 2587.0 ], [ 84.306376688182354, 28.522653579711911, 2587.6 ], [ 84.306373670697212, 28.522654920816422, 2587.800000000000182 ], [ 84.306338131427765, 28.522637989372015, 2587.800000000000182 ], [ 84.306327989324927, 28.522633798420429, 2588.199999999999818 ], [ 84.306298401206732, 28.522630697116256, 2588.800000000000182 ], [ 84.3062724173069, 28.522631116211414, 2589.199999999999818 ], [ 84.306257329881191, 28.522625081241131, 2589.199999999999818 ], [ 84.306245930492878, 28.522619884461164, 2589.199999999999818 ], [ 84.306267555803061, 28.522613765671849, 2589.199999999999818 ], [ 84.306311728432775, 28.522622399032116, 2589.199999999999818 ], [ 84.306377191096544, 28.522635223343968, 2589.199999999999818 ], [ 84.306395463645458, 28.522645868360996, 2588.6 ], [ 84.306426225230098, 28.52266313508153, 2587.800000000000182 ], [ 84.306433433666825, 28.522667912766337, 2587.6 ], [ 84.306468470022082, 28.522690460085869, 2586.6 ], [ 84.306484563276172, 28.522697919979692, 2585.800000000000182 ], [ 84.306515576317906, 28.522712839767337, 2585.4 ], [ 84.306522365659475, 28.522711750119925, 2585.4 ], [ 84.306541476398706, 28.522720467299223, 2585.4 ], [ 84.306594869121909, 28.522743852809072, 2585.4 ], [ 84.306638706475496, 28.522792467847463, 2585.4 ], [ 84.306680951267481, 28.522846028208733, 2585.4 ], [ 84.306698134168983, 28.522859020158648, 2585.6 ], [ 84.306761333718896, 28.522883914411068, 2586.4 ], [ 84.306778013706207, 28.52289522998035, 2586.6 ], [ 84.306812295690179, 28.522926410660148, 2587.4 ], [ 84.306827886030078, 28.522940073162317, 2587.6 ], [ 84.306877003982663, 28.522981815040112, 2588.6 ], [ 84.306920086964965, 28.523019785061479, 2589.800000000000182 ], [ 84.306930731981993, 28.523041242733601, 2590.4 ], [ 84.306954536587, 28.523079631850123, 2590.800000000000182 ], [ 84.306976916268468, 28.523107878863811, 2591.199999999999818 ], [ 84.307018239051104, 28.523159511387348, 2591.800000000000182 ], [ 84.30702980607748, 28.52317669428885, 2592.0 ], [ 84.307057214900851, 28.523230841383334, 2592.800000000000182 ], [ 84.307062579318881, 28.523233439773321, 2593.0 ], [ 84.307083198800683, 28.523255735635757, 2593.6 ], [ 84.30710063315928, 28.523280546069145, 2594.199999999999818 ], [ 84.307112786918879, 28.52329689078033, 2594.4 ], [ 84.307115469127893, 28.523302422836423, 2595.0 ], [ 84.307146146893501, 28.523333100602031, 2595.0 ], [ 84.307157546281815, 28.523348355665803, 2595.4 ], [ 84.307185793295503, 28.5233951266855, 2596.199999999999818 ], [ 84.307199036702514, 28.523419350385662, 2596.4 ], [ 84.307211358100176, 28.523430833593011, 2596.4 ], [ 84.307209849357605, 28.523431504145265, 2596.800000000000182 ], [ 84.30720909498632, 28.523431085050102, 2596.800000000000182 ], [ 84.307203479111195, 28.523433180525899, 2596.800000000000182 ], [ 84.307209681719542, 28.523439802229404, 2596.800000000000182 ], [ 84.307232731953263, 28.523514484986663, 2596.800000000000182 ], [ 84.307281514629722, 28.523578774183989, 2596.800000000000182 ], [ 84.307313114404678, 28.523614229634404, 2596.800000000000182 ], [ 84.307365166023374, 28.523658905178308, 2596.800000000000182 ], [ 84.307405902072787, 28.523754375055432, 2596.199999999999818 ], [ 84.307404980063438, 28.523756973445415, 2596.199999999999818 ], [ 84.307404980063438, 28.523756973445415, 2596.0 ], [ 84.307404980063438, 28.523756973445415, 2596.0 ], [ 84.307404980063438, 28.523756973445415, 2596.0 ], [ 84.307413697242737, 28.523802068084478, 2595.800000000000182 ], [ 84.307424006983638, 28.523824699223042, 2595.6 ], [ 84.307427778840065, 28.523835595697165, 2595.4 ], [ 84.307417469099164, 28.523905584588647, 2595.4 ], [ 84.307428868487477, 28.523932490497828, 2595.4 ], [ 84.307445548474789, 28.524005329236388, 2595.4 ], [ 84.307457618415356, 28.524070037528872, 2595.4 ], [ 84.307469185441732, 28.524087555706501, 2595.6 ], [ 84.307478321716189, 28.524167519062757, 2595.6 ], [ 84.307499611750245, 28.524234155192971, 2596.0 ], [ 84.307500869035721, 28.52423214353621, 2596.0 ], [ 84.307500869035721, 28.52423214353621, 2596.0 ], [ 84.307500869035721, 28.52423214353621, 2596.0 ], [ 84.307500869035721, 28.52423214353621, 2596.0 ], [ 84.307500869035721, 28.52423214353621, 2596.0 ], [ 84.30749692954123, 28.524235831573609, 2596.0 ], [ 84.307489302009344, 28.52426751516759, 2595.800000000000182 ], [ 84.307491816580296, 28.524273466318849, 2595.800000000000182 ], [ 84.307486871257424, 28.524294588714842, 2595.800000000000182 ], [ 84.307446805760264, 28.524320656433702, 2595.6 ], [ 84.307441022247076, 28.524334067478776, 2595.6 ], [ 84.307407662272453, 28.524363487958908, 2595.6 ], [ 84.307338176295161, 28.524464154615998, 2595.6 ], [ 84.307336835190654, 28.524530371651053, 2595.6 ], [ 84.30732199922204, 28.524583429098129, 2595.6 ], [ 84.307271791622043, 28.524592481553555, 2596.0 ], [ 84.307251926511526, 28.524616537615657, 2596.4 ], [ 84.307219656184316, 28.524640761315823, 2596.800000000000182 ], [ 84.307169700041413, 28.524664901196957, 2597.4 ], [ 84.307157713919878, 28.524669427424669, 2597.4 ], [ 84.307133322581649, 28.524678647518162, 2597.800000000000182 ], [ 84.307087222114205, 28.52469390258193, 2598.199999999999818 ], [ 84.307056292891502, 28.524703290313479, 2598.4 ], [ 84.307027542963624, 28.524712761864063, 2598.6 ], [ 84.306924780830741, 28.524752575904131, 2598.6 ], [ 84.306835848838091, 28.524781996384263, 2599.4 ], [ 84.306826461106539, 28.524784846231341, 2599.6 ], [ 84.306796118617058, 28.524794736877084, 2600.199999999999818 ], [ 84.306766781955957, 28.524812255054712, 2600.6 ], [ 84.306756723672152, 28.524820804595947, 2600.6 ], [ 84.306691763922572, 28.524891380220652, 2600.800000000000182 ], [ 84.306644909083843, 28.524948293343183, 2601.800000000000182 ], [ 84.306590761989355, 28.525015935301781, 2602.4 ], [ 84.30657877586782, 28.52503445930779, 2602.800000000000182 ], [ 84.306569136679173, 28.525062454864383, 2603.199999999999818 ], [ 84.306521024554968, 28.52513168938458, 2603.800000000000182 ], [ 84.306502752006054, 28.525163875892758, 2604.4 ], [ 84.306470481678843, 28.525218106806278, 2604.800000000000182 ], [ 84.306467967107892, 28.525225063785911, 2605.0 ], [ 84.306428739801049, 28.525277366861701, 2605.6 ], [ 84.306399151682854, 28.525312570855021, 2606.0 ], [ 84.306372916325927, 28.525345930829644, 2606.4 ], [ 84.306343579664826, 28.525408124551177, 2607.0 ], [ 84.306318685412407, 28.525486998260021, 2608.199999999999818 ], [ 84.306309800595045, 28.525503762066364, 2608.4 ], [ 84.306288007646799, 28.525554891675711, 2609.199999999999818 ], [ 84.306262610480189, 28.525598561391231, 2609.4 ], [ 84.306211061775684, 28.525631753727794, 2609.4 ], [ 84.30620351806283, 28.525628568604589, 2609.4 ], [ 84.306183736771345, 28.525626892223951, 2609.6 ], [ 84.306183736771345, 28.525626892223951, 2609.6 ], [ 84.306175438687205, 28.525635860860348, 2609.6 ], [ 84.306152807548642, 28.525729905813932, 2609.800000000000182 ], [ 84.306109640747309, 28.525792602449656, 2610.0 ], [ 84.306102348491549, 28.525805678218603, 2610.199999999999818 ], [ 84.306080555543303, 28.5258714761585, 2611.4 ], [ 84.306055326014757, 28.525939453393221, 2612.4 ], [ 84.30605155415833, 28.5259491764009, 2612.6 ], [ 84.306032527238131, 28.526002988219261, 2613.6 ], [ 84.306031437590718, 28.526014136150479, 2613.6 ], [ 84.306019200012088, 28.526055878028274, 2614.6 ], [ 84.306017188355327, 28.526066523045301, 2614.800000000000182 ], [ 84.306004447862506, 28.526127291843295, 2615.800000000000182 ], [ 84.306000592187047, 28.526143971830606, 2616.199999999999818 ], [ 84.305998748168349, 28.526146821677685, 2616.800000000000182 ], [ 84.30598801933229, 28.526172051206231, 2617.0 ], [ 84.305987600237131, 28.526180600747463, 2617.199999999999818 ], [ 84.305977541953325, 28.526216307654977, 2618.0 ], [ 84.305969914421439, 28.52623013779521, 2618.4 ], [ 84.305947534739971, 28.526277411729097, 2619.0 ], [ 84.305895064026117, 28.526321165263653, 2620.199999999999818 ], [ 84.305883161723614, 28.526335246860981, 2620.4 ], [ 84.305864553898573, 28.526353351771832, 2620.800000000000182 ], [ 84.30583412759006, 28.526377659291029, 2620.800000000000182 ], [ 84.305813843384385, 28.526390986517072, 2621.199999999999818 ], [ 84.305730946362019, 28.526433985680342, 2621.800000000000182 ], [ 84.305650983005762, 28.526463489979506, 2622.199999999999818 ], [ 84.305555261671543, 28.526510512456294, 2622.199999999999818 ], [ 84.305456522852182, 28.52654336951673, 2622.199999999999818 ], [ 84.305366836488247, 28.526587206870317, 2622.800000000000182 ], [ 84.305367507040501, 28.52659466676414, 2622.800000000000182 ], [ 84.305368596687913, 28.526594834402204, 2622.800000000000182 ], [ 84.305368596687913, 28.526594834402204, 2622.800000000000182 ], [ 84.305368596687913, 28.526594834402204, 2622.800000000000182 ], [ 84.305368596687913, 28.526594834402204, 2622.800000000000182 ], [ 84.305368596687913, 28.526594834402204, 2623.199999999999818 ], [ 84.305368596687913, 28.526594834402204, 2623.199999999999818 ], [ 84.305364238098264, 28.526607155799866, 2623.199999999999818 ], [ 84.305287292227149, 28.526688124984503, 2623.4 ], [ 84.305267008021474, 28.526704050600529, 2624.199999999999818 ], [ 84.305203137919307, 28.526776302605867, 2624.4 ], [ 84.305115714669228, 28.526830701157451, 2625.199999999999818 ], [ 84.305048659443855, 28.526902701705698, 2625.199999999999818 ], [ 84.304995434358716, 28.526918208226562, 2625.199999999999818 ], [ 84.304990991950035, 28.526917370036244, 2625.199999999999818 ], [ 84.306065635755658, 28.52741525508463, 2625.199999999999818 ], [ 84.305726001039147, 28.527299501001835, 2625.199999999999818 ], [ 84.30572122335434, 28.527310900390148, 2625.4 ], [ 84.305693563073874, 28.527305871248245, 2625.4 ], [ 84.305644780397415, 28.527298243716359, 2625.4 ], [ 84.305644193664193, 28.527301596477628, 2626.0 ], [ 84.30553313344717, 28.527306374162436, 2626.0 ], [ 84.305311013013124, 28.527387678623199, 2626.6 ], [ 84.305094173178077, 28.527393881231543, 2627.199999999999818 ], [ 84.305049078539014, 28.527398658916351, 2627.199999999999818 ], [ 84.305035416036844, 28.527401424944401, 2627.199999999999818 ], [ 84.304969785735011, 28.5274653788656, 2627.199999999999818 ], [ 84.304955871775746, 28.527453728020191, 2627.199999999999818 ], [ 84.304855205118656, 28.5275171790272, 2627.199999999999818 ], [ 84.304756885394454, 28.527607619762421, 2627.199999999999818 ], [ 84.304736433550715, 28.527664449065924, 2627.199999999999818 ], [ 84.304721178486943, 28.52769554592669, 2627.199999999999818 ], [ 84.304645070806146, 28.527793027460575, 2627.199999999999818 ], [ 84.304582038894296, 28.52783233858645, 2627.199999999999818 ], [ 84.304487071931362, 28.527883719652891, 2627.4 ], [ 84.304404258728027, 28.527964521199465, 2627.6 ], [ 84.30435354821384, 28.528066109865904, 2627.800000000000182 ], [ 84.304320942610502, 28.528157221153378, 2628.0 ], [ 84.304283140227199, 28.528233161196113, 2628.4 ], [ 84.304230669513345, 28.528337515890598, 2628.6 ], [ 84.304216420277953, 28.528369702398777, 2628.6 ], [ 84.304209295660257, 28.528429884463549, 2628.6 ], [ 84.304191526025534, 28.52853843010962, 2628.6 ], [ 84.304174846038222, 28.528647730126977, 2628.6 ], [ 84.304142575711012, 28.528723670169711, 2628.6 ], [ 84.304124806076288, 28.528764992952347, 2628.6 ], [ 84.30411315523088, 28.528818134218454, 2628.6 ], [ 84.304097481071949, 28.528847806155682, 2628.6 ], [ 84.304051380604506, 28.528918884694576, 2627.6 ], [ 84.304048530757427, 28.528927098959684, 2627.199999999999818 ], [ 84.304018523544073, 28.528944449499249, 2627.199999999999818 ], [ 84.30400175973773, 28.528955848887563, 2627.199999999999818 ], [ 84.303927747532725, 28.529054168611765, 2627.199999999999818 ], [ 84.303835211321712, 28.529163971543312, 2627.199999999999818 ], [ 84.303757175803185, 28.529229182749987, 2627.199999999999818 ], [ 84.303727420046926, 28.529268326237801, 2627.4 ], [ 84.303663047030568, 28.529356420040131, 2627.800000000000182 ], [ 84.30362063460052, 28.529423726722602, 2628.4 ], [ 84.303603451699018, 28.529463121667504, 2628.6 ], [ 84.303590627387166, 28.529526656493545, 2629.6 ], [ 84.303575791418552, 28.529583150520921, 2630.4 ], [ 84.303571935743093, 28.529593124985695, 2630.6 ], [ 84.303557770326734, 28.529617097228765, 2631.0 ], [ 84.303507478907704, 28.529655402526259, 2631.6 ], [ 84.303494319319725, 28.529657833278179, 2631.6 ], [ 84.303459115326405, 28.529695300385356, 2632.199999999999818 ], [ 84.303435562178493, 28.5297707375139, 2632.800000000000182 ], [ 84.303406560793519, 28.529822789132595, 2633.199999999999818 ], [ 84.303391221910715, 28.529865788295865, 2633.800000000000182 ], [ 84.303371692076325, 28.529888587072492, 2634.199999999999818 ], [ 84.303342187777162, 28.529922617599368, 2634.800000000000182 ], [ 84.303323831409216, 28.52994323708117, 2635.199999999999818 ], [ 84.303284352645278, 28.52999554015696, 2636.0 ], [ 84.303270857781172, 28.530044993385673, 2636.6 ], [ 84.303263481706381, 28.530075000599027, 2637.0 ], [ 84.303260464221239, 28.530102912336588, 2637.6 ], [ 84.303265912458301, 28.530140211805701, 2638.199999999999818 ], [ 84.303259123116732, 28.530165189877152, 2638.4 ], [ 84.303217381238937, 28.530229814350605, 2639.199999999999818 ], [ 84.303192486986518, 28.530248673632741, 2639.800000000000182 ], [ 84.303143285214901, 28.53029670193791, 2640.4 ], [ 84.303131718188524, 28.530315393581983, 2640.800000000000182 ], [ 84.303121995180845, 28.530343808233734, 2641.4 ], [ 84.303102632984519, 28.530373899266124, 2642.0 ], [ 84.303089557215571, 28.530398206785321, 2642.6 ], [ 84.303098693490028, 28.530446151271462, 2642.800000000000182 ], [ 84.303114283829927, 28.530512871220708, 2643.6 ], [ 84.303123168647289, 28.530530808493495, 2644.0 ], [ 84.303138088434935, 28.530594846233729, 2644.800000000000182 ], [ 84.303137417882681, 28.530655112117529, 2645.800000000000182 ], [ 84.303157702088356, 28.53069375269115, 2646.800000000000182 ], [ 84.303159294649959, 28.530701883137223, 2647.0 ], [ 84.303172454237938, 28.530743205919865, 2648.0 ], [ 84.303174549713731, 28.530758293345571, 2648.199999999999818 ], [ 84.303159629926085, 28.530805148184299, 2649.0 ], [ 84.303157702088356, 28.530814200639725, 2649.199999999999818 ], [ 84.303140603005886, 28.530887207016349, 2649.6 ], [ 84.303131382912397, 28.530906066298485, 2649.6 ], [ 84.303093580529094, 28.530979156494141, 2649.6 ], [ 84.303124342113733, 28.531069681048393, 2649.6 ], [ 84.303139094263315, 28.53112181648612, 2649.6 ], [ 84.303141692653298, 28.53113648481667, 2649.800000000000182 ], [ 84.303138758987188, 28.531211419031024, 2649.800000000000182 ], [ 84.303125599399209, 28.531228182837367, 2649.800000000000182 ], [ 84.303107243031263, 28.531299512833357, 2649.800000000000182 ], [ 84.303145464509726, 28.531360533088449, 2649.800000000000182 ], [ 84.303152840584517, 28.531364724040031, 2649.800000000000182 ], [ 84.303169939666986, 28.531381487846375, 2650.199999999999818 ], [ 84.303185865283012, 28.5314233135432, 2650.4 ], [ 84.303188547492027, 28.531467821449041, 2650.6 ], [ 84.303209753707051, 28.531538061797619, 2651.199999999999818 ], [ 84.303209837526083, 28.531548036262393, 2651.199999999999818 ], [ 84.303217548877001, 28.531618360429999, 2651.199999999999818 ], [ 84.303234647959471, 28.531697569414973, 2651.800000000000182 ], [ 84.303213860839605, 28.531757332384583, 2652.199999999999818 ], [ 84.303210340440273, 28.531774180009961, 2652.4 ], [ 84.303186452016234, 28.531873254105449, 2653.199999999999818 ], [ 84.303186787292361, 28.531886581331491, 2653.199999999999818 ], [ 84.303152840584517, 28.531948355957866, 2653.6 ], [ 84.303131299093366, 28.531986325979233, 2654.4 ], [ 84.303118893876672, 28.532025050371885, 2655.0 ], [ 84.303112775087357, 28.532057739794254, 2655.4 ], [ 84.303104979917407, 28.532084645703435, 2655.800000000000182 ], [ 84.303096849471331, 28.532116832211617, 2656.4 ], [ 84.303089305758476, 28.532151114195585, 2656.800000000000182 ], [ 84.303068267181516, 28.53226569481194, 2657.199999999999818 ], [ 84.303059298545122, 28.532300647348169, 2657.6 ], [ 84.303025770932436, 28.53237072005868, 2658.0 ], [ 84.302978413179517, 28.532418748363853, 2658.6 ], [ 84.302959721535444, 28.532434171065688, 2658.800000000000182 ], [ 84.302920075133443, 28.532499969005585, 2659.4 ], [ 84.302916554734111, 28.532522851601243, 2659.800000000000182 ], [ 84.3029067479074, 28.532600970938802, 2660.4 ], [ 84.302883194759488, 28.532658219337463, 2660.800000000000182 ], [ 84.302874309942126, 28.532673893496391, 2661.0 ], [ 84.302862994372845, 28.532712114974856, 2661.4 ], [ 84.302850170060992, 28.532763160765171, 2661.800000000000182 ], [ 84.302821671590209, 28.532843207940459, 2662.0 ], [ 84.302794598042965, 28.53292484767735, 2662.0 ], [ 84.302786635234952, 28.53299617767334, 2662.0 ], [ 84.302790239453316, 28.53308737277985, 2662.199999999999818 ], [ 84.302783701568842, 28.533184938132763, 2662.4 ], [ 84.302780264988542, 28.533268505707383, 2662.4 ], [ 84.302782863378525, 28.53336313739419, 2662.800000000000182 ], [ 84.302778001874685, 28.533387444913387, 2663.0 ], [ 84.302749084308743, 28.533464977517724, 2663.0 ], [ 84.30272058583796, 28.533556675538421, 2663.199999999999818 ], [ 84.302708096802235, 28.533645272254944, 2663.199999999999818 ], [ 84.302703235298395, 28.533705454319715, 2663.4 ], [ 84.30268001742661, 28.533789357170463, 2663.6 ], [ 84.302661241963506, 28.533888766542077, 2664.199999999999818 ], [ 84.302660571411252, 28.533953977748752, 2664.800000000000182 ], [ 84.302658475935459, 28.533964958041903, 2664.800000000000182 ], [ 84.30265411734581, 28.533987170085311, 2664.800000000000182 ], [ 84.302650010213256, 28.534007035195827, 2665.199999999999818 ], [ 84.302644981071353, 28.53404332883656, 2665.4 ], [ 84.302626037970185, 28.534126644954085, 2666.0 ], [ 84.302620589733124, 28.534157993271947, 2666.199999999999818 ], [ 84.302599718794227, 28.534223958849907, 2666.800000000000182 ], [ 84.302598126232624, 28.534242063760757, 2667.199999999999818 ], [ 84.30257742293179, 28.534331582486629, 2668.0 ], [ 84.302573315799236, 28.534340634942055, 2668.0 ], [ 84.302554288879037, 28.534434763714671, 2668.6 ], [ 84.302541045472026, 28.534527467563748, 2669.0 ], [ 84.302539369091392, 28.53454414755106, 2669.0 ], [ 84.302543308585882, 28.534629391506311, 2669.4 ], [ 84.302513217553496, 28.534737685695291, 2669.4 ], [ 84.302467871457338, 28.534820666536689, 2669.800000000000182 ], [ 84.302460243925452, 28.53485687635839, 2670.199999999999818 ], [ 84.302432248368859, 28.53492233902216, 2671.0 ], [ 84.302425542846322, 28.534947400912639, 2671.199999999999818 ], [ 84.302408779039979, 28.535011941567063, 2672.0 ], [ 84.302407773211598, 28.535037422552705, 2672.4 ], [ 84.302412215620279, 28.535091737285256, 2673.199999999999818 ], [ 84.302415987476707, 28.535124342888594, 2673.4 ], [ 84.302420597523451, 28.535166503861547, 2673.800000000000182 ], [ 84.302421016618609, 28.535177065059543, 2674.0 ], [ 84.302418166771531, 28.535282174125314, 2674.199999999999818 ], [ 84.302414478734136, 28.535367669537663, 2674.4 ], [ 84.302406599745154, 28.535386612638831, 2674.4 ], [ 84.302402408793569, 28.535393234342337, 2674.6 ], [ 84.302389416843653, 28.535473616793752, 2674.6 ], [ 84.302340466529131, 28.535560537129641, 2675.0 ], [ 84.302275590598583, 28.535644356161356, 2675.0 ], [ 84.302210714668036, 28.53573395870626, 2675.0 ], [ 84.302156483754516, 28.535812413319945, 2675.0 ], [ 84.302124548703432, 28.535856334492564, 2675.0 ], [ 84.302107281982899, 28.535898746922612, 2675.0 ], [ 84.302091859281063, 28.53594065643847, 2675.0 ], [ 84.302065959200263, 28.536002263426781, 2675.0 ], [ 84.302022038027644, 28.536105863749981, 2675.0 ], [ 84.301993371918797, 28.536174260079861, 2674.6 ], [ 84.301908295601606, 28.53626218624413, 2674.0 ], [ 84.301869655027986, 28.536295462399721, 2673.4 ], [ 84.30184350349009, 28.536327900364995, 2673.199999999999818 ], [ 84.301810897886753, 28.536422783508897, 2673.199999999999818 ], [ 84.30175063200295, 28.536507356911898, 2672.6 ], [ 84.301701430231333, 28.536562258377671, 2672.4 ], [ 84.301679050549865, 28.536597965285186, 2672.199999999999818 ], [ 84.301650719717145, 28.536674408242103, 2672.0 ], [ 84.301620712503791, 28.536744061857465, 2672.0 ], [ 84.301590621471405, 28.536841459572315, 2671.6 ], [ 84.301559692248702, 28.536926452070475, 2671.6 ], [ 84.301544269546866, 28.536960398778319, 2671.6 ], [ 84.301526416093111, 28.537028878927231, 2671.4 ], [ 84.301518704742193, 28.537061233073473, 2671.199999999999818 ], [ 84.301472855731845, 28.537186123430729, 2670.800000000000182 ], [ 84.301439998671412, 28.537266673520207, 2670.4 ], [ 84.301434298977256, 28.537289556115866, 2670.199999999999818 ], [ 84.301396077498794, 28.537380583584309, 2670.199999999999818 ], [ 84.30136707611382, 28.537476221099496, 2670.199999999999818 ], [ 84.30136363953352, 28.537485189735889, 2670.199999999999818 ], [ 84.301360202953219, 28.53753455914557, 2670.199999999999818 ], [ 84.301359113305807, 28.537586443126202, 2670.199999999999818 ], [ 84.301337655633688, 28.53767822496593, 2670.4 ], [ 84.301337404176593, 28.537691468372941, 2670.4 ], [ 84.301353078335524, 28.537731366232041, 2670.6 ], [ 84.30136070586741, 28.537727929651737, 2670.800000000000182 ], [ 84.301361627876759, 28.537725834175944, 2671.0 ], [ 84.301361627876759, 28.537725834175944, 2671.199999999999818 ], [ 84.301350731402636, 28.537723235785961, 2671.199999999999818 ], [ 84.301302535459399, 28.537773611024026, 2671.4 ], [ 84.301241850480437, 28.537836894392967, 2671.4 ], [ 84.301166497170925, 28.537887437269092, 2671.4 ], [ 84.301094664260745, 28.537918701767921, 2671.4 ], [ 84.301002714782953, 28.537976117804646, 2671.800000000000182 ], [ 84.300968181341887, 28.538031186908484, 2672.4 ], [ 84.300957703962922, 28.538054153323177, 2672.6 ], [ 84.300912693142891, 28.538137217983603, 2673.4 ], [ 84.300905987620354, 28.538144761696454, 2673.4 ], [ 84.300899198278785, 28.53815171867609, 2673.6 ], [ 84.300842620432377, 28.538230508565903, 2674.4 ], [ 84.300829963758588, 28.538251295685768, 2674.6 ], [ 84.300779337063432, 28.538312315940857, 2674.6 ], [ 84.300723345950246, 28.538395799696445, 2675.0 ], [ 84.300672970712185, 28.538474254310131, 2675.199999999999818 ], [ 84.300648495554924, 28.538511553779244, 2675.6 ], [ 84.300612201914191, 28.538553128018975, 2676.199999999999818 ], [ 84.300547577440739, 28.538612639531493, 2676.4 ], [ 84.300541207194328, 28.538618590682745, 2676.6 ], [ 84.300471302121878, 28.538690926507115, 2676.6 ], [ 84.300422854721546, 28.538796789944172, 2676.800000000000182 ], [ 84.300366193056107, 28.538890415802602, 2676.800000000000182 ], [ 84.300298467278481, 28.538966858759519, 2677.0 ], [ 84.300216324627399, 28.539018156006932, 2677.199999999999818 ], [ 84.300155388191342, 28.539068782702088, 2677.800000000000182 ], [ 84.300135942175984, 28.539086049422622, 2677.800000000000182 ], [ 84.300088249146938, 28.539120415225625, 2678.800000000000182 ], [ 84.3000453338027, 28.539144806563858, 2679.4 ], [ 84.300008369609714, 28.539158804342151, 2680.0 ], [ 84.299968052655458, 28.539186464622617, 2680.4 ], [ 84.299923628568649, 28.539232229813933, 2681.0 ], [ 84.299905523657799, 28.539255866780877, 2681.4 ], [ 84.299869062379003, 28.539337087422609, 2682.199999999999818 ], [ 84.299816256389022, 28.539407663047314, 2682.800000000000182 ], [ 84.299761354923248, 28.539453763514757, 2683.0 ], [ 84.299736879765987, 28.539483016356822, 2683.4 ], [ 84.299679547548294, 28.539544874802232, 2684.0 ], [ 84.299671333283186, 28.539567003026605, 2684.4 ], [ 84.299655072391033, 28.539619976654649, 2685.4 ], [ 84.299651216715574, 28.539627688005567, 2685.6 ], [ 84.299637135118246, 28.539665825664997, 2686.4 ], [ 84.299621041864157, 28.539697090163827, 2687.199999999999818 ], [ 84.29961291141808, 28.539713099598885, 2687.6 ], [ 84.299594135954976, 28.539767079055309, 2688.6 ], [ 84.299568068236113, 28.539817286655307, 2689.800000000000182 ], [ 84.299541749060154, 28.539863806217909, 2691.0 ], [ 84.299515429884195, 28.539909068495035, 2692.0 ], [ 84.299511825665832, 28.539930693805218, 2692.199999999999818 ], [ 84.299507047981024, 28.539980901405215, 2693.0 ], [ 84.299504114314914, 28.540002526715401, 2693.4 ], [ 84.299491457641125, 28.540028594434261, 2694.0 ], [ 84.299478214234114, 28.540057763457298, 2694.4 ], [ 84.299458181485534, 28.540085842832923, 2695.199999999999818 ], [ 84.299443513154984, 28.540097996592522, 2695.6 ], [ 84.299406297504902, 28.540120963007212, 2696.199999999999818 ], [ 84.299367237836123, 28.540146527811885, 2697.0 ], [ 84.299342762678862, 28.540168907493353, 2697.4 ], [ 84.299341840669513, 28.540180306881663, 2697.800000000000182 ], [ 84.29934804327786, 28.540183492004871, 2697.800000000000182 ], [ 84.299315940588713, 28.540219450369477, 2698.0 ], [ 84.299292974174023, 28.540237555280328, 2698.4 ], [ 84.299272354692221, 28.540243422612548, 2698.800000000000182 ], [ 84.299230361357331, 28.540266724303365, 2699.6 ], [ 84.299212004989386, 28.540277117863297, 2699.800000000000182 ], [ 84.299184093251824, 28.540296563878655, 2700.4 ], [ 84.299152744933963, 28.54033294133842, 2701.4 ], [ 84.299138579517603, 28.540345262736079, 2701.800000000000182 ], [ 84.299106560647488, 28.54037007316947, 2702.4 ], [ 84.29909298196435, 28.540382394567132, 2702.800000000000182 ], [ 84.299039840698242, 28.540421789512038, 2703.800000000000182 ], [ 84.299004217609763, 28.54046311229467, 2705.0 ], [ 84.298993991687894, 28.540477529168129, 2705.4 ], [ 84.298961469903588, 28.540506865829229, 2706.199999999999818 ], [ 84.298956105485559, 28.540515331551433, 2706.4 ], [ 84.298937581479549, 28.540556821972132, 2707.199999999999818 ], [ 84.298934815451503, 28.540572077035904, 2707.4 ], [ 84.298930373042822, 28.540619183331728, 2708.4 ], [ 84.298924170434475, 28.540642149746414, 2708.6 ], [ 84.298899192363024, 28.540703170001507, 2709.199999999999818 ], [ 84.298867844045162, 28.540751533582807, 2710.199999999999818 ], [ 84.298862814903259, 28.540757736191154, 2710.199999999999818 ], [ 84.298857869580388, 28.540762094780803, 2710.6 ], [ 84.298798441886902, 28.54082009755075, 2711.4 ], [ 84.298729626461864, 28.540877932682633, 2712.199999999999818 ], [ 84.298719987273216, 28.540894612669945, 2712.4 ], [ 84.298720574006438, 28.540925206616521, 2712.800000000000182 ], [ 84.298759549856186, 28.540912885218859, 2713.199999999999818 ], [ 84.298789389431477, 28.540936354547739, 2713.4 ], [ 84.298788970336318, 28.540935851633549, 2713.4 ], [ 84.298785198479891, 28.540919423103333, 2713.4 ], [ 84.298768686130643, 28.540900144726042, 2713.800000000000182 ], [ 84.298722585663199, 28.540905760601163, 2714.4 ], [ 84.298715377226472, 28.540906514972448, 2714.6 ], [ 84.298618733882904, 28.540929816663265, 2715.6 ], [ 84.298524605110288, 28.54096845723689, 2716.800000000000182 ], [ 84.298438774421811, 28.540990753099319, 2717.6 ], [ 84.298397284001112, 28.540998799726367, 2717.6 ], [ 84.298341795802116, 28.541017323732376, 2718.4 ], [ 84.298306507989764, 28.541039787232876, 2719.0 ], [ 84.29827893152833, 28.54106929153204, 2719.4 ], [ 84.298232579603791, 28.541111368685961, 2719.800000000000182 ], [ 84.298218246549368, 28.541122348979115, 2720.4 ], [ 84.298181533813477, 28.541146907955408, 2721.0 ], [ 84.29815387353301, 28.541166940703988, 2721.6 ], [ 84.298119926825166, 28.541184375062585, 2722.0 ], [ 84.298095535486937, 28.541190661489964, 2722.6 ], [ 84.298051530495286, 28.541231481358409, 2723.199999999999818 ], [ 84.298044238239527, 28.541252436116338, 2723.199999999999818 ], [ 84.29800970479846, 28.541321670636535, 2723.800000000000182 ], [ 84.297996209934354, 28.5413390211761, 2724.199999999999818 ], [ 84.297961005941033, 28.541380846872929, 2725.4 ], [ 84.297896800562739, 28.541420409455895, 2726.199999999999818 ], [ 84.29788313806057, 28.541426695883271, 2726.6 ], [ 84.297821028158069, 28.541457708925009, 2727.0 ], [ 84.297757828608155, 28.541483944281936, 2727.4 ], [ 84.297705357894301, 28.541510012000799, 2727.6 ], [ 84.2976139113307, 28.541602715849876, 2728.199999999999818 ], [ 84.297591699287295, 28.541622161865231, 2728.4 ], [ 84.297512657940388, 28.541685529053211, 2729.6 ], [ 84.297524141147733, 28.541703382506967, 2729.6 ], [ 84.297492792829871, 28.541709668934345, 2729.6 ], [ 84.297462617978454, 28.541724672541022, 2729.6 ], [ 84.29737594909966, 28.541776053607464, 2729.6 ], [ 84.29735247977078, 28.541788961738348, 2729.6 ], [ 84.297255920246243, 28.541836906224489, 2728.4 ], [ 84.29718148894608, 28.541882671415809, 2727.4 ], [ 84.297173358500004, 28.541889041662216, 2727.4 ], [ 84.297126084566116, 28.541931957006454, 2726.199999999999818 ], [ 84.297104878351092, 28.541949475184083, 2726.0 ], [ 84.297064058482647, 28.541981913149357, 2725.4 ], [ 84.297024663537741, 28.542002113536, 2724.800000000000182 ], [ 84.297000356018543, 28.54201217181981, 2724.199999999999818 ], [ 84.296932127326727, 28.54204871691763, 2723.199999999999818 ], [ 84.296896336600184, 28.542077383026481, 2722.6 ], [ 84.296827521175146, 28.54212180711329, 2722.0 ], [ 84.296770105138421, 28.542166566476222, 2721.800000000000182 ], [ 84.296724675223231, 28.542202273383737, 2721.0 ], [ 84.296686872839928, 28.542222306132317, 2720.800000000000182 ], [ 84.296651417389512, 28.54225030168891, 2720.800000000000182 ], [ 84.296583440154791, 28.542297575622797, 2720.0 ], [ 84.296546224504709, 28.542329259216785, 2719.800000000000182 ], [ 84.296494843438268, 28.542370498180389, 2719.0 ], [ 84.296484030783176, 28.542375694960356, 2718.4 ], [ 84.296477409079671, 28.542378460988399, 2718.4 ], [ 84.296455280855298, 28.542399331927299, 2717.800000000000182 ], [ 84.296430386602879, 28.542416095733643, 2717.6 ], [ 84.296358805149794, 28.542440151795745, 2717.0 ], [ 84.296328127384186, 28.542444007471204, 2716.800000000000182 ], [ 84.296229472383857, 28.54247803799808, 2715.800000000000182 ], [ 84.29611237719655, 28.542510895058513, 2714.6 ], [ 84.296039873734117, 28.542529251426458, 2714.0 ], [ 84.295995114371181, 28.542544087395072, 2713.800000000000182 ], [ 84.295984636992216, 28.542546685785055, 2713.800000000000182 ], [ 84.295887658372521, 28.54256303049624, 2712.800000000000182 ], [ 84.295876678079367, 28.542563114315271, 2712.6 ], [ 84.295763522386551, 28.542596222832799, 2711.800000000000182 ], [ 84.295644331723452, 28.542638216167688, 2710.800000000000182 ], [ 84.295636620372534, 28.542640563100576, 2710.6 ], [ 84.295542491599917, 28.542695045471191, 2709.800000000000182 ], [ 84.295504102483392, 28.542714240029454, 2709.6 ], [ 84.295440651476383, 28.54273066855967, 2708.6 ], [ 84.295414499938488, 28.542739050462838, 2708.6 ], [ 84.295351468026638, 28.542759753763676, 2707.4 ], [ 84.295313498005271, 28.542777020484209, 2707.0 ], [ 84.29527829401195, 28.54279269464314, 2706.4 ], [ 84.295223476365209, 28.542822618037462, 2705.4 ], [ 84.295209981501102, 28.542831502854824, 2705.0 ], [ 84.295159270986915, 28.542866371572018, 2704.199999999999818 ], [ 84.295131945982575, 28.542878022417423, 2703.6 ], [ 84.295110236853361, 28.542887242510915, 2703.199999999999818 ], [ 84.295046366751194, 28.542897636070848, 2702.199999999999818 ], [ 84.29503153078258, 28.542900485917929, 2702.0 ], [ 84.294960116967559, 28.542916914448146, 2700.800000000000182 ], [ 84.294876800850034, 28.542944239452481, 2699.800000000000182 ], [ 84.29485366679728, 28.542950693517923, 2699.4 ], [ 84.29480723105371, 28.542963098734617, 2698.800000000000182 ], [ 84.294722406193614, 28.542985813692212, 2697.6 ], [ 84.294711844995618, 28.54298866353929, 2697.4 ], [ 84.294643197208643, 28.54299595579505, 2696.6 ], [ 84.294581925496459, 28.543002577498555, 2695.6 ], [ 84.294512523338199, 28.542994866147637, 2694.4 ], [ 84.294418226927519, 28.542969804257151, 2693.4 ], [ 84.294369863346219, 28.542955722659823, 2692.6 ], [ 84.294313369318843, 28.542932420969009, 2692.4 ], [ 84.29426483809948, 28.542918423190713, 2691.4 ], [ 84.294227203354239, 28.542914316058159, 2691.199999999999818 ], [ 84.29412703961134, 28.542902832850817, 2690.6 ], [ 84.294089740142226, 28.54290165938437, 2690.199999999999818 ], [ 84.294017152860761, 28.542892104014751, 2689.4 ], [ 84.293991755694151, 28.542888667434458, 2688.800000000000182 ], [ 84.293891340494156, 28.542902916669849, 2688.4 ], [ 84.293844569474459, 28.542921524494886, 2688.0 ], [ 84.293787656351924, 28.542941976338625, 2688.0 ], [ 84.293655473738909, 28.542988076806068, 2688.0 ], [ 84.293525135144591, 28.543017916381359, 2688.0 ], [ 84.293412147089839, 28.543044067919254, 2688.0 ], [ 84.293379792943597, 28.543062675744295, 2688.0 ], [ 84.29336822591722, 28.543069632723927, 2688.0 ], [ 84.293354395776987, 28.543072398751978, 2688.0 ], [ 84.29334232583642, 28.543074829503897, 2688.0 ], [ 84.293321119621396, 28.543084133416414, 2688.199999999999818 ], [ 84.293218357488513, 28.54312252253294, 2688.800000000000182 ], [ 84.293210646137595, 28.543126462027431, 2689.199999999999818 ], [ 84.293179381638765, 28.54312889277935, 2689.6 ], [ 84.293133784085512, 28.543137526139617, 2690.0 ], [ 84.293122803792357, 28.543138448148969, 2690.199999999999818 ], [ 84.293079469352961, 28.543162252753973, 2690.6 ], [ 84.293048707768321, 28.543174657970667, 2690.800000000000182 ], [ 84.292995063588023, 28.543173316866159, 2691.199999999999818 ], [ 84.292960530146956, 28.543172143399715, 2691.4 ], [ 84.292843770235777, 28.543187482282519, 2692.199999999999818 ], [ 84.292828850448132, 28.543191170319915, 2692.4 ], [ 84.29276967421174, 28.543210448697209, 2693.0 ], [ 84.292762046679854, 28.543212125077844, 2693.199999999999818 ], [ 84.292751401662827, 28.543212460353971, 2693.199999999999818 ], [ 84.292731201276183, 28.543214807286859, 2693.4 ], [ 84.292635479941964, 28.54321975260973, 2694.199999999999818 ], [ 84.292603880167007, 28.543219165876508, 2694.4 ], [ 84.29250773973763, 28.543201731517911, 2695.199999999999818 ], [ 84.292487874627113, 28.543198378756639, 2695.4 ], [ 84.292409000918269, 28.543184632435441, 2695.800000000000182 ], [ 84.292296012863517, 28.543163677677512, 2696.6 ], [ 84.292204901576042, 28.543142303824425, 2697.199999999999818 ], [ 84.292143629863858, 28.543130652979016, 2697.6 ], [ 84.292094763368368, 28.543120343238115, 2697.800000000000182 ], [ 84.292079927399755, 28.543119672685862, 2698.0 ], [ 84.291976746171713, 28.543114140629768, 2698.6 ], [ 84.291864009574056, 28.543114895001057, 2699.4 ], [ 84.29182318970561, 28.543111961334944, 2699.800000000000182 ], [ 84.291753871366382, 28.543099472299215, 2700.4 ], [ 84.29172202013433, 28.543098382651809, 2700.800000000000182 ], [ 84.291668040677905, 28.543102657422423, 2701.4 ], [ 84.291643816977739, 28.543103160336617, 2701.800000000000182 ], [ 84.29160819388926, 28.543082289397717, 2702.4 ], [ 84.291609283536673, 28.54307608678937, 2702.4 ], [ 84.291596375405788, 28.543074242770672, 2702.4 ], [ 84.291599811986089, 28.543074745684866, 2702.4 ], [ 84.291592352092266, 28.543087737634774, 2702.4 ], [ 84.29157592356205, 28.543094359338284, 2702.4 ], [ 84.291589334607124, 28.54309712536633, 2702.4 ], [ 84.291581539437175, 28.543099807575345, 2702.4 ], [ 84.291563685983419, 28.543105255812407, 2702.4 ], [ 84.291560081765056, 28.543109111487865, 2702.4 ], [ 84.291559411212802, 28.543118080124259, 2702.4 ], [ 84.291574331000447, 28.543131658807397, 2702.4 ], [ 84.291588328778744, 28.543126881122589, 2702.800000000000182 ], [ 84.29158765822649, 28.543113134801388, 2702.800000000000182 ], [ 84.291584473103285, 28.543106932193041, 2702.800000000000182 ], [ 84.29158128798008, 28.543096957728267, 2702.800000000000182 ], [ 84.29157248698175, 28.543082037940621, 2702.800000000000182 ], [ 84.291582629084587, 28.543097041547298, 2702.4 ], [ 84.291556645184755, 28.543082708492875, 2702.4 ], [ 84.291555555537343, 28.543081870302561, 2702.4 ], [ 84.291555806994438, 28.543082708492875, 2702.4 ], [ 84.291565278545022, 28.543085977435112, 2702.4 ], [ 84.291569385677576, 28.543086983263493, 2702.4 ], [ 84.29157399572432, 28.543079607188702, 2702.4 ], [ 84.291595285758376, 28.543078601360321, 2702.4 ], [ 84.291593777015805, 28.543081451207399, 2702.800000000000182 ], [ 84.291587490588427, 28.543108524754643, 2702.800000000000182 ], [ 84.291568882763386, 28.543126042932272, 2702.800000000000182 ], [ 84.291578605771065, 28.543102154508233, 2702.800000000000182 ], [ 84.291580449789762, 28.543096287176013, 2702.800000000000182 ], [ 84.291568882763386, 28.543094359338284, 2703.199999999999818 ], [ 84.291566452011466, 28.54309318587184, 2703.199999999999818 ], [ 84.291562596336007, 28.543096706271172, 2703.199999999999818 ], [ 84.291570726782084, 28.54308782145381, 2703.199999999999818 ], [ 84.291572403162718, 28.54309318587184, 2703.4 ], [ 84.291581204161048, 28.543113553896543, 2703.4 ], [ 84.29158229380846, 28.54312352836132, 2703.4 ], [ 84.291587742045522, 28.543131910264492, 2703.4 ], [ 84.291563937440515, 28.543106261640787, 2703.4 ], [ 84.291571145877242, 28.543114392086864, 2703.4 ], [ 84.291573157534003, 28.543126294389367, 2703.6 ], [ 84.29157106205821, 28.543088408187032, 2703.6 ], [ 84.291582712903619, 28.543074410408735, 2703.6 ], [ 84.291574414819479, 28.543104082345963, 2703.6 ], [ 84.291562680155039, 28.543092766776681, 2703.800000000000182 ], [ 84.291565530002117, 28.543096790090203, 2703.800000000000182 ], [ 84.291565110906959, 28.543111458420753, 2703.800000000000182 ], [ 84.291571481153369, 28.543102322146297, 2703.800000000000182 ], [ 84.291574247181416, 28.54310198687017, 2703.800000000000182 ], [ 84.29157642647624, 28.543103160336617, 2703.800000000000182 ], [ 84.291577432304621, 28.543100729584697, 2703.800000000000182 ], [ 84.29157642647624, 28.543103914707899, 2703.800000000000182 ], [ 84.291566032916307, 28.543096873909235, 2703.800000000000182 ], [ 84.291554298251867, 28.543071392923594, 2703.800000000000182 ], [ 84.291568547487259, 28.543090922757983, 2703.800000000000182 ], [ 84.291564775630832, 28.54308589361608, 2703.800000000000182 ], [ 84.29156175814569, 28.543086396530271, 2703.800000000000182 ], [ 84.291560333222151, 28.543083965778351, 2703.800000000000182 ], [ 84.291568463668227, 28.543080193921924, 2703.800000000000182 ], [ 84.291555974632502, 28.543083295226097, 2703.800000000000182 ], [ 84.291562093421817, 28.543085642158985, 2703.800000000000182 ], [ 84.291564524173737, 28.543087653815743, 2703.800000000000182 ], [ 84.291603751480579, 28.543095868080854, 2703.800000000000182 ], [ 84.291568798944354, 28.543121684342623, 2703.800000000000182 ], [ 84.291467545554042, 28.543139705434442, 2703.800000000000182 ], [ 84.291382636874914, 28.543131742626429, 2704.800000000000182 ], [ 84.291362352669239, 28.543133838102221, 2704.800000000000182 ], [ 84.291365202516317, 28.543153032660484, 2704.800000000000182 ], [ 84.291364951059222, 28.543158397078511, 2704.800000000000182 ], [ 84.291344834491611, 28.543181698769331, 2704.800000000000182 ], [ 84.291356485337019, 28.543170634657145, 2705.0 ], [ 84.291362268850207, 28.543174574151635, 2705.4 ], [ 84.291345002129674, 28.543155882507563, 2705.4 ], [ 84.291336536407471, 28.543154206126928, 2705.4 ], [ 84.291301667690277, 28.54315185919404, 2705.800000000000182 ], [ 84.291242994368076, 28.543148171156645, 2706.199999999999818 ], [ 84.291204018518329, 28.543156050145623, 2706.4 ], [ 84.291159342974424, 28.543167114257812, 2707.199999999999818 ], [ 84.291101591661572, 28.543179938569665, 2707.4 ], [ 84.291030932217836, 28.543192343786359, 2708.199999999999818 ], [ 84.291027411818504, 28.543192092329264, 2708.199999999999818 ], [ 84.290937809273601, 28.54319142177701, 2709.199999999999818 ], [ 84.290928086265922, 28.543189913034439, 2709.199999999999818 ], [ 84.290858684107661, 28.543189745396376, 2709.800000000000182 ], [ 84.290817780420184, 28.543179519474503, 2709.800000000000182 ], [ 84.290774194523692, 28.54316066019237, 2710.199999999999818 ], [ 84.290728596970439, 28.54314255528152, 2710.199999999999818 ], [ 84.290649052709341, 28.543122941628098, 2710.199999999999818 ], [ 84.290635725483298, 28.543114475905895, 2710.199999999999818 ], [ 84.290634049102664, 28.543110368773341, 2710.199999999999818 ], [ 84.290594151243567, 28.543097795918584, 2710.199999999999818 ], [ 84.290489628911018, 28.543063765391707, 2710.199999999999818 ], [ 84.290431123226881, 28.543040379881859, 2710.199999999999818 ], [ 84.290385106578469, 28.543025040999055, 2710.199999999999818 ], [ 84.290275471284986, 28.542985646054149, 2709.800000000000182 ], [ 84.290197771042585, 28.542969552800059, 2709.199999999999818 ], [ 84.290188299492002, 28.542965613305569, 2709.199999999999818 ], [ 84.290090231224895, 28.542912472039461, 2708.6 ], [ 84.290058631449938, 28.542897468432784, 2708.199999999999818 ], [ 84.29000205360353, 28.542871652171016, 2707.4 ], [ 84.28998252376914, 28.542855391278863, 2707.199999999999818 ], [ 84.289930975064635, 28.542802417650819, 2706.0 ], [ 84.28987942636013, 28.542762100696564, 2704.800000000000182 ], [ 84.289819914847612, 28.542732344940305, 2704.199999999999818 ], [ 84.289787141606212, 28.542717089876533, 2703.800000000000182 ], [ 84.289718829095364, 28.542697057127953, 2702.4 ], [ 84.289707681164145, 28.542692447081208, 2702.4 ], [ 84.289670465514064, 28.542663361877203, 2701.6 ], [ 84.28966099396348, 28.542645005509257, 2701.0 ], [ 84.289647666737437, 28.542626230046153, 2700.4 ], [ 84.289623191580176, 28.54258356615901, 2699.4 ], [ 84.289619168266654, 28.542575435712937, 2699.199999999999818 ], [ 84.289591507986188, 28.542535370215777, 2698.199999999999818 ], [ 84.289543395861983, 28.542503518983722, 2697.0 ], [ 84.289519004523754, 28.542489185929298, 2696.4 ], [ 84.289484135806561, 28.542463621124625, 2695.800000000000182 ], [ 84.289409033954144, 28.542429087683558, 2695.0 ], [ 84.289398472756147, 28.542421376332641, 2694.6 ], [ 84.289319347590208, 28.54237393476069, 2693.800000000000182 ], [ 84.289310965687037, 28.542369157075878, 2693.6 ], [ 84.289227733388543, 28.542329594492912, 2693.0 ], [ 84.289195127785206, 28.54230436496437, 2692.6 ], [ 84.289121450856328, 28.542250636965036, 2692.199999999999818 ], [ 84.28909127600491, 28.54221660643816, 2692.199999999999818 ], [ 84.28904727101326, 28.542167153209448, 2692.199999999999818 ], [ 84.288965296000242, 28.542061457410455, 2692.199999999999818 ], [ 84.288874687626958, 28.541972441598773, 2692.199999999999818 ], [ 84.288833197206259, 28.541908236220479, 2692.199999999999818 ], [ 84.288798412308097, 28.541876217350364, 2692.6 ], [ 84.288755496963859, 28.541854005306959, 2693.4 ], [ 84.288731273263693, 28.541843611747023, 2693.800000000000182 ], [ 84.288654159754515, 28.541822908446193, 2694.6 ], [ 84.288594061508775, 28.541796589270231, 2695.199999999999818 ], [ 84.288548631593585, 28.541767420247197, 2695.199999999999818 ], [ 84.288475206121802, 28.541722241789103, 2695.199999999999818 ], [ 84.288463303819299, 28.541709249839187, 2695.199999999999818 ], [ 84.288470009341836, 28.541628196835521, 2695.199999999999818 ], [ 84.288453245535493, 28.541524847969413, 2695.199999999999818 ], [ 84.288396248593926, 28.541458463296298, 2695.199999999999818 ], [ 84.288328355178237, 28.541388725861907, 2694.4 ], [ 84.288245374336839, 28.541346145793796, 2693.800000000000182 ], [ 84.288214864209294, 28.541338266804814, 2693.6 ], [ 84.288106570020318, 28.54131898842752, 2693.0 ], [ 84.288026690483093, 28.541307421401143, 2692.6 ], [ 84.28797472268343, 28.541297530755401, 2692.4 ], [ 84.287856789305806, 28.541254363954067, 2692.0 ], [ 84.287781268358231, 28.541229888796806, 2691.4 ], [ 84.287769366055727, 28.54122469201684, 2691.4 ], [ 84.287676410749555, 28.541199127212167, 2690.4 ], [ 84.287651851773262, 28.541192002594471, 2690.199999999999818 ], [ 84.287588400766253, 28.541179429739714, 2689.199999999999818 ], [ 84.287541629746556, 28.541200971230865, 2688.4 ], [ 84.287533834576607, 28.541205916553736, 2688.0 ], [ 84.28751933388412, 28.541217232123017, 2688.0 ], [ 84.287485554814339, 28.541276827454567, 2688.0 ], [ 84.287490416318178, 28.541290406137705, 2688.0 ], [ 84.287503575906157, 28.541346816346049, 2688.0 ], [ 84.287511873990297, 28.541413703933362, 2688.0 ], [ 84.287500139325857, 28.541530296206471, 2688.199999999999818 ], [ 84.287495613098145, 28.541555190458897, 2688.4 ], [ 84.287504581734538, 28.541559968143702, 2688.4 ], [ 84.287492763251066, 28.541576061397791, 2688.4 ], [ 84.287501145154238, 28.541658287867904, 2688.6 ], [ 84.287543809041381, 28.541699443012476, 2689.199999999999818 ], [ 84.287561578676105, 28.541720984503627, 2689.6 ], [ 84.287601727992296, 28.541767168790106, 2690.199999999999818 ], [ 84.287640284746885, 28.541830200701952, 2690.800000000000182 ], [ 84.287655288353562, 28.54185308329761, 2691.0 ], [ 84.287665849551558, 28.541894489899281, 2691.199999999999818 ], [ 84.287673560902476, 28.541923491284251, 2691.4 ], [ 84.287673225626349, 28.541986690834165, 2692.199999999999818 ], [ 84.287674482911825, 28.541998509317636, 2692.199999999999818 ], [ 84.287655958905816, 28.542061876505613, 2693.199999999999818 ], [ 84.287649923935533, 28.542128931730986, 2693.6 ], [ 84.287647074088454, 28.542167069390416, 2694.199999999999818 ], [ 84.287648582831025, 28.542172601446509, 2694.4 ], [ 84.287644056603312, 28.542243344709277, 2695.0 ], [ 84.287643888965249, 28.54226890951395, 2695.4 ], [ 84.287647409364581, 28.542309813201427, 2695.800000000000182 ], [ 84.287661490961909, 28.542364630848169, 2696.4 ], [ 84.287665514275432, 28.542394386604428, 2696.6 ], [ 84.287665849551558, 28.542445013299584, 2697.4 ], [ 84.287668783217669, 28.542464794591069, 2697.6 ], [ 84.28767180070281, 28.542517684400082, 2698.6 ], [ 84.287670962512493, 28.542580800130963, 2699.6 ], [ 84.28766056895256, 28.542646849527955, 2700.4 ], [ 84.287655958905816, 28.542720274999738, 2701.4 ], [ 84.287655539810658, 28.542729075998068, 2701.6 ], [ 84.287655875086784, 28.542767381295558, 2702.4 ], [ 84.287653947249055, 28.542777020484209, 2702.800000000000182 ], [ 84.287656713277102, 28.542848937213421, 2703.800000000000182 ], [ 84.287673644721508, 28.542934767901897, 2704.6 ], [ 84.287678757682443, 28.542949184775352, 2704.800000000000182 ], [ 84.287692671641707, 28.54301162995398, 2705.4 ], [ 84.287700466811657, 28.543039374053478, 2705.800000000000182 ], [ 84.287709519267082, 28.543091006577015, 2706.4 ], [ 84.28771186619997, 28.543119421228766, 2707.0 ], [ 84.287718236446381, 28.54319091886282, 2707.4 ], [ 84.287741035223007, 28.543273480609059, 2708.0 ], [ 84.287755452096462, 28.543353611603379, 2708.6 ], [ 84.287762409076095, 28.543384205549955, 2709.199999999999818 ], [ 84.28777146153152, 28.543440196663141, 2709.6 ], [ 84.287803899496794, 28.543541198596358, 2709.6 ], [ 84.287817226722836, 28.543629208579659, 2709.6 ], [ 84.287819992750883, 28.543736496940255, 2709.6 ], [ 84.287819657474756, 28.543810844421387, 2709.6 ], [ 84.287818064913154, 28.543905727565289, 2709.6 ], [ 84.287837008014321, 28.544020475819707, 2709.199999999999818 ], [ 84.287848742678761, 28.544067917391654, 2709.199999999999818 ], [ 84.28785745985806, 28.544087531045079, 2709.0 ], [ 84.287888808175921, 28.544185599312183, 2708.6 ], [ 84.287900626659393, 28.544249385595322, 2708.6 ], [ 84.287933818995953, 28.544315183535218, 2708.4 ], [ 84.287934154272079, 28.544314261525869, 2708.4 ], [ 84.287923593074083, 28.544279895722863, 2708.4 ], [ 84.287923760712147, 28.544330103322864, 2708.4 ], [ 84.287920240312815, 28.544359356164932, 2708.199999999999818 ], [ 84.28792292252183, 28.544436302036047, 2707.4 ], [ 84.287939434871078, 28.54449430480599, 2707.0 ], [ 84.287963407114148, 28.544542165473104, 2706.199999999999818 ], [ 84.287975979968905, 28.54456270113587, 2706.0 ], [ 84.288012944161892, 28.544622380286455, 2704.800000000000182 ], [ 84.288054602220654, 28.544695470482111, 2703.800000000000182 ], [ 84.288086453452706, 28.544720867648721, 2703.199999999999818 ], [ 84.288098020479083, 28.544746767729521, 2702.800000000000182 ], [ 84.288103552535176, 28.544755904003978, 2702.4 ], [ 84.288159627467394, 28.54482639580965, 2701.4 ], [ 84.288165494799614, 28.544835783541203, 2701.199999999999818 ], [ 84.288191730156541, 28.54489479213953, 2700.4 ], [ 84.288194328546524, 28.544920608401299, 2700.199999999999818 ], [ 84.288208493962884, 28.54501498863101, 2699.4 ], [ 84.288264820352197, 28.54506142437458, 2698.800000000000182 ], [ 84.288319973275065, 28.545096209272742, 2698.800000000000182 ], [ 84.288362385705113, 28.545107189565897, 2698.6 ], [ 84.288472775369883, 28.545151194557548, 2698.4 ], [ 84.288558689877391, 28.545202659443021, 2698.0 ], [ 84.288675282150507, 28.545254124328498, 2697.800000000000182 ], [ 84.288795730099082, 28.545312797650695, 2697.6 ], [ 84.288865886628628, 28.545352024957538, 2697.199999999999818 ], [ 84.288903102278709, 28.545371051877737, 2697.199999999999818 ], [ 84.288964290171862, 28.545435341075063, 2696.6 ], [ 84.288981221616268, 28.545466689392924, 2696.199999999999818 ], [ 84.289010725915432, 28.545518908649683, 2695.199999999999818 ], [ 84.289022795855999, 28.545540198683739, 2695.0 ], [ 84.289048612117767, 28.54559451341629, 2694.4 ], [ 84.289055317640305, 28.545612366870049, 2694.199999999999818 ], [ 84.289063699543476, 28.545631980523467, 2694.0 ], [ 84.289078451693058, 28.545684535056353, 2693.0 ], [ 84.2890814691782, 28.545693252235651, 2692.6 ], [ 84.289099238812923, 28.545714458450675, 2692.199999999999818 ], [ 84.289098735898733, 28.545714458450675, 2692.199999999999818 ], [ 84.289103848859668, 28.545733988285065, 2691.800000000000182 ], [ 84.289110135287046, 28.545749075710773, 2691.4 ], [ 84.289114493876696, 28.545761313289404, 2691.0 ], [ 84.289116924628615, 28.545777658000588, 2690.800000000000182 ], [ 84.289133939892054, 28.545828033238649, 2689.6 ], [ 84.289137963205576, 28.545839097350836, 2689.199999999999818 ], [ 84.289149781689048, 28.545868014916778, 2688.199999999999818 ], [ 84.289165372028947, 28.545914283022285, 2687.199999999999818 ], [ 84.289172999560833, 28.545974213629961, 2686.199999999999818 ], [ 84.289170568808913, 28.546007070690393, 2685.199999999999818 ], [ 84.289169227704406, 28.546017128974199, 2685.0 ], [ 84.28916797041893, 28.546083094552159, 2684.0 ], [ 84.289168724790215, 28.546101283282042, 2683.6 ], [ 84.289167886599898, 28.546165740117431, 2682.800000000000182 ], [ 84.289160091429949, 28.546195579692721, 2682.4 ], [ 84.289151038974524, 28.546238662675023, 2681.800000000000182 ], [ 84.289150536060333, 28.546247547492385, 2681.6 ], [ 84.289158331230283, 28.546313093975183, 2680.6 ], [ 84.289156068116426, 28.546324409544468, 2680.4 ], [ 84.289130670949817, 28.54639339260757, 2679.6 ], [ 84.289127569645643, 28.546402864158154, 2679.4 ], [ 84.28909664042294, 28.546464974060655, 2678.4 ], [ 84.289068728685379, 28.546497579663992, 2677.800000000000182 ], [ 84.289006786420941, 28.546549882739782, 2677.199999999999818 ], [ 84.288987843319774, 28.546562287956476, 2676.800000000000182 ], [ 84.288967223837972, 28.546580309048295, 2676.199999999999818 ], [ 84.288963871076703, 28.546586846932769, 2676.199999999999818 ], [ 84.288965882733464, 28.54658642783761, 2676.199999999999818 ], [ 84.288958674296737, 28.546589864417911, 2676.199999999999818 ], [ 84.288930846378207, 28.54662112891674, 2675.800000000000182 ], [ 84.288883488625288, 28.546678544953465, 2675.199999999999818 ], [ 84.288879297673702, 28.546692878007889, 2675.0 ], [ 84.288848368450999, 28.546746354550123, 2674.199999999999818 ], [ 84.28884451277554, 28.54675205424428, 2674.0 ], [ 84.288827665150166, 28.546809637919068, 2673.0 ], [ 84.28882691077888, 28.54682045057416, 2672.6 ], [ 84.288829257711768, 28.546858169138432, 2672.0 ], [ 84.288829676806927, 28.546867975965142, 2671.800000000000182 ], [ 84.288829006254673, 28.546890942379832, 2671.199999999999818 ], [ 84.288824312388897, 28.546895300969481, 2671.199999999999818 ], [ 84.288824144750834, 28.546893121674657, 2671.199999999999818 ], [ 84.288830263540149, 28.546910723671317, 2671.199999999999818 ], [ 84.288837388157845, 28.546923799440265, 2671.199999999999818 ], [ 84.288837388157845, 28.546923799440265, 2671.199999999999818 ], [ 84.288837388157845, 28.546923799440265, 2671.0 ], [ 84.288837388157845, 28.546923799440265, 2671.0 ], [ 84.288837388157845, 28.546923799440265, 2671.0 ], [ 84.288837388157845, 28.546923799440265, 2670.6 ], [ 84.288837388157845, 28.546923799440265, 2670.4 ], [ 84.288837388157845, 28.546923799440265, 2670.4 ], [ 84.288836130872369, 28.546933103352785, 2670.4 ], [ 84.288841411471367, 28.546958332881331, 2670.0 ], [ 84.288843339309096, 28.546967972069979, 2669.800000000000182 ], [ 84.288860522210598, 28.547019604593515, 2669.4 ], [ 84.288870329037309, 28.547059502452612, 2668.800000000000182 ], [ 84.288860941305757, 28.547073164954782, 2668.0 ], [ 84.288859264925122, 28.547067884355783, 2668.0 ], [ 84.288863623514771, 28.547083223238587, 2667.800000000000182 ], [ 84.288868987932801, 28.54709311388433, 2667.4 ], [ 84.288864713162184, 28.547121863812208, 2666.800000000000182 ], [ 84.288845015689731, 28.547176346182823, 2666.4 ], [ 84.288805369287729, 28.547242898494005, 2665.199999999999818 ], [ 84.288797657936811, 28.54725144803524, 2664.800000000000182 ], [ 84.288773937150836, 28.547288160771132, 2664.199999999999818 ], [ 84.288759687915444, 28.54733920656145, 2663.0 ], [ 84.288745606318116, 28.547414978966117, 2662.0 ], [ 84.28873797878623, 28.547449177131057, 2661.4 ], [ 84.288730937987566, 28.547482453286648, 2660.800000000000182 ], [ 84.288711072877049, 28.547541042789817, 2659.6 ], [ 84.288703026250005, 28.547550765797496, 2659.199999999999818 ], [ 84.288680730387568, 28.547575743868947, 2658.199999999999818 ], [ 84.288617949932814, 28.547619329765439, 2657.6 ], [ 84.288594732061028, 28.547633579000831, 2657.199999999999818 ], [ 84.288565563037992, 28.547645648941401, 2656.199999999999818 ], [ 84.288559108972549, 28.547647073864937, 2656.199999999999818 ], [ 84.288517450913787, 28.54765621013939, 2655.800000000000182 ], [ 84.28850781172514, 28.547663921490312, 2655.199999999999818 ], [ 84.288512421771884, 28.547660065814853, 2655.199999999999818 ], [ 84.288513846695423, 28.547656545415521, 2655.199999999999818 ], [ 84.288502112030983, 28.547647576779127, 2655.199999999999818 ], [ 84.2885063868016, 28.547665346413851, 2655.0 ], [ 84.288504039868712, 28.54767900891602, 2655.0 ], [ 84.288503034040332, 28.547658221796155, 2654.800000000000182 ], [ 84.288489203900099, 28.547668699175119, 2654.800000000000182 ], [ 84.288487695157528, 28.547667693346739, 2654.800000000000182 ], [ 84.288487611338496, 28.547667693346739, 2654.800000000000182 ], [ 84.288487611338496, 28.547667693346739, 2654.800000000000182 ], [ 84.288487611338496, 28.547667693346739, 2654.800000000000182 ], [ 84.288498591631651, 28.547664508223537, 2654.4 ], [ 84.288481660187244, 28.547666687518358, 2654.4 ], [ 84.288473194465041, 28.547665094956756, 2654.199999999999818 ], [ 84.288416197523475, 28.547657886520028, 2654.199999999999818 ], [ 84.288438074290752, 28.547685211524367, 2654.199999999999818 ], [ 84.288398511707783, 28.54766434058547, 2654.0 ], [ 84.288377640768886, 28.547659311443567, 2654.0 ], [ 84.288310669362545, 28.547661574557424, 2653.800000000000182 ], [ 84.288242943584919, 28.547668196260929, 2653.0 ], [ 84.288230119273067, 28.547672051936388, 2653.0 ], [ 84.288126435130835, 28.547702394425869, 2652.0 ], [ 84.2881178855896, 28.547705579549071, 2652.0 ], [ 84.288081927224994, 28.547719828784462, 2651.800000000000182 ], [ 84.288047812879086, 28.547729132696983, 2651.4 ], [ 84.288010764867067, 28.547737514600161, 2651.199999999999818 ], [ 84.287998527288437, 28.547740532085299, 2651.0 ], [ 84.287924850359559, 28.547757714986801, 2649.800000000000182 ], [ 84.287898447364569, 28.54775913991034, 2649.4 ], [ 84.287848575040698, 28.547781435772777, 2648.800000000000182 ], [ 84.287774981930852, 28.547824770212173, 2648.6 ], [ 84.287640703842044, 28.547901967540383, 2648.6 ], [ 84.2875687032938, 28.547956785187125, 2648.199999999999818 ], [ 84.287505755200982, 28.548018056899309, 2648.0 ], [ 84.287506928667426, 28.548014033585787, 2648.0 ], [ 84.287506928667426, 28.548014033585787, 2647.800000000000182 ], [ 84.287508856505156, 28.548003556206822, 2647.800000000000182 ], [ 84.287477675825357, 28.548021744936705, 2647.800000000000182 ], [ 84.287351444363594, 28.548083016648889, 2647.800000000000182 ], [ 84.287239126861095, 28.548164907842875, 2647.800000000000182 ], [ 84.287140388041735, 28.548233890905976, 2647.800000000000182 ], [ 84.287037206813693, 28.548239087685943, 2647.800000000000182 ], [ 84.286894463002682, 28.548235483467579, 2647.800000000000182 ], [ 84.286793041974306, 28.54823816567659, 2648.199999999999818 ], [ 84.286723555997014, 28.548229029402137, 2648.199999999999818 ], [ 84.286724478006363, 28.548225341364741, 2648.199999999999818 ], [ 84.286685083061457, 28.548217043280602, 2648.4 ], [ 84.286613250151277, 28.548205308616161, 2648.800000000000182 ], [ 84.286578129976988, 28.5481964237988, 2649.0 ], [ 84.286514343693852, 28.5481808334589, 2649.6 ], [ 84.286472769454122, 28.548168428242207, 2649.6 ], [ 84.286449970677495, 28.548161303624511, 2649.6 ], [ 84.286401607096195, 28.548147054389119, 2649.800000000000182 ], [ 84.286388950422406, 28.548142276704311, 2649.800000000000182 ], [ 84.286313178017735, 28.548113610595465, 2650.0 ], [ 84.28624008782208, 28.548084525391459, 2650.4 ], [ 84.286215528845787, 28.54807966388762, 2650.6 ], [ 84.286182755604386, 28.548077484592795, 2650.6 ], [ 84.286133805289865, 28.54807186871767, 2651.199999999999818 ], [ 84.286089548841119, 28.548077484592795, 2652.0 ], [ 84.286048980429769, 28.548089470714331, 2652.6 ], [ 84.286027187481523, 28.54809382930398, 2653.0 ], [ 84.285980919376016, 28.548113107681271, 2653.800000000000182 ], [ 84.285954851657152, 28.548118975013494, 2654.199999999999818 ], [ 84.285942194983363, 28.548119645565748, 2654.199999999999818 ], [ 84.285886287689209, 28.54813682846725, 2655.199999999999818 ], [ 84.285876313224435, 28.548142109066248, 2655.4 ], [ 84.285848150029778, 28.548157028853893, 2656.199999999999818 ], [ 84.285825183615088, 28.548175971955061, 2656.800000000000182 ], [ 84.285810682922602, 28.548184521496296, 2657.199999999999818 ], [ 84.28577346727252, 28.548221150413156, 2658.6 ], [ 84.285752763971686, 28.548244703561068, 2659.800000000000182 ], [ 84.285729127004743, 28.548262054100633, 2660.4 ], [ 84.285706328228116, 28.548273704946041, 2660.800000000000182 ], [ 84.285676991567016, 28.548288038000464, 2661.800000000000182 ], [ 84.285668944939971, 28.548293402418494, 2662.0 ], [ 84.285663580521941, 28.548298431560397, 2662.4 ], [ 84.285633321851492, 28.548323577269912, 2662.800000000000182 ], [ 84.285626113414764, 28.548361966386437, 2663.0 ], [ 84.285620916634798, 28.548370180651546, 2663.199999999999818 ], [ 84.28562200628221, 28.548380490392447, 2663.4 ], [ 84.285607170313597, 28.548377053812143, 2663.6 ], [ 84.285575821995735, 28.548397505655885, 2663.6 ], [ 84.28555604070425, 28.548410832881927, 2663.6 ], [ 84.285522093996406, 28.548442767933011, 2663.6 ], [ 84.285526117309928, 28.548443606123328, 2663.6 ], [ 84.285526117309928, 28.548443606123328, 2664.0 ], [ 84.285510359331965, 28.548449641093612, 2664.199999999999818 ], [ 84.285509521141648, 28.54845131747425, 2664.4 ], [ 84.285504994913936, 28.548452742397785, 2664.4 ], [ 84.285450177267194, 28.548470847308636, 2664.4 ], [ 84.285373147577047, 28.548473529517651, 2664.6 ], [ 84.28535227663815, 28.548470512032509, 2664.800000000000182 ], [ 84.285301314666867, 28.548465901985765, 2665.4 ], [ 84.28524817340076, 28.548466237261891, 2665.800000000000182 ], [ 84.285166533663869, 28.54846372269094, 2666.199999999999818 ], [ 84.285137532278895, 28.548465063795447, 2666.4 ], [ 84.285124037414789, 28.548464644700289, 2666.4 ], [ 84.285060167312622, 28.548473278060555, 2666.4 ], [ 84.28504784591496, 28.548474032431841, 2666.4 ], [ 84.284929577261209, 28.548490460962057, 2666.800000000000182 ], [ 84.284819103777409, 28.548515271395445, 2666.800000000000182 ], [ 84.284790689125657, 28.548526838421822, 2666.800000000000182 ], [ 84.284725980833173, 28.548550391569737, 2667.4 ], [ 84.284696895629168, 28.548565646633502, 2667.6 ], [ 84.284618105739355, 28.548615518957376, 2667.800000000000182 ], [ 84.284622129052877, 28.548614764586091, 2667.800000000000182 ], [ 84.284622129052877, 28.548614764586091, 2667.800000000000182 ], [ 84.284601090475917, 28.548603700473905, 2667.800000000000182 ], [ 84.284530347213149, 28.5486108250916, 2668.6 ], [ 84.284507045522332, 28.54861518368125, 2669.0 ], [ 84.284436302259564, 28.548625996336341, 2669.6 ], [ 84.284426160156727, 28.54862691834569, 2669.6 ], [ 84.284394644200802, 28.548631612211462, 2670.0 ], [ 84.284355081617832, 28.548625744879249, 2670.6 ], [ 84.28435206413269, 28.54863085784018, 2671.199999999999818 ], [ 84.284335719421506, 28.548632869496942, 2671.6 ], [ 84.284290121868253, 28.548637395724658, 2672.6 ], [ 84.284276878461242, 28.548637731000781, 2673.0 ], [ 84.284218708053231, 28.548634797334671, 2674.0 ], [ 84.284179313108325, 28.548638904467225, 2674.6 ], [ 84.284131620079279, 28.548643346875902, 2675.199999999999818 ], [ 84.28407252766192, 28.548646783456206, 2676.0 ], [ 84.284063475206494, 28.548645190894604, 2676.199999999999818 ], [ 84.284007148817182, 28.548644771799445, 2677.199999999999818 ], [ 84.28398652933538, 28.548648124560714, 2677.6 ], [ 84.283872786909342, 28.548669498413801, 2677.800000000000182 ], [ 84.283824674785137, 28.548680478706956, 2678.4 ], [ 84.283807910978794, 28.548680730164051, 2678.800000000000182 ], [ 84.283755188807845, 28.548687351867557, 2678.800000000000182 ], [ 84.283705232664943, 28.548681065440174, 2678.800000000000182 ], [ 84.283613618463278, 28.548697074875236, 2678.800000000000182 ], [ 84.283603141084313, 28.54870101436973, 2679.4 ], [ 84.283496690914035, 28.548733536154032, 2679.4 ], [ 84.283423852175474, 28.548787934705615, 2679.4 ], [ 84.283409267663956, 28.548798244446516, 2679.4 ], [ 84.283323688432574, 28.54883411899209, 2679.0 ], [ 84.283211454749107, 28.548847027122974, 2679.0 ], [ 84.283145070075989, 28.548877285793424, 2678.6 ], [ 84.283169712871313, 28.548904610797763, 2678.6 ], [ 84.283165941014886, 28.54889765381813, 2678.6 ], [ 84.283095616847277, 28.548855911940336, 2677.6 ], [ 84.283093605190516, 28.548857588320971, 2677.6 ], [ 84.283087570220232, 28.548863036558032, 2677.6 ], [ 84.283064603805542, 28.548863036558032, 2677.6 ], [ 84.283003835007548, 28.548884242773056, 2677.6 ], [ 84.282981287688017, 28.548893798142672, 2677.6 ], [ 84.282888835296035, 28.548917938023809, 2678.4 ], [ 84.282879196107388, 28.548920704051852, 2678.4 ], [ 84.282784312963486, 28.548937635496259, 2679.6 ], [ 84.282767800614238, 28.548939479514956, 2679.800000000000182 ], [ 84.282681718468666, 28.548944173380733, 2680.6 ], [ 84.282661182805896, 28.548947358503938, 2681.0 ], [ 84.282612232491374, 28.548955572769049, 2681.4 ], [ 84.282592870295048, 28.54896068572998, 2681.6 ], [ 84.282583817839622, 28.548960434272885, 2681.800000000000182 ], [ 84.282582057639956, 28.548960098996758, 2681.800000000000182 ], [ 84.282581387087703, 28.548965295776725, 2682.199999999999818 ], [ 84.282572083175182, 28.548965211957693, 2682.6 ], [ 84.282566215842962, 28.548966888338327, 2682.6 ], [ 84.282528748735785, 28.548984406515956, 2682.800000000000182 ], [ 84.282492958009243, 28.549001086503267, 2683.6 ], [ 84.282485246658325, 28.549002930521965, 2683.800000000000182 ], [ 84.282418107613921, 28.549013743177056, 2685.0 ], [ 84.28239069879055, 28.549019861966372, 2685.4 ], [ 84.282365636900067, 28.549018269404769, 2686.199999999999818 ], [ 84.282326744869351, 28.549016341567039, 2687.199999999999818 ], [ 84.28232179954648, 28.549016593024135, 2687.6 ], [ 84.282325655221939, 28.549039475619793, 2688.0 ], [ 84.282297240570188, 28.549044504761696, 2688.4 ], [ 84.282248625531793, 28.549046097323298, 2689.199999999999818 ], [ 84.282233119010925, 28.549041319638491, 2689.6 ], [ 84.282228341326118, 28.549039475619793, 2689.6 ], [ 84.282208811491728, 28.549027238041159, 2690.6 ], [ 84.282188024371862, 28.549021789804101, 2691.199999999999818 ], [ 84.282171679660678, 28.54901785030961, 2691.800000000000182 ], [ 84.282130608335137, 28.549028411507607, 2693.0 ], [ 84.28212633356452, 28.549030506983399, 2693.199999999999818 ], [ 84.282125411555171, 28.549026483669877, 2694.0 ], [ 84.282117616385221, 28.549017263576388, 2694.6 ], [ 84.282112503424287, 28.549012066796426, 2695.0 ], [ 84.28208090364933, 28.549018520861864, 2695.6 ], [ 84.282059613615274, 28.54903151281178, 2696.199999999999818 ], [ 84.282064391300082, 28.549047857522964, 2696.6 ], [ 84.282055841758847, 28.549069063737988, 2697.199999999999818 ], [ 84.282054668292403, 28.549072919413447, 2697.4 ], [ 84.282029774039984, 28.549079624935985, 2697.4 ], [ 84.282030779868364, 28.549086079001427, 2697.4 ], [ 84.282023403793573, 28.549086162820458, 2697.6 ], [ 84.282015021890402, 28.549094293266535, 2698.4 ], [ 84.281994821503758, 28.549101166427135, 2699.4 ], [ 84.281989792361856, 28.549101920798421, 2699.6 ], [ 84.281968669965863, 28.549091862514615, 2700.4 ], [ 84.281955258920789, 28.549095382913947, 2701.0 ], [ 84.281943188980222, 28.549104686826468, 2701.6 ], [ 84.281941847875714, 28.549119355157018, 2702.199999999999818 ], [ 84.28193673491478, 28.549133017659187, 2702.800000000000182 ], [ 84.281906308606267, 28.549154391512275, 2703.800000000000182 ], [ 84.281892813742161, 28.549156151711941, 2704.199999999999818 ], [ 84.281898429617286, 28.549158582463861, 2704.800000000000182 ], [ 84.281900273635983, 28.549159253016111, 2704.800000000000182 ], [ 84.281914439052343, 28.549166545271873, 2706.0 ], [ 84.28192650899291, 28.549139136448503, 2706.199999999999818 ], [ 84.281923240050673, 28.549133017659187, 2706.199999999999818 ], [ 84.281920306384563, 28.549130838364363, 2706.4 ], [ 84.281885018572211, 28.549122372642159, 2707.199999999999818 ], [ 84.281860124319792, 28.549129413440824, 2707.6 ], [ 84.281836738809943, 28.549136286601424, 2708.199999999999818 ], [ 84.281790554523468, 28.549142405390739, 2709.0 ], [ 84.281772617250681, 28.549146931618452, 2709.199999999999818 ], [ 84.281715368852019, 28.54917693883181, 2709.199999999999818 ], [ 84.281705059111118, 28.549187835305929, 2709.199999999999818 ], [ 84.281699359416962, 28.549201330170035, 2709.199999999999818 ], [ 84.281690809875727, 28.54922404512763, 2709.199999999999818 ], [ 84.281634986400604, 28.549236534163356, 2709.199999999999818 ], [ 84.281594082713127, 28.549223877489567, 2709.199999999999818 ], [ 84.281547479331493, 28.549200156703591, 2709.0 ], [ 84.281562985852361, 28.549202084541321, 2709.0 ], [ 84.281575558707118, 28.54920300655067, 2708.4 ], [ 84.281552257016301, 28.549194457009435, 2708.199999999999818 ], [ 84.281522920355201, 28.549196384847164, 2708.199999999999818 ], [ 84.281511940062046, 28.549197306856513, 2708.199999999999818 ], [ 84.281507162377238, 28.54919713921845, 2708.0 ], [ 84.281501797959208, 28.549195127561688, 2708.0 ], [ 84.281498864293098, 28.549192612990737, 2708.0 ], [ 84.28150188177824, 28.54918691329658, 2708.0 ], [ 84.281489811837673, 28.549186326563358, 2707.6 ], [ 84.281474892050028, 28.54917811229825, 2707.0 ], [ 84.281467348337173, 28.5491634439677, 2705.800000000000182 ], [ 84.281447734683752, 28.549159001559019, 2704.6 ], [ 84.281439855694771, 28.549160929396749, 2703.800000000000182 ], [ 84.281433233991265, 28.549161264672875, 2703.6 ], [ 84.281413787975907, 28.549156570807099, 2702.4 ], [ 84.281401466578245, 28.549158247187737, 2702.4 ], [ 84.281400963664055, 28.549162270501256, 2702.199999999999818 ], [ 84.28140708245337, 28.549151374027133, 2702.199999999999818 ], [ 84.281395012512803, 28.549150200560689, 2702.199999999999818 ], [ 84.281395012512803, 28.549150200560689, 2702.0 ], [ 84.281388223171234, 28.54914341121912, 2702.0 ], [ 84.281380344182253, 28.549149865284559, 2701.6 ], [ 84.281373135745525, 28.549148859456182, 2701.4 ], [ 84.281373890116811, 28.549165455624461, 2701.199999999999818 ], [ 84.281362658366561, 28.549162773415446, 2701.0 ], [ 84.281338853761554, 28.549151625484228, 2701.0 ], [ 84.281326700001955, 28.54915120638907, 2701.0 ], [ 84.281304404139519, 28.549149027094245, 2701.0 ], [ 84.281281102448702, 28.549143327400088, 2701.0 ], [ 84.281258890405297, 28.549167215824127, 2700.800000000000182 ], [ 84.281259812414646, 28.549166964367032, 2700.800000000000182 ], [ 84.281272888183594, 28.54916168376803, 2700.800000000000182 ], [ 84.28126928396523, 28.549151457846165, 2700.4 ], [ 84.281254531815648, 28.5491409804672, 2700.199999999999818 ], [ 84.281243551522493, 28.549138382077217, 2700.199999999999818 ], [ 84.28122092038393, 28.54912924580276, 2700.199999999999818 ], [ 84.28115445189178, 28.549115164205432, 2700.199999999999818 ], [ 84.281147997826338, 28.549124468117952, 2700.199999999999818 ], [ 84.281162917613983, 28.549128575250503, 2700.199999999999818 ], [ 84.281174233183265, 28.549137376248837, 2700.199999999999818 ], [ 84.281128803268075, 28.549191607162356, 2700.199999999999818 ], [ 84.281102232635021, 28.549233600497249, 2700.199999999999818 ], [ 84.281098879873753, 28.549232762306929, 2700.800000000000182 ], [ 84.281091336160898, 28.549233265221119, 2701.4 ], [ 84.281088821589947, 28.549230918288231, 2701.800000000000182 ], [ 84.281088821589947, 28.549230750650167, 2702.0 ], [ 84.281088821589947, 28.549230750650167, 2702.4 ], [ 84.281088821589947, 28.549230750650167, 2702.4 ], [ 84.281088821589947, 28.549230750650167, 2702.4 ], [ 84.281088821589947, 28.549230750650167, 2702.4 ], [ 84.281088821589947, 28.549230750650167, 2702.4 ], [ 84.281088821589947, 28.549230750650167, 2702.4 ], [ 84.281088821589947, 28.549230750650167, 2703.6 ], [ 84.281088821589947, 28.549230750650167, 2703.6 ], [ 84.281088821589947, 28.549230750650167, 2704.199999999999818 ], [ 84.28109779022634, 28.549250029027466, 2704.6 ], [ 84.28110902197659, 28.549252040684223, 2704.6 ], [ 84.281114302575588, 28.549257488921285, 2704.800000000000182 ], [ 84.28112075664103, 28.549261931329969, 2704.800000000000182 ], [ 84.281121175736189, 28.549261009320617, 2704.800000000000182 ], [ 84.281119415536523, 28.549257321283221, 2704.800000000000182 ], [ 84.281118828803301, 28.549254890531301, 2704.800000000000182 ], [ 84.281126791611314, 28.549261596053839, 2705.0 ], [ 84.281134251505136, 28.549308367073536, 2705.0 ], [ 84.281133664771914, 28.549319263547659, 2705.0 ], [ 84.281130312010646, 28.549335692077875, 2705.4 ], [ 84.281121511012316, 28.549365950748324, 2706.199999999999818 ], [ 84.281098209321499, 28.549409871920943, 2706.4 ], [ 84.281083960086107, 28.549428982660174, 2706.4 ], [ 84.281084127724171, 28.549442896619439, 2706.800000000000182 ], [ 84.281083876267076, 28.549433341249824, 2706.800000000000182 ], [ 84.281101226806641, 28.549465360119939, 2706.800000000000182 ], [ 84.281099131330848, 28.54947323910892, 2706.800000000000182 ], [ 84.281075578182936, 28.549509532749653, 2706.800000000000182 ], [ 84.281112290918827, 28.549518249928951, 2706.800000000000182 ], [ 84.281113464385271, 28.549522859975696, 2706.4 ], [ 84.281111788004637, 28.549535181373361, 2706.199999999999818 ], [ 84.281108602881432, 28.549541719257832, 2706.0 ], [ 84.281093263998628, 28.549559488892555, 2705.4 ], [ 84.281066274270415, 28.549578180536628, 2705.0 ], [ 84.281011540442705, 28.549636183306575, 2705.0 ], [ 84.280988071113825, 28.549629980698228, 2705.0 ], [ 84.280976001173258, 28.549623275175691, 2705.0 ], [ 84.280973821878433, 28.549624951556325, 2705.0 ], [ 84.280962506309152, 28.549626795575023, 2705.0 ], [ 84.280999973416328, 28.549635512754321, 2705.0 ], [ 84.280977677553892, 28.54962419718504, 2705.0 ], [ 84.280971055850387, 28.549622101709247, 2705.0 ], [ 84.280951945111156, 28.549655880779028, 2705.4 ], [ 84.280918082222342, 28.549661748111248, 2706.4 ], [ 84.280909616500139, 28.549668118357658, 2707.0 ], [ 84.280870221555233, 28.549707178026441, 2707.4 ], [ 84.280861169099808, 28.54971363209188, 2707.4 ], [ 84.280857313424349, 28.549718912690881, 2707.4 ], [ 84.280844070017338, 28.549741040915251, 2707.4 ], [ 84.280817331746221, 28.54976199567318, 2707.4 ], [ 84.28079679608345, 28.549752021208405, 2707.4 ], [ 84.2807337641716, 28.549754535779357, 2707.199999999999818 ], [ 84.280704846605659, 28.549747075885534, 2707.0 ], [ 84.280663691461086, 28.549744561314583, 2706.4 ], [ 84.280652208253741, 28.549747746437788, 2706.4 ], [ 84.280592193827033, 28.549767192453142, 2705.4 ], [ 84.280579285696149, 28.549772808328271, 2705.0 ], [ 84.280563611537218, 28.549786973744631, 2704.6 ], [ 84.280541818588972, 28.549822429195046, 2703.4 ], [ 84.280538884922862, 28.549824021756649, 2703.4 ], [ 84.280512062832713, 28.549833325669169, 2702.4 ], [ 84.280508207157254, 28.54983139783144, 2702.199999999999818 ], [ 84.280481887981296, 28.549829302355647, 2701.199999999999818 ], [ 84.280457496643066, 28.549829889088869, 2700.800000000000182 ], [ 84.280423801392317, 28.549841707572341, 2700.199999999999818 ], [ 84.280396224930882, 28.549857465550303, 2699.6 ], [ 84.280385663732886, 28.549868445843455, 2699.0 ], [ 84.280357081443071, 28.549874983727932, 2698.199999999999818 ], [ 84.280339563265443, 28.549889232963324, 2698.0 ], [ 84.280320117250085, 28.549893172457818, 2697.4 ], [ 84.280312657356262, 28.549906751140952, 2697.0 ], [ 84.280316093936563, 28.549910020083189, 2696.6 ], [ 84.280302096158266, 28.549922676756974, 2696.0 ], [ 84.280259180814028, 28.549946313723922, 2695.0 ], [ 84.280212661251426, 28.549989815801386, 2693.800000000000182 ], [ 84.280209727585316, 28.549994425848126, 2693.800000000000182 ], [ 84.280200423672795, 28.550017476081848, 2693.4 ], [ 84.280176116153598, 28.55002929456532, 2692.6 ], [ 84.280171254649758, 28.550042118877172, 2692.199999999999818 ], [ 84.280146276578307, 28.550083441659808, 2691.4 ], [ 84.280119286850095, 28.550137672573328, 2691.0 ], [ 84.280115682631731, 28.550195340067148, 2690.6 ], [ 84.280112748965621, 28.550208080559969, 2690.4 ], [ 84.28010243922472, 28.550237165763978, 2689.4 ], [ 84.280083077028394, 28.550259293988347, 2688.4 ], [ 84.280077209696174, 28.550262646749616, 2688.199999999999818 ], [ 84.280048459768295, 28.55027798563242, 2687.199999999999818 ], [ 84.280044687911868, 28.550281338393688, 2687.199999999999818 ], [ 84.280028594657779, 28.550301287323236, 2686.4 ], [ 84.280028929933906, 28.55030195787549, 2686.0 ], [ 84.280024906620383, 28.550321403890848, 2685.4 ], [ 84.280015602707863, 28.55033665895462, 2685.0 ], [ 84.28000520914793, 28.550351075828075, 2684.6 ], [ 84.279993725940585, 28.55037328787148, 2684.0 ], [ 84.279976710677147, 28.5504016187042, 2683.0 ], [ 84.279959108680487, 28.550404468551282, 2682.800000000000182 ], [ 84.279953325167298, 28.550415616482496, 2682.199999999999818 ], [ 84.279952570796013, 28.550418466329575, 2681.800000000000182 ], [ 84.279930694028735, 28.550425255671144, 2681.0 ], [ 84.279919043183327, 28.55043288320303, 2680.800000000000182 ], [ 84.279901273548603, 28.55043271556497, 2679.800000000000182 ], [ 84.279906554147601, 28.550435230135921, 2679.800000000000182 ], [ 84.279888868331909, 28.55046708136797, 2679.0 ], [ 84.279885683208704, 28.55048342607915, 2678.6 ], [ 84.279865734279156, 28.550512930378321, 2677.6 ], [ 84.279860202223063, 28.550518546253443, 2677.6 ], [ 84.279827764257789, 28.550542099401355, 2676.6 ], [ 84.279795913025737, 28.550559617578983, 2676.0 ], [ 84.279776299372315, 28.55058878660202, 2675.800000000000182 ], [ 84.279775209724903, 28.550597671419386, 2675.199999999999818 ], [ 84.279751824215055, 28.550624996423721, 2674.199999999999818 ], [ 84.279724331572652, 28.550647292286161, 2673.6 ], [ 84.27968954667449, 28.550654333084822, 2673.0 ], [ 84.279674040153623, 28.550657434388995, 2672.6 ], [ 84.27965878508985, 28.550663301721215, 2671.800000000000182 ], [ 84.279638333246112, 28.550672773271799, 2670.800000000000182 ], [ 84.279632968828082, 28.550675455480818, 2670.6 ], [ 84.279606649652123, 28.550693141296502, 2669.800000000000182 ], [ 84.279571529477835, 28.550713174045089, 2668.800000000000182 ], [ 84.279554514214396, 28.550719795748591, 2668.6 ], [ 84.279538337141275, 28.550721807405353, 2667.4 ], [ 84.279535403475165, 28.550724741071463, 2667.199999999999818 ], [ 84.279533559456468, 28.550740582868457, 2666.4 ], [ 84.279538169503212, 28.550737230107188, 2666.0 ], [ 84.279532302170992, 28.550732117146257, 2665.199999999999818 ], [ 84.279505144804716, 28.550734296441082, 2664.800000000000182 ], [ 84.279498606920242, 28.550738152116537, 2664.6 ], [ 84.279487375169992, 28.550743767991666, 2664.0 ], [ 84.279461726546288, 28.550750724971294, 2663.4 ], [ 84.279458876699209, 28.550756424665451, 2663.0 ], [ 84.279436077922583, 28.550793388858441, 2662.4 ], [ 84.279423337429762, 28.550814175978303, 2662.0 ], [ 84.279403304681182, 28.550814930349588, 2661.4 ], [ 84.279399951919913, 28.550813002511859, 2660.800000000000182 ], [ 84.279398610815406, 28.550820630043745, 2660.199999999999818 ], [ 84.279422583058476, 28.550836555659771, 2659.6 ], [ 84.279414787888527, 28.550840998068452, 2659.4 ], [ 84.279399365186691, 28.55084267444909, 2658.6 ], [ 84.279402885586023, 28.550841333344579, 2658.0 ], [ 84.279410261660814, 28.55083798058331, 2657.6 ], [ 84.279404059052467, 28.550832029432058, 2657.4 ], [ 84.279410932213068, 28.550802189856768, 2656.800000000000182 ], [ 84.279393749311566, 28.550782157108188, 2656.4 ], [ 84.27936072461307, 28.550808727741241, 2655.199999999999818 ], [ 84.279334573075175, 28.550810236483812, 2654.199999999999818 ], [ 84.279335662722588, 28.550804117694497, 2654.0 ], [ 84.279372040182352, 28.550783917307857, 2653.800000000000182 ], [ 84.27938075736165, 28.550778636708856, 2653.6 ], [ 84.279349409043789, 28.550778552889824, 2653.6 ], [ 84.27930305711925, 28.550787689164281, 2653.199999999999818 ], [ 84.279321413487196, 28.550775954499841, 2652.6 ], [ 84.279316300526261, 28.550762124359608, 2652.0 ], [ 84.279302721843123, 28.550755251199007, 2651.6 ], [ 84.279281096532941, 28.550755083560944, 2651.0 ], [ 84.279242372140288, 28.550762459635735, 2650.4 ], [ 84.279225273057818, 28.55076665058732, 2650.0 ], [ 84.279197612777352, 28.550747036933899, 2649.4 ], [ 84.279189398512244, 28.550747456029058, 2648.800000000000182 ], [ 84.279172969982028, 28.55073781684041, 2648.199999999999818 ], [ 84.279213789850473, 28.550749300047755, 2648.199999999999818 ], [ 84.279200462624431, 28.550759945064783, 2647.800000000000182 ], [ 84.279197528958321, 28.550759693607688, 2647.800000000000182 ], [ 84.27919602021575, 28.5507539100945, 2647.199999999999818 ], [ 84.279179004952312, 28.550760028883815, 2647.199999999999818 ], [ 84.279154697433114, 28.550767237320542, 2647.199999999999818 ], [ 84.279149584472179, 28.550765980035067, 2647.199999999999818 ], [ 84.279138185083866, 28.550753826275468, 2646.800000000000182 ], [ 84.279130976647139, 28.550739660859108, 2646.4 ], [ 84.279123181477189, 28.550747372210022, 2645.800000000000182 ], [ 84.279127204790711, 28.550767991691828, 2645.6 ], [ 84.279129719361663, 28.550789030268788, 2645.4 ], [ 84.279109518975019, 28.550779391080141, 2645.199999999999818 ], [ 84.279121840372682, 28.550781989470124, 2644.800000000000182 ], [ 84.27912175655365, 28.550779223442081, 2644.800000000000182 ], [ 84.279119577258825, 28.550771176815033, 2644.6 ], [ 84.279113793745637, 28.55077201500535, 2644.6 ], [ 84.279105411842465, 28.550780145451427, 2644.6 ], [ 84.27906459197402, 28.550789449363947, 2644.6 ], [ 84.279059981927276, 28.550788275897503, 2644.4 ], [ 84.279065681621432, 28.550791628658772, 2644.4 ], [ 84.279082613065839, 28.550780983641744, 2644.199999999999818 ], [ 84.279106752946973, 28.550781486555938, 2644.0 ], [ 84.279095772653818, 28.550793388858441, 2643.6 ], [ 84.27909241989255, 28.550796490162611, 2643.6 ], [ 84.279094096273184, 28.550798334181309, 2643.6 ], [ 84.27912762388587, 28.550813756883144, 2642.800000000000182 ], [ 84.27913692779839, 28.550823982805017, 2642.4 ], [ 84.279124941676855, 28.550822976976633, 2642.199999999999818 ], [ 84.279101639986038, 28.550811661407351, 2641.6 ], [ 84.279094850644469, 28.550810404121876, 2641.199999999999818 ], [ 84.279063837602735, 28.550804452970624, 2640.199999999999818 ], [ 84.279052019119263, 28.550821971148252, 2639.800000000000182 ], [ 84.279051683843136, 28.55082917958498, 2639.4 ], [ 84.279054198414087, 28.550836639478803, 2639.0 ], [ 84.279087726026773, 28.550863796845078, 2638.199999999999818 ], [ 84.279100466519594, 28.550893720239401, 2638.0 ], [ 84.279103316366673, 28.550899755209684, 2638.0 ], [ 84.279131479561329, 28.550924733281136, 2637.199999999999818 ], [ 84.279125444591045, 28.550926661118865, 2637.199999999999818 ], [ 84.279106585308909, 28.550932025536895, 2636.800000000000182 ], [ 84.279103400185704, 28.550934875383973, 2636.4 ], [ 84.279089402407408, 28.550950214266777, 2635.6 ], [ 84.279075488448143, 28.550970079377297, 2635.199999999999818 ], [ 84.279073476791382, 28.551003439351916, 2634.6 ], [ 84.279060736298561, 28.550984412431717, 2634.6 ], [ 84.279056712985039, 28.550990447402, 2634.6 ], [ 84.279003068804741, 28.551004780456424, 2634.199999999999818 ], [ 84.278983371332288, 28.551010815426707, 2633.800000000000182 ], [ 84.278964595869184, 28.551015509292483, 2633.800000000000182 ], [ 84.27888136357069, 28.551044007763267, 2633.800000000000182 ], [ 84.278874490410089, 28.551048617810011, 2633.800000000000182 ], [ 84.278799556195736, 28.551039230078459, 2633.800000000000182 ], [ 84.278663350269198, 28.55107937939465, 2633.800000000000182 ], [ 84.278553882613778, 28.551114918664094, 2633.800000000000182 ], [ 84.278484564274549, 28.551141070201993, 2634.4 ], [ 84.278502753004432, 28.551160600036383, 2634.4 ], [ 84.278499903157353, 28.551160600036383, 2634.6 ], [ 84.278524043038487, 28.551148278638721, 2634.6 ], [ 84.278523037210107, 28.55114676989615, 2634.6 ], [ 84.278500406071544, 28.551137465983629, 2634.6 ], [ 84.278487330302596, 28.551151799038053, 2634.800000000000182 ], [ 84.278434775769711, 28.551163701340556, 2635.0 ], [ 84.278361769393086, 28.551184991374612, 2635.0 ], [ 84.278352465480566, 28.551195552572608, 2635.0 ], [ 84.27831550128758, 28.551206700503823, 2635.199999999999818 ], [ 84.278290271759033, 28.551215585321188, 2635.6 ], [ 84.278226066380739, 28.551264367997646, 2636.4 ], [ 84.27820653654635, 28.551290351897482, 2636.800000000000182 ], [ 84.278217265382409, 28.551313066855073, 2637.6 ], [ 84.278217935934663, 28.551310636103153, 2637.6 ], [ 84.278210056945682, 28.551311893388629, 2637.6 ], [ 84.278175439685583, 28.551334524527192, 2637.800000000000182 ], [ 84.27810687571764, 28.551361178979281, 2639.0 ], [ 84.278087094426155, 28.55137400329113, 2639.199999999999818 ], [ 84.278044011443853, 28.551395712420344, 2640.0 ], [ 84.278021464124322, 28.55141406878829, 2640.6 ], [ 84.27801308222115, 28.551433514803648, 2640.800000000000182 ], [ 84.278007550165057, 28.551441058516502, 2641.0 ], [ 84.277999084442854, 28.551470478996631, 2641.6 ], [ 84.277978632599115, 28.551501408219337, 2642.199999999999818 ], [ 84.277970753610134, 28.551515908911824, 2642.800000000000182 ], [ 84.277951559051871, 28.551535522565249, 2643.199999999999818 ], [ 84.277942590415478, 28.551543401554227, 2643.4 ], [ 84.277929095551372, 28.551543401554227, 2644.0 ], [ 84.277921551838517, 28.551551196724176, 2644.0 ], [ 84.277917863801122, 28.551553878933191, 2644.0 ], [ 84.277917612344027, 28.551586233079433, 2644.0 ], [ 84.277892047539353, 28.551604170352221, 2644.199999999999818 ], [ 84.27782834507525, 28.551611211150885, 2644.4 ], [ 84.277785094454885, 28.551618251949549, 2644.6 ], [ 84.277701945975423, 28.5516207665205, 2644.800000000000182 ], [ 84.277631035074592, 28.551646247506142, 2644.800000000000182 ], [ 84.277544198557734, 28.551660412922502, 2645.4 ], [ 84.277423499152064, 28.551677344366908, 2646.199999999999818 ], [ 84.277382427826524, 28.551671309396625, 2646.4 ], [ 84.277325682342052, 28.551671057939529, 2646.800000000000182 ], [ 84.277215711772442, 28.551671477034688, 2647.0 ], [ 84.277206491678953, 28.551671896129847, 2647.0 ], [ 84.277200037613511, 28.551673740148544, 2647.0 ], [ 84.277073135599494, 28.551701903343201, 2647.0 ], [ 84.276960399001837, 28.551715230569243, 2647.0 ], [ 84.276923183351755, 28.551676925271749, 2647.0 ], [ 84.276932319626212, 28.551669381558895, 2647.0 ], [ 84.276889991015196, 28.551649935543537, 2647.0 ], [ 84.276824612170458, 28.551652869209647, 2646.6 ], [ 84.276809776201844, 28.551656724885103, 2646.4 ], [ 84.276736853644252, 28.551695784553885, 2646.4 ], [ 84.276769626885653, 28.551693856716156, 2646.4 ], [ 84.27676510065794, 28.551689246669412, 2645.800000000000182 ], [ 84.276723191142082, 28.551692180335522, 2645.6 ], [ 84.276708103716373, 28.551696371287107, 2645.199999999999818 ], [ 84.276636857539415, 28.551697544753551, 2644.4 ], [ 84.276625290513039, 28.551697796210647, 2644.0 ], [ 84.276520684361458, 28.551703160628676, 2642.800000000000182 ], [ 84.27649243734777, 28.551705675199628, 2642.800000000000182 ], [ 84.276381460949779, 28.551730066537857, 2642.0 ], [ 84.276368133723736, 28.551729647442698, 2641.6 ], [ 84.276246093213558, 28.551713554188609, 2641.199999999999818 ], [ 84.276234190911055, 28.551712380722165, 2641.199999999999818 ], [ 84.276124052703381, 28.551695281639695, 2641.199999999999818 ], [ 84.275995306670666, 28.551679942756891, 2641.199999999999818 ], [ 84.275858262553811, 28.55168740265071, 2641.199999999999818 ], [ 84.27578735165298, 28.551681702956557, 2641.199999999999818 ], [ 84.275748878717422, 28.55167985893786, 2641.6 ], [ 84.275740496814251, 28.551679272204641, 2641.6 ], [ 84.275675537064672, 28.551684720441699, 2642.4 ], [ 84.275658689439297, 28.55168329551816, 2642.800000000000182 ], [ 84.275586772710085, 28.551687151193619, 2643.199999999999818 ], [ 84.275555843487382, 28.551687486469746, 2643.6 ], [ 84.275491470471025, 28.551693856716156, 2643.800000000000182 ], [ 84.275452913716435, 28.551697293296456, 2644.199999999999818 ], [ 84.275339422747493, 28.551695868372917, 2644.199999999999818 ], [ 84.275194080546498, 28.551684636622667, 2644.199999999999818 ], [ 84.275118643417954, 28.551693269982938, 2644.199999999999818 ], [ 84.275025855749846, 28.551717828959227, 2644.199999999999818 ], [ 84.274944048374891, 28.55172336101532, 2643.6 ], [ 84.274815218523145, 28.551727635785937, 2643.4 ], [ 84.274734249338508, 28.551731407642365, 2643.4 ], [ 84.274703906849027, 28.551734844222665, 2643.6 ], [ 84.274658476933837, 28.551735263317823, 2644.0 ], [ 84.274591924622655, 28.551733503118157, 2643.6 ], [ 84.274476421996951, 28.551727719604969, 2643.6 ], [ 84.274422861635685, 28.551720846444368, 2643.6 ], [ 84.274377012625337, 28.551719505339861, 2643.6 ], [ 84.274260671809316, 28.551710536703467, 2644.0 ], [ 84.274158915504813, 28.551713051274419, 2644.0 ], [ 84.274146594107151, 28.55171330273151, 2644.0 ], [ 84.274040060117841, 28.551735347136855, 2644.199999999999818 ], [ 84.27396185696125, 28.551761247217655, 2644.800000000000182 ], [ 84.273951882496476, 28.551762504503131, 2644.800000000000182 ], [ 84.273853898048401, 28.551779435947537, 2644.800000000000182 ], [ 84.27374392747879, 28.551775328814983, 2644.800000000000182 ], [ 84.273678045719862, 28.551780357956886, 2644.800000000000182 ], [ 84.273563884198666, 28.551790667697787, 2645.199999999999818 ], [ 84.273455673828721, 28.551771221682429, 2645.199999999999818 ], [ 84.27339892834425, 28.551766527816653, 2645.199999999999818 ], [ 84.273312678560615, 28.551765186712142, 2645.199999999999818 ], [ 84.273264734074473, 28.551757810637355, 2645.199999999999818 ], [ 84.273143531754613, 28.551724199205637, 2645.4 ], [ 84.273043032735586, 28.551682624965903, 2645.4 ], [ 84.272975893691182, 28.551653036847711, 2645.4 ], [ 84.272965248674154, 28.551648175343871, 2645.4 ], [ 84.272940941154957, 28.551637949421998, 2645.4 ], [ 84.272953262552619, 28.551633171737191, 2645.199999999999818 ], [ 84.272949155420065, 28.551622359082103, 2645.199999999999818 ], [ 84.272935576736927, 28.551625879481435, 2644.800000000000182 ], [ 84.27293281070888, 28.551628142595291, 2644.800000000000182 ], [ 84.272953094914556, 28.551640883088112, 2644.6 ], [ 84.27292350679636, 28.55164373293519, 2644.0 ], [ 84.27291814237833, 28.551642224192619, 2644.0 ], [ 84.27282040938735, 28.55165152810514, 2643.6 ], [ 84.27276911213994, 28.551649684086438, 2642.800000000000182 ], [ 84.272721419110894, 28.551667621359229, 2641.6 ], [ 84.272695016115904, 28.551680780947208, 2641.199999999999818 ], [ 84.272671546787024, 28.551692180335522, 2640.800000000000182 ], [ 84.272614466026425, 28.551730904728178, 2639.800000000000182 ], [ 84.272590996697545, 28.551741549745199, 2639.4 ], [ 84.272532574832439, 28.551756553351879, 2638.6 ], [ 84.272511284798384, 28.551759403198957, 2638.6 ], [ 84.27248471416533, 28.55176636017859, 2638.4 ], [ 84.272456634789705, 28.551774742081761, 2638.4 ], [ 84.272391842678189, 28.551785554736853, 2637.800000000000182 ], [ 84.272379102185369, 28.551787985488772, 2637.6 ], [ 84.272366194054484, 28.551787985488772, 2637.4 ], [ 84.272280111908913, 28.551784800365567, 2636.6 ], [ 84.272192269563675, 28.551762336865067, 2635.6 ], [ 84.272181624546647, 28.551758313551545, 2635.4 ], [ 84.272105768322945, 28.551722439005971, 2634.4 ], [ 84.272095374763012, 28.551717242226005, 2634.199999999999818 ], [ 84.272029157727957, 28.551695281639695, 2633.199999999999818 ], [ 84.271999234333634, 28.551686145365242, 2632.800000000000182 ], [ 84.271952882409096, 28.551677092909813, 2632.199999999999818 ], [ 84.27190326154232, 28.551675081253052, 2631.800000000000182 ], [ 84.271840313449502, 28.55167499743402, 2631.199999999999818 ], [ 84.271804103627801, 28.551677595824003, 2630.800000000000182 ], [ 84.271743251010776, 28.551675332710147, 2630.0 ], [ 84.271675609052181, 28.551668794825673, 2629.199999999999818 ], [ 84.271653480827808, 28.551665609702468, 2629.199999999999818 ], [ 84.271628418937325, 28.551651947200298, 2629.199999999999818 ], [ 84.271604111418128, 28.551636021584272, 2629.199999999999818 ], [ 84.271472180262208, 28.551603918895125, 2629.199999999999818 ], [ 84.271411914378405, 28.551593273878098, 2629.199999999999818 ], [ 84.271327005699277, 28.551589082926512, 2629.199999999999818 ], [ 84.271256430074573, 28.551553292199969, 2629.199999999999818 ], [ 84.271231619641185, 28.551533007994298, 2629.4 ], [ 84.271193230524659, 28.551505096256733, 2629.6 ], [ 84.271167162805796, 28.551481710746884, 2629.800000000000182 ], [ 84.271173700690269, 28.551489003002644, 2629.800000000000182 ], [ 84.271173533052206, 28.551488248631362, 2630.0 ], [ 84.271118715405464, 28.551466288045049, 2630.0 ], [ 84.27100757136941, 28.551407279446721, 2630.0 ], [ 84.27091084420681, 28.55138330720365, 2630.4 ], [ 84.270818224176764, 28.551375009119511, 2630.4 ], [ 84.270707666873932, 28.551364531740543, 2630.4 ], [ 84.270586045458913, 28.551362855359912, 2630.4 ], [ 84.270477332174778, 28.551379283890128, 2630.4 ], [ 84.270472638309002, 28.551385654136539, 2630.4 ], [ 84.27047255448997, 28.551383810117841, 2630.4 ], [ 84.27046861499548, 28.551366711035371, 2630.4 ], [ 84.270471213385463, 28.55136469937861, 2630.4 ], [ 84.270444391295314, 28.551364447921515, 2630.4 ], [ 84.270435003563762, 28.551365537568927, 2630.4 ], [ 84.270427711308002, 28.551367130130529, 2630.4 ], [ 84.270403487607837, 28.551376601681113, 2630.4 ], [ 84.27032059058547, 28.551388420164585, 2631.0 ], [ 84.27021749317646, 28.551399484276772, 2631.800000000000182 ], [ 84.270134763792157, 28.551399065181613, 2632.0 ], [ 84.270108276978135, 28.551394706591964, 2632.199999999999818 ], [ 84.270058237016201, 28.551384145393968, 2632.800000000000182 ], [ 84.270042981952429, 28.55138473212719, 2633.0 ], [ 84.270012471824884, 28.551380457356572, 2633.6 ], [ 84.269976932555437, 28.551379283890128, 2634.199999999999818 ], [ 84.269890766590834, 28.551355814561248, 2635.4 ], [ 84.269822034984827, 28.55132807046175, 2636.4 ], [ 84.269811054691672, 28.551324885338545, 2636.4 ], [ 84.269691025838256, 28.551304433494806, 2636.4 ], [ 84.269667053595185, 28.551298063248396, 2636.4 ], [ 84.269644254818559, 28.551287921145558, 2636.4 ], [ 84.269599495455623, 28.551274091005325, 2636.4 ], [ 84.269469827413559, 28.551220698282123, 2636.0 ], [ 84.269377458840609, 28.551170825958252, 2635.4 ], [ 84.26936530508101, 28.551165629178289, 2635.4 ], [ 84.269352648407221, 28.55116194114089, 2635.199999999999818 ], [ 84.269241252914071, 28.551133275032043, 2634.800000000000182 ], [ 84.269145950675011, 28.551104608923197, 2634.199999999999818 ], [ 84.269123068079352, 28.551098154857755, 2634.199999999999818 ], [ 84.269090127199888, 28.551088515669107, 2633.800000000000182 ], [ 84.26901787519455, 28.551073763519529, 2633.6 ], [ 84.269006894901395, 28.55107300914824, 2633.4 ], [ 84.268994154408574, 28.551071416586637, 2633.199999999999818 ], [ 84.26889474503696, 28.551057334989309, 2632.0 ], [ 84.268867168575525, 28.551052808761597, 2631.6 ], [ 84.268823331221938, 28.551043421030045, 2631.0 ], [ 84.268760131672025, 28.55102883651853, 2630.199999999999818 ], [ 84.268717970699072, 28.551020454615355, 2629.800000000000182 ], [ 84.26866801455617, 28.551018610596657, 2629.6 ], [ 84.268593667075038, 28.551010144874457, 2628.6 ], [ 84.268569778650999, 28.551001427695155, 2628.4 ], [ 84.268529545515776, 28.550987262278795, 2627.6 ], [ 84.268469028174877, 28.550959853455424, 2626.6 ], [ 84.268443547189236, 28.550952980294824, 2626.199999999999818 ], [ 84.268413875252008, 28.550942167639732, 2625.6 ], [ 84.268366266041994, 28.550925655290484, 2624.4 ], [ 84.26836165599525, 28.550922889262441, 2624.199999999999818 ], [ 84.268324775621295, 28.550913669168949, 2623.4 ], [ 84.268279764801264, 28.550903610885143, 2622.6 ], [ 84.268266269937158, 28.550898665562272, 2622.199999999999818 ], [ 84.268251685425639, 28.550892882049084, 2622.0 ], [ 84.268188234418631, 28.550873687490821, 2621.199999999999818 ], [ 84.268118748441339, 28.550865389406681, 2620.4 ], [ 84.268094608560205, 28.550858683884144, 2620.199999999999818 ], [ 84.26798882894218, 28.550843009725213, 2620.0 ], [ 84.267857484519482, 28.550834208726883, 2620.0 ], [ 84.267756063491106, 28.55081794783473, 2619.199999999999818 ], [ 84.267744915559888, 28.550813086330891, 2619.0 ], [ 84.267668891698122, 28.550787856802344, 2618.0 ], [ 84.267644751816988, 28.550782324746251, 2617.6 ], [ 84.267575684934855, 28.550776960328221, 2616.800000000000182 ], [ 84.267552634701133, 28.550776373594999, 2616.6 ], [ 84.267501085996628, 28.550752988085151, 2616.4 ], [ 84.26748214289546, 28.550714766606688, 2616.4 ], [ 84.267485998570919, 28.550696494057775, 2616.4 ], [ 84.267497817054391, 28.55067671276629, 2616.199999999999818 ], [ 84.267497649416327, 28.55067671276629, 2616.0 ], [ 84.267497649416327, 28.55067671276629, 2616.0 ], [ 84.267472000792623, 28.550666738301516, 2616.0 ], [ 84.267484657466412, 28.550662379711863, 2615.800000000000182 ], [ 84.267469486221671, 28.550667073577639, 2615.800000000000182 ], [ 84.267476107925177, 28.550673611462116, 2615.800000000000182 ], [ 84.267460769042373, 28.550657602027059, 2615.6 ], [ 84.267446771264076, 28.55067084543407, 2615.6 ], [ 84.26745624281466, 28.550673946738243, 2615.199999999999818 ], [ 84.267451968044043, 28.550664810463783, 2615.0 ], [ 84.267421457916498, 28.550667241215702, 2615.0 ], [ 84.26736387424171, 28.550662128254771, 2614.800000000000182 ], [ 84.267250886186957, 28.550654919818044, 2614.800000000000182 ], [ 84.267203779891133, 28.550643352791667, 2614.800000000000182 ], [ 84.267200594767928, 28.550642598420382, 2614.800000000000182 ], [ 84.267186764627695, 28.550647208467129, 2614.800000000000182 ], [ 84.267070842906833, 28.550645532086492, 2615.0 ], [ 84.266965985298157, 28.550636060535908, 2615.0 ], [ 84.266902785748243, 28.550624325871468, 2615.4 ], [ 84.266792563721538, 28.550602616742253, 2615.6 ], [ 84.266721149906516, 28.550570597872134, 2615.6 ], [ 84.26669935695827, 28.550563054159284, 2615.6 ], [ 84.266657279804349, 28.550542602315545, 2615.6 ], [ 84.26656499505043, 28.550535645335913, 2615.6 ], [ 84.266496766358614, 28.550546374171972, 2615.800000000000182 ], [ 84.266434488818049, 28.55055894702673, 2615.800000000000182 ], [ 84.266331559047103, 28.550573866814375, 2616.199999999999818 ], [ 84.266267605125904, 28.55058191344142, 2616.6 ], [ 84.266228377819061, 28.550589373335239, 2616.800000000000182 ], [ 84.266195856034756, 28.55060362257063, 2617.4 ], [ 84.266089573502541, 28.55063715018332, 2617.6 ], [ 84.266087897121906, 28.550636982545257, 2617.6 ], [ 84.266107343137264, 28.550635976716876, 2618.0 ], [ 84.266114886850119, 28.55063664726913, 2618.199999999999818 ], [ 84.266074821352959, 28.550647962838411, 2618.199999999999818 ], [ 84.265944063663483, 28.55067134834826, 2618.6 ], [ 84.265831410884857, 28.550700852647424, 2618.800000000000182 ], [ 84.265728816390038, 28.55071971192956, 2619.0 ], [ 84.265710292384028, 28.550709150731564, 2619.0 ], [ 84.265707358717918, 28.550723819062114, 2619.199999999999818 ], [ 84.265632592141628, 28.550730189308524, 2619.4 ], [ 84.265601998195052, 28.550697164610028, 2619.800000000000182 ], [ 84.265572326257825, 28.550687022507191, 2619.800000000000182 ], [ 84.265584731474519, 28.550699595361948, 2619.800000000000182 ], [ 84.265578277409077, 28.550714012235403, 2619.800000000000182 ], [ 84.265634771436453, 28.550698505714536, 2619.800000000000182 ], [ 84.26566100679338, 28.550688782706857, 2619.800000000000182 ], [ 84.265670226886868, 28.550697164610028, 2619.4 ], [ 84.26565321162343, 28.550712252035737, 2619.4 ], [ 84.265663269907236, 28.550698421895504, 2619.4 ], [ 84.265632005408406, 28.55070797726512, 2619.4 ], [ 84.265639632940292, 28.55068945325911, 2619.199999999999818 ], [ 84.265615995973349, 28.550715101882815, 2617.4 ], [ 84.265621779486537, 28.550723316147923, 2617.199999999999818 ], [ 84.265605686232448, 28.550768075510859, 2617.199999999999818 ], [ 84.265599399805069, 28.550774110481143, 2617.199999999999818 ], [ 84.265499990433455, 28.550795065239072, 2617.199999999999818 ], [ 84.265370992943645, 28.550822474062443, 2617.199999999999818 ], [ 84.265265883877873, 28.550840998068452, 2617.199999999999818 ], [ 84.265220789238811, 28.55084334500134, 2617.4 ], [ 84.265131941065192, 28.550845608115196, 2617.6 ], [ 84.265073603019118, 28.550839656963944, 2617.6 ], [ 84.265057006850839, 28.550847116857767, 2617.6 ], [ 84.264962207525969, 28.550884500145912, 2618.0 ], [ 84.26483228802681, 28.550903191789985, 2618.0 ], [ 84.264701530337334, 28.550917357206345, 2618.0 ], [ 84.264596588909626, 28.550917357206345, 2618.0 ], [ 84.264528527855873, 28.550924314185977, 2618.0 ], [ 84.264478990808129, 28.550928002223372, 2618.0 ], [ 84.264362482354045, 28.550909981131554, 2618.0 ], [ 84.264254439622164, 28.550892462953925, 2617.4 ], [ 84.264241363853216, 28.550889613106847, 2617.199999999999818 ], [ 84.264170117676258, 28.5508834104985, 2616.199999999999818 ], [ 84.264125190675259, 28.550877710804343, 2616.0 ], [ 84.264034163206816, 28.550886092707515, 2616.0 ], [ 84.263937352225184, 28.550906712189317, 2615.6 ], [ 84.263856131583452, 28.550900844857097, 2615.6 ], [ 84.263863004744053, 28.550899671390653, 2615.4 ], [ 84.2638433072716, 28.550899419933561, 2615.4 ], [ 84.263843391090631, 28.550899503752589, 2615.199999999999818 ], [ 84.263839451596141, 28.550902185961604, 2615.199999999999818 ], [ 84.263826962560415, 28.550911657512188, 2615.199999999999818 ], [ 84.263717662543058, 28.550929427146912, 2614.800000000000182 ], [ 84.26360534504056, 28.550988016650081, 2614.800000000000182 ], [ 84.263535942882299, 28.551018023863435, 2614.6 ], [ 84.263497218489647, 28.551026489585642, 2614.6 ], [ 84.263443993404508, 28.551032524555922, 2614.199999999999818 ], [ 84.263378446921706, 28.551042415201664, 2613.800000000000182 ], [ 84.263300411403179, 28.551046103239059, 2613.199999999999818 ], [ 84.263286581262946, 28.551046354696155, 2613.0 ], [ 84.263237630948424, 28.551056077703834, 2613.0 ], [ 84.263138053938746, 28.551079798489809, 2613.0 ], [ 84.263006709516048, 28.551107291132212, 2613.0 ], [ 84.26289439201355, 28.551109805703163, 2612.800000000000182 ], [ 84.262790540233254, 28.55112774297595, 2612.800000000000182 ], [ 84.262662967666984, 28.551161270588636, 2612.800000000000182 ], [ 84.262560540810227, 28.551191780716181, 2612.199999999999818 ], [ 84.262489378452301, 28.551234360784292, 2612.199999999999818 ], [ 84.262454174458981, 28.551252968609333, 2612.199999999999818 ], [ 84.262348897755146, 28.551276102662086, 2612.199999999999818 ], [ 84.262279830873013, 28.551287250593305, 2612.199999999999818 ], [ 84.262261223047972, 28.551291525363919, 2612.199999999999818 ], [ 84.262233562767506, 28.551296889781952, 2612.0 ], [ 84.262231551110744, 28.551296973600984, 2612.0 ], [ 84.262241944670677, 28.551331171765924, 2612.0 ], [ 84.262167429551482, 28.551333602517843, 2612.0 ], [ 84.262135326862335, 28.5513202752918, 2611.800000000000182 ], [ 84.262073803693056, 28.55126260779798, 2611.800000000000182 ], [ 84.262071792036295, 28.551291273906827, 2611.800000000000182 ], [ 84.262065421789885, 28.551307953894138, 2611.0 ], [ 84.262042036280036, 28.55131633579731, 2611.0 ], [ 84.261938771232963, 28.551345253363252, 2610.800000000000182 ], [ 84.261824190616608, 28.551394958049059, 2610.800000000000182 ], [ 84.261724865064025, 28.551415996626019, 2610.800000000000182 ], [ 84.261650517582893, 28.551452793180943, 2610.800000000000182 ], [ 84.261572817340493, 28.55148590169847, 2610.800000000000182 ], [ 84.261484304443002, 28.55151766911149, 2610.800000000000182 ], [ 84.261355893686414, 28.551540216431022, 2611.4 ], [ 84.261294873431325, 28.551567289978266, 2611.6 ], [ 84.261222202330828, 28.551592687144876, 2612.0 ], [ 84.261189009994268, 28.551607187837359, 2612.199999999999818 ], [ 84.261079374700785, 28.551656054332852, 2612.800000000000182 ], [ 84.26105179823935, 28.551669549196959, 2613.0 ], [ 84.261021288111806, 28.551690168678761, 2613.199999999999818 ], [ 84.260996980592608, 28.55170919559896, 2613.199999999999818 ], [ 84.26089296117425, 28.551762169227004, 2613.800000000000182 ], [ 84.26085289567709, 28.551786979660392, 2614.0 ], [ 84.26079623401165, 28.551821513101459, 2614.4 ], [ 84.260688694193959, 28.551858309656382, 2614.800000000000182 ], [ 84.260608730837703, 28.551901644095778, 2614.800000000000182 ], [ 84.260578975081444, 28.551906757056713, 2615.0 ], [ 84.260571515187621, 28.55191002599895, 2615.0 ], [ 84.260505381971598, 28.551939027383924, 2615.199999999999818 ], [ 84.260440422222018, 28.551960317417979, 2615.4 ], [ 84.260438326746225, 28.551960987970233, 2615.6 ], [ 84.26042047329247, 28.5519696213305, 2615.6 ], [ 84.260371690616012, 28.551981188356876, 2615.6 ], [ 84.260243028402328, 28.551998203620315, 2615.800000000000182 ], [ 84.260129285976291, 28.552021002396941, 2616.0 ], [ 84.260043203830719, 28.552037598565221, 2616.199999999999818 ], [ 84.260009173303843, 28.552040196955204, 2616.199999999999818 ], [ 84.259970365092158, 28.552050003781915, 2616.4 ], [ 84.259946225211024, 28.552054027095437, 2616.4 ], [ 84.259929545223713, 28.552056709304452, 2616.6 ], [ 84.259845893830061, 28.552086548879743, 2617.0 ], [ 84.259807085618377, 28.552100630477071, 2617.199999999999818 ], [ 84.259740449488163, 28.552125440910459, 2617.4 ], [ 84.259620755910873, 28.552172044292092, 2617.6 ], [ 84.25961279310286, 28.552184952422976, 2617.6 ], [ 84.259613128378987, 28.55218319222331, 2617.6 ], [ 84.259564261883497, 28.552191909402609, 2617.6 ], [ 84.259436940774322, 28.552230885252357, 2618.199999999999818 ], [ 84.259338369593024, 28.552275644615293, 2619.0 ], [ 84.259318169206381, 28.552287463098764, 2619.199999999999818 ], [ 84.259315486997366, 28.552287463098764, 2619.199999999999818 ], [ 84.259297214448452, 28.552292408421636, 2619.6 ], [ 84.259275002405047, 28.552299868315458, 2619.800000000000182 ], [ 84.259251030161977, 28.552304897457361, 2620.4 ], [ 84.259210713207722, 28.552324930205941, 2621.199999999999818 ], [ 84.259194871410728, 28.552329204976559, 2621.4 ], [ 84.259151369333267, 28.552346974611279, 2622.4 ], [ 84.25914223305881, 28.552352087572217, 2622.4 ], [ 84.259134856984019, 28.552365750074387, 2622.4 ], [ 84.259134856984019, 28.552365750074387, 2622.6 ], [ 84.259134856984019, 28.552365750074387, 2622.6 ], [ 84.25910459831357, 28.552365833893418, 2622.6 ], [ 84.259028322994709, 28.552379328757524, 2623.4 ], [ 84.259019438177347, 28.552381591871381, 2623.4 ], [ 84.258945006877184, 28.552405564114451, 2624.6 ], [ 84.258934026584029, 28.552411599084735, 2624.6 ], [ 84.258863786235452, 28.552435487508777, 2625.6 ], [ 84.258852889761329, 28.552439091727138, 2625.6 ], [ 84.258790779858828, 28.552487539127469, 2625.800000000000182 ], [ 84.258798658847809, 28.552471864968538, 2625.800000000000182 ], [ 84.258753061294556, 28.552441606298089, 2626.0 ], [ 84.258723892271519, 28.552454598248005, 2626.0 ], [ 84.258721293881536, 28.552464488893747, 2626.199999999999818 ], [ 84.258710648864508, 28.552478654310107, 2626.199999999999818 ], [ 84.25870880484581, 28.552481671795249, 2626.4 ], [ 84.258693801239133, 28.552487622946501, 2626.199999999999818 ], [ 84.258699333295226, 28.552491562440991, 2626.199999999999818 ], [ 84.258712911978364, 28.552496004849672, 2626.4 ], [ 84.258726071566343, 28.552499189972881, 2626.4 ], [ 84.258752390742302, 28.552486198022962, 2626.4 ], [ 84.258813075721264, 28.552482174709439, 2626.4 ], [ 84.258803855627775, 28.552490221336484, 2626.199999999999818 ], [ 84.258807962760329, 28.552483348175883, 2626.199999999999818 ], [ 84.25888130441308, 28.552469182759523, 2626.199999999999818 ], [ 84.258878203108907, 28.552484856918458, 2626.199999999999818 ], [ 84.258884824812412, 28.552487203851346, 2626.199999999999818 ], [ 84.258892619982362, 28.552482426166534, 2626.199999999999818 ], [ 84.25890083424747, 28.552480163052682, 2626.199999999999818 ], [ 84.258907875046134, 28.552471194416285, 2626.199999999999818 ], [ 84.25890913233161, 28.552468009293079, 2626.199999999999818 ], [ 84.258906869217753, 28.552466668188572, 2626.199999999999818 ], [ 84.258904019370675, 28.552465746179223, 2626.199999999999818 ], [ 84.258779464289546, 28.552452921867371, 2626.199999999999818 ], [ 84.258771166205406, 28.552450239658356, 2626.199999999999818 ], [ 84.258713833987713, 28.552397266030312, 2626.199999999999818 ], [ 84.258655663579702, 28.552337251603603, 2626.0 ], [ 84.258649544790387, 28.552329456433657, 2625.800000000000182 ], [ 84.258645856752992, 28.552326271310449, 2625.800000000000182 ], [ 84.25861400552094, 28.552284194156528, 2625.4 ], [ 84.258569497615099, 28.552230130881071, 2624.6 ], [ 84.258548961952329, 28.552197106182575, 2623.800000000000182 ], [ 84.258532868698239, 28.552174642682076, 2623.4 ], [ 84.258494479581714, 28.552117813378572, 2622.199999999999818 ], [ 84.258484924212098, 28.552106078714132, 2622.0 ], [ 84.258430441841483, 28.55206785723567, 2621.199999999999818 ], [ 84.258403871208429, 28.55204489082098, 2620.800000000000182 ], [ 84.258327260613441, 28.551993761211634, 2620.199999999999818 ], [ 84.258313346654177, 28.551985630765557, 2620.0 ], [ 84.258228857070208, 28.551925029605627, 2619.0 ], [ 84.258169597014785, 28.551853783428669, 2617.6 ], [ 84.258154509589076, 28.55183333158493, 2617.6 ], [ 84.25810731947422, 28.551754122599959, 2616.800000000000182 ], [ 84.258078150451183, 28.551723025739193, 2616.4 ], [ 84.258023081347346, 28.551663430407643, 2615.6 ], [ 84.258020482957363, 28.55165739543736, 2615.6 ], [ 84.258003551512957, 28.551639541983604, 2615.6 ], [ 84.257998773828149, 28.551641888916492, 2615.6 ], [ 84.257991565391421, 28.551619928330183, 2615.6 ], [ 84.257988128811121, 28.551606936380267, 2615.6 ], [ 84.257952002808452, 28.551544407382607, 2615.0 ], [ 84.257924510166049, 28.551512556150556, 2614.6 ], [ 84.257894000038505, 28.551479112356901, 2614.199999999999818 ], [ 84.257859634235501, 28.551440220326185, 2613.4 ], [ 84.257821496576071, 28.551394874230027, 2612.4 ], [ 84.257747903466225, 28.551320023834705, 2611.199999999999818 ], [ 84.257629131898284, 28.551276605576277, 2611.199999999999818 ], [ 84.257526956498623, 28.551257830113173, 2611.199999999999818 ], [ 84.257469875738025, 28.55125674046576, 2611.199999999999818 ], [ 84.257368203252554, 28.551271744072437, 2611.199999999999818 ], [ 84.257311038672924, 28.55128850787878, 2611.199999999999818 ], [ 84.257268458604813, 28.551294459030032, 2612.0 ], [ 84.257256304845214, 28.551293285563588, 2612.4 ], [ 84.257190926000476, 28.551296554505825, 2613.199999999999818 ], [ 84.257168965414166, 28.551290519535542, 2613.4 ], [ 84.25711783580482, 28.551285322755575, 2614.199999999999818 ], [ 84.257069053128362, 28.551273252815008, 2614.4 ], [ 84.257044326514006, 28.551271995529532, 2614.4 ], [ 84.257034854963422, 28.551270989701152, 2614.6 ], [ 84.256992945447564, 28.551264787092805, 2615.199999999999818 ], [ 84.256957322359085, 28.551257159560919, 2615.6 ], [ 84.25686864182353, 28.551240647211671, 2616.6 ], [ 84.256815584376454, 28.551221955567598, 2617.199999999999818 ], [ 84.256789768114686, 28.551216926425695, 2617.6 ], [ 84.256782559677958, 28.551215752959251, 2617.6 ], [ 84.256770825013518, 28.551213489845395, 2617.6 ], [ 84.256680635735393, 28.551197648048401, 2618.6 ], [ 84.256658758968115, 28.551193960011005, 2619.0 ], [ 84.256619028747082, 28.551188679412007, 2619.6 ], [ 84.256556583568454, 28.551187003031373, 2620.4 ], [ 84.256537053734064, 28.551186416298151, 2620.800000000000182 ], [ 84.256481565535069, 28.551159342750907, 2621.800000000000182 ], [ 84.256419958546758, 28.55112430639565, 2622.800000000000182 ], [ 84.256404787302017, 28.551118690520525, 2623.199999999999818 ], [ 84.256360530853271, 28.551106201484799, 2623.4 ], [ 84.256336223334074, 28.551096059381958, 2624.0 ], [ 84.256253829225898, 28.551058676093817, 2625.0 ], [ 84.25618895329535, 28.551026741042733, 2625.199999999999818 ], [ 84.256165232509375, 28.551015676930547, 2625.4 ], [ 84.256063057109714, 28.550980892032385, 2625.4 ], [ 84.256064733490348, 28.550980472937223, 2625.4 ], [ 84.256064733490348, 28.550980472937223, 2625.4 ], [ 84.256000947207212, 28.550964379683137, 2625.4 ], [ 84.255916206166148, 28.55094644241035, 2625.4 ], [ 84.255765834823251, 28.550939988344908, 2625.4 ], [ 84.255633065477014, 28.550930265337229, 2625.6 ], [ 84.255504654720426, 28.55091760866344, 2626.0 ], [ 84.255494261160493, 28.550916602835059, 2626.4 ], [ 84.255420165136456, 28.55091174133122, 2627.0 ], [ 84.255386972799897, 28.550911657512188, 2627.4 ], [ 84.255305165424943, 28.550916938111182, 2627.800000000000182 ], [ 84.255217825993896, 28.550939569249749, 2628.4 ], [ 84.255098886787891, 28.550961865112185, 2629.4 ], [ 84.254994029179215, 28.550997488200665, 2630.199999999999818 ], [ 84.254915993660688, 28.551021376624703, 2630.6 ], [ 84.254888417199254, 28.55102657340467, 2630.6 ], [ 84.254781799390912, 28.551030093803998, 2631.199999999999818 ], [ 84.25475581549108, 28.551025483757257, 2631.6 ], [ 84.254693118855357, 28.550994386896491, 2632.199999999999818 ], [ 84.254651628434658, 28.550920961424708, 2632.199999999999818 ], [ 84.254612987861037, 28.550847619771957, 2632.6 ], [ 84.254593960940838, 28.5508316103369, 2632.6 ], [ 84.254514081403613, 28.550787772983313, 2632.800000000000182 ], [ 84.254469154402614, 28.5507798101753, 2633.0 ], [ 84.254445349797606, 28.550795651972297, 2633.0 ], [ 84.254438728094101, 28.550802441313863, 2633.199999999999818 ], [ 84.254374355077744, 28.55087217874825, 2633.4 ], [ 84.254301432520151, 28.550907466560599, 2633.4 ], [ 84.254268743097782, 28.550916519016027, 2633.800000000000182 ], [ 84.254217194393277, 28.550931271165609, 2634.4 ], [ 84.254194060340524, 28.550934959203005, 2634.800000000000182 ], [ 84.254149300977588, 28.550932696089149, 2635.4 ], [ 84.254114599898458, 28.550929510965943, 2636.0 ], [ 84.254067242145538, 28.550921129062772, 2636.800000000000182 ], [ 84.254031451418996, 28.550905538722873, 2637.0 ], [ 84.25395785830915, 28.550889948382977, 2637.6 ], [ 84.253841266036034, 28.550843177363276, 2637.800000000000182 ], [ 84.253752334043384, 28.550829095765948, 2638.199999999999818 ], [ 84.253730792552233, 28.55082624591887, 2638.199999999999818 ], [ 84.253633059561253, 28.550807051360607, 2638.6 ], [ 84.253516718745232, 28.550780732184649, 2638.6 ], [ 84.253426110371947, 28.550738822668791, 2638.800000000000182 ], [ 84.253396689891815, 28.550731865689158, 2639.199999999999818 ], [ 84.253320749849081, 28.550718622282147, 2639.800000000000182 ], [ 84.25327280536294, 28.550709150731564, 2640.4 ], [ 84.253214886412024, 28.550702193751931, 2641.0 ], [ 84.253166439011693, 28.550706719979644, 2641.4 ], [ 84.253119332715869, 28.550722561776642, 2642.0 ], [ 84.253032580018044, 28.550737565383315, 2642.4 ], [ 84.253001566976309, 28.550737481564283, 2642.6 ], [ 84.252907186746597, 28.550736978650093, 2642.800000000000182 ], [ 84.252825630828738, 28.550712671130896, 2642.800000000000182 ], [ 84.252782380208373, 28.550718119367957, 2642.800000000000182 ], [ 84.252756144851446, 28.55071485042572, 2642.800000000000182 ], [ 84.252688586711884, 28.550684424117208, 2642.800000000000182 ], [ 84.252607868984342, 28.55062348768115, 2642.800000000000182 ], [ 84.252518601715565, 28.550584260374308, 2642.800000000000182 ], [ 84.252422712743282, 28.550552073866129, 2642.800000000000182 ], [ 84.25242648459971, 28.550561796873808, 2643.199999999999818 ], [ 84.252428663894534, 28.550563724711537, 2643.199999999999818 ], [ 84.252387089654803, 28.550557941198349, 2643.199999999999818 ], [ 84.252357752993703, 28.550519049167633, 2643.4 ], [ 84.252289356663823, 28.55047445744276, 2643.4 ], [ 84.252264881506562, 28.55046465061605, 2643.4 ], [ 84.252175698056817, 28.550442354753613, 2643.6 ], [ 84.252096991986036, 28.550393991172314, 2643.6 ], [ 84.252029098570347, 28.550335569307208, 2643.800000000000182 ], [ 84.251955170184374, 28.550314782187343, 2644.0 ], [ 84.251887947320938, 28.550277482718229, 2644.4 ], [ 84.251881996169686, 28.550269855186343, 2644.6 ], [ 84.251831285655499, 28.550230711698532, 2645.199999999999818 ], [ 84.251815192401409, 28.550214534625411, 2645.6 ], [ 84.251785352826118, 28.550192322582006, 2645.800000000000182 ], [ 84.251729948446155, 28.550157286226749, 2646.4 ], [ 84.251707484945655, 28.55014312081039, 2646.6 ], [ 84.251674376428127, 28.550109509378672, 2647.6 ], [ 84.2516222409904, 28.55009282939136, 2647.6 ], [ 84.251601453870535, 28.550084447488189, 2647.800000000000182 ], [ 84.251551246270537, 28.550064666196704, 2648.4 ], [ 84.251451920717955, 28.55003759264946, 2648.800000000000182 ], [ 84.251350332051516, 28.550004903227091, 2649.0 ], [ 84.251259723678231, 28.54999853298068, 2649.199999999999818 ], [ 84.251156458631158, 28.549969447776675, 2649.199999999999818 ], [ 84.251037938520312, 28.549924353137612, 2649.199999999999818 ], [ 84.250938445329666, 28.549885880202055, 2649.199999999999818 ], [ 84.250856218859553, 28.549855453893542, 2649.6 ], [ 84.250805927440524, 28.549834918230772, 2650.0 ], [ 84.250744907185435, 28.549804324284196, 2650.199999999999818 ], [ 84.250737866386771, 28.549795523285862, 2650.4 ], [ 84.250690760090947, 28.549784291535616, 2650.4 ], [ 84.250629488378763, 28.549754032865167, 2650.4 ], [ 84.250585064291954, 28.549740957096219, 2650.4 ], [ 84.250436285510659, 28.549700221046805, 2650.4 ], [ 84.250346515327692, 28.549678428098559, 2650.4 ], [ 84.250235538929701, 28.549655042588711, 2650.199999999999818 ], [ 84.250176697969437, 28.549646493047476, 2650.0 ], [ 84.250088604167104, 28.54963693767786, 2649.6 ], [ 84.250006712973118, 28.549614222720265, 2649.0 ], [ 84.249957930296659, 28.549609528854489, 2648.800000000000182 ], [ 84.249864472076297, 28.549584047868848, 2648.800000000000182 ], [ 84.249803032726049, 28.549583796411753, 2648.800000000000182 ], [ 84.249647967517376, 28.549577929079533, 2648.800000000000182 ], [ 84.249549815431237, 28.549585305154324, 2648.800000000000182 ], [ 84.249446969479322, 28.549633584916592, 2648.800000000000182 ], [ 84.249355774372816, 28.549678428098559, 2648.800000000000182 ], [ 84.249332221224904, 28.549691336229444, 2649.0 ], [ 84.24927631393075, 28.549722600728273, 2649.199999999999818 ], [ 84.249238008633256, 28.549744728952646, 2649.4 ], [ 84.24918444827199, 28.549766102805737, 2649.800000000000182 ], [ 84.249079674482346, 28.549803905189037, 2649.800000000000182 ], [ 84.248993843793869, 28.549836678430442, 2649.800000000000182 ], [ 84.248986048623919, 28.549840031191707, 2650.0 ], [ 84.24896752461791, 28.549851346760988, 2650.0 ], [ 84.248881777748466, 28.549912702292204, 2650.0 ], [ 84.248872054740787, 28.549928879365325, 2650.0 ], [ 84.24879502505064, 28.549946062266827, 2650.199999999999818 ], [ 84.248698633164167, 28.549978667870164, 2650.6 ], [ 84.248671475797892, 28.549988223239779, 2651.0 ], [ 84.248639792203903, 28.550012446939945, 2651.4 ], [ 84.248663261532784, 28.550020158290863, 2651.4 ], [ 84.248663429170847, 28.550029126927257, 2651.6 ], [ 84.248659992590547, 28.550035413354635, 2651.6 ], [ 84.248647000640631, 28.550034826621413, 2651.800000000000182 ], [ 84.248618502169847, 28.550049243494868, 2651.800000000000182 ], [ 84.248562594875693, 28.550066677853465, 2652.0 ], [ 84.248549854382873, 28.550063828006387, 2652.199999999999818 ], [ 84.24853065982461, 28.55004882439971, 2652.6 ], [ 84.24852529540658, 28.55004153214395, 2652.6 ], [ 84.248469220474362, 28.550092158839107, 2653.6 ], [ 84.248467292636633, 28.550095846876506, 2653.6 ], [ 84.248467879369855, 28.550110179930925, 2653.6 ], [ 84.2484793625772, 28.550131805241108, 2653.6 ], [ 84.248472489416599, 28.550125602632761, 2653.6 ], [ 84.248452708125114, 28.550108671188351, 2653.6 ], [ 84.24843586049974, 28.550092158839107, 2653.199999999999818 ], [ 84.248460335657001, 28.550110263749957, 2653.199999999999818 ], [ 84.248460335657001, 28.550110263749957, 2653.0 ], [ 84.248460335657001, 28.550110263749957, 2653.0 ], [ 84.248433094471693, 28.550095008686185, 2653.0 ], [ 84.248302252963185, 28.550059637054801, 2653.0 ], [ 84.248189348727465, 28.55006885714829, 2653.0 ], [ 84.24809287302196, 28.550084196031097, 2653.0 ], [ 84.247979214414954, 28.55008109472692, 2653.6 ], [ 84.247898580506444, 28.550065252929929, 2654.4 ], [ 84.247888019308448, 28.550063408911228, 2654.6 ], [ 84.247841080650687, 28.550059469416738, 2655.199999999999818 ], [ 84.247816102579236, 28.550057709217072, 2655.199999999999818 ], [ 84.247780730947852, 28.550065504387021, 2655.800000000000182 ], [ 84.247725242748857, 28.550074975937605, 2656.199999999999818 ], [ 84.247666066512465, 28.550079753622413, 2656.4 ], [ 84.247570680454373, 28.55008302256465, 2656.6 ], [ 84.247489040717483, 28.550083190202713, 2656.800000000000182 ], [ 84.247478730976582, 28.550084615126252, 2656.800000000000182 ], [ 84.247389631345868, 28.550089141353965, 2657.0 ], [ 84.247287875041366, 28.550091655924916, 2657.4 ], [ 84.24722115509212, 28.550091991201043, 2657.800000000000182 ], [ 84.247158793732524, 28.550101295113564, 2658.199999999999818 ], [ 84.247033149003983, 28.550096265971661, 2658.6 ], [ 84.24693969078362, 28.550089057534933, 2658.800000000000182 ], [ 84.246929213404655, 28.550088470801711, 2658.800000000000182 ], [ 84.246914461255074, 28.550088303163648, 2658.800000000000182 ], [ 84.24682879820466, 28.550085620954633, 2659.199999999999818 ], [ 84.246734501793981, 28.550081681460146, 2659.800000000000182 ], [ 84.24671832472086, 28.550079837441444, 2659.800000000000182 ], [ 84.246660321950912, 28.550071539357305, 2660.199999999999818 ], [ 84.246553620323539, 28.550077993422747, 2660.800000000000182 ], [ 84.246444487944245, 28.55007279664278, 2662.0 ], [ 84.246370140463114, 28.550074389204383, 2663.0 ], [ 84.246358573436737, 28.550075395032763, 2663.199999999999818 ], [ 84.246283555403352, 28.550096265971661, 2663.6 ], [ 84.246261510998011, 28.550094002857804, 2664.199999999999818 ], [ 84.24619160592556, 28.55010649189353, 2664.6 ], [ 84.246161347255111, 28.55011772364378, 2664.800000000000182 ], [ 84.246112313121557, 28.550124680623412, 2665.199999999999818 ], [ 84.246028158813715, 28.550139600411057, 2666.199999999999818 ], [ 84.246016927063465, 28.550138846039772, 2666.4 ], [ 84.245986584573984, 28.55014186352491, 2666.6 ], [ 84.245961019769311, 28.550144881010056, 2666.800000000000182 ], [ 84.245935287326574, 28.550146305933595, 2666.800000000000182 ], [ 84.245924642309546, 28.550147395581007, 2667.199999999999818 ], [ 84.245914500206709, 28.550149155780673, 2667.199999999999818 ], [ 84.245877787470818, 28.550148904323574, 2667.800000000000182 ], [ 84.245804781094193, 28.550148904323574, 2668.4 ], [ 84.245780808851123, 28.550148485228419, 2668.6 ], [ 84.245742419734597, 28.550151670351624, 2668.800000000000182 ], [ 84.245698414742947, 28.550145635381341, 2669.4 ], [ 84.245589869096875, 28.550139684230089, 2670.199999999999818 ], [ 84.245576458051801, 28.550136247649789, 2670.4 ], [ 84.245497500523925, 28.550118058919907, 2671.199999999999818 ], [ 84.245465733110905, 28.550112610682845, 2671.4 ], [ 84.2453882843256, 28.550115711987019, 2671.800000000000182 ], [ 84.245275044813752, 28.550096182152629, 2672.0 ], [ 84.24519332125783, 28.550068940967321, 2672.4 ], [ 84.245153088122606, 28.550061816349626, 2672.4 ], [ 84.245045213028789, 28.550035497173667, 2672.6 ], [ 84.244971871376038, 28.550021583214399, 2673.4 ], [ 84.244960891082883, 28.550021583214399, 2673.4 ], [ 84.244948318228126, 28.550022169947624, 2673.4 ], [ 84.244929207488894, 28.550031892955303, 2673.6 ], [ 84.2449064925313, 28.550030384212732, 2673.800000000000182 ], [ 84.24488159827888, 28.550023762509227, 2674.0 ], [ 84.24480339512229, 28.550025019794703, 2674.199999999999818 ], [ 84.244783697649837, 28.550026109442115, 2674.4 ], [ 84.244716726243496, 28.550025941804051, 2675.199999999999818 ], [ 84.24467833712697, 28.550032563507557, 2675.6 ], [ 84.244602648541331, 28.55003465898335, 2676.4 ], [ 84.244575155898929, 28.550027031451464, 2676.800000000000182 ], [ 84.244494019076228, 28.550016554072499, 2677.4 ], [ 84.244421599432826, 28.550010602921247, 2677.800000000000182 ], [ 84.244371140375733, 28.550014458596703, 2677.800000000000182 ], [ 84.244273994117975, 28.550009345635772, 2678.4 ], [ 84.244224792346358, 28.549988558515903, 2678.800000000000182 ], [ 84.244191013276577, 28.54998160153627, 2679.0 ], [ 84.244114067405462, 28.549931813031435, 2679.0 ], [ 84.244039552286267, 28.549866518005729, 2679.0 ], [ 84.243964115157723, 28.549822429195046, 2679.199999999999818 ], [ 84.243945339694619, 28.549816897138953, 2679.199999999999818 ], [ 84.243844002485275, 28.549801139160991, 2679.4 ], [ 84.243787257000804, 28.549815975129604, 2679.800000000000182 ], [ 84.243781473487616, 28.549833744764328, 2680.4 ], [ 84.243767056614161, 28.549873810261488, 2681.0 ], [ 84.243755741044879, 28.549896692857143, 2681.4 ], [ 84.243765296414495, 28.54988956823945, 2681.800000000000182 ], [ 84.243763703852892, 28.549915971234441, 2681.800000000000182 ], [ 84.243760099634528, 28.549941116943955, 2682.0 ], [ 84.243742162361741, 28.549994425848126, 2682.6 ], [ 84.243723303079605, 28.550025355070829, 2682.6 ], [ 84.243688266724348, 28.550053182989359, 2682.800000000000182 ], [ 84.243622971698642, 28.550107413902879, 2682.800000000000182 ], [ 84.243535716086626, 28.550192574039102, 2683.0 ], [ 84.243500763550401, 28.550266586244103, 2683.0 ], [ 84.243489447981119, 28.550328025594354, 2683.0 ], [ 84.243489447981119, 28.55032685212791, 2683.0 ], [ 84.243485676124692, 28.550358535721895, 2683.0 ], [ 84.243484921753407, 28.550365911796689, 2683.0 ], [ 84.243451813235879, 28.550399271771312, 2683.0 ], [ 84.243438988924026, 28.550491640344266, 2683.800000000000182 ], [ 84.243436139076948, 28.550509829074144, 2684.199999999999818 ], [ 84.243428260087967, 28.550559533759952, 2684.4 ], [ 84.243444101884961, 28.550650142133236, 2684.6 ], [ 84.243460614234209, 28.550760364159942, 2685.0 ], [ 84.243478802964091, 28.55079204775393, 2685.0 ], [ 84.243487017229199, 28.550806967541575, 2685.199999999999818 ], [ 84.243492214009166, 28.550839237868782, 2685.199999999999818 ], [ 84.243493219837546, 28.550891289487481, 2685.199999999999818 ], [ 84.243496153503656, 28.55089271441102, 2685.199999999999818 ], [ 84.243487101048231, 28.550882069393992, 2685.199999999999818 ], [ 84.24348752014339, 28.550886092707515, 2685.199999999999818 ], [ 84.243488190695643, 28.550935629755259, 2685.199999999999818 ], [ 84.243450053036213, 28.55103948153555, 2685.199999999999818 ], [ 84.24339858815074, 28.55112137272954, 2685.199999999999818 ], [ 84.243321307003498, 28.55120787397027, 2685.199999999999818 ], [ 84.243249725550413, 28.551289848983288, 2685.199999999999818 ], [ 84.243211084976792, 28.551337625831369, 2685.199999999999818 ], [ 84.243154842406511, 28.551380205899477, 2685.199999999999818 ], [ 84.243119386956096, 28.551393616944551, 2685.199999999999818 ], [ 84.243061216548085, 28.551412057131529, 2685.199999999999818 ], [ 84.243002627044916, 28.551433179527521, 2685.199999999999818 ], [ 84.242931129410863, 28.551466539502144, 2685.199999999999818 ], [ 84.24289089627564, 28.551480118185282, 2685.0 ], [ 84.242849908769131, 28.551493529230356, 2684.4 ], [ 84.242823673412204, 28.551525212824345, 2684.199999999999818 ], [ 84.242819482460618, 28.551530241966248, 2684.0 ], [ 84.242783607915044, 28.551571061834693, 2683.4 ], [ 84.242769358679652, 28.551592854782939, 2683.0 ], [ 84.242715379223228, 28.551621772348881, 2682.199999999999818 ], [ 84.242686210200191, 28.551624370738864, 2682.0 ], [ 84.242660561576486, 28.551629818975925, 2681.4 ], [ 84.242646396160126, 28.551649264991283, 2681.0 ], [ 84.242611024528742, 28.551664939150218, 2680.800000000000182 ], [ 84.242506250739098, 28.551700143143535, 2680.6 ], [ 84.242377672344446, 28.551703914999958, 2680.199999999999818 ], [ 84.242241298779845, 28.551732581108809, 2680.199999999999818 ], [ 84.242092268541455, 28.551750686019659, 2680.0 ], [ 84.241976598277688, 28.551760828122497, 2680.0 ], [ 84.241890180855989, 28.551803911104798, 2679.6 ], [ 84.241872997954488, 28.551828721538183, 2679.6 ], [ 84.241823293268681, 28.551849341019988, 2679.199999999999818 ], [ 84.241754980757833, 28.55186048895121, 2678.6 ], [ 84.24166445620358, 28.551880773156881, 2678.199999999999818 ], [ 84.24153495579958, 28.55189586058259, 2678.199999999999818 ], [ 84.241431187838316, 28.551913965493441, 2678.199999999999818 ], [ 84.241301352158189, 28.551960233598948, 2678.199999999999818 ], [ 84.241214515641332, 28.551981104537845, 2678.199999999999818 ], [ 84.241171851754189, 28.551990911364555, 2678.199999999999818 ], [ 84.241029024124146, 28.552038772031665, 2678.199999999999818 ], [ 84.240934308618307, 28.552096607163548, 2678.199999999999818 ], [ 84.240897847339511, 28.552169529721141, 2678.4 ], [ 84.24090564250946, 28.552202889695764, 2678.4 ], [ 84.2409364040941, 28.552283858880401, 2678.4 ], [ 84.240953419357538, 28.552392823621631, 2678.4 ], [ 84.240969428792596, 28.552490137517452, 2678.4 ], [ 84.24100773409009, 28.55254135094583, 2678.4 ], [ 84.24103707075119, 28.552553420886397, 2678.4 ], [ 84.241138910874724, 28.552534729242325, 2678.4 ], [ 84.241216275840998, 28.552489886060357, 2678.199999999999818 ], [ 84.241296658292413, 28.552458370104432, 2678.199999999999818 ], [ 84.241359857842326, 28.552444875240329, 2678.199999999999818 ], [ 84.241368994116783, 28.552435906603932, 2678.199999999999818 ], [ 84.241380142048001, 28.552429620176554, 2678.199999999999818 ], [ 84.241485251113772, 28.552362062036991, 2678.199999999999818 ], [ 84.241600083187222, 28.552307412028313, 2678.199999999999818 ], [ 84.241667641326785, 28.552296180278063, 2678.199999999999818 ], [ 84.241724805906415, 28.55228578671813, 2678.199999999999818 ], [ 84.241792447865009, 28.552278159186244, 2678.199999999999818 ], [ 84.241864867508411, 28.55226332321763, 2678.199999999999818 ], [ 84.241911889985204, 28.552304394543171, 2678.6 ], [ 84.241952709853649, 28.552338760346174, 2678.800000000000182 ], [ 84.241986908018589, 28.552348567172885, 2678.800000000000182 ], [ 84.242019597440958, 28.552349237725139, 2678.800000000000182 ], [ 84.242024710401893, 28.552355691790581, 2678.800000000000182 ], [ 84.24202848225832, 28.552372455596924, 2678.800000000000182 ], [ 84.242037869989872, 28.552350159734488, 2678.800000000000182 ], [ 84.242047592997551, 28.55233364738524, 2678.800000000000182 ], [ 84.242044659331441, 28.552313949912783, 2678.800000000000182 ] ] } }
]
}
