{
"type": "FeatureCollection",
"name": "day03",
"crs": { "type": "name", "properties": { "name": "urn:ogc:def:crs:OGC:1.3:CRS84" } },
"features": [
{ "type": "Feature", "properties": { "name": "day03" }, "geometry": { "type": "LineString", "coordinates": [ [ 84.152657110244036, 28.615345107391477, 3284.4 ], [ 84.152621738612652, 28.615455916151404, 3284.4 ], [ 84.152608076110482, 28.615453150123361, 3284.4 ], [ 84.152623247355223, 28.615476367995143, 3284.4 ], [ 84.152611177414656, 28.615505453199148, 3284.4 ], [ 84.152611512690783, 28.615507045760751, 3284.4 ], [ 84.152609501034021, 28.615524815395471, 3284.6 ], [ 84.152639592066407, 28.615564629435539, 3285.6 ], [ 84.152642525732517, 28.615567395463582, 3285.800000000000182 ], [ 84.152647387236357, 28.615604946389791, 3286.800000000000182 ], [ 84.152664737775922, 28.615650627762079, 3287.0 ], [ 84.152669599279761, 28.615655237808824, 3287.199999999999818 ], [ 84.152712682262063, 28.615720197558403, 3287.4 ], [ 84.152744198217988, 28.615756407380104, 3287.800000000000182 ], [ 84.152798177674413, 28.615818098187447, 3288.4 ], [ 84.152812510728836, 28.615853385999799, 3288.4 ], [ 84.152821647003293, 28.6158705689013, 3288.4 ], [ 84.152868669480085, 28.615936115384105, 3288.6 ], [ 84.152863472700119, 28.615931505337361, 3288.6 ], [ 84.152862215414643, 28.615928823128343, 3288.6 ], [ 84.15285911411047, 28.615924464538693, 3288.6 ], [ 84.152858024463058, 28.615930248051878, 3288.6 ], [ 84.152880571782589, 28.615961596369743, 3288.6 ], [ 84.152879733592272, 28.615979868918657, 3288.0 ], [ 84.152880571782589, 28.615985484793782, 3287.800000000000182 ], [ 84.152870932593942, 28.61603326164186, 3286.6 ], [ 84.152871603146195, 28.61604692414403, 3286.4 ], [ 84.152884176000953, 28.616095623001456, 3286.199999999999818 ], [ 84.152875626459718, 28.616182962432504, 3286.0 ], [ 84.152875375002623, 28.616187907755375, 3286.0 ], [ 84.152875375002623, 28.616214143112305, 3285.6 ], [ 84.152875123545527, 28.616242473945022, 3285.4 ], [ 84.1528679151088, 28.616284299641848, 3284.4 ], [ 84.152852911502123, 28.616321347653862, 3284.4 ], [ 84.152842937037349, 28.616341128945351, 3284.4 ], [ 84.152836482971907, 28.616387397050858, 3284.4 ], [ 84.152840003371239, 28.616461744531989, 3284.4 ], [ 84.152840422466397, 28.616513712331653, 3284.4 ], [ 84.152840673923492, 28.616520585492253, 3284.4 ], [ 84.152854084968567, 28.616597028449178, 3284.6 ], [ 84.152865065261722, 28.616622509434819, 3284.800000000000182 ], [ 84.152873028069735, 28.616632735356688, 3285.199999999999818 ], [ 84.152892474085093, 28.616662072017789, 3285.4 ], [ 84.152932455763221, 28.616702137514949, 3285.4 ], [ 84.15297344326973, 28.616738179698583, 3286.0 ], [ 84.152989704161882, 28.616759888827801, 3286.6 ], [ 84.152987860143185, 28.61675888299942, 3286.800000000000182 ], [ 84.152991212904453, 28.616758044809103, 3287.4 ], [ 84.152991967275739, 28.616758799180388, 3287.6 ], [ 84.153023231774569, 28.61682484857738, 3287.800000000000182 ], [ 84.153037900105119, 28.616861645132303, 3288.0 ], [ 84.153046868741512, 28.616877738386393, 3288.800000000000182 ], [ 84.153045527637005, 28.616879247128963, 3289.0 ], [ 84.153044857084751, 28.616863992065191, 3289.199999999999818 ], [ 84.15304628200829, 28.616860220208764, 3289.4 ], [ 84.15304628200829, 28.616860220208764, 3289.6 ], [ 84.15304628200829, 28.616860220208764, 3289.800000000000182 ], [ 84.153056088835001, 28.616881091147661, 3289.800000000000182 ], [ 84.153106631711125, 28.616924090310931, 3289.800000000000182 ], [ 84.153086682781577, 28.617000617086887, 3289.800000000000182 ], [ 84.153087101876736, 28.617054261267185, 3289.6 ], [ 84.153089113533497, 28.617116371169686, 3289.6 ], [ 84.153100932016969, 28.617166243493557, 3289.6 ], [ 84.153117695823312, 28.617192562669516, 3289.800000000000182 ], [ 84.153135633096099, 28.617253750562668, 3289.800000000000182 ], [ 84.153155665844679, 28.617326002568007, 3289.800000000000182 ], [ 84.153168825432658, 28.617400014773011, 3290.0 ], [ 84.153178548440337, 28.61742926761508, 3290.199999999999818 ], [ 84.153211824595928, 28.617467656731609, 3290.800000000000182 ], [ 84.153231102973223, 28.617504118010402, 3291.199999999999818 ], [ 84.153235964477062, 28.617520881816745, 3291.4 ], [ 84.153241999447346, 28.617559773847461, 3291.4 ], [ 84.153233785182238, 28.617584081366655, 3291.4 ], [ 84.153194138780236, 28.617674941197041, 3291.4 ], [ 84.153164969757199, 28.617716683074832, 3291.4 ], [ 84.153150552883744, 28.617731016129255, 3291.4 ], [ 84.153141165152192, 28.617743672803044, 3291.4 ], [ 84.153138482943177, 28.617746355012059, 3291.4 ], [ 84.153096154332161, 28.617771500721577, 3291.199999999999818 ], [ 84.153079893440008, 28.617791868746281, 3290.800000000000182 ], [ 84.153046365827322, 28.617859845980998, 3290.4 ], [ 84.152997080236673, 28.617923213168979, 3290.4 ], [ 84.152966653928161, 28.617942407727242, 3290.4 ], [ 84.152964055538177, 28.617941737174988, 3290.4 ], [ 84.152930276468396, 28.61799219623208, 3290.4 ], [ 84.152934718877077, 28.618065621703863, 3290.4 ], [ 84.152980903163552, 28.618128066882491, 3291.0 ], [ 84.152991380542517, 28.618138879537582, 3291.199999999999818 ], [ 84.153028847649693, 28.618188919499516, 3291.6 ], [ 84.153055250644684, 28.618244910612702, 3292.4 ], [ 84.153066650032997, 28.618297716602683, 3293.4 ], [ 84.153065560385585, 28.61830442212522, 3293.6 ], [ 84.153068326413631, 28.618356054648757, 3293.6 ], [ 84.153096070513129, 28.618406346067783, 3293.6 ], [ 84.153126496821642, 28.618438029661775, 3293.6 ], [ 84.153133286163211, 28.618444902822375, 3293.6 ], [ 84.153204867616296, 28.618480777367949, 3293.6 ], [ 84.153225151821971, 28.618483040481809, 3293.4 ], [ 84.153260942548513, 28.618495194241405, 3292.6 ], [ 84.153268989175558, 28.618497541174293, 3292.199999999999818 ], [ 84.153289021924138, 28.618514807894822, 3291.4 ], [ 84.153298074379563, 28.618527799844745, 3291.199999999999818 ], [ 84.153302181512117, 28.618531655520201, 3291.0 ], [ 84.15332967415452, 28.618557471781969, 3290.199999999999818 ], [ 84.153344091027975, 28.618581024929881, 3289.6 ], [ 84.153360268101096, 28.618597621098161, 3289.0 ], [ 84.153406452387571, 28.618632908910513, 3288.0 ], [ 84.153409972786903, 28.618638357147574, 3287.800000000000182 ], [ 84.153448445722461, 28.618681943044063, 3287.0 ], [ 84.153464958071709, 28.61869040876627, 3286.6 ], [ 84.153502006083727, 28.618700802326199, 3286.0 ], [ 84.153523547574878, 28.618719410151243, 3285.199999999999818 ], [ 84.153526145964861, 28.618727121502161, 3284.800000000000182 ], [ 84.153536455705762, 28.618763415142897, 3283.800000000000182 ], [ 84.153536455705762, 28.61878520809114, 3283.199999999999818 ], [ 84.153534444049001, 28.618803145363927, 3282.800000000000182 ], [ 84.153505526483059, 28.618842540308833, 3281.800000000000182 ], [ 84.153504353016615, 28.618848994374275, 3281.6 ], [ 84.153522374108434, 28.618897441774607, 3280.6 ], [ 84.153532851487398, 28.618914037942886, 3280.4 ], [ 84.153522793203592, 28.618936836719513, 3280.0 ], [ 84.153507621958852, 28.61894253641367, 3280.0 ], [ 84.153499156236649, 28.618938932195302, 3279.4 ], [ 84.153501503169537, 28.618935579434037, 3278.6 ], [ 84.153508795425296, 28.618938932195302, 3278.6 ], [ 84.153465712442994, 28.618945050984621, 3278.6 ], [ 84.153466885909438, 28.618952510878444, 3278.4 ], [ 84.153475854545832, 28.618964999914169, 3278.199999999999818 ], [ 84.153489014133811, 28.618995007127523, 3278.199999999999818 ], [ 84.153493624180555, 28.619000036269423, 3278.199999999999818 ], [ 84.153507119044662, 28.619018476456404, 3278.199999999999818 ], [ 84.153504939749837, 28.619058709591627, 3278.199999999999818 ], [ 84.15349286980927, 28.619058290496469, 3278.199999999999818 ], [ 84.153494965285063, 28.619085615500808, 3279.0 ], [ 84.153493540361524, 28.619092907756567, 3279.0 ], [ 84.15348700247705, 28.619095841422677, 3279.0 ], [ 84.153478620573878, 28.619091063737869, 3279.800000000000182 ], [ 84.153427071869373, 28.619099948555231, 3280.0 ], [ 84.15333017706871, 28.619131883606315, 3280.0 ], [ 84.153317855671048, 28.61913456581533, 3280.0 ], [ 84.153232108801603, 28.619166500866413, 3280.0 ], [ 84.153182487934828, 28.61917857080698, 3280.0 ], [ 84.153175530955195, 28.619176978245378, 3280.4 ], [ 84.153166813775897, 28.619177062064409, 3281.0 ], [ 84.153142422437668, 28.619187623262405, 3282.199999999999818 ], [ 84.15313177742064, 28.619189132004976, 3282.199999999999818 ], [ 84.153098249807954, 28.619197430089116, 3282.199999999999818 ], [ 84.153058268129826, 28.619198268279433, 3282.199999999999818 ], [ 84.153041588142514, 28.619202543050051, 3282.4 ], [ 84.15299984626472, 28.61921813338995, 3282.4 ], [ 84.152944106608629, 28.619220480322841, 3283.0 ], [ 84.152938490733504, 28.619221989065409, 3283.199999999999818 ], [ 84.152874955907464, 28.619240345433351, 3283.199999999999818 ], [ 84.152803290635347, 28.619252666831017, 3283.4 ], [ 84.152746377512813, 28.619250822812319, 3284.4 ], [ 84.15273891761899, 28.619252247735854, 3284.6 ], [ 84.152678651735187, 28.619253085926175, 3285.6 ], [ 84.152668509632349, 28.619255265221, 3285.6 ], [ 84.152589803561568, 28.619253672659397, 3285.800000000000182 ], [ 84.152525933459401, 28.619246631860733, 3286.4 ], [ 84.152502715587616, 28.619243446737528, 3286.6 ], [ 84.152435576543212, 28.619228862226009, 3286.6 ], [ 84.15237732231617, 28.619222408160567, 3287.6 ], [ 84.152358882129192, 28.619221234694123, 3288.0 ], [ 84.152307081967592, 28.619229197502136, 3288.6 ], [ 84.152289479970932, 28.619230538606644, 3289.0 ], [ 84.152260227128863, 28.619229197502136, 3289.800000000000182 ], [ 84.152208091691136, 28.61922156997025, 3290.4 ], [ 84.152193423360586, 28.619217714294791, 3290.6 ], [ 84.152186801657081, 28.619215954095125, 3290.800000000000182 ], [ 84.152146065607667, 28.61920103430748, 3291.4 ], [ 84.152102898806334, 28.619187204167247, 3291.800000000000182 ], [ 84.152090577408671, 28.61918343231082, 3292.0 ], [ 84.152072304859757, 28.6191585380584, 3293.0 ], [ 84.15207339450717, 28.619155855849385, 3293.4 ], [ 84.152079597115517, 28.619154850021005, 3293.800000000000182 ], [ 84.152071299031377, 28.61915267072618, 3294.0 ], [ 84.152021091431379, 28.619136158376932, 3294.0 ], [ 84.151980774477124, 28.619128111749887, 3294.800000000000182 ], [ 84.151974990963936, 28.619129871949553, 3294.800000000000182 ], [ 84.151924196630716, 28.61914923414588, 3294.800000000000182 ], [ 84.151863679289818, 28.619171110913157, 3294.800000000000182 ], [ 84.151840629056096, 28.619178319349885, 3294.800000000000182 ], [ 84.151787403970957, 28.619178486987948, 3294.800000000000182 ], [ 84.151747170835733, 28.619186282157894, 3294.4 ], [ 84.151736106723547, 28.61918929964304, 3294.0 ], [ 84.151664776727557, 28.61920933239162, 3293.800000000000182 ], [ 84.151607695966959, 28.619226850569248, 3293.6 ], [ 84.15156134404242, 28.619249816983935, 3293.4 ], [ 84.151520607993007, 28.619265658780932, 3293.4 ], [ 84.151510549709201, 28.61927110701799, 3293.199999999999818 ], [ 84.151446176692843, 28.619310166686773, 3293.0 ], [ 84.15137954056263, 28.619362553581595, 3292.6 ], [ 84.151341151446104, 28.619415024295449, 3292.4 ], [ 84.151298236101866, 28.619467578828335, 3292.4 ], [ 84.151281891390681, 28.619484677910805, 3292.199999999999818 ], [ 84.151254650205374, 28.619515020400289, 3292.0 ], [ 84.151208298280835, 28.619553660973907, 3292.0 ], [ 84.151138057932258, 28.619572939351201, 3292.0 ], [ 84.151048120111227, 28.619588864967227, 3291.800000000000182 ], [ 84.150938149541616, 28.619596660137177, 3291.800000000000182 ], [ 84.150820299983025, 28.619595570489764, 3291.6 ], [ 84.150827843695879, 28.619589703157544, 3291.6 ], [ 84.150793226435781, 28.619591128081083, 3291.6 ], [ 84.150708736851811, 28.619598671793938, 3291.4 ], [ 84.150664564222097, 28.619607053697109, 3291.199999999999818 ], [ 84.150575296953321, 28.619624571874738, 3291.199999999999818 ], [ 84.150492483749986, 28.619661368429661, 3290.800000000000182 ], [ 84.150431212037802, 28.619683077558875, 3290.6 ], [ 84.150381507351995, 28.619723059237003, 3290.0 ], [ 84.150358373299241, 28.619750719517469, 3289.4 ], [ 84.150345968082547, 28.619766645133495, 3289.0 ], [ 84.150296850129962, 28.619833113625649, 3288.6 ], [ 84.150289138779044, 28.619842501357201, 3288.6 ], [ 84.150191489607096, 28.61988365650177, 3288.6 ], [ 84.150113370269537, 28.61989002674818, 3288.6 ], [ 84.15007489733398, 28.619885249063373, 3288.6 ], [ 84.15002410300076, 28.619867898523808, 3288.6 ], [ 84.14999040775001, 28.619855158030987, 3289.199999999999818 ], [ 84.149943301454186, 28.61984945833683, 3289.800000000000182 ], [ 84.149925112724304, 28.619850547984239, 3289.800000000000182 ], [ 84.149901978671551, 28.61984945833683, 3289.800000000000182 ], [ 84.149885047227144, 28.619851050898433, 3289.800000000000182 ], [ 84.149879682809114, 28.61985239200294, 3290.0 ], [ 84.149881694465876, 28.619852811098099, 3290.199999999999818 ], [ 84.149879096075892, 28.619853230193257, 3290.199999999999818 ], [ 84.149869875982404, 28.619852727279067, 3290.199999999999818 ], [ 84.149868367239833, 28.619853146374226, 3290.4 ], [ 84.149868367239833, 28.619853146374226, 3290.4 ], [ 84.149868367239833, 28.619853146374226, 3290.4 ], [ 84.14989753626287, 28.619843842461705, 3290.4 ], [ 84.149901224300265, 28.619849123060703, 3290.4 ], [ 84.149854788556695, 28.619846776127815, 3290.199999999999818 ], [ 84.149789996445179, 28.619842249900103, 3290.0 ], [ 84.149780021980405, 28.619842333719134, 3290.0 ], [ 84.149715313687921, 28.619839567691088, 3289.6 ], [ 84.149693185463548, 28.619837556034327, 3289.6 ], [ 84.149701064452529, 28.619839064776897, 3289.6 ], [ 84.149699052795768, 28.619840824976563, 3289.6 ], [ 84.14970844052732, 28.619839902967215, 3289.6 ], [ 84.14972210302949, 28.619840824976563, 3289.6 ], [ 84.149748086929321, 28.619837472215295, 3289.6 ], [ 84.149775831028819, 28.619839316233993, 3289.6 ], [ 84.14984674192965, 28.619844177737832, 3289.6 ], [ 84.149870546534657, 28.619846105575562, 3289.6 ], [ 84.14989560842514, 28.619858091697097, 3289.6 ], [ 84.149892423301935, 28.619860270991921, 3289.6 ], [ 84.14989166893065, 28.619862198829651, 3289.4 ], [ 84.149863505735993, 28.619849206879735, 3289.199999999999818 ], [ 84.149829223752022, 28.619849374517798, 3289.0 ], [ 84.149717995896935, 28.619842166081071, 3288.199999999999818 ], [ 84.149686982855201, 28.619841746985912, 3288.0 ], [ 84.149625459685922, 28.619836466386911, 3287.800000000000182 ], [ 84.149580113589764, 28.61983822658658, 3287.6 ], [ 84.149501239880919, 28.619839819148183, 3287.0 ], [ 84.149475088343024, 28.619845099747181, 3287.0 ], [ 84.149368721991777, 28.619846440851688, 3286.4 ], [ 84.149302253499627, 28.619845854118463, 3285.800000000000182 ], [ 84.149259421974421, 28.619840824976563, 3285.6 ], [ 84.149136375635862, 28.619817271828651, 3285.0 ], [ 84.149107709527016, 28.61981425434351, 3284.800000000000182 ], [ 84.149018777534366, 28.61980545334518, 3284.800000000000182 ], [ 84.148934539407492, 28.619782067835331, 3284.199999999999818 ], [ 84.148848121985793, 28.61975708976388, 3283.800000000000182 ], [ 84.148819288238883, 28.619747366756201, 3283.4 ], [ 84.148750137537718, 28.61973286606371, 3282.6 ], [ 84.148658774793148, 28.619712749496102, 3282.6 ], [ 84.148556683212519, 28.619676707312465, 3282.199999999999818 ], [ 84.148487783968449, 28.61967796459794, 3281.4 ], [ 84.148458866402507, 28.619682993739843, 3281.0 ], [ 84.148350404575467, 28.619700176641345, 3280.6 ], [ 84.148304220288992, 28.619705205783248, 3280.4 ], [ 84.148223921656609, 28.619705708697438, 3279.4 ], [ 84.14817513898015, 28.619706546887755, 3278.4 ], [ 84.148124009370804, 28.619722137227654, 3278.199999999999818 ], [ 84.148015128448606, 28.61976052634418, 3278.199999999999818 ], [ 84.14789367467165, 28.61981651745737, 3278.199999999999818 ], [ 84.147838354110718, 28.619856834411621, 3278.0 ], [ 84.147796696051955, 28.619923302903771, 3277.800000000000182 ], [ 84.147759731858969, 28.620040817186236, 3277.199999999999818 ], [ 84.147718492895365, 28.620108123868704, 3276.199999999999818 ], [ 84.147671889513731, 28.620195630937815, 3275.6 ], [ 84.147656131535769, 28.620226141065359, 3275.4 ], [ 84.147624867036939, 28.620255393907428, 3275.199999999999818 ], [ 84.147570468485355, 28.620307361707091, 3275.199999999999818 ], [ 84.147563427686691, 28.620313564315438, 3275.199999999999818 ], [ 84.147555632516742, 28.620320437476039, 3275.199999999999818 ], [ 84.147493354976177, 28.620375255122781, 3275.4 ], [ 84.147447841241956, 28.620462846010923, 3275.6 ], [ 84.147419761866331, 28.620528811588883, 3275.6 ], [ 84.147396711632609, 28.620582623407245, 3276.0 ], [ 84.147376008331776, 28.620618665590879, 3276.199999999999818 ], [ 84.147359831258655, 28.620637860149145, 3276.4 ], [ 84.147345582023263, 28.620644649490711, 3276.800000000000182 ], [ 84.147343402728438, 28.620639117434621, 3277.199999999999818 ], [ 84.147343570366502, 28.620639955624934, 3277.199999999999818 ], [ 84.14734348654747, 28.620645403862, 3277.199999999999818 ], [ 84.147348934784532, 28.620652109384537, 3277.800000000000182 ], [ 84.147348934784532, 28.620660826563835, 3277.800000000000182 ], [ 84.147346001118422, 28.620668202638623, 3278.199999999999818 ], [ 84.14731222204864, 28.620725870132446, 3278.4 ], [ 84.147267714142799, 28.620774233713743, 3278.6 ], [ 84.1472262237221, 28.620794015005231, 3279.199999999999818 ], [ 84.147220104932785, 28.620801139622927, 3279.4 ], [ 84.14715975522995, 28.620827961713076, 3280.0 ], [ 84.147139806300402, 28.620834415778521, 3280.4 ], [ 84.14710208773613, 28.620852017775174, 3280.4 ], [ 84.147053472697735, 28.620899710804224, 3280.6 ], [ 84.147012485191226, 28.620964335277677, 3280.6 ], [ 84.146967977285385, 28.62101387232542, 3281.0 ], [ 84.146934701129794, 28.62104287371039, 3281.199999999999818 ], [ 84.146911986172199, 28.621064750477672, 3281.199999999999818 ], [ 84.146831184625626, 28.621110934764147, 3281.4 ], [ 84.146807547658682, 28.621128788217906, 3281.4 ], [ 84.146767482161522, 28.621155610308051, 3281.6 ], [ 84.146707886829972, 28.621205314993858, 3282.0 ], [ 84.146685004234314, 28.621228616684675, 3282.0 ], [ 84.146650973707438, 28.621248146519065, 3282.0 ], [ 84.146588109433651, 28.621289553120732, 3282.0 ], [ 84.146555252373219, 28.621328864246607, 3282.0 ], [ 84.146544607356191, 28.621337832883, 3282.0 ], [ 84.146493729203939, 28.621366415172815, 3281.6 ], [ 84.146474367007613, 28.621374210342765, 3281.4 ], [ 84.146451065316796, 28.621382005512711, 3281.4 ], [ 84.146331120282412, 28.621433805674311, 3280.4 ], [ 84.146303962916136, 28.621440511196852, 3280.4 ], [ 84.146246546879411, 28.621463058516383, 3280.199999999999818 ], [ 84.146177228540182, 28.621491640806202, 3280.199999999999818 ], [ 84.146092738956213, 28.621529024094343, 3280.199999999999818 ], [ 84.145962400361896, 28.621567748486996, 3279.4 ], [ 84.145879000425339, 28.621596163138747, 3279.4 ], [ 84.145869193598628, 28.62159892916679, 3279.4 ], [ 84.145778920501471, 28.621609071269631, 3278.4 ], [ 84.145739525556564, 28.621620303019881, 3278.0 ], [ 84.145650928840041, 28.621640587225556, 3277.4 ], [ 84.145640032365918, 28.62164368852973, 3277.199999999999818 ], [ 84.145545903593302, 28.621655339375138, 3277.199999999999818 ], [ 84.145450852811337, 28.621667828410864, 3277.199999999999818 ], [ 84.145374912768602, 28.621663469821215, 3277.199999999999818 ], [ 84.145278939977288, 28.621652740985155, 3277.199999999999818 ], [ 84.145187241956592, 28.621653411537409, 3277.199999999999818 ], [ 84.145122030749917, 28.621658440679312, 3277.199999999999818 ], [ 84.145022369921207, 28.62167495302856, 3277.6 ], [ 84.144951794296503, 28.621703535318375, 3277.800000000000182 ], [ 84.144890354946256, 28.621720131486654, 3278.199999999999818 ], [ 84.144878117367625, 28.621720634400845, 3278.4 ], [ 84.144790526479483, 28.621724992990497, 3278.800000000000182 ], [ 84.144714083522558, 28.621739745140076, 3278.800000000000182 ], [ 84.144689776003361, 28.621746618300676, 3279.0 ], [ 84.144669743254781, 28.621743349358439, 3279.4 ], [ 84.144667815417051, 28.621743265539408, 3279.6 ], [ 84.144637724384665, 28.621753742918372, 3279.800000000000182 ], [ 84.144576787948608, 28.621769584715366, 3280.4 ], [ 84.144557593390346, 28.621775787323713, 3280.4 ], [ 84.144525825977325, 28.621792132034894, 3281.4 ], [ 84.144517779350281, 28.621797161176801, 3281.6 ], [ 84.144473858177662, 28.621812248602509, 3282.6 ], [ 84.144464721903205, 28.621814260259271, 3282.6 ], [ 84.144402947276831, 28.621843596920371, 3283.199999999999818 ], [ 84.144379058852792, 28.621866479516029, 3283.6 ], [ 84.144372185692191, 28.621873771771789, 3283.800000000000182 ], [ 84.1443579364568, 28.621890116482973, 3284.0 ], [ 84.144310997799039, 28.621936636045575, 3284.199999999999818 ], [ 84.144264897331595, 28.621959267184138, 3284.4 ], [ 84.144169595092535, 28.621988436207175, 3284.6 ], [ 84.144145036116242, 28.621994387358427, 3284.800000000000182 ], [ 84.144139336422086, 28.621997321024537, 3284.800000000000182 ], [ 84.144133469089866, 28.622000003233552, 3284.800000000000182 ], [ 84.144079405814409, 28.622018862515688, 3284.800000000000182 ], [ 84.144019056111574, 28.622064460068941, 3285.199999999999818 ], [ 84.143959460780025, 28.622093293815851, 3285.6 ], [ 84.143922328948975, 28.622114667668939, 3285.800000000000182 ], [ 84.143910426646471, 28.622120032086968, 3286.0 ], [ 84.143834738060832, 28.622147021815181, 3286.4 ], [ 84.143751673400402, 28.622170826420188, 3286.6 ], [ 84.14369735866785, 28.622183063998818, 3287.0 ], [ 84.14364404976368, 28.622219357639551, 3288.0 ], [ 84.143634326756001, 28.622223297134038, 3288.0 ], [ 84.14359669201076, 28.62222614698112, 3288.6 ], [ 84.143589986488223, 28.622227320447564, 3288.6 ], [ 84.143569534644485, 28.62222664989531, 3289.0 ], [ 84.143553525209427, 28.622228913009167, 3289.4 ], [ 84.143525110557675, 28.622235869988799, 3289.6 ], [ 84.143495438620448, 28.622253388166428, 3290.199999999999818 ], [ 84.143481524661183, 28.622263949364424, 3290.199999999999818 ], [ 84.143449505791068, 28.622293118387461, 3290.800000000000182 ], [ 84.143403572961688, 28.622335279360417, 3291.199999999999818 ], [ 84.143397118896246, 28.622341565787792, 3291.199999999999818 ], [ 84.143330398947001, 28.622379535809159, 3291.4 ], [ 84.143264768645167, 28.622393114492297, 3292.199999999999818 ], [ 84.143257727846503, 28.622396802529693, 3292.199999999999818 ], [ 84.143178937956691, 28.622420858591795, 3292.6 ], [ 84.143094699829817, 28.622442986816168, 3292.800000000000182 ], [ 84.143032506108284, 28.622479112818837, 3293.0 ], [ 84.142987495288253, 28.622508700937033, 3293.199999999999818 ], [ 84.142932174727321, 28.622544575482607, 3294.0 ], [ 84.142911555245519, 28.622551281005144, 3294.4 ], [ 84.142873836681247, 28.622556645423177, 3294.800000000000182 ], [ 84.142834022641182, 28.622571565210819, 3295.6 ], [ 84.142808206379414, 28.622589586302642, 3295.6 ], [ 84.142752466723323, 28.622619593515992, 3295.800000000000182 ], [ 84.142712652683258, 28.622649684548374, 3296.4 ], [ 84.142698235809803, 28.622660664841533, 3296.800000000000182 ], [ 84.14269614033401, 28.622667957097292, 3297.4 ], [ 84.142655991017818, 28.622697461396456, 3297.4 ], [ 84.142647609114647, 28.62270257435739, 3297.4 ], [ 84.142631096765399, 28.622707687318325, 3297.6 ], [ 84.142616428434849, 28.622714225202799, 3297.800000000000182 ], [ 84.14259790442884, 28.622725708410144, 3298.0 ], [ 84.142551803961396, 28.622780442237858, 3298.800000000000182 ], [ 84.142548032104969, 28.622787650674582, 3298.800000000000182 ], [ 84.142514253035188, 28.622838445007801, 3299.4 ], [ 84.142475109547377, 28.622888820245866, 3299.4 ], [ 84.142450634390116, 28.622925197705623, 3300.0 ], [ 84.142443258315325, 28.622946655377746, 3300.6 ], [ 84.142436049878597, 28.622965263202783, 3301.0 ], [ 84.142405036836863, 28.62300189211965, 3302.0 ], [ 84.142397409304976, 28.623007843270894, 3302.0 ], [ 84.142360277473927, 28.62305142916739, 3303.0 ], [ 84.142359187826514, 28.623066684231159, 3303.199999999999818 ], [ 84.142345106229186, 28.623104654252529, 3303.199999999999818 ], [ 84.142336724326015, 28.623136756941676, 3303.199999999999818 ], [ 84.142332784831524, 28.623157041147351, 3303.4 ], [ 84.14233211427927, 28.623167853802443, 3303.4 ], [ 84.142313757911325, 28.623233567923307, 3303.4 ], [ 84.142318367958069, 28.62329232506454, 3303.4 ], [ 84.142324235290289, 28.623300287872553, 3303.199999999999818 ], [ 84.142308812588453, 28.62333046272397, 3303.199999999999818 ], [ 84.142268663272262, 28.623406067490578, 3303.0 ], [ 84.142257682979107, 28.623465159907937, 3302.4 ], [ 84.142253575846553, 28.623488210141659, 3302.199999999999818 ], [ 84.142253408208489, 28.623495167121291, 3302.199999999999818 ], [ 84.142243517562747, 28.623536070808768, 3301.800000000000182 ], [ 84.142226921394467, 28.623565239831805, 3301.6 ], [ 84.142196830362082, 28.623606562614441, 3301.199999999999818 ], [ 84.142175791785121, 28.623633133247495, 3300.6 ], [ 84.142158357426524, 28.623652495443821, 3300.199999999999818 ], [ 84.142137235030532, 28.623685268685222, 3299.199999999999818 ], [ 84.1421302780509, 28.623693315312263, 3299.199999999999818 ], [ 84.142093565315008, 28.623746624216437, 3298.800000000000182 ], [ 84.142037155106664, 28.623822564259171, 3298.6 ], [ 84.141999436542392, 28.623867994174361, 3298.6 ], [ 84.141960544511676, 28.623913759365681, 3298.6 ], [ 84.141926597803831, 28.623967990279201, 3298.4 ], [ 84.141890304163098, 28.624026495963335, 3298.199999999999818 ], [ 84.141879407688975, 28.624043427407742, 3298.0 ], [ 84.141849568113685, 28.624091623350974, 3297.6 ], [ 84.141803048551083, 28.624159684404731, 3297.0 ], [ 84.141801204532385, 28.624172089621425, 3296.800000000000182 ], [ 84.141791313886642, 28.624201761558652, 3296.6 ], [ 84.141761641949415, 28.624242078512907, 3296.199999999999818 ], [ 84.141737502068281, 28.624265464022756, 3296.0 ], [ 84.141696095466614, 28.624303350225091, 3295.800000000000182 ], [ 84.141652341932058, 28.62435850314796, 3295.4 ], [ 84.141594925895333, 28.62440443597734, 3295.4 ], [ 84.141527954488993, 28.624465707689524, 3295.4 ], [ 84.141478333622217, 28.624507449567322, 3295.199999999999818 ], [ 84.141451846808195, 28.624540055170655, 3295.199999999999818 ], [ 84.141431814059615, 28.624564865604043, 3295.199999999999818 ], [ 84.141382779926062, 28.62461582757533, 3295.199999999999818 ], [ 84.141330309212208, 28.624674500897527, 3295.199999999999818 ], [ 84.141266690567136, 28.624713309109211, 3295.199999999999818 ], [ 84.141218326985836, 28.624742645770311, 3295.4 ], [ 84.141161413863301, 28.624781286343932, 3295.6 ], [ 84.14112126454711, 28.624824956059456, 3295.6 ], [ 84.141080863773823, 28.624855382367969, 3295.6 ], [ 84.141072817146778, 28.624869044870135, 3295.6 ], [ 84.141060998663306, 28.624902656301856, 3295.800000000000182 ], [ 84.141046917065978, 28.62493266351521, 3296.0 ], [ 84.14098447188735, 28.624994605779648, 3296.199999999999818 ], [ 84.140925630927086, 28.625054284930229, 3296.199999999999818 ], [ 84.140884978696704, 28.625109018757939, 3296.199999999999818 ], [ 84.1408178396523, 28.625159310176969, 3296.4 ], [ 84.140756148844957, 28.625201219692823, 3296.4 ], [ 84.140695715323091, 28.625261820852757, 3296.6 ], [ 84.14064098149538, 28.62531672231853, 3297.0 ], [ 84.140630504116416, 28.625328289344907, 3297.0 ], [ 84.14061164483428, 28.625365002080802, 3297.199999999999818 ], [ 84.140571160241961, 28.625404983758926, 3297.6 ], [ 84.140524808317423, 28.625462986528873, 3297.800000000000182 ], [ 84.140499327331781, 28.625483438372612, 3297.800000000000182 ], [ 84.140490191057324, 28.625489724799991, 3297.800000000000182 ], [ 84.140431936830282, 28.625523587688804, 3297.800000000000182 ], [ 84.140421962365508, 28.625528952106833, 3297.800000000000182 ], [ 84.140316434204578, 28.625575304031372, 3297.800000000000182 ], [ 84.140231609344482, 28.625582680106163, 3297.4 ], [ 84.140178300440311, 28.625603215768933, 3296.800000000000182 ], [ 84.140157010406256, 28.62561964429915, 3296.199999999999818 ], [ 84.140143347904086, 28.625638000667095, 3295.800000000000182 ], [ 84.140124404802918, 28.625676305964589, 3294.6 ], [ 84.140098001807928, 28.62571008503437, 3293.6 ], [ 84.14008635096252, 28.625722657889128, 3293.199999999999818 ], [ 84.140079980716109, 28.625743445008993, 3292.4 ], [ 84.140080567449331, 28.625767668709159, 3291.4 ], [ 84.140082160010934, 28.625775212422013, 3291.199999999999818 ], [ 84.140094229951501, 28.625822989270091, 3290.199999999999818 ], [ 84.140098504722118, 28.625848051160578, 3289.4 ], [ 84.140101103112102, 28.625857187435031, 3289.199999999999818 ], [ 84.14011619053781, 28.625898845493793, 3288.4 ], [ 84.140121806412935, 28.625908819958568, 3288.199999999999818 ], [ 84.140132199972868, 28.625953327864408, 3287.0 ], [ 84.140131445601583, 28.625962547957897, 3287.0 ], [ 84.140140833333135, 28.625998003408313, 3286.0 ], [ 84.140148041769862, 28.626049635931849, 3285.6 ], [ 84.140121806412935, 28.626103028655052, 3285.6 ], [ 84.140078974887729, 28.626125492155552, 3285.4 ], [ 84.140077214688063, 28.626128928735852, 3285.0 ], [ 84.140057265758514, 28.626129347831011, 3285.0 ], [ 84.140035221353173, 28.626165809109807, 3284.800000000000182 ], [ 84.139994401484728, 28.626231523230672, 3284.6 ], [ 84.139936733990908, 28.626274606212977, 3284.199999999999818 ], [ 84.139885352924466, 28.626306373625994, 3283.800000000000182 ], [ 84.13982936181128, 28.62632623873651, 3283.199999999999818 ], [ 84.1398024559021, 28.626332525163889, 3282.800000000000182 ], [ 84.139739675447345, 28.62634040415287, 3282.6 ], [ 84.139711847528815, 28.626346439123154, 3282.4 ], [ 84.139644540846348, 28.626370243728161, 3282.4 ], [ 84.139624089002609, 28.626370243728161, 3281.800000000000182 ], [ 84.139515291899443, 28.626390947028995, 3281.4 ], [ 84.139419486746192, 28.626424726098776, 3281.0 ], [ 84.139372631907463, 28.626441741362218, 3280.800000000000182 ], [ 84.139360142871737, 28.626445848494768, 3280.800000000000182 ], [ 84.13926450535655, 28.626471413299441, 3280.4 ], [ 84.139172472059727, 28.626485746353865, 3280.4 ], [ 84.139090245589614, 28.626509634777904, 3280.4 ], [ 84.138988489285111, 28.626534696668383, 3279.6 ], [ 84.138966025784612, 28.626539390534163, 3279.6 ], [ 84.138901904225349, 28.626571660861373, 3279.6 ], [ 84.138851948082447, 28.626596890389919, 3279.6 ], [ 84.138774499297142, 28.626620443537831, 3279.6 ], [ 84.138701157644391, 28.626643996685743, 3279.6 ], [ 84.138622367754579, 28.626678111031651, 3279.6 ], [ 84.138535363599658, 28.62671742215753, 3280.0 ], [ 84.13846705108881, 28.626742148771879, 3280.199999999999818 ], [ 84.138427907600999, 28.626765869557858, 3280.199999999999818 ], [ 84.138397732749581, 28.626782381907105, 3280.199999999999818 ], [ 84.138369653373957, 28.62680752761662, 3280.199999999999818 ], [ 84.138332856819034, 28.626841641962528, 3280.199999999999818 ], [ 84.138268735259771, 28.626900482922792, 3280.0 ], [ 84.13820126093924, 28.626955635845661, 3280.0 ], [ 84.138113334774971, 28.627018248662353, 3279.800000000000182 ], [ 84.138050554320216, 28.627074239775538, 3279.4 ], [ 84.137974362820387, 28.627135092392564, 3279.199999999999818 ], [ 84.13790169171989, 28.627192424610257, 3279.199999999999818 ], [ 84.13782793097198, 28.627250259742141, 3279.199999999999818 ], [ 84.137751655653119, 28.627302311360836, 3279.199999999999818 ], [ 84.137689294293523, 28.62734941765666, 3279.199999999999818 ], [ 84.137628441676497, 28.627396775409579, 3279.199999999999818 ], [ 84.137568259611726, 28.627436086535457, 3279.199999999999818 ], [ 84.137532385066152, 28.627482354640961, 3279.199999999999818 ], [ 84.137480417266488, 28.627543207257983, 3280.0 ], [ 84.13742090575397, 28.627607496455312, 3280.0 ], [ 84.137377990409732, 28.62766457721591, 3280.0 ], [ 84.13736374117434, 28.627685280516744, 3280.199999999999818 ], [ 84.137320155277848, 28.627754179760817, 3280.4 ], [ 84.137293165549636, 28.627810003235936, 3280.4 ], [ 84.137271456420422, 28.627841351553801, 3280.6 ], [ 84.137251842767, 28.627884685993195, 3280.6 ], [ 84.137218566611409, 28.627957105636597, 3280.6 ], [ 84.137198450043797, 28.627979150041934, 3280.6 ], [ 84.137175148352981, 28.628023490309715, 3280.6 ], [ 84.137167185544968, 28.628042433410883, 3280.6 ], [ 84.137125108391047, 28.628099178895351, 3280.6 ], [ 84.13706861436367, 28.628189703449607, 3280.6 ], [ 84.137044139206409, 28.628264218568798, 3280.6 ], [ 84.137027375400066, 28.628301685675979, 3280.6 ], [ 84.137017317116261, 28.628321047872305, 3280.6 ], [ 84.137009857222438, 28.628347115591168, 3280.6 ], [ 84.136987226083875, 28.628370584920049, 3280.6 ], [ 84.136945316568017, 28.62840922549367, 3280.6 ], [ 84.136934084817767, 28.628420205786824, 3280.6 ], [ 84.136886643245816, 28.628493379801512, 3280.6 ], [ 84.136879602447152, 28.628504779189825, 3280.6 ], [ 84.136834926903248, 28.628593795001507, 3280.6 ], [ 84.136806931346655, 28.628663448616862, 3280.6 ], [ 84.136770470067859, 28.62873176112771, 3280.4 ], [ 84.136754125356674, 28.628777610138059, 3279.800000000000182 ], [ 84.136733841150999, 28.628832176327705, 3279.6 ], [ 84.136703666299582, 28.628902081400156, 3279.199999999999818 ], [ 84.136668127030134, 28.62897802144289, 3279.0 ], [ 84.136645495891571, 28.629036694765091, 3278.800000000000182 ], [ 84.136629654094577, 28.62906452268362, 3278.800000000000182 ], [ 84.136591181159019, 28.62910115160048, 3278.800000000000182 ], [ 84.136562012135983, 28.629128392785788, 3278.800000000000182 ], [ 84.136501327157021, 28.629187401384115, 3278.4 ], [ 84.136453969404101, 28.629248673096299, 3278.4 ], [ 84.136408623307943, 28.629313465207815, 3278.199999999999818 ], [ 84.136353805661201, 28.629384711384773, 3278.0 ], [ 84.136338466778398, 28.629406504333019, 3278.0 ], [ 84.136324469000101, 28.629427291452885, 3278.0 ], [ 84.136303933337331, 28.629488982260227, 3278.0 ], [ 84.136295719072223, 28.6295560374856, 3278.0 ], [ 84.13629119284451, 28.629653435200453, 3278.0 ], [ 84.136292282491922, 28.629714120179415, 3278.0 ], [ 84.136282978579402, 28.629788886755705, 3278.0 ], [ 84.136260850355029, 28.629882512614131, 3278.0 ], [ 84.136256072670221, 28.629965661093593, 3278.4 ], [ 84.136256659403443, 28.629988878965374, 3278.6 ], [ 84.136263113468885, 28.630049312487245, 3279.0 ], [ 84.136257078498602, 28.630092814564705, 3279.4 ], [ 84.136255150660872, 28.630127934738994, 3279.6 ], [ 84.136254731565714, 28.630138747394085, 3279.6 ], [ 84.13625456392765, 28.630148889496919, 3279.800000000000182 ], [ 84.136246601119637, 28.630187278613448, 3279.800000000000182 ], [ 84.136238470673561, 28.630234468728304, 3279.800000000000182 ], [ 84.136247020214796, 28.630326502025127, 3280.0 ], [ 84.136237632483244, 28.630413003265858, 3280.4 ], [ 84.136199243366718, 28.630487099289898, 3280.4 ], [ 84.136183820664883, 28.63052356056869, 3280.800000000000182 ], [ 84.136171834543347, 28.630544682964683, 3280.800000000000182 ], [ 84.136143168434501, 28.630625568330288, 3280.800000000000182 ], [ 84.136126236990094, 28.630699915811419, 3280.800000000000182 ], [ 84.136119028553367, 28.630766468122602, 3281.199999999999818 ], [ 84.136117938905954, 28.630814244970679, 3281.800000000000182 ], [ 84.136118944734335, 28.63086068071425, 3281.800000000000182 ], [ 84.136129589751363, 28.630988672375679, 3282.0 ], [ 84.136126488447189, 28.631064109504223, 3282.0 ], [ 84.1361069586128, 28.631146084517241, 3282.199999999999818 ], [ 84.136113915592432, 28.631241135299209, 3282.199999999999818 ], [ 84.136121207848191, 28.631328055635095, 3282.199999999999818 ], [ 84.136117352172732, 28.631434757262468, 3282.800000000000182 ], [ 84.13612556643784, 28.631516899913549, 3283.0 ], [ 84.136121459305286, 28.631635000929236, 3283.199999999999818 ], [ 84.136079549789429, 28.631715718656778, 3283.4 ], [ 84.136056415736675, 28.631816972047091, 3283.6 ], [ 84.136025989428163, 28.631891570985317, 3283.800000000000182 ], [ 84.13601215928793, 28.63191269338131, 3284.0 ], [ 84.135982906445861, 28.631961392238736, 3284.0 ], [ 84.135962957516313, 28.632037416100506, 3284.0 ], [ 84.135949546471238, 28.632119977846742, 3284.0 ], [ 84.135919455438852, 28.632196169346571, 3284.0 ], [ 84.135893890634179, 28.632281748577952, 3284.199999999999818 ], [ 84.135882155969739, 28.632369926199317, 3284.199999999999818 ], [ 84.135865895077586, 28.632457265630364, 3284.6 ], [ 84.135862374678254, 28.632515352219343, 3285.0 ], [ 84.135857010260224, 28.632534882053733, 3285.0 ], [ 84.135837983340025, 28.632626160979271, 3285.4 ], [ 84.135825075209141, 28.632730348035693, 3285.4 ], [ 84.135817782953382, 28.63276731222868, 3286.0 ], [ 84.13580596446991, 28.632801426574588, 3286.800000000000182 ], [ 84.13577520288527, 28.632859932258725, 3287.199999999999818 ], [ 84.135773358866572, 28.632859345525503, 3287.199999999999818 ], [ 84.135772101581097, 28.632859513163567, 3287.199999999999818 ], [ 84.135762294754386, 28.632887676358223, 3287.4 ], [ 84.135745028033853, 28.632954563945532, 3287.4 ], [ 84.135738741606474, 28.632976943627, 3287.6 ], [ 84.13572046905756, 28.633061265572906, 3287.6 ], [ 84.13571166805923, 28.633151790127162, 3287.800000000000182 ], [ 84.13569456897676, 28.633225969970223, 3287.800000000000182 ], [ 84.135674703866243, 28.633275590836998, 3288.0 ], [ 84.135654168203473, 28.633337449282408, 3288.0 ], [ 84.135648719966412, 28.63344406709075, 3288.199999999999818 ], [ 84.135649558156729, 28.633504249155521, 3288.800000000000182 ], [ 84.135633883997798, 28.633542554453015, 3289.199999999999818 ], [ 84.13562617264688, 28.63358722999692, 3289.199999999999818 ], [ 84.135601194575429, 28.633643807843328, 3289.199999999999818 ], [ 84.135592812672257, 28.633639784529805, 3289.199999999999818 ], [ 84.135586358606815, 28.633634587749839, 3289.199999999999818 ], [ 84.135555513203144, 28.633618410676721, 3289.199999999999818 ], [ 84.135538330301642, 28.633621847257015, 3289.199999999999818 ], [ 84.135509999468923, 28.633693093433976, 3289.199999999999818 ], [ 84.135504551231861, 28.633784959092736, 3289.199999999999818 ], [ 84.135497007519007, 28.63381203263998, 3289.199999999999818 ], [ 84.135466162115335, 28.633862994611263, 3289.199999999999818 ], [ 84.135467587038875, 28.633922003209591, 3289.199999999999818 ], [ 84.135475466027856, 28.633945975452662, 3289.4 ], [ 84.135479489341378, 28.633995009586215, 3290.4 ], [ 84.135494325309992, 28.633998781442639, 3290.4 ], [ 84.135554088279605, 28.634024346247315, 3290.4 ], [ 84.135619299486279, 28.634042115882039, 3290.4 ], [ 84.135716529563069, 28.634067010134459, 3290.4 ], [ 84.135798336938024, 28.634116044268012, 3290.4 ], [ 84.135862793773413, 28.634164240211248, 3290.6 ], [ 84.13593496195972, 28.63424495793879, 3290.800000000000182 ], [ 84.135981146246195, 28.634320059791207, 3290.800000000000182 ], [ 84.136018613353372, 28.634367249906063, 3291.0 ], [ 84.136069407686591, 28.634417541325092, 3291.4 ], [ 84.136077454313636, 28.634429862722751, 3291.4 ], [ 84.136100923642516, 28.634465066716075, 3292.199999999999818 ], [ 84.136109724640846, 28.63447361625731, 3292.4 ], [ 84.136164290830493, 28.634519213810563, 3292.6 ], [ 84.136176779866219, 28.634529775008559, 3292.6 ], [ 84.136232435703278, 28.634577300399545, 3293.6 ], [ 84.136239560320973, 28.634578306227919, 3293.800000000000182 ], [ 84.136249450966716, 28.634588280692697, 3294.4 ], [ 84.136249450966716, 28.634588280692697, 3294.4 ], [ 84.136249450966716, 28.634588280692697, 3294.6 ], [ 84.136249450966716, 28.634588280692697, 3294.6 ], [ 84.136262945830822, 28.634619377553463, 3294.800000000000182 ], [ 84.136299910023808, 28.634647624567151, 3295.199999999999818 ], [ 84.136328073218465, 28.634655000641946, 3295.800000000000182 ], [ 84.136368557810783, 28.634673776105046, 3296.4 ], [ 84.136381717398763, 28.634680062532425, 3297.0 ], [ 84.136392949149013, 28.634685762226582, 3298.199999999999818 ], [ 84.136406192556024, 28.634705794975162, 3299.0 ], [ 84.136404935270548, 28.634729096665978, 3299.199999999999818 ], [ 84.136412395164371, 28.63475700840354, 3299.199999999999818 ], [ 84.136411724612117, 28.634759858250614, 3299.199999999999818 ], [ 84.136407785117626, 28.634763043373823, 3299.199999999999818 ], [ 84.136402839794755, 28.63478290848434, 3299.199999999999818 ], [ 84.136236878111959, 28.634850969538093, 3299.199999999999818 ], [ 84.136255150660872, 28.634873935952783, 3299.4 ], [ 84.136256659403443, 28.634885586798191, 3299.4 ], [ 84.136254647746682, 28.634897070005536, 3299.199999999999818 ], [ 84.136228328570724, 28.63492950797081, 3299.199999999999818 ], [ 84.136218689382076, 28.634925065562129, 3299.0 ], [ 84.136218689382076, 28.634925065562129, 3299.0 ], [ 84.136218689382076, 28.634925065562129, 3299.0 ], [ 84.13622179068625, 28.634929927065969, 3298.800000000000182 ], [ 84.136195806786418, 28.634931016713381, 3298.800000000000182 ], [ 84.136142833158374, 28.6349524743855, 3298.0 ], [ 84.136108215898275, 28.634971585124731, 3298.0 ], [ 84.136086506769061, 28.634990528225899, 3298.0 ], [ 84.136075442656875, 28.634998574852943, 3298.0 ], [ 84.136064546182752, 28.635005950927734, 3298.0 ], [ 84.136057673022151, 28.63501550629735, 3298.0 ], [ 84.13599656894803, 28.635047525167465, 3298.4 ], [ 84.135926747694612, 28.635092116892334, 3298.6 ], [ 84.135894477367401, 28.635110221803188, 3299.0 ], [ 84.135859105736017, 28.635136540979147, 3299.800000000000182 ], [ 84.135850807651877, 28.635144755244255, 3300.0 ], [ 84.135842341929674, 28.635151963680983, 3300.199999999999818 ], [ 84.13581870496273, 28.63517333753407, 3301.0 ], [ 84.135817112401128, 28.635178534314036, 3301.4 ], [ 84.135818369686604, 28.635174008086324, 3301.4 ], [ 84.135819459334016, 28.635175935924053, 3301.4 ], [ 84.135817950591445, 28.635179037228227, 3301.4 ], [ 84.135817950591445, 28.635179037228227, 3301.4 ], [ 84.135818453505635, 28.63517920486629, 3301.4 ], [ 84.135820884257555, 28.635187838226557, 3301.4 ], [ 84.135822476819158, 28.635194627568129, 3301.4 ], [ 84.135815519839525, 28.635200830176473, 3301.4 ], [ 84.135773191228509, 28.635247349739075, 3301.4 ], [ 84.135734802111983, 28.635305687785149, 3301.4 ], [ 84.13571510463953, 28.635360086336732, 3302.0 ], [ 84.135724743828177, 28.63537592813373, 3302.4 ], [ 84.135767910629511, 28.635412557050586, 3303.199999999999818 ], [ 84.13578157313168, 28.635420519858599, 3303.4 ], [ 84.135804874822497, 28.635442983359098, 3304.199999999999818 ], [ 84.135814514011145, 28.635451700538397, 3304.4 ], [ 84.135848376899958, 28.635467123240232, 3305.4 ], [ 84.135852148756385, 28.635468799620867, 3305.6 ], [ 84.135885173454881, 28.635468380525708, 3306.6 ], [ 84.135888861492276, 28.635468380525708, 3306.6 ], [ 84.135910822078586, 28.635459411889315, 3307.199999999999818 ], [ 84.135924400761724, 28.635447258129716, 3307.6 ], [ 84.135938985273242, 28.635437870398164, 3308.0 ], [ 84.135955413803458, 28.635456142947081, 3308.800000000000182 ], [ 84.13595356978476, 28.63546209409833, 3309.0 ], [ 84.135935883969069, 28.635491598397493, 3309.6 ], [ 84.135936135426164, 28.635495621711016, 3310.0 ], [ 84.135936303064227, 28.635515486821532, 3310.6 ], [ 84.135939069092274, 28.635533843189481, 3311.0 ], [ 84.135954156517982, 28.63553375937045, 3311.4 ], [ 84.135993216186762, 28.635506015270948, 3311.6 ], [ 84.136002603918314, 28.635509284213185, 3312.199999999999818 ], [ 84.136014506220818, 28.635504087433219, 3312.6 ], [ 84.136045686900616, 28.635494196787477, 3313.199999999999818 ], [ 84.136062366887927, 28.635489167645577, 3313.4 ], [ 84.136082148179412, 28.63548849709332, 3314.199999999999818 ], [ 84.136088518425822, 28.635488329455256, 3314.4 ], [ 84.136116849258542, 28.635501656681299, 3315.199999999999818 ], [ 84.136122800409794, 28.635507440194488, 3315.199999999999818 ], [ 84.136100169271231, 28.635542057454582, 3315.800000000000182 ], [ 84.136086590588093, 28.635553875938054, 3316.4 ], [ 84.136072173714638, 28.635565107688308, 3316.6 ], [ 84.136072508990765, 28.635580949485306, 3317.0 ], [ 84.136077035218477, 28.635585391893983, 3317.0 ], [ 84.136093631386757, 28.635579943656921, 3317.4 ], [ 84.136094804853201, 28.635578686371449, 3317.4 ], [ 84.1361103951931, 28.635571477934722, 3317.800000000000182 ], [ 84.136157501488924, 28.635559994727373, 3318.4 ], [ 84.136161357164383, 28.635565107688308, 3318.6 ], [ 84.1361587587744, 28.635596372187138, 3319.6 ], [ 84.136150712147355, 28.635608023032542, 3319.800000000000182 ], [ 84.136122381314635, 28.635635264217857, 3320.6 ], [ 84.136113077402115, 28.635644316673279, 3321.6 ], [ 84.136111484840512, 28.635649597272277, 3321.6 ], [ 84.136103522032499, 28.635668456554413, 3321.800000000000182 ], [ 84.136098744347692, 28.635695111006498, 3322.6 ], [ 84.1360879316926, 28.635705001652241, 3323.199999999999818 ], [ 84.136088015511632, 28.63570349290967, 3323.6 ], [ 84.136073514819145, 28.635709108784795, 3323.6 ], [ 84.136078041046858, 28.635702570900321, 3324.4 ], [ 84.136078041046858, 28.635702570900321, 3324.4 ], [ 84.136078041046858, 28.635702570900321, 3324.4 ], [ 84.136078041046858, 28.635702570900321, 3324.4 ], [ 84.136078041046858, 28.635702570900321, 3324.4 ], [ 84.136078041046858, 28.635702570900321, 3324.4 ], [ 84.136078041046858, 28.635702570900321, 3324.4 ], [ 84.136078041046858, 28.635702570900321, 3324.4 ], [ 84.136078041046858, 28.635702570900321, 3324.4 ], [ 84.136078041046858, 28.635702570900321, 3324.4 ], [ 84.136086842045188, 28.635703912004828, 3324.4 ], [ 84.136072257533669, 28.63572109490633, 3324.6 ], [ 84.136066474020481, 28.635736182332039, 3324.800000000000182 ], [ 84.136063037440181, 28.63574699498713, 3325.199999999999818 ], [ 84.136065635830164, 28.63576996140182, 3325.800000000000182 ], [ 84.136066641658545, 28.635777421295643, 3326.0 ], [ 84.136073933914304, 28.63579653203487, 3326.4 ], [ 84.136073179543018, 28.635801812633872, 3326.6 ], [ 84.13606789894402, 28.6358090210706, 3326.800000000000182 ], [ 84.136059517040849, 28.635820085182782, 3327.4 ], [ 84.136053649708629, 28.635843470692635, 3327.800000000000182 ], [ 84.136055074632168, 28.63584766164422, 3328.0 ], [ 84.136052895337343, 28.635862665250897, 3328.4 ], [ 84.136049542576075, 28.635867359116673, 3328.4 ], [ 84.136047782376409, 28.635875824838877, 3328.800000000000182 ], [ 84.136047950014472, 28.63588378764689, 3328.800000000000182 ], [ 84.136045770719647, 28.635891834273934, 3329.0 ], [ 84.136033533141017, 28.635917566716671, 3329.6 ], [ 84.136029928922653, 28.63592846319079, 3330.0 ], [ 84.136024648323655, 28.635943550616503, 3330.199999999999818 ], [ 84.13602976128459, 28.635958721861243, 3331.0 ], [ 84.136036885902286, 28.635959727689624, 3331.0 ], [ 84.136055242270231, 28.635952183976769, 3331.6 ], [ 84.136058678850532, 28.635950507596135, 3332.199999999999818 ], [ 84.136068569496274, 28.635926451534033, 3332.800000000000182 ], [ 84.136075358837843, 28.635922847315669, 3333.199999999999818 ], [ 84.136079382151365, 28.635923266410828, 3333.800000000000182 ], [ 84.136079885065556, 28.635923266410828, 3334.0 ], [ 84.13608985953033, 28.635930139571428, 3335.0 ], [ 84.13609572686255, 28.635929217562079, 3335.199999999999818 ], [ 84.136105114594102, 28.635926619172096, 3335.6 ], [ 84.136124644428492, 28.635916225612164, 3336.199999999999818 ], [ 84.136141072958708, 28.635905915871263, 3337.199999999999818 ], [ 84.136148113757372, 28.635901305824522, 3337.800000000000182 ], [ 84.136158926412463, 28.635888732969761, 3338.199999999999818 ], [ 84.136163871735334, 28.635888565331697, 3338.4 ], [ 84.136166805401444, 28.635887391865253, 3338.4 ], [ 84.136187927797437, 28.635880267247561, 3339.199999999999818 ], [ 84.136187927797437, 28.635880183428529, 3339.4 ], [ 84.136207541450858, 28.635867526754737, 3340.4 ], [ 84.136235034093261, 28.635851601138711, 3341.6 ], [ 84.136260850355029, 28.635844141244888, 3342.6 ], [ 84.136267555877566, 28.635842800140381, 3342.6 ], [ 84.136291528120637, 28.635840034112334, 3343.6 ], [ 84.136291528120637, 28.63583785481751, 3343.800000000000182 ], [ 84.136291360482574, 28.635837519541383, 3343.800000000000182 ], [ 84.136294294148684, 28.635834837332368, 3344.0 ], [ 84.136294294148684, 28.635834837332368, 3344.199999999999818 ], [ 84.136301251128316, 28.635832825675607, 3344.4 ], [ 84.136312650516629, 28.635827545076609, 3344.800000000000182 ], [ 84.136321702972054, 28.63582368940115, 3345.0 ], [ 84.136347435414791, 28.635828047990799, 3345.800000000000182 ], [ 84.13637082092464, 28.635822515934706, 3346.6 ], [ 84.136376017704606, 28.635820085182782, 3347.0 ], [ 84.136399403214455, 28.635819917544723, 3347.6 ], [ 84.13641189225018, 28.635824946686625, 3348.0 ], [ 84.136416334658861, 28.63582469522953, 3348.4 ], [ 84.13642605766654, 28.635822180658579, 3349.199999999999818 ], [ 84.136438211426139, 28.635822013020515, 3349.800000000000182 ], [ 84.136454053223133, 28.635818492621183, 3350.4 ], [ 84.136463273316622, 28.635817067697644, 3350.800000000000182 ], [ 84.136488838121295, 28.635818492621183, 3351.4 ], [ 84.136487077921629, 28.635818995535377, 3351.4 ], [ 84.136527227237821, 28.635816061869264, 3352.0 ], [ 84.13655212149024, 28.635794185101982, 3352.4 ], [ 84.136569136753678, 28.6357865575701, 3353.6 ], [ 84.136571316048503, 28.635785719379783, 3353.800000000000182 ], [ 84.136589840054512, 28.635778175666928, 3354.6 ], [ 84.136599060148001, 28.635774068534374, 3354.800000000000182 ], [ 84.136616159230471, 28.635773481801152, 3355.800000000000182 ], [ 84.136645579710603, 28.635776331648231, 3357.0 ], [ 84.136645747348666, 28.635776164010167, 3357.199999999999818 ], [ 84.136684723198414, 28.635763423517343, 3358.0 ], [ 84.136690003797412, 28.635765351355076, 3358.0 ], [ 84.136730320751667, 28.635748587548733, 3359.199999999999818 ], [ 84.13675831630826, 28.635748503729701, 3360.4 ], [ 84.1367475874722, 28.635751940310001, 3360.4 ], [ 84.136746330186725, 28.635751102119684, 3360.4 ], [ 84.13673828355968, 28.635757220908999, 3360.4 ], [ 84.13672897964716, 28.635759148746729, 3360.6 ], [ 84.136713976040483, 28.635777086019516, 3360.6 ], [ 84.136717999354005, 28.635774487629533, 3360.6 ], [ 84.136717999354005, 28.635774487629533, 3360.4 ], [ 84.136703414842486, 28.635755879804492, 3360.4 ], [ 84.136705091223121, 28.635749341920015, 3360.4 ], [ 84.136708863079548, 28.635758142918348, 3360.4 ], [ 84.136724285781384, 28.635767698287964, 3360.4 ], [ 84.136723028495908, 28.635756215080619, 3360.4 ], [ 84.136722777038813, 28.635756298899651, 3360.4 ], [ 84.136731242761016, 28.635750012472272, 3360.4 ], [ 84.136736942455173, 28.635752527043223, 3360.4 ], [ 84.136736858636141, 28.635751353576779, 3360.6 ], [ 84.136729566380382, 28.635756634175777, 3360.800000000000182 ], [ 84.136726381257176, 28.635750766843557, 3360.800000000000182 ], [ 84.136740630492568, 28.635753029957417, 3360.800000000000182 ], [ 84.136728309094906, 28.635773146525025, 3360.800000000000182 ], [ 84.136721855029464, 28.635794688016176, 3360.800000000000182 ], [ 84.136734344065189, 28.635827293619514, 3361.4 ], [ 84.136736942455173, 28.635830814018849, 3361.6 ], [ 84.136732835322618, 28.635841459035873, 3362.199999999999818 ], [ 84.136727806180716, 28.635856881737709, 3362.4 ], [ 84.136735936626792, 28.635889235883951, 3362.4 ], [ 84.136734679341316, 28.635921841487288, 3363.4 ], [ 84.136751024052501, 28.635920416563749, 3363.800000000000182 ], [ 84.136774074286222, 28.635925110429525, 3364.4 ], [ 84.136818079277873, 28.635937348008156, 3365.0 ], [ 84.136820426210761, 28.635966517031193, 3365.4 ], [ 84.136816151440144, 28.635969199240208, 3365.6 ], [ 84.136797543615103, 28.636000799015164, 3366.199999999999818 ], [ 84.136790670454502, 28.636012533679605, 3366.6 ], [ 84.13676711730659, 28.636030135676265, 3367.4 ], [ 84.136758400127292, 28.636030554771423, 3367.800000000000182 ], [ 84.13675487972796, 28.636032901704311, 3367.800000000000182 ], [ 84.136732332408428, 28.636067602783442, 3367.800000000000182 ], [ 84.136714227497578, 28.636089311912656, 3368.0 ], [ 84.136702995747328, 28.636109260842204, 3369.0 ], [ 84.136707689613104, 28.636111943051219, 3369.199999999999818 ], [ 84.136721100658178, 28.636114206165075, 3369.800000000000182 ], [ 84.136728309094906, 28.636111356317997, 3370.0 ], [ 84.136745324358344, 28.636115295812488, 3371.0 ], [ 84.136753035709262, 28.636116804555058, 3371.199999999999818 ], [ 84.136774325743318, 28.636118397116661, 3371.199999999999818 ], [ 84.136806344613433, 28.636115798726681, 3371.800000000000182 ], [ 84.136812631040812, 28.636114876717329, 3372.0 ], [ 84.136845069006085, 28.636109679937363, 3373.199999999999818 ], [ 84.13684967905283, 28.63611152395606, 3373.4 ], [ 84.136874740943313, 28.636123174801469, 3374.0 ], [ 84.136881027370691, 28.636127533391122, 3374.199999999999818 ], [ 84.136901060119271, 28.636140860617161, 3375.4 ], [ 84.13691958412528, 28.636153349652886, 3376.4 ], [ 84.136924613267183, 28.636157959699631, 3376.6 ], [ 84.136931905522943, 28.636163827031851, 3377.6 ], [ 84.136942299082875, 28.636161899194121, 3378.199999999999818 ], [ 84.136964092031121, 28.636178327724338, 3378.800000000000182 ], [ 84.136970713734627, 28.636183859780431, 3379.199999999999818 ], [ 84.136973647400737, 28.636202802881598, 3379.4 ], [ 84.136970629915595, 28.636201797053214, 3379.4 ], [ 84.136981777846813, 28.636204395443201, 3379.800000000000182 ], [ 84.137012036517262, 28.636222248896956, 3380.800000000000182 ], [ 84.137021843343973, 28.63623465411365, 3382.0 ], [ 84.137028967961669, 28.636252675205469, 3383.0 ], [ 84.13702854886651, 28.636255944147702, 3383.199999999999818 ], [ 84.13704271428287, 28.636278156191111, 3384.199999999999818 ], [ 84.137047324329615, 28.63628301769495, 3384.6 ], [ 84.137070206925273, 28.636302798986435, 3385.800000000000182 ], [ 84.137086467817426, 28.636314952746034, 3386.4 ], [ 84.137080851942301, 28.636323167011145, 3387.0 ], [ 84.137069704011083, 28.63632844761014, 3387.4 ], [ 84.137064339593053, 28.636328363791108, 3387.4 ], [ 84.13705444894731, 28.636313863098621, 3390.6 ], [ 84.137058556079865, 28.636325849220157, 3391.0 ], [ 84.137072805315256, 28.636331632733345, 3391.0 ], [ 84.137081354856491, 28.636334566399455, 3391.6 ], [ 84.137136591598392, 28.636340266093612, 3391.6 ], [ 84.137171627953649, 28.636357029899955, 3391.800000000000182 ], [ 84.137186966836452, 28.636359879747033, 3391.800000000000182 ], [ 84.137193839997053, 28.636365160346031, 3392.0 ], [ 84.137212531641126, 28.63637731410563, 3392.4 ], [ 84.137233067303896, 28.636379661038522, 3392.6 ], [ 84.137254105880857, 28.636382762342691, 3392.800000000000182 ], [ 84.137281347066164, 28.636398520320657, 3392.800000000000182 ], [ 84.137302050366998, 28.636411931365728, 3393.0 ], [ 84.137326357886195, 28.636429533362389, 3393.199999999999818 ], [ 84.137329710647464, 28.636433053761721, 3393.199999999999818 ], [ 84.137370195239782, 28.636456774547696, 3393.6 ], [ 84.137380588799715, 28.636467168107629, 3393.6 ], [ 84.137405985966325, 28.636487619951367, 3393.6 ], [ 84.137422246858478, 28.636498767882586, 3393.800000000000182 ], [ 84.137442447245121, 28.636506143957376, 3394.199999999999818 ], [ 84.137476645410061, 28.636526679620147, 3394.6 ], [ 84.13747857324779, 28.636525254696608, 3394.800000000000182 ], [ 84.137494247406721, 28.636539168655872, 3395.4 ], [ 84.13750296458602, 28.636550232768059, 3395.800000000000182 ], [ 84.137513441964984, 28.636565823107961, 3396.199999999999818 ], [ 84.137532468885183, 28.636576635763049, 3396.4 ], [ 84.137540012598038, 28.63658644258976, 3396.4 ], [ 84.137561805546284, 28.636620389297605, 3396.800000000000182 ], [ 84.137561973184347, 28.63662164658308, 3397.0 ], [ 84.137561051174998, 28.636625837534663, 3397.199999999999818 ], [ 84.137561302632093, 28.636626927182078, 3397.4 ], [ 84.137561302632093, 28.636626927182078, 3398.0 ], [ 84.137574210762978, 28.636634722352028, 3398.199999999999818 ], [ 84.137579491361976, 28.63663824275136, 3398.199999999999818 ], [ 84.137584436684847, 28.636641930788755, 3398.6 ], [ 84.137596925720572, 28.63665048032999, 3399.0 ], [ 84.137629782781005, 28.636669171974063, 3400.0 ], [ 84.137636991217732, 28.636672776192427, 3400.199999999999818 ], [ 84.137669429183006, 28.63669297657907, 3401.0 ], [ 84.137679068371654, 28.636699849739671, 3401.199999999999818 ], [ 84.137685103341937, 28.636704795062546, 3401.4 ], [ 84.137699939310551, 28.636715607717633, 3401.4 ], [ 84.137745704501867, 28.636743435636163, 3402.199999999999818 ], [ 84.137770682573318, 28.636754499748349, 3402.4 ], [ 84.137832708656788, 28.636770593002439, 3402.800000000000182 ], [ 84.137854585424066, 28.6367794778198, 3403.199999999999818 ], [ 84.137858524918556, 28.636781321838495, 3403.199999999999818 ], [ 84.137891214340925, 28.636803785339001, 3403.199999999999818 ], [ 84.137927088886499, 28.636821806430817, 3404.4 ], [ 84.137935135513544, 28.636826500296593, 3405.0 ], [ 84.137937901541591, 28.636826248839498, 3405.800000000000182 ], [ 84.137959526851773, 28.636834882199764, 3406.6 ], [ 84.137967908754945, 28.636839659884572, 3406.800000000000182 ], [ 84.137971261516213, 28.636853070929646, 3408.0 ], [ 84.137975955381989, 28.636858183890581, 3408.199999999999818 ], [ 84.13798769004643, 28.636867236346006, 3408.800000000000182 ], [ 84.137990372255445, 28.636871427297592, 3409.0 ], [ 84.137995317578316, 28.636872936040163, 3410.0 ], [ 84.137985929846764, 28.636863548308611, 3410.199999999999818 ], [ 84.137974446639419, 28.636863883584734, 3410.4 ], [ 84.137962544336915, 28.63685793243349, 3410.4 ], [ 84.137964220717549, 28.636855417862535, 3410.6 ], [ 84.137945864349604, 28.636841252446175, 3410.800000000000182 ], [ 84.137949384748936, 28.636840917170048, 3410.800000000000182 ], [ 84.137962041422725, 28.636859357357025, 3411.4 ], [ 84.137975620105863, 28.636863799765703, 3411.6 ], [ 84.138043764978647, 28.636886766180396, 3411.6 ], [ 84.138079890981317, 28.636898081749681, 3412.4 ], [ 84.138119537383318, 28.636911492794752, 3413.4 ], [ 84.138142503798008, 28.636925742030144, 3413.6 ], [ 84.138145186007023, 28.636927250772715, 3413.6 ], [ 84.138162452727556, 28.636932950466871, 3414.6 ], [ 84.138188185170293, 28.636935045942664, 3415.199999999999818 ], [ 84.138202350586653, 28.636946361511946, 3415.800000000000182 ], [ 84.138197405263782, 28.636958096176382, 3416.4 ], [ 84.138192376121879, 28.636960107833147, 3416.800000000000182 ], [ 84.138162201270461, 28.636967232450843, 3417.199999999999818 ], [ 84.138135546818376, 28.636981984600425, 3418.0 ], [ 84.138118363916874, 28.636991120874882, 3418.4 ], [ 84.138104198500514, 28.636997658759356, 3419.0 ], [ 84.138096990063787, 28.636998077854511, 3420.199999999999818 ], [ 84.138069245964289, 28.637012410908937, 3421.0 ], [ 84.138066647574306, 28.637010315433145, 3421.199999999999818 ], [ 84.138040076941252, 28.637020038440824, 3421.800000000000182 ], [ 84.138028174638748, 28.637021882459521, 3422.199999999999818 ], [ 84.138018200173974, 28.637023642659187, 3422.6 ], [ 84.13798819296062, 28.637034706771377, 3423.4 ], [ 84.137983079999685, 28.637037221342325, 3423.6 ], [ 84.137961873784661, 28.63704769872129, 3424.6 ], [ 84.137942427769303, 28.637050213292241, 3425.199999999999818 ], [ 84.137927256524563, 28.637053733691573, 3425.6 ], [ 84.137916192412376, 28.637053063139319, 3426.199999999999818 ], [ 84.137923149392009, 28.637043088674545, 3426.199999999999818 ], [ 84.137925077229738, 28.637045435607433, 3426.4 ], [ 84.137925999239087, 28.637034287676215, 3426.6 ], [ 84.137941002845764, 28.637044513598084, 3426.800000000000182 ], [ 84.137973608449101, 28.637063540518284, 3426.800000000000182 ], [ 84.137982577085495, 28.637068653479218, 3427.0 ], [ 84.138009818270802, 28.637086255475879, 3427.800000000000182 ], [ 84.13801115937531, 28.637087680399414, 3428.0 ], [ 84.138031527400017, 28.637099582701921, 3428.4 ], [ 84.138054326176643, 28.637109557166696, 3428.4 ], [ 84.138055248185992, 28.637109473347664, 3429.0 ], [ 84.138061450794339, 28.637114251032472, 3429.199999999999818 ], [ 84.138068659231067, 28.637125734239817, 3430.199999999999818 ], [ 84.138097912073135, 28.637144006788731, 3430.800000000000182 ], [ 84.138108976185322, 28.637150628492236, 3431.4 ], [ 84.138116436079144, 28.637159010395408, 3432.199999999999818 ], [ 84.138123728334904, 28.637169571593404, 3432.4 ], [ 84.138132277876139, 28.637184742838144, 3432.800000000000182 ], [ 84.138138312846422, 28.637193208560348, 3433.4 ], [ 84.138146191835403, 28.637197399511933, 3434.0 ], [ 84.138151640072465, 28.637210140004751, 3434.6 ], [ 84.138163039460778, 28.637217180803415, 3435.199999999999818 ], [ 84.138173516839743, 28.637227071449161, 3435.6 ], [ 84.138195561245084, 28.637247942388058, 3436.800000000000182 ], [ 84.138199836015701, 28.637249870225787, 3436.800000000000182 ], [ 84.13822129368782, 28.637265712022781, 3437.800000000000182 ], [ 84.138240907341242, 28.637281470000744, 3438.800000000000182 ], [ 84.138239733874798, 28.637291947379708, 3439.6 ], [ 84.138243338093162, 28.63730426877737, 3440.0 ], [ 84.138239398598671, 28.637310219928622, 3440.4 ], [ 84.138216180726886, 28.63733746111393, 3441.4 ], [ 84.138200674206018, 28.637331929057837, 3442.199999999999818 ], [ 84.138204613700509, 28.637322373688221, 3442.4 ], [ 84.138207044452429, 28.637321032583714, 3442.4 ], [ 84.138208972290158, 28.637318853288889, 3442.4 ], [ 84.138175025582314, 28.637270573526621, 3442.6 ], [ 84.138155663385987, 28.637298149988055, 3442.800000000000182 ], [ 84.13811769336462, 28.637324804440141, 3443.4 ], [ 84.138100259006023, 28.637325977906585, 3443.800000000000182 ], [ 84.138078801333904, 28.637330587953329, 3444.6 ], [ 84.138073772192001, 28.637333773076534, 3444.800000000000182 ], [ 84.138051392510533, 28.637343998998404, 3445.800000000000182 ], [ 84.138032868504524, 28.63734450191259, 3446.199999999999818 ], [ 84.138001687824726, 28.637346345931292, 3446.800000000000182 ], [ 84.137987606227398, 28.637346429750323, 3447.199999999999818 ], [ 84.137973440811038, 28.637347016483545, 3448.0 ], [ 84.137952905148268, 28.637345926836133, 3448.6 ], [ 84.137928513810039, 28.637340562418103, 3449.0 ], [ 84.137914096936584, 28.637338886037469, 3449.199999999999818 ], [ 84.137864727526903, 28.637335449457169, 3449.800000000000182 ], [ 84.137855088338256, 28.637336203828458, 3450.0 ], [ 84.137825667858124, 28.63733259961009, 3450.6 ], [ 84.13778149522841, 28.637323128059503, 3451.199999999999818 ], [ 84.137737154960632, 28.637311477214094, 3452.199999999999818 ], [ 84.137698011472821, 28.637318266555667, 3452.800000000000182 ], [ 84.137691305950284, 28.637324804440141, 3453.4 ], [ 84.13767646998167, 28.637330587953329, 3453.800000000000182 ], [ 84.137653419747949, 28.637331007048488, 3454.6 ], [ 84.137634141370654, 28.637336706742644, 3455.0 ], [ 84.137627184391022, 28.637335365638137, 3455.6 ], [ 84.137606732547283, 28.637333018705249, 3456.0 ], [ 84.137551998719573, 28.637321619316936, 3456.6 ], [ 84.137541353702545, 28.63731843419373, 3456.800000000000182 ], [ 84.137492487207055, 28.637312818318605, 3457.4 ], [ 84.137447979301214, 28.637306783348318, 3457.800000000000182 ], [ 84.137373715639114, 28.63730669952929, 3458.6 ], [ 84.137314623221755, 28.637309884652495, 3458.800000000000182 ], [ 84.137300625443459, 28.637311477214094, 3459.4 ], [ 84.137274557724595, 28.637319104745984, 3460.199999999999818 ], [ 84.137266846373677, 28.637320781126618, 3460.6 ], [ 84.137222087010741, 28.637346010655165, 3461.0 ], [ 84.137218650430441, 28.637350620701909, 3461.199999999999818 ], [ 84.137218147516251, 28.637353386729956, 3461.4 ], [ 84.137226110324264, 28.637351123616099, 3462.199999999999818 ], [ 84.13722644560039, 28.637351123616099, 3462.199999999999818 ], [ 84.137234156951308, 28.637348525226116, 3462.199999999999818 ], [ 84.137262320145965, 28.637341819703579, 3462.6 ], [ 84.137262236326933, 28.63734140060842, 3462.800000000000182 ], [ 84.137263912707567, 28.637337209656835, 3463.0 ], [ 84.137262152507901, 28.637347854673862, 3463.0 ], [ 84.137254022061825, 28.637336958199739, 3463.0 ], [ 84.13725377060473, 28.637338718399405, 3463.6 ], [ 84.137299619615078, 28.63734676502645, 3463.800000000000182 ], [ 84.137319484725595, 28.637371324002743, 3464.800000000000182 ], [ 84.137305654585361, 28.637387249618769, 3465.4 ], [ 84.137290315702558, 28.63739026710391, 3465.800000000000182 ], [ 84.137268690392375, 28.637396050617099, 3466.4 ], [ 84.137246645987034, 28.637402337044477, 3467.0 ], [ 84.137238347902894, 28.63741172477603, 3467.4 ], [ 84.137229882180691, 28.637421280145645, 3468.0 ], [ 84.137215297669172, 28.637434775009751, 3469.0 ], [ 84.137213369831443, 28.637436116114259, 3469.199999999999818 ], [ 84.137258129194379, 28.637442402541637, 3469.6 ], [ 84.137277826666832, 28.637446844950318, 3470.0 ], [ 84.137294758111238, 28.63745229318738, 3470.4 ], [ 84.137301798909903, 28.637463105842471, 3471.199999999999818 ], [ 84.13729777559638, 28.637461680918932, 3471.800000000000182 ], [ 84.137298613786697, 28.637462435290217, 3472.0 ], [ 84.137314120307565, 28.637467967346311, 3472.199999999999818 ], [ 84.137334823608398, 28.637479031458497, 3472.4 ], [ 84.137376397848129, 28.63749168813229, 3473.4 ], [ 84.137381678447127, 28.637493280693889, 3473.6 ], [ 84.137415792793036, 28.637506188824773, 3474.4 ], [ 84.137432891875505, 28.637515073642135, 3474.800000000000182 ], [ 84.137466922402382, 28.63751775585115, 3475.4 ], [ 84.137476813048124, 28.63751926459372, 3475.800000000000182 ], [ 84.137513944879174, 28.637530161067843, 3476.4 ], [ 84.137519979849458, 28.637533849105239, 3476.4 ], [ 84.137553758919239, 28.63756762817502, 3477.4 ], [ 84.137552753090858, 28.637570310384035, 3477.4 ], [ 84.137543449178338, 28.637574082240462, 3477.6 ], [ 84.137497935444117, 28.637578440830112, 3478.199999999999818 ], [ 84.137442028149962, 28.637592103332281, 3478.4 ], [ 84.137439765036106, 28.637589672580361, 3478.6 ], [ 84.137389976531267, 28.637596378102899, 3479.4 ], [ 84.137367010116577, 28.637605430558324, 3479.800000000000182 ], [ 84.137352090328932, 28.63760836422443, 3480.0 ], [ 84.137337757274508, 28.637620685622096, 3480.800000000000182 ], [ 84.137334991246462, 28.637622697278857, 3481.0 ], [ 84.137350413948298, 28.637635186314583, 3481.800000000000182 ], [ 84.137370698153973, 28.637640718370676, 3482.6 ], [ 84.137388719245791, 28.637647088617086, 3483.0 ], [ 84.137403974309564, 28.637645412236452, 3483.199999999999818 ], [ 84.137440184131265, 28.637654967606068, 3483.800000000000182 ], [ 84.137451248243451, 28.637657649815083, 3484.199999999999818 ], [ 84.137467760592699, 28.637668127194047, 3485.199999999999818 ], [ 84.137468431144953, 28.637669635936614, 3485.4 ], [ 84.137478740885854, 28.637681286782023, 3485.800000000000182 ], [ 84.137482512742281, 28.637685142457485, 3486.4 ], [ 84.137484859675169, 28.637686567381024, 3486.6 ], [ 84.137498270720243, 28.637692350894213, 3487.4 ], [ 84.137515537440777, 28.63770022988319, 3488.0 ], [ 84.137525260448456, 28.63770542666316, 3488.4 ], [ 84.137561973184347, 28.637719675898552, 3489.4 ], [ 84.137565577402711, 28.637721939012408, 3489.6 ], [ 84.137616287916899, 28.637725627049804, 3490.199999999999818 ], [ 84.13761930540204, 28.63773132674396, 3490.6 ], [ 84.137643277645111, 28.63776745274663, 3491.4 ], [ 84.137646378949285, 28.637773571535945, 3491.6 ], [ 84.137641852721572, 28.637779355049133, 3492.199999999999818 ], [ 84.137612516060472, 28.637773571535945, 3492.199999999999818 ], [ 84.137610839679837, 28.637780696153641, 3492.199999999999818 ], [ 84.137575384229422, 28.637784803286195, 3492.4 ], [ 84.137519225478172, 28.637794191017747, 3493.0 ], [ 84.137465916574001, 28.637817073613405, 3494.0 ], [ 84.137431802228093, 28.637847835198045, 3495.0 ], [ 84.137427024543285, 28.637848421931267, 3495.199999999999818 ], [ 84.137404980137944, 28.637861665338281, 3496.199999999999818 ], [ 84.137388886883855, 28.637879602611065, 3497.4 ], [ 84.137385366484523, 28.637880859896541, 3497.4 ], [ 84.137371620163321, 28.637894857674837, 3497.800000000000182 ], [ 84.137361478060484, 28.63791111856699, 3498.4 ], [ 84.137359466403723, 28.637912794947624, 3498.6 ], [ 84.137339349836111, 28.637924026697871, 3499.6 ], [ 84.137323759496212, 28.637936348095536, 3500.199999999999818 ], [ 84.137317892163992, 28.637937605381012, 3500.4 ], [ 84.137317892163992, 28.637937605381012, 3500.4 ], [ 84.13731780834496, 28.637937856838107, 3500.6 ], [ 84.137293417006731, 28.637946741655469, 3500.800000000000182 ], [ 84.13726014085114, 28.637964176014066, 3501.800000000000182 ], [ 84.137243125587702, 28.63796878606081, 3502.800000000000182 ], [ 84.137232396751642, 28.637973144650459, 3503.199999999999818 ], [ 84.137216303497553, 28.637981861829761, 3503.6 ], [ 84.137211609631777, 28.637981610372663, 3503.800000000000182 ], [ 84.137206915766001, 28.637983622029424, 3504.0 ], [ 84.137167939916253, 28.638018490746617, 3505.0 ], [ 84.137149499729276, 28.638045312836766, 3505.6 ], [ 84.137147068977356, 28.638054700568318, 3506.199999999999818 ], [ 84.137161821126938, 28.63806894980371, 3506.199999999999818 ], [ 84.137159306555986, 28.638069955632091, 3506.6 ], [ 84.137178668752313, 28.638054113835096, 3506.6 ], [ 84.137214878574014, 28.6380401160568, 3506.800000000000182 ], [ 84.137226613238454, 28.6380435526371, 3507.199999999999818 ], [ 84.137250501662493, 28.638045229017735, 3508.0 ], [ 84.137282352894545, 28.638046402484179, 3508.199999999999818 ], [ 84.137288555502892, 28.638047408312559, 3508.4 ], [ 84.13731093518436, 28.638053610920903, 3508.800000000000182 ], [ 84.13734907284379, 28.638062831014395, 3509.4 ], [ 84.13736273534596, 28.638066938146949, 3509.800000000000182 ], [ 84.137378828600049, 28.638073308393359, 3510.4 ], [ 84.137399028986692, 28.638090323656797, 3511.199999999999818 ], [ 84.137416044250131, 28.638099292293191, 3511.6 ], [ 84.137445464730263, 28.638104321435097, 3512.4 ], [ 84.137457953765988, 28.638105159625411, 3512.6 ], [ 84.137494415044785, 28.638116391375661, 3513.800000000000182 ], [ 84.137516962364316, 28.638126282021403, 3514.6 ], [ 84.137551579624414, 28.638133406639099, 3515.0 ], [ 84.137555100023746, 28.638134999200702, 3515.4 ], [ 84.137561805546284, 28.638139944523573, 3516.0 ], [ 84.137564320117235, 28.638143967837095, 3516.0 ], [ 84.137604553252459, 28.638157714158297, 3516.800000000000182 ], [ 84.137608911842108, 28.63816031254828, 3517.0 ], [ 84.137627184391022, 28.638170873746276, 3517.199999999999818 ], [ 84.137634476646781, 28.638173723593351, 3517.199999999999818 ], [ 84.137677559629083, 28.63818327896297, 3518.0 ], [ 84.137700526043773, 28.638188894838095, 3518.4 ], [ 84.137729946523905, 28.638201048597693, 3519.0 ], [ 84.137727348133922, 28.638200294226408, 3519.199999999999818 ], [ 84.137753332033753, 28.638206413015723, 3520.0 ], [ 84.137772861868143, 28.638211777433753, 3520.199999999999818 ], [ 84.137782081961632, 28.638217058032751, 3520.4 ], [ 84.137791385874152, 28.638230636715889, 3521.4 ], [ 84.137791721150279, 28.638232061639428, 3521.4 ], [ 84.137791218236089, 28.638234743848443, 3521.800000000000182 ], [ 84.13773606531322, 28.638232313096523, 3521.800000000000182 ], [ 84.137737741693854, 28.638247735798359, 3522.0 ], [ 84.137721229344606, 28.638257626444101, 3522.6 ], [ 84.137719385325909, 28.638257626444101, 3522.6 ], [ 84.13771896623075, 28.638255195692182, 3522.800000000000182 ], [ 84.137718295678496, 28.63826047629118, 3523.4 ], [ 84.137669429183006, 28.638280928134922, 3524.0 ], [ 84.137629363685846, 28.638293836265799, 3525.199999999999818 ], [ 84.137618718668818, 28.638300793245435, 3525.4 ], [ 84.137600949034095, 28.638307750225067, 3525.6 ], [ 84.13759189657867, 28.638309007510543, 3525.800000000000182 ], [ 84.137586783617735, 28.638314958661795, 3526.0 ], [ 84.137570858001709, 28.638321915641427, 3526.199999999999818 ], [ 84.137533558532596, 28.638336667791009, 3527.4 ], [ 84.137513861060143, 28.638352258130908, 3527.800000000000182 ], [ 84.137507658451796, 28.638356197625399, 3527.800000000000182 ], [ 84.137482848018408, 28.638369608670473, 3528.199999999999818 ], [ 84.137477483600378, 28.638372626155615, 3528.4 ], [ 84.137452924624085, 28.638393916189671, 3529.199999999999818 ], [ 84.137435322627425, 28.638417385518551, 3529.800000000000182 ], [ 84.137431466951966, 28.638429623097181, 3530.199999999999818 ], [ 84.137438759207726, 28.638431970030069, 3530.6 ], [ 84.137447644025087, 28.638439429923892, 3530.6 ], [ 84.137447727844119, 28.638442866504192, 3530.6 ], [ 84.137435657903552, 28.638464072719216, 3530.6 ], [ 84.13739399984479, 28.638513777405024, 3530.800000000000182 ], [ 84.137380002066493, 28.638533558696508, 3531.6 ], [ 84.137374805286527, 28.638542862609029, 3531.6 ], [ 84.137369859963655, 28.638559374958277, 3532.6 ], [ 84.137366339564323, 28.638562140986323, 3533.199999999999818 ], [ 84.137368183583021, 28.638567505404353, 3533.199999999999818 ], [ 84.137365166097879, 28.638568595051765, 3533.199999999999818 ], [ 84.137358544394374, 28.638578401878476, 3533.199999999999818 ], [ 84.137357119470835, 28.638586197048426, 3533.199999999999818 ], [ 84.137350581586361, 28.638591980561618, 3533.199999999999818 ], [ 84.13732560351491, 28.638594662770629, 3533.800000000000182 ], [ 84.137328788638115, 28.638602206483483, 3534.199999999999818 ], [ 84.137303894385695, 28.63863724283874, 3535.0 ], [ 84.137285370379686, 28.638654006645083, 3535.800000000000182 ], [ 84.137294925749302, 28.63866901025176, 3536.800000000000182 ], [ 84.137299954891205, 28.638670770451427, 3536.800000000000182 ], [ 84.137318395078182, 28.638665825128555, 3537.199999999999818 ], [ 84.137353179976344, 28.638663813471791, 3537.800000000000182 ], [ 84.137362316250801, 28.638661298900843, 3538.199999999999818 ], [ 84.137396346777678, 28.638657946139578, 3539.0 ], [ 84.137400118634105, 28.638655263930559, 3539.0 ], [ 84.137441106140614, 28.638650067150593, 3539.6 ], [ 84.137465078383684, 28.63865090534091, 3540.0 ], [ 84.137469604611397, 28.638653252273802, 3540.199999999999818 ], [ 84.137485530227423, 28.638652833178639, 3540.4 ], [ 84.137516375631094, 28.638646211475137, 3541.0 ], [ 84.137545377016068, 28.638642942532897, 3542.199999999999818 ], [ 84.137554345652461, 28.638642020523548, 3542.199999999999818 ], [ 84.137576809152961, 28.638635817915201, 3543.4 ], [ 84.137592231854796, 28.638626933097839, 3543.6 ], [ 84.137607403099537, 28.638625424355268, 3544.199999999999818 ], [ 84.137627016752958, 28.638620311394337, 3544.800000000000182 ], [ 84.137643110007048, 28.638618802651763, 3545.4 ], [ 84.137675547972322, 28.638614611700177, 3546.0 ], [ 84.137685941532254, 28.638611426576972, 3546.6 ], [ 84.137715110555291, 28.638612851500511, 3547.199999999999818 ], [ 84.137748135253787, 28.638618299737573, 3547.4 ], [ 84.137759450823069, 28.638617545366287, 3547.4 ], [ 84.137783842161298, 28.63861964084208, 3548.0 ], [ 84.137818040326238, 28.638632968068123, 3548.4 ], [ 84.137838492169976, 28.638641182333231, 3548.6 ], [ 84.137844108045101, 28.638642523437738, 3548.6 ], [ 84.137878390029073, 28.638657443225384, 3549.800000000000182 ], [ 84.13787973113358, 28.638658616691828, 3549.800000000000182 ], [ 84.137881407514215, 28.638666830956936, 3550.6 ], [ 84.137889957055449, 28.638671105727553, 3550.6 ], [ 84.137896997854114, 28.638674039393663, 3551.0 ], [ 84.137877803295851, 28.638710081577301, 3551.4 ], [ 84.137853495776653, 28.638720642775297, 3552.0 ], [ 84.137832541018724, 28.638727180659771, 3552.4 ], [ 84.137814519926906, 28.638734221458435, 3553.0 ], [ 84.137803874909878, 28.63873690366745, 3554.0 ], [ 84.137794990092516, 28.638744112104177, 3554.4 ], [ 84.137767162173986, 28.638766491785645, 3554.6 ], [ 84.137760540470481, 28.638800522312518, 3555.0 ], [ 84.137751320376992, 28.638820638880137, 3555.199999999999818 ], [ 84.137736400589347, 28.638838911429048, 3555.800000000000182 ], [ 84.137696251273155, 28.638878557831049, 3556.4 ], [ 84.137658951804042, 28.638892723247409, 3557.0 ], [ 84.137641601264477, 28.638902446255088, 3557.199999999999818 ], [ 84.137634392827749, 28.638907391577959, 3557.800000000000182 ], [ 84.137642942368984, 28.638910660520196, 3558.199999999999818 ], [ 84.13764956407249, 28.638910660520196, 3558.4 ], [ 84.137669345363975, 28.638909487053752, 3559.0 ], [ 84.13767546415329, 28.638908732682467, 3559.0 ], [ 84.137707063928246, 28.638899764046073, 3559.6 ], [ 84.137719385325909, 28.638901021331549, 3559.800000000000182 ], [ 84.137763641774654, 28.63889356143773, 3560.4 ], [ 84.137773364782333, 28.638889705762267, 3560.800000000000182 ], [ 84.13779272697866, 28.63887662999332, 3561.4 ], [ 84.137818291783333, 28.638871097937223, 3561.6 ], [ 84.137835390865803, 28.638866739347577, 3561.6 ], [ 84.137844862416387, 28.638864979147911, 3561.6 ], [ 84.137891968712211, 28.63885810598731, 3562.4 ], [ 84.137898925691843, 28.638857770711184, 3562.800000000000182 ], [ 84.137935638427734, 28.638848634436727, 3563.6 ], [ 84.137960951775312, 28.638850729912519, 3563.6 ], [ 84.137985426932573, 28.638860704377297, 3564.199999999999818 ], [ 84.138024318963289, 28.638875875622031, 3565.0 ], [ 84.138025743886828, 28.638879060745239, 3565.0 ], [ 84.137992132455111, 28.638904709368944, 3565.4 ], [ 84.137987438589334, 28.638906553387638, 3565.4 ], [ 84.137987438589334, 28.638906553387638, 3565.4 ], [ 84.137987438589334, 28.638906553387638, 3565.6 ], [ 84.137987438589334, 28.638906553387638, 3565.6 ], [ 84.137987438589334, 28.638906553387638, 3565.6 ], [ 84.137951731681824, 28.638929771259427, 3566.0 ], [ 84.137925999239087, 28.638952234759927, 3566.6 ], [ 84.13791585713625, 28.638960281386971, 3566.800000000000182 ], [ 84.137906888499856, 28.638982912525535, 3567.6 ], [ 84.137900769710541, 28.638992635533217, 3568.0 ], [ 84.137886771932244, 28.639014512300491, 3568.6 ], [ 84.137869421392679, 28.639041753485799, 3568.800000000000182 ], [ 84.13785676471889, 28.639050386846066, 3568.800000000000182 ], [ 84.137823907658458, 28.639085339382291, 3570.0 ], [ 84.137790715321898, 28.639109646901488, 3570.6 ], [ 84.137773280963302, 28.639125740155578, 3571.199999999999818 ], [ 84.137765569612384, 28.639134205877781, 3571.4 ], [ 84.137745620682836, 28.639144347980618, 3572.0 ], [ 84.137740675359964, 28.639147030189633, 3572.6 ], [ 84.137751152738929, 28.639149041846395, 3573.199999999999818 ], [ 84.137759786099195, 28.639149377122521, 3573.800000000000182 ], [ 84.137759786099195, 28.639149377122521, 3574.4 ], [ 84.137760959565639, 28.639144767075777, 3575.199999999999818 ], [ 84.137737238779664, 28.639146946370602, 3575.199999999999818 ], [ 84.137733886018395, 28.639144180342555, 3575.6 ], [ 84.137783506885171, 28.6391522269696, 3575.800000000000182 ], [ 84.137823656201363, 28.639161866158247, 3577.0 ], [ 84.137854166328907, 28.639162285253409, 3577.6 ], [ 84.137861877679825, 28.639163123443723, 3577.800000000000182 ], [ 84.137862967327237, 28.639164296910167, 3577.800000000000182 ], [ 84.13787285797298, 28.639168990775943, 3578.4 ], [ 84.137879144400358, 28.639178546145558, 3578.4 ], [ 84.137880485504866, 28.639178462326527, 3578.4 ], [ 84.137885766103864, 28.639177037402987, 3578.4 ], [ 84.137893142178655, 28.639178462326527, 3578.4 ], [ 84.137903787195683, 28.639178378507495, 3578.6 ], [ 84.137919880449772, 28.639179468154907, 3579.0 ], [ 84.137927927076817, 28.639183742925525, 3579.4 ], [ 84.137973440811038, 28.639182150363919, 3580.199999999999818 ], [ 84.138002023100853, 28.639182988554239, 3580.800000000000182 ], [ 84.138014009222388, 28.639184581115838, 3581.0 ], [ 84.138017361983657, 28.639184664934874, 3581.199999999999818 ], [ 84.138032197952271, 28.639188101515177, 3581.800000000000182 ], [ 84.138040998950601, 28.639187766239047, 3582.199999999999818 ], [ 84.138054242357612, 28.639191202819347, 3582.800000000000182 ], [ 84.138061031699181, 28.639190616086125, 3583.0 ], [ 84.138086261227727, 28.63919229246676, 3584.0 ], [ 84.13808835670352, 28.639188352972269, 3584.4 ], [ 84.13810788653791, 28.639183659106493, 3585.0 ], [ 84.138131523504853, 28.639178546145558, 3585.4 ], [ 84.138145269826055, 28.639184245839715, 3586.199999999999818 ], [ 84.138150718063116, 28.639185586944222, 3586.4 ], [ 84.138152897357941, 28.639186006039381, 3586.800000000000182 ], [ 84.138165051117539, 28.639209559187293, 3587.6 ], [ 84.13817385211587, 28.639214001595978, 3587.6 ], [ 84.138219198212028, 28.639233699068427, 3588.199999999999818 ], [ 84.138224394991994, 28.639243924990296, 3588.6 ], [ 84.138218695297837, 28.639266891404983, 3588.800000000000182 ], [ 84.138198997825384, 28.639291953295469, 3589.6 ], [ 84.138188855722547, 28.639301592484117, 3589.800000000000182 ], [ 84.138145940378308, 28.639318272471428, 3590.4 ], [ 84.138142252340913, 28.63931885920465, 3590.6 ], [ 84.138113921508193, 28.639326654374599, 3591.6 ], [ 84.138111490756273, 28.639329504221681, 3591.800000000000182 ], [ 84.138103863224387, 28.639335287734863, 3592.4 ], [ 84.13809665478766, 28.639338640496135, 3592.6 ], [ 84.138083076104522, 28.639344507828355, 3592.800000000000182 ], [ 84.13806782104075, 28.639354901388288, 3593.4 ], [ 84.138054409995675, 28.639362612739205, 3594.0 ], [ 84.138044267892838, 28.639366971328855, 3594.4 ], [ 84.138026665896177, 28.63937116228044, 3595.199999999999818 ], [ 84.138020547106862, 28.639375688508153, 3595.4 ], [ 84.138052565976977, 28.639383064582944, 3596.0 ], [ 84.138058768585324, 28.639386249706149, 3596.399999999999636 ], [ 84.138076454401016, 28.639401672407985, 3596.800000000000182 ], [ 84.138091877102852, 28.639405192807317, 3597.399999999999636 ], [ 84.138100007548928, 28.639407204464082, 3597.399999999999636 ], [ 84.138126997277141, 28.639417514204979, 3598.399999999999636 ], [ 84.138130266219378, 28.639420447871089, 3598.600000000000364 ], [ 84.138146862387657, 28.639444839209322, 3599.600000000000364 ], [ 84.138148622587323, 28.639445258304477, 3600.399999999999636 ], [ 84.138148622587323, 28.639445258304477, 3600.399999999999636 ], [ 84.138148622587323, 28.639445258304477, 3600.399999999999636 ], [ 84.138148622587323, 28.639445258304477, 3600.399999999999636 ], [ 84.138148622587323, 28.639445258304477, 3600.399999999999636 ], [ 84.138158094137907, 28.639452466741204, 3600.600000000000364 ], [ 84.138169242069125, 28.639460429549217, 3600.800000000000182 ], [ 84.138180054724216, 28.639477863907818, 3601.399999999999636 ], [ 84.13818122819066, 28.639481216669083, 3601.600000000000364 ], [ 84.138200590386987, 28.639499405398965, 3602.600000000000364 ], [ 84.138204446062446, 28.639499489217997, 3602.800000000000182 ], [ 84.13822129368782, 28.639522707089782, 3603.800000000000182 ], [ 84.138238895684481, 28.639529664069418, 3604.199999999999818 ], [ 84.138260269537568, 28.639544080942869, 3605.0 ], [ 84.13826865144074, 28.639547433704134, 3605.0 ], [ 84.138288013637066, 28.639571908861399, 3606.0 ], [ 84.138316679745913, 28.639591271057725, 3606.800000000000182 ], [ 84.138339813798666, 28.639596551656723, 3607.199999999999818 ], [ 84.138357164338231, 28.639606693759561, 3607.6 ], [ 84.138364959508181, 28.639637120068073, 3608.0 ], [ 84.138359427452087, 28.639644999057055, 3608.199999999999818 ], [ 84.138350123539567, 28.639647010713816, 3608.4 ], [ 84.138334700837731, 28.639644328504801, 3609.199999999999818 ], [ 84.138326654210687, 28.6396374553442, 3610.0 ], [ 84.13831022568047, 28.639640556648377, 3610.0 ], [ 84.138274015858769, 28.639653883874416, 3610.4 ], [ 84.138246607035398, 28.63966042175889, 3611.0 ], [ 84.138228669762611, 28.639666959643364, 3611.4 ], [ 84.13819145411253, 28.639673162251711, 3612.6 ], [ 84.138180473819375, 28.63967701792717, 3613.199999999999818 ], [ 84.138161782175303, 28.63968095742166, 3613.6 ], [ 84.138137893751264, 28.639685902744532, 3614.6 ], [ 84.138129595667124, 28.639690009877089, 3614.800000000000182 ], [ 84.138100175186992, 28.639692440629005, 3615.6 ], [ 84.138083327561617, 28.639695039018989, 3616.199999999999818 ], [ 84.138079136610031, 28.63969822414219, 3616.800000000000182 ], [ 84.138056086376309, 28.639706941321492, 3617.6 ], [ 84.13805365562439, 28.639706186950207, 3617.800000000000182 ], [ 84.138044184073806, 28.63970342092216, 3618.4 ], [ 84.138021469116211, 28.639703672379255, 3618.800000000000182 ], [ 84.138010069727898, 28.63970685750246, 3619.199999999999818 ], [ 84.137983499094844, 28.639709539711475, 3620.0 ], [ 84.137979308143258, 28.639711886644363, 3620.0 ], [ 84.137953910976648, 28.639712138101459, 3621.199999999999818 ], [ 84.137956174090505, 28.639709120616317, 3621.800000000000182 ], [ 84.137956174090505, 28.639709120616317, 3621.800000000000182 ], [ 84.137956174090505, 28.639709120616317, 3621.800000000000182 ], [ 84.137956174090505, 28.639709120616317, 3621.800000000000182 ], [ 84.137932201847434, 28.639720603823665, 3622.0 ], [ 84.137904709205031, 28.63974055275321, 3622.4 ], [ 84.137902446091175, 28.639740385115147, 3622.6 ], [ 84.137887945398688, 28.639744324609637, 3623.6 ], [ 84.137882329523563, 28.639744911342859, 3623.800000000000182 ], [ 84.137863051146269, 28.639748934656382, 3624.4 ], [ 84.137850729748607, 28.63975354470313, 3624.6 ], [ 84.137845281511545, 28.639766871929169, 3625.199999999999818 ], [ 84.137822315096855, 28.63977525383234, 3625.800000000000182 ], [ 84.137821896001697, 28.63977592438459, 3625.800000000000182 ], [ 84.137777555733919, 28.639791682362556, 3626.800000000000182 ], [ 84.137766240164638, 28.639803668484092, 3627.199999999999818 ], [ 84.137760037556291, 28.639817498624325, 3628.0 ], [ 84.137742687016726, 28.639833675697449, 3628.6 ], [ 84.137724079191685, 28.63984314724803, 3629.0 ], [ 84.137713266536593, 28.639841638505459, 3629.800000000000182 ], [ 84.137708321213722, 28.639842895790935, 3630.0 ], [ 84.137709075585008, 28.63984188996255, 3630.199999999999818 ], [ 84.137717708945274, 28.639830322936177, 3634.0 ], [ 84.137714440003037, 28.639834932982922, 3634.0 ], [ 84.137688456103206, 28.639851529151201, 3634.6 ], [ 84.137645624577999, 28.639878015965223, 3635.0 ], [ 84.137640846893191, 28.639880698174242, 3635.4 ], [ 84.137608492746949, 28.639895282685757, 3636.199999999999818 ], [ 84.137593237683177, 28.639899808913469, 3636.4 ], [ 84.137560380622745, 28.63991254940629, 3637.4 ], [ 84.137554010376334, 28.639923026785254, 3637.6 ], [ 84.1375523339957, 28.639926128089428, 3637.800000000000182 ], [ 84.13754747249186, 28.639929983764887, 3637.800000000000182 ], [ 84.137547556310892, 28.639930486679077, 3638.0 ], [ 84.137542443349957, 28.639940712600943, 3638.0 ], [ 84.137535486370325, 28.639948256313801, 3638.199999999999818 ], [ 84.137527942657471, 28.639954123646021, 3638.199999999999818 ], [ 84.137509502470493, 28.639968121424317, 3638.4 ], [ 84.137501288205385, 28.639976587146521, 3638.4 ], [ 84.137473963201046, 28.640000224113464, 3638.4 ], [ 84.137478321790695, 28.639996033161879, 3638.6 ], [ 84.137478321790695, 28.639996033161879, 3638.800000000000182 ], [ 84.137478321790695, 28.639996033161879, 3638.800000000000182 ], [ 84.137478321790695, 28.639996033161879, 3638.800000000000182 ], [ 84.137469436973333, 28.640031823888421, 3639.0 ], [ 84.137448566034436, 28.640070632100105, 3639.6 ], [ 84.137442363426089, 28.640080858021975, 3639.800000000000182 ], [ 84.137422665953636, 28.6401158105582, 3640.6 ], [ 84.13741746917367, 28.640129053965211, 3641.0 ], [ 84.137407243251801, 28.640157468616959, 3641.6 ], [ 84.137405650690198, 28.640166437253356, 3641.800000000000182 ], [ 84.137388383969665, 28.640190158039331, 3642.6 ], [ 84.13738084025681, 28.640211364254355, 3643.0 ], [ 84.137389054521918, 28.640225026756525, 3643.800000000000182 ], [ 84.137397604063153, 28.640222428366545, 3644.199999999999818 ], [ 84.137438340112567, 28.640201054513454, 3645.0 ], [ 84.13744630292058, 28.640193929895759, 3645.0 ], [ 84.137475723400712, 28.640172807499766, 3646.0 ], [ 84.137490224093199, 28.640169706195593, 3646.199999999999818 ], [ 84.137550573796034, 28.640163419768214, 3647.4 ], [ 84.137575635686517, 28.640161827206612, 3648.199999999999818 ], [ 84.137577814981341, 28.640166269615293, 3648.4 ], [ 84.137570187449455, 28.640177082270384, 3648.6 ], [ 84.137546131387353, 28.640206586569548, 3649.199999999999818 ], [ 84.137542778626084, 28.640225529670715, 3649.6 ], [ 84.137530541047454, 28.640262074768543, 3650.800000000000182 ], [ 84.137525008991361, 28.640282526612278, 3651.199999999999818 ], [ 84.137524673715234, 28.640291159972548, 3652.0 ], [ 84.137511095032096, 28.640322843566537, 3653.199999999999818 ], [ 84.137488882988691, 28.640382355079055, 3654.199999999999818 ], [ 84.137481758370996, 28.640382522717118, 3655.199999999999818 ], [ 84.137461222708225, 28.640400459989905, 3660.6 ], [ 84.137464826926589, 28.640416553243995, 3660.6 ], [ 84.137467006221414, 28.640447482466698, 3661.0 ], [ 84.137466503307223, 28.640453601256013, 3661.6 ], [ 84.137470191344619, 28.640486793592572, 3662.4 ], [ 84.137470023706555, 28.640498192980889, 3662.800000000000182 ], [ 84.137464826926589, 28.640498612076044, 3664.0 ], [ 84.137464994564652, 28.640496684238315, 3664.199999999999818 ], [ 84.137463569641113, 28.640505988150835, 3664.6 ], [ 84.137459630146623, 28.640521997585893, 3664.6 ], [ 84.137452505528927, 28.640523087233305, 3664.800000000000182 ], [ 84.137452505528927, 28.640523087233305, 3665.0 ], [ 84.137452505528927, 28.640523087233305, 3665.0 ], [ 84.137452505528927, 28.640523087233305, 3665.199999999999818 ], [ 84.137450242415071, 28.640528451651335, 3665.4 ], [ 84.137447476387024, 28.640539012849331, 3665.6 ], [ 84.137457199394703, 28.640541527420279, 3665.800000000000182 ], [ 84.137466084212065, 28.64054404199123, 3666.199999999999818 ], [ 84.137479243800044, 28.640547562390569, 3667.0 ], [ 84.13748050108552, 28.640554435551167, 3667.6 ], [ 84.137486200779676, 28.6405976023525, 3667.800000000000182 ], [ 84.137486033141613, 28.640596428886056, 3668.199999999999818 ], [ 84.137488380074501, 28.640616964548823, 3669.199999999999818 ], [ 84.137492068111897, 28.640628280118108, 3669.800000000000182 ], [ 84.137500952929258, 28.640639260411263, 3670.199999999999818 ], [ 84.137505646795034, 28.640653677284721, 3670.6 ], [ 84.137519309297204, 28.640664825215936, 3671.4 ], [ 84.137522075325251, 28.640666166320443, 3671.6 ], [ 84.13753816857934, 28.64068309776485, 3672.4 ], [ 84.137544957920909, 28.640683433040977, 3672.800000000000182 ], [ 84.13755820132792, 28.640690390020609, 3673.199999999999818 ], [ 84.13755820132792, 28.640690390020609, 3673.199999999999818 ], [ 84.13755820132792, 28.640690390020609, 3673.199999999999818 ], [ 84.13755820132792, 28.640690390020609, 3673.199999999999818 ], [ 84.137562140822411, 28.640696927905083, 3673.4 ], [ 84.137563817203045, 28.640702040866017, 3673.4 ], [ 84.137562392279506, 28.640707656741142, 3674.6 ], [ 84.137562559917569, 28.640720816329122, 3675.199999999999818 ], [ 84.13757043890655, 28.640731126070023, 3675.6 ], [ 84.137592734768987, 28.6407530028373, 3675.800000000000182 ], [ 84.137605894356966, 28.640780411660671, 3676.6 ], [ 84.137606900185347, 28.640784351155158, 3676.800000000000182 ], [ 84.137625340372324, 28.640811005607247, 3677.0 ], [ 84.137633051723242, 28.64084729924798, 3677.199999999999818 ], [ 84.137637075036764, 28.640879485756159, 3677.800000000000182 ], [ 84.137640846893191, 28.640904799103737, 3678.199999999999818 ], [ 84.137638667598367, 28.640937656164169, 3678.4 ], [ 84.137622993439436, 28.640962298959497, 3678.800000000000182 ], [ 84.137611426413059, 28.640979565680027, 3679.0 ], [ 84.137560967355967, 28.641039161011577, 3679.800000000000182 ], [ 84.137558788061142, 28.641046788543463, 3679.800000000000182 ], [ 84.137561554089189, 28.641050728037953, 3679.800000000000182 ], [ 84.137573456391692, 28.641039915382866, 3680.0 ], [ 84.137581335380673, 28.641030108556151, 3680.199999999999818 ], [ 84.137558033689857, 28.641056763008237, 3680.199999999999818 ], [ 84.137555770576, 28.64106279797852, 3680.6 ], [ 84.137542443349957, 28.641075789928436, 3680.6 ], [ 84.137481926009059, 28.641091380268335, 3680.6 ], [ 84.137431886047125, 28.641121052205563, 3680.6 ], [ 84.137417720630765, 28.641144437715411, 3680.800000000000182 ], [ 84.137407829985023, 28.641169667243961, 3680.800000000000182 ], [ 84.137397101148963, 28.641199339181185, 3681.4 ], [ 84.137376230210066, 28.641209900379181, 3681.6 ], [ 84.137379750609398, 28.641206212341785, 3681.800000000000182 ], [ 84.137348318472505, 28.641229849308729, 3681.800000000000182 ], [ 84.137325854972005, 28.641260359436274, 3682.4 ], [ 84.137326525524259, 28.641263460740447, 3683.0 ], [ 84.137321244925261, 28.641275698319077, 3683.199999999999818 ], [ 84.137289142236114, 28.641323642805219, 3683.6 ], [ 84.13728604093194, 28.641331689432263, 3683.800000000000182 ], [ 84.137279586866498, 28.641390278935432, 3684.0 ], [ 84.1372777428478, 28.641398744657636, 3684.0 ], [ 84.137270450592041, 28.641400169581175, 3684.800000000000182 ], [ 84.137270366773009, 28.641398241743445, 3684.800000000000182 ], [ 84.137269612401724, 28.64139748737216, 3685.199999999999818 ], [ 84.137286962941289, 28.641425734385848, 3685.800000000000182 ], [ 84.137362232431769, 28.641432439908385, 3686.199999999999818 ], [ 84.137387378141284, 28.641432272270318, 3687.0 ], [ 84.13739207200706, 28.641442246735096, 3687.199999999999818 ], [ 84.137389054521918, 28.641456412151456, 3687.4 ], [ 84.137398023158312, 28.641490275040269, 3688.0 ], [ 84.137407913804054, 28.641506787389517, 3688.199999999999818 ], [ 84.13741554133594, 28.641517767682672, 3688.4 ], [ 84.13742677308619, 28.641538387164474, 3688.800000000000182 ], [ 84.137433143332601, 28.641588008031249, 3688.800000000000182 ], [ 84.13743507117033, 28.64158758893609, 3689.0 ], [ 84.137438172474504, 28.641586331650615, 3689.0 ], [ 84.137438088655472, 28.641581302508712, 3689.199999999999818 ], [ 84.13743800483644, 28.641578955575824, 3689.4 ], [ 84.137439010664821, 28.641577363014221, 3689.4 ], [ 84.137453343719244, 28.64157585427165, 3690.4 ], [ 84.137452002614737, 28.641567975282669, 3690.6 ], [ 84.137421743944287, 28.64113169722259, 3694.199999999999818 ], [ 84.137426856905222, 28.641164135187864, 3694.800000000000182 ], [ 84.137383187189698, 28.641226245090365, 3695.6 ], [ 84.137350078672171, 28.641271255910397, 3695.800000000000182 ], [ 84.137320406734943, 28.641312327235937, 3696.6 ], [ 84.137314790859818, 28.641321631148458, 3696.800000000000182 ], [ 84.137294255197048, 28.641377370804548, 3697.800000000000182 ], [ 84.137294087558985, 28.641387009993196, 3698.0 ], [ 84.13729777559638, 28.641395810991529, 3698.199999999999818 ], [ 84.137301715090871, 28.641411401331425, 3698.6 ], [ 84.137310851365328, 28.641435038298368, 3699.0 ], [ 84.137322334572673, 28.641448114067316, 3699.6 ], [ 84.137338595464826, 28.641445096582174, 3700.199999999999818 ], [ 84.137368937954307, 28.641447527334098, 3700.800000000000182 ], [ 84.137379499152303, 28.641449706628919, 3701.0 ], [ 84.137382013723254, 28.641451802104712, 3701.4 ], [ 84.137403219938278, 28.641461441293359, 3701.6 ], [ 84.137423504143953, 28.641477702185512, 3701.6 ], [ 84.137426102533937, 28.641481641679999, 3702.0 ], [ 84.137425851076841, 28.641479462385178, 3702.199999999999818 ], [ 84.137422917410731, 28.641479713842273, 3702.199999999999818 ], [ 84.137446470558643, 28.64149572327733, 3702.4 ], [ 84.137436579912901, 28.641504775732756, 3702.4 ], [ 84.137428868561983, 28.641524976119399, 3702.6 ], [ 84.137431215494871, 28.641580464318395, 3703.0 ], [ 84.137429287657142, 28.64160175435245, 3703.0 ], [ 84.137427946552634, 28.641623547300696, 3703.4 ], [ 84.137427024543285, 28.641631761565804, 3703.6 ], [ 84.137424174696207, 28.641646346077323, 3704.0 ], [ 84.137420486658812, 28.641662858426571, 3704.199999999999818 ], [ 84.137417301535606, 28.641673000529408, 3704.6 ], [ 84.137407327070832, 28.641696888953447, 3705.4 ], [ 84.137406824156642, 28.641697475686669, 3705.6 ], [ 84.137404393404722, 28.641713401302695, 3705.800000000000182 ], [ 84.137404058128595, 28.641720693558455, 3706.0 ], [ 84.137435993179679, 28.641692195087671, 3706.0 ], [ 84.137458708137274, 28.641677107661963, 3706.0 ], [ 84.137510256841779, 28.641609381884336, 3706.0 ], [ 84.137531463056803, 28.641513157635927, 3706.0 ], [ 84.13754747249186, 28.641467224806547, 3706.0 ], [ 84.137563314288855, 28.641439648345113, 3705.800000000000182 ], [ 84.13758753798902, 28.641414167359471, 3705.6 ], [ 84.137645792216063, 28.641394637525082, 3705.4 ], [ 84.137737238779664, 28.641373431310058, 3705.0 ], [ 84.137767916545272, 28.64136395975947, 3705.0 ], [ 84.137853160500526, 28.641316518187523, 3705.0 ], [ 84.137888113036752, 28.641257844865319, 3705.0 ], [ 84.137901104986668, 28.641239069402214, 3705.0 ], [ 84.13796866312623, 28.641176540404562, 3705.0 ], [ 84.137975787743926, 28.641170589253303, 3705.0 ], [ 84.138064216822386, 28.641133876517415, 3705.0 ], [ 84.138138312846422, 28.641086770221591, 3705.0 ], [ 84.138189274817705, 28.641058523207903, 3705.4 ], [ 84.138211905956268, 28.641050811856985, 3705.6 ], [ 84.138222383335233, 28.641048716381192, 3705.6 ], [ 84.138325732201338, 28.641034886240959, 3705.6 ], [ 84.138423465192318, 28.640997335314751, 3705.6 ], [ 84.138477277010679, 28.640967914834619, 3705.800000000000182 ], [ 84.138553971424699, 28.640942350029945, 3706.0 ], [ 84.138680789619684, 28.640881665050983, 3706.199999999999818 ], [ 84.138798303902149, 28.640836235135794, 3706.199999999999818 ], [ 84.138878267258406, 28.640791894868016, 3706.0 ], [ 84.138956721872091, 28.640794074162841, 3705.800000000000182 ], [ 84.139019083231688, 28.640790721401572, 3705.800000000000182 ], [ 84.139071051031351, 28.640791894868016, 3705.800000000000182 ], [ 84.139173896983266, 28.640779992565513, 3705.6 ], [ 84.139202143996954, 28.640784518793225, 3705.6 ], [ 84.139260482043028, 28.640772867947817, 3705.0 ], [ 84.139294596388936, 28.640771694481373, 3704.4 ], [ 84.139381852000952, 28.640762474387884, 3703.4 ], [ 84.139402974396944, 28.640755601227283, 3702.800000000000182 ], [ 84.139471119269729, 28.64073297008872, 3702.199999999999818 ], [ 84.139495426788926, 28.640723582357168, 3701.800000000000182 ], [ 84.139549490064383, 28.640711344778538, 3701.199999999999818 ], [ 84.139590309932828, 28.64070363342762, 3700.800000000000182 ], [ 84.139635153114796, 28.640688126906753, 3700.0 ], [ 84.139676727354527, 28.640685612335801, 3700.0 ], [ 84.139689719304442, 28.640668848529454, 3699.6 ], [ 84.13974579423666, 28.640625849366188, 3699.0 ], [ 84.139766413718462, 28.640607241541147, 3698.199999999999818 ], [ 84.139778818935156, 28.640597183257341, 3697.800000000000182 ], [ 84.139823662117124, 28.640576228499413, 3696.800000000000182 ], [ 84.139835983514786, 28.64057220518589, 3696.6 ], [ 84.139863979071379, 28.640545969828963, 3695.199999999999818 ], [ 84.139895578846335, 28.64052576944232, 3693.800000000000182 ], [ 84.139944948256016, 28.640514789149165, 3692.800000000000182 ], [ 84.140052907168865, 28.640514202415943, 3692.199999999999818 ], [ 84.140173941850662, 28.640481010079384, 3692.199999999999818 ], [ 84.140200177207589, 28.640473466366529, 3691.4 ], [ 84.140263460576534, 28.640437005087733, 3690.6 ], [ 84.140273937955499, 28.640431221574545, 3690.4 ], [ 84.140319703146815, 28.640418481081724, 3689.199999999999818 ], [ 84.140384243801236, 28.640404399484396, 3687.800000000000182 ], [ 84.140440905466676, 28.640367686748505, 3686.6 ], [ 84.140453729778528, 28.64036257378757, 3686.4 ], [ 84.140512067824602, 28.640343295410275, 3685.6 ], [ 84.14056621491909, 28.64034497179091, 3685.199999999999818 ], [ 84.140626648440957, 28.640342457219958, 3684.4 ], [ 84.140697391703725, 28.640343546867371, 3683.800000000000182 ], [ 84.140740390866995, 28.640344804152846, 3683.4 ], [ 84.140821108594537, 28.640338266268373, 3683.0 ], [ 84.140841476619244, 28.640333153307441, 3682.4 ], [ 84.140868466347456, 28.640325022861362, 3681.4 ], [ 84.140893779695034, 28.6403230112046, 3680.199999999999818 ], [ 84.14090920239687, 28.640323933213949, 3679.199999999999818 ], [ 84.140932587906718, 28.640321502462029, 3678.0 ], [ 84.140939880162477, 28.640314042568207, 3677.6 ], [ 84.140953710302711, 28.640281688421965, 3676.800000000000182 ], [ 84.140965696424246, 28.640261320397254, 3676.0 ], [ 84.140972066670656, 28.640253022313122, 3675.6 ], [ 84.141015987843275, 28.640225445851684, 3674.6 ], [ 84.141055215150118, 28.640194684267044, 3673.800000000000182 ], [ 84.141060328111053, 28.640195773914456, 3673.4 ], [ 84.141105087473989, 28.640190158039331, 3672.6 ], [ 84.141114475205541, 28.640194851905107, 3672.4 ], [ 84.141138028353453, 28.640208933502436, 3672.4 ], [ 84.14113643579185, 28.640213711187243, 3672.4 ], [ 84.141139034181833, 28.640213878825307, 3672.4 ], [ 84.141139118000865, 28.640214130282398, 3672.4 ], [ 84.141137860715389, 28.640212370082736, 3672.4 ], [ 84.141084467992187, 28.640202730894089, 3672.6 ], [ 84.141074912622571, 28.640206754207611, 3672.800000000000182 ], [ 84.14104457013309, 28.640216896310449, 3673.6 ], [ 84.141011126339436, 28.64024237729609, 3674.6 ], [ 84.141002744436264, 28.640248579904437, 3675.0 ], [ 84.140973407775164, 28.640268528833985, 3675.800000000000182 ], [ 84.140957314521074, 28.64027950912714, 3676.4 ], [ 84.14095320738852, 28.640285963192586, 3676.6 ], [ 84.140950357541442, 28.640293758362532, 3676.800000000000182 ], [ 84.140937281772494, 28.640322927385569, 3678.0 ], [ 84.140918338671327, 28.640340613201261, 3679.0 ], [ 84.140912052243948, 28.640337428078055, 3679.800000000000182 ], [ 84.140904173254967, 28.640333656221628, 3679.800000000000182 ], [ 84.140900066122413, 28.640334159135818, 3680.0 ], [ 84.140892857685685, 28.640336589887738, 3680.0 ], [ 84.140888415277004, 28.640336757525802, 3680.0 ], [ 84.140884978696704, 28.640336338430643, 3680.199999999999818 ], [ 84.140865616500378, 28.640340613201261, 3681.199999999999818 ], [ 84.140856061130762, 28.640341702848673, 3681.800000000000182 ], [ 84.14084323681891, 28.640344720333815, 3682.4 ], [ 84.140815157443285, 28.640354443341497, 3683.0 ], [ 84.140789844095707, 28.640362238511443, 3683.6 ], [ 84.140746928751469, 28.640370033681393, 3684.6 ], [ 84.140657661482692, 28.640369195491076, 3685.0 ], [ 84.140571411699057, 28.640360562130809, 3685.6 ], [ 84.140505697578192, 28.640370201319456, 3686.6 ], [ 84.140495387837291, 28.640373470261693, 3686.800000000000182 ], [ 84.140434535220265, 28.640391156077385, 3687.4 ], [ 84.140420621261001, 28.640395682305098, 3687.800000000000182 ], [ 84.140398157760501, 28.640405824407935, 3688.4 ], [ 84.140380974858999, 28.640416385605931, 3688.800000000000182 ], [ 84.140367479994893, 28.640425186604261, 3689.199999999999818 ], [ 84.140338059514761, 28.640431053936481, 3690.0 ], [ 84.140297491103411, 28.640438765287399, 3690.0 ], [ 84.140241583809257, 28.64045737311244, 3690.800000000000182 ], [ 84.140224400907755, 28.640464833006263, 3691.0 ], [ 84.140188694000244, 28.640486877411604, 3691.4 ], [ 84.140157932415605, 28.640498947352171, 3692.0 ], [ 84.140112418681383, 28.640510514378548, 3692.0 ], [ 84.14005215279758, 28.64052576944232, 3692.4 ], [ 84.140020720660686, 28.640531469136477, 3692.4 ], [ 84.139948384836316, 28.640533648431301, 3693.0 ], [ 84.139930950477719, 28.640536917373534, 3693.0 ], [ 84.139887196943164, 28.640555273741484, 3694.199999999999818 ], [ 84.139881497249007, 28.640559716150165, 3694.800000000000182 ], [ 84.139873199164867, 28.640563068911433, 3695.199999999999818 ], [ 84.139831373468041, 28.640582431107759, 3695.6 ], [ 84.139814106747508, 28.640589555725455, 3696.4 ], [ 84.139772616326809, 28.640609420835972, 3697.199999999999818 ], [ 84.139750571921468, 28.640623670071363, 3697.4 ], [ 84.139728862792253, 28.640640182420611, 3698.4 ], [ 84.139722660183907, 28.640644960105419, 3698.6 ], [ 84.139700951054692, 28.640666333958507, 3699.6 ], [ 84.139685779809952, 28.640677146613601, 3700.0 ], [ 84.139664489775896, 28.640688713639975, 3700.6 ], [ 84.139599865302444, 28.640707572922111, 3701.0 ], [ 84.139517890289426, 28.640730455517769, 3701.199999999999818 ], [ 84.139486122876406, 28.640741687268019, 3701.800000000000182 ], [ 84.139455948024988, 28.640752919018269, 3702.0 ], [ 84.139379672706127, 28.640774209052324, 3702.800000000000182 ], [ 84.139339774847031, 28.640780663117766, 3704.0 ], [ 84.139333739876747, 28.64077840000391, 3704.6 ], [ 84.139333572238684, 28.64077840000391, 3704.6 ], [ 84.139333572238684, 28.64077840000391, 3704.6 ], [ 84.139333572238684, 28.64077840000391, 3704.6 ], [ 84.139333572238684, 28.64077840000391, 3704.6 ], [ 84.139333572238684, 28.64077840000391, 3704.6 ], [ 84.139320328831673, 28.640779154375196, 3704.6 ], [ 84.139295853674412, 28.640780746936802, 3704.6 ], [ 84.139259057119489, 28.640785692259669, 3704.6 ], [ 84.139237431809306, 28.640787620097399, 3704.6 ], [ 84.139129891991615, 28.640792649239302, 3704.6 ], [ 84.13910910487175, 28.640791727229953, 3704.800000000000182 ], [ 84.13904364220798, 28.640800528228283, 3706.0 ], [ 84.139032242819667, 28.640801701694727, 3706.0 ], [ 84.138987986370921, 28.640804216265678, 3706.0 ], [ 84.138978431001306, 28.640805305913091, 3706.0 ], [ 84.138966277241707, 28.640806982293725, 3706.0 ], [ 84.138875165954232, 28.640809329226613, 3706.0 ], [ 84.138831160962582, 28.64082332700491, 3706.0 ], [ 84.13876754231751, 28.640852076932788, 3705.800000000000182 ], [ 84.138686154037714, 28.640890717506409, 3705.6 ], [ 84.13867911323905, 28.640895579010248, 3705.6 ], [ 84.138600239530206, 28.640935644507408, 3705.6 ], [ 84.138589510694146, 28.640938745811582, 3705.6 ], [ 84.13857651874423, 28.640941847115755, 3705.6 ], [ 84.13847928866744, 28.640977637842298, 3705.6 ], [ 84.138391865417361, 28.641017954796553, 3705.4 ], [ 84.138371413573623, 28.641027007251974, 3705.199999999999818 ], [ 84.13828139193356, 28.641046537086368, 3705.199999999999818 ], [ 84.138178797438741, 28.641071850433946, 3705.0 ], [ 84.138112915679812, 28.641116358339787, 3705.0 ], [ 84.138026414439082, 28.641161788254976, 3704.800000000000182 ], [ 84.137967405840755, 28.641180898994207, 3704.800000000000182 ], [ 84.137947289273143, 28.641198417171836, 3704.800000000000182 ], [ 84.137916192412376, 28.641232866793871, 3704.800000000000182 ], [ 84.13788266479969, 28.641273099929094, 3704.800000000000182 ], [ 84.137828350067139, 28.641345351934433, 3704.800000000000182 ], [ 84.137726090848446, 28.641387345269319, 3704.800000000000182 ], [ 84.137630788609385, 28.641406456008554, 3705.0 ], [ 84.137553842738271, 28.641445348039269, 3705.6 ], [ 84.137543700635433, 28.641463033854961, 3705.800000000000182 ], [ 84.13752400316298, 28.641501003876328, 3706.0 ], [ 84.137504640966654, 28.641577530652285, 3706.4 ], [ 84.137487206608057, 28.641647854819897, 3707.0 ], [ 84.13746977224946, 28.64167358726263, 3707.199999999999818 ], [ 84.137408165261149, 28.641715161502361, 3707.6 ], [ 84.137346222996712, 28.641756903380156, 3707.6 ], [ 84.137308923527598, 28.641762686893344, 3707.800000000000182 ], [ 84.137221584096551, 28.641814319416881, 3707.800000000000182 ], [ 84.137217476963997, 28.641835525631905, 3707.800000000000182 ], [ 84.137209430336952, 28.641868466511369, 3708.199999999999818 ], [ 84.137201635167003, 28.641894701868296, 3708.800000000000182 ], [ 84.137202892452478, 28.641913225874305, 3709.199999999999818 ], [ 84.1372034791857, 28.641945160925388, 3710.0 ], [ 84.137202054262161, 28.641965528950095, 3710.199999999999818 ], [ 84.137204820290208, 28.642013305798173, 3711.0 ], [ 84.137214291840792, 28.642035517841578, 3711.4 ], [ 84.137233402580023, 28.642047084867951, 3712.199999999999818 ], [ 84.137240275740623, 28.642050437629223, 3712.6 ], [ 84.13723181001842, 28.642088994383812, 3712.6 ], [ 84.137240443378687, 28.642173986881971, 3712.800000000000182 ], [ 84.137242706492543, 28.642175076529384, 3712.800000000000182 ], [ 84.137240024283528, 28.642200222238898, 3713.0 ], [ 84.137226864695549, 28.642225284129381, 3713.199999999999818 ], [ 84.137225775048137, 28.642224781215191, 3713.199999999999818 ], [ 84.137227702885866, 28.642244813963771, 3713.199999999999818 ], [ 84.137220829725266, 28.642290746793151, 3713.199999999999818 ], [ 84.137218231335282, 28.642308600246903, 3713.199999999999818 ], [ 84.137216722592711, 28.6423175688833, 3713.199999999999818 ], [ 84.137200377881527, 28.642372386530042, 3713.199999999999818 ], [ 84.137170119211078, 28.64241530187428, 3713.0 ], [ 84.137149583548307, 28.642445057630539, 3712.4 ], [ 84.137129383161664, 28.642461569979787, 3711.800000000000182 ], [ 84.137109015136957, 28.642477495595813, 3711.199999999999818 ], [ 84.137088228017092, 28.642504317685962, 3710.800000000000182 ], [ 84.137088898569345, 28.642566679045562, 3710.800000000000182 ], [ 84.137069871649146, 28.642564667388797, 3710.6 ], [ 84.137047659605742, 28.642577324062582, 3710.4 ], [ 84.137028716504574, 28.642595093697309, 3710.4 ], [ 84.136973982676864, 28.642637757584453, 3710.4 ], [ 84.136910112574697, 28.64266793243587, 3710.4 ], [ 84.136854540556669, 28.642703890800476, 3710.4 ], [ 84.13680475205183, 28.64272995851934, 3710.4 ], [ 84.136808775365353, 28.642756948247552, 3711.4 ], [ 84.13680961355567, 28.642763067036867, 3711.6 ], [ 84.136817660182714, 28.642787793651223, 3712.6 ], [ 84.136818246915936, 28.642791481688619, 3712.6 ], [ 84.13682377897203, 28.642798690125343, 3713.0 ], [ 84.136842302978039, 28.642810508608815, 3713.6 ], [ 84.136847918853164, 28.642822494730353, 3714.6 ], [ 84.136865856125951, 28.642830708995461, 3714.800000000000182 ], [ 84.136873232200742, 28.642833894118667, 3715.0 ], [ 84.136883709579706, 28.64284353330731, 3715.199999999999818 ], [ 84.136868538334966, 28.642859207466245, 3715.800000000000182 ], [ 84.136863341554999, 28.642867589369416, 3716.800000000000182 ], [ 84.13686141371727, 28.642875300720338, 3717.199999999999818 ], [ 84.136862587183714, 28.64288359880447, 3718.0 ], [ 84.136877087876201, 28.642910337075591, 3719.0 ], [ 84.136882619932294, 28.642930537462231, 3719.6 ], [ 84.136878428980708, 28.642942104488611, 3720.0 ], [ 84.136876417323947, 28.642965657636523, 3720.6 ], [ 84.136877087876201, 28.642989713698626, 3721.0 ], [ 84.136886894702911, 28.643013518303633, 3721.800000000000182 ], [ 84.136894857510924, 28.643018631264567, 3722.199999999999818 ], [ 84.136907095089555, 28.643040172755718, 3723.199999999999818 ], [ 84.136927966028452, 28.643060959875584, 3724.4 ], [ 84.136935425922275, 28.643062300980091, 3725.4 ], [ 84.136936934664845, 28.64306322298944, 3725.4 ], [ 84.136961074545979, 28.643078310415149, 3725.800000000000182 ], [ 84.136986555531621, 28.643092978745699, 3726.6 ], [ 84.13699577562511, 28.64310136064887, 3726.800000000000182 ], [ 84.136999044567347, 28.643113095313311, 3727.800000000000182 ], [ 84.137000888586044, 28.643116028979421, 3727.800000000000182 ], [ 84.137018071487546, 28.643132373690605, 3729.0 ], [ 84.137018490582705, 28.643134217709303, 3729.0 ], [ 84.137036930769682, 28.643140839412808, 3730.0 ], [ 84.137045312672853, 28.643143521621823, 3730.199999999999818 ], [ 84.137044558301568, 28.643157016485929, 3731.0 ], [ 84.1370446421206, 28.643157100304961, 3731.199999999999818 ], [ 84.13706174120307, 28.643166990950704, 3731.4 ], [ 84.137083031237125, 28.64317998290062, 3731.800000000000182 ], [ 84.137089317664504, 28.643186520785093, 3732.199999999999818 ], [ 84.137114882469177, 28.643205380067229, 3733.0 ], [ 84.137118402868509, 28.643211331218481, 3733.4 ], [ 84.137117899954319, 28.643222060054541, 3734.4 ], [ 84.13711697794497, 28.643226167187095, 3734.6 ], [ 84.137129886075854, 28.643253911286592, 3735.800000000000182 ], [ 84.137130808085203, 28.64325575530529, 3736.0 ], [ 84.137142710387707, 28.643274195492268, 3736.800000000000182 ], [ 84.137140111997724, 28.643293641507626, 3737.800000000000182 ], [ 84.137138184159994, 28.643297078087929, 3738.0 ], [ 84.137149415910244, 28.643328510224819, 3739.199999999999818 ], [ 84.137159893289208, 28.643352733924985, 3740.199999999999818 ], [ 84.137157211080194, 28.64336061291397, 3740.6 ], [ 84.137167939916253, 28.643377795815468, 3741.4 ], [ 84.137172549962997, 28.643381902948025, 3742.4 ], [ 84.137172969058156, 28.643382405862212, 3742.6 ], [ 84.137172969058156, 28.643382405862212, 3742.6 ], [ 84.137172969058156, 28.643381483852863, 3743.4 ], [ 84.137176489457488, 28.643385507166386, 3743.6 ], [ 84.137207418680191, 28.643403528258204, 3743.6 ], [ 84.137213453650475, 28.643406881019473, 3743.800000000000182 ], [ 84.137228205800056, 28.643412245437503, 3744.800000000000182 ], [ 84.137231642380357, 28.643421046435833, 3745.4 ], [ 84.13724253885448, 28.643432194367051, 3746.0 ], [ 84.137247484177351, 28.643433200195432, 3747.0 ], [ 84.137251842767, 28.643436972051859, 3747.800000000000182 ], [ 84.137275982648134, 28.643457675352693, 3748.0 ], [ 84.137278916314244, 28.643460776656863, 3748.199999999999818 ], [ 84.137296769768, 28.643471840769053, 3749.4 ], [ 84.137306325137615, 28.64347561262548, 3749.6 ], [ 84.137313365936279, 28.64348734728992, 3750.6 ], [ 84.137322418391705, 28.643499165773392, 3751.0 ], [ 84.137333650141954, 28.64349958486855, 3751.6 ], [ 84.137346390634775, 28.643508637323976, 3752.4 ], [ 84.137354688718915, 28.643514001742005, 3752.800000000000182 ], [ 84.137371703982353, 28.643515929579735, 3753.4 ], [ 84.137384528294206, 28.643520371988416, 3753.800000000000182 ], [ 84.137399364262819, 28.643536549061537, 3755.0 ], [ 84.137421995401382, 28.643556581810117, 3756.0 ], [ 84.137425012886524, 28.643556581810117, 3756.199999999999818 ], [ 84.137440016493201, 28.643567059189081, 3757.199999999999818 ], [ 84.137457953765988, 28.643581727519631, 3758.199999999999818 ], [ 84.137469688430429, 28.643589438870549, 3759.199999999999818 ], [ 84.137479662895203, 28.643594635650516, 3759.6 ], [ 84.137497767806053, 28.643606537953019, 3760.4 ], [ 84.137512519955635, 28.64362028427422, 3761.199999999999818 ], [ 84.137516459450126, 28.643624894320965, 3761.4 ], [ 84.1375333070755, 28.64363587461412, 3762.199999999999818 ], [ 84.137537498027086, 28.643637215718627, 3762.4 ], [ 84.137539342045784, 28.643637802451849, 3762.6 ], [ 84.137541521340609, 28.643649201840159, 3763.4 ], [ 84.137541437521577, 28.643654063344002, 3763.6 ], [ 84.137537414208055, 28.643665043637156, 3764.0 ], [ 84.137531630694866, 28.643688345327973, 3764.6 ], [ 84.137522662058473, 28.64370628260076, 3765.4 ], [ 84.137516459450126, 28.643717262893915, 3765.800000000000182 ], [ 84.137515285983682, 28.643739558756351, 3766.800000000000182 ], [ 84.137514531612396, 28.643744420260191, 3767.0 ], [ 84.137516207993031, 28.643775014206767, 3767.800000000000182 ], [ 84.137513777241111, 28.643793202936649, 3768.0 ], [ 84.137507155537605, 28.64383544772863, 3768.800000000000182 ], [ 84.13750640116632, 28.643843326717615, 3768.800000000000182 ], [ 84.137507909908891, 28.643873417750001, 3769.199999999999818 ], [ 84.137508329004049, 28.643886242061853, 3769.199999999999818 ], [ 84.13750690408051, 28.643903089687228, 3769.6 ], [ 84.137503635138273, 28.64394030533731, 3769.800000000000182 ], [ 84.137505311518908, 28.643956147134304, 3770.0 ], [ 84.137506736442447, 28.643967127427459, 3770.199999999999818 ], [ 84.137507574632764, 28.6439926084131, 3770.4 ], [ 84.137504138052464, 28.644015239551663, 3771.4 ], [ 84.137500282377005, 28.644031500443816, 3772.199999999999818 ], [ 84.137490391731262, 28.644066788256168, 3772.6 ], [ 84.137491313740611, 28.644082630053163, 3772.800000000000182 ], [ 84.137493912130594, 28.644108613952991, 3773.0 ], [ 84.13749466650188, 28.64413920789957, 3773.199999999999818 ], [ 84.137479914352298, 28.644158486276865, 3773.199999999999818 ], [ 84.137475388124585, 28.64416527561843, 3773.6 ], [ 84.137444123625755, 28.644226882606745, 3773.800000000000182 ], [ 84.137423085048795, 28.644282789900899, 3774.0 ], [ 84.137415122240782, 28.64431656897068, 3774.800000000000182 ], [ 84.137413864955306, 28.644329812377691, 3775.4 ], [ 84.137413697317243, 28.644331321120266, 3775.6 ], [ 84.137412775307894, 28.644337104633451, 3775.800000000000182 ], [ 84.13740917108953, 28.644367950037122, 3776.4 ], [ 84.137408332899213, 28.644385552033786, 3777.0 ], [ 84.137409757822752, 28.644389575347304, 3777.4 ], [ 84.137408416718245, 28.644393095746636, 3777.6 ], [ 84.137409003451467, 28.644411871209741, 3778.199999999999818 ], [ 84.137388803064823, 28.644443470984697, 3778.4 ], [ 84.137373631820083, 28.644493846222758, 3779.4 ], [ 84.137374050915241, 28.64449736662209, 3779.800000000000182 ], [ 84.13736323826015, 28.644529888406396, 3780.4 ], [ 84.137364830821753, 28.644533324986696, 3780.6 ], [ 84.137362651526928, 28.644565511494875, 3781.4 ], [ 84.137363154441118, 28.644573809579015, 3781.800000000000182 ], [ 84.137366339564323, 28.644617982208729, 3782.4 ], [ 84.137367680668831, 28.644640613347292, 3783.0 ], [ 84.137361729517579, 28.644659472629428, 3783.4 ], [ 84.137357790023088, 28.644673051312569, 3783.800000000000182 ], [ 84.137361310422421, 28.644714122638103, 3784.6 ], [ 84.137359214946628, 28.644730551168323, 3785.199999999999818 ], [ 84.137361394241452, 28.644749997183681, 3785.6 ], [ 84.137361813336611, 28.644767012447119, 3786.199999999999818 ], [ 84.137347564101219, 28.644794169813395, 3786.800000000000182 ], [ 84.137340020388365, 28.644806742668152, 3787.0 ], [ 84.137312946841121, 28.644860135391355, 3787.6 ], [ 84.137305486947298, 28.644876480102539, 3787.800000000000182 ], [ 84.137292914092541, 28.644912941381335, 3788.4 ], [ 84.137285454198718, 28.644964322447777, 3789.0 ], [ 84.137277994304895, 28.64498108625412, 3789.199999999999818 ], [ 84.137245137244463, 28.645026935264468, 3789.6 ], [ 84.137215213850141, 28.645078483968973, 3790.0 ], [ 84.137210855260491, 28.645084267482162, 3790.0 ], [ 84.137184200808406, 28.645136235281825, 3790.800000000000182 ], [ 84.137173304334283, 28.645154675468799, 3791.0 ], [ 84.137150086462498, 28.645191807299852, 3791.4 ], [ 84.137143464758992, 28.645197674632072, 3791.6 ], [ 84.137129299342632, 28.645217204466466, 3792.0 ], [ 84.137115804478526, 28.645248217508197, 3792.199999999999818 ], [ 84.137086551636457, 28.645287277176976, 3793.199999999999818 ], [ 84.137072721496224, 28.645302867516875, 3793.6 ], [ 84.137044558301568, 28.645344693213701, 3794.199999999999818 ], [ 84.137044223025441, 28.645350225269791, 3794.4 ], [ 84.137016562744975, 28.645385764539238, 3795.199999999999818 ], [ 84.137011198326945, 28.645390877500176, 3795.4 ], [ 84.136996027082205, 28.645392637699839, 3795.800000000000182 ], [ 84.136996027082205, 28.645392637699839, 3796.0 ], [ 84.136967612430453, 28.645417615771297, 3796.0 ], [ 84.136932492256165, 28.645453071221709, 3796.4 ], [ 84.136915309354663, 28.645475534722209, 3796.800000000000182 ], [ 84.136893767863512, 28.645518533885479, 3797.6 ], [ 84.13688731379807, 28.645532028749585, 3797.800000000000182 ], [ 84.136860743165016, 28.645560443401337, 3798.6 ], [ 84.13682964630425, 28.645581984892488, 3799.199999999999818 ], [ 84.136817241087556, 28.645599251613021, 3799.6 ], [ 84.136795699596405, 28.645621296018358, 3800.4 ], [ 84.136785725131631, 28.645631605759263, 3800.800000000000182 ], [ 84.136762171983719, 28.645657589659095, 3801.6 ], [ 84.136748174205422, 28.645679717883468, 3801.800000000000182 ], [ 84.136747000738978, 28.645708132535219, 3802.6 ], [ 84.136749682947993, 28.6457125749439, 3802.800000000000182 ], [ 84.13675244897604, 28.64573554135859, 3804.0 ], [ 84.13674951530993, 28.64574023522437, 3804.199999999999818 ], [ 84.136738115921617, 28.645775858312845, 3805.0 ], [ 84.136729063466191, 28.645802345126867, 3806.0 ], [ 84.136731242761016, 28.645814582705498, 3806.4 ], [ 84.136720597743988, 28.645839979872108, 3807.199999999999818 ], [ 84.136710288003087, 28.645840818062425, 3807.6 ], [ 84.136693105101585, 28.64585523493588, 3808.4 ], [ 84.136686148121953, 28.645868729799982, 3808.800000000000182 ], [ 84.136683968827128, 28.64588507451117, 3809.4 ], [ 84.136678352952003, 28.645894881337881, 3809.800000000000182 ], [ 84.136673994362354, 28.645904436707497, 3810.0 ], [ 84.136669719591737, 28.645913321524858, 3810.6 ], [ 84.136652704328299, 28.645942490547895, 3811.6 ], [ 84.136635940521955, 28.645981214940548, 3812.6 ], [ 84.13662588223815, 28.64603066816926, 3813.6 ], [ 84.136621356010437, 28.646034775301818, 3813.800000000000182 ], [ 84.136605430394411, 28.646056987345219, 3814.800000000000182 ], [ 84.136603754013777, 28.646068722009659, 3815.4 ], [ 84.136596880853176, 28.646090766415, 3816.0 ], [ 84.136592103168368, 28.646106105297804, 3816.4 ], [ 84.136590929701924, 28.646123288199306, 3817.0 ], [ 84.136578608304262, 28.646143823862076, 3817.6 ], [ 84.136571818962693, 28.646153546869755, 3818.0 ], [ 84.136556228622794, 28.646177770569921, 3819.199999999999818 ], [ 84.136542901396751, 28.646205514669418, 3820.199999999999818 ], [ 84.136539800092578, 28.646212304010987, 3820.6 ], [ 84.13652035407722, 28.646239126101136, 3821.4 ], [ 84.136509206146002, 28.646253040060401, 3822.199999999999818 ], [ 84.136500572785735, 28.646262343972921, 3822.6 ], [ 84.13646855391562, 28.646286148577929, 3823.6 ], [ 84.136460423469543, 28.646288914605975, 3823.800000000000182 ], [ 84.136417675763369, 28.646314647048712, 3824.6 ], [ 84.136405270546675, 28.646325878798962, 3824.800000000000182 ], [ 84.136397810652852, 28.646360579878092, 3825.800000000000182 ], [ 84.136400576680899, 28.646363262087107, 3826.0 ], [ 84.136411305516958, 28.646383294835687, 3826.800000000000182 ], [ 84.136416334658861, 28.646407434716821, 3827.800000000000182 ], [ 84.136412478983402, 28.646413721144199, 3828.0 ], [ 84.13640602491796, 28.646427635103464, 3828.800000000000182 ], [ 84.136402253061533, 28.646430568769578, 3829.0 ], [ 84.136386075988412, 28.646468119695783, 3830.199999999999818 ], [ 84.136389764025807, 28.646473735570908, 3830.4 ], [ 84.136393200606108, 28.646492594853044, 3831.4 ], [ 84.136382807046175, 28.646513046696786, 3831.800000000000182 ], [ 84.136374928057194, 28.646534672006965, 3832.4 ], [ 84.136358248069882, 28.646549927070737, 3833.0 ], [ 84.136345256119967, 28.646564595401287, 3833.800000000000182 ], [ 84.136332431808114, 28.646570378914475, 3834.199999999999818 ], [ 84.13629605434835, 28.646595356985927, 3834.6 ], [ 84.136293875053525, 28.646608851850033, 3834.800000000000182 ], [ 84.13630292750895, 28.646616227924824, 3835.800000000000182 ], [ 84.136302843689919, 28.646617233753204, 3836.0 ], [ 84.13630292750895, 28.646616730839018, 3836.199999999999818 ], [ 84.136304184794426, 28.646610947325826, 3836.800000000000182 ], [ 84.136301418766379, 28.646611701697111, 3836.800000000000182 ], [ 84.136310135945678, 28.646627124398947, 3837.199999999999818 ], [ 84.136354057118297, 28.64665855653584, 3837.6 ], [ 84.136347519233823, 28.646685127168897, 3838.199999999999818 ], [ 84.13634005934, 28.646708847954869, 3838.6 ], [ 84.13633075542748, 28.646728210151196, 3839.4 ], [ 84.136317344382405, 28.646774478256702, 3840.6 ], [ 84.13631608709693, 28.646782943978906, 3840.800000000000182 ], [ 84.136311393231153, 28.646813035011292, 3841.6 ], [ 84.136309884488583, 28.646827032789588, 3842.0 ], [ 84.136311477050185, 28.646853100508451, 3842.800000000000182 ], [ 84.136317512020469, 28.646876737475395, 3843.6 ], [ 84.136316338554025, 28.646895261481404, 3844.0 ], [ 84.136305274441838, 28.64690825343132, 3844.6 ], [ 84.136296473443508, 28.646921329200268, 3845.0 ], [ 84.136288175359368, 28.64691998809576, 3845.199999999999818 ], [ 84.136284235864878, 28.646916132420301, 3845.4 ], [ 84.136284235864878, 28.646916132420301, 3845.4 ], [ 84.136284235864878, 28.646916132420301, 3845.6 ], [ 84.1362848225981, 28.646916300058365, 3845.800000000000182 ], [ 84.136283900588751, 28.646940523758531, 3845.800000000000182 ], [ 84.136271243914962, 28.646971872076392, 3846.199999999999818 ], [ 84.136253474280238, 28.647013111039996, 3847.0 ], [ 84.136250205338001, 28.647026438266039, 3847.199999999999818 ], [ 84.136248026043177, 28.647036915645003, 3847.199999999999818 ], [ 84.136243248358369, 28.647081842646003, 3847.800000000000182 ], [ 84.136238135397434, 28.647115202620625, 3848.4 ], [ 84.136227322742343, 28.647136157378551, 3849.199999999999818 ], [ 84.136212067678571, 28.647172534838319, 3849.6 ], [ 84.136213660240173, 28.647198434919119, 3850.4 ], [ 84.13621692918241, 28.647216204553843, 3850.6 ], [ 84.136207792907953, 28.647252162918448, 3851.6 ], [ 84.136203350499272, 28.647262137383223, 3851.6 ], [ 84.136193711310625, 28.647298263385892, 3852.4 ], [ 84.136188765987754, 28.647301029413939, 3852.800000000000182 ], [ 84.136178288608789, 28.647347800433636, 3853.800000000000182 ], [ 84.136189352720976, 28.647389290854335, 3854.0 ], [ 84.13619102910161, 28.647393397986889, 3854.0 ], [ 84.136191280558705, 28.647406809031963, 3854.199999999999818 ], [ 84.136189604178071, 28.647407647222281, 3854.199999999999818 ], [ 84.136193711310625, 28.647402534261342, 3854.4 ], [ 84.136189855635166, 28.647416280582547, 3854.4 ], [ 84.13617979735136, 28.647454753518105, 3854.800000000000182 ], [ 84.136177282780409, 28.647461459040638, 3855.0 ], [ 84.13615096360445, 28.647519461810589, 3855.6 ], [ 84.136141240596771, 28.647528933361173, 3856.0 ], [ 84.136123219504952, 28.647540751844645, 3856.6 ], [ 84.136117100715637, 28.647543098777533, 3856.6 ], [ 84.136110814288259, 28.647544607520103, 3856.800000000000182 ], [ 84.136100001633167, 28.647547457367185, 3857.0 ], [ 84.136093128472567, 28.647549552842975, 3857.199999999999818 ], [ 84.136070916429162, 28.647562460973859, 3857.4 ], [ 84.136050129309297, 28.647592049092054, 3858.0 ], [ 84.136048536747694, 28.647597664967179, 3858.199999999999818 ], [ 84.136063456535339, 28.64763219840825, 3858.800000000000182 ], [ 84.136069491505623, 28.647640664130449, 3859.0 ], [ 84.136090613901615, 28.647628761827946, 3859.4 ], [ 84.136110479012132, 28.647689698264003, 3859.800000000000182 ], [ 84.136108299717307, 28.647699588909745, 3860.199999999999818 ], [ 84.136104192584753, 28.647712161764503, 3861.199999999999818 ], [ 84.136104779317975, 28.64770176820457, 3861.4 ], [ 84.136104360222816, 28.647715430706739, 3861.800000000000182 ], [ 84.136080723255873, 28.647757843136787, 3862.6 ], [ 84.136074939742684, 28.64777167327702, 3863.0 ], [ 84.136076364666224, 28.647806374356151, 3863.4 ], [ 84.136088266968727, 28.647837387397885, 3863.800000000000182 ], [ 84.136092290282249, 28.647852893918753, 3864.0 ], [ 84.13609379902482, 28.647908717393875, 3864.800000000000182 ], [ 84.136093044653535, 28.647921457886696, 3865.199999999999818 ], [ 84.136071586981416, 28.647958338260651, 3865.800000000000182 ], [ 84.136065132915974, 28.64797493442893, 3866.199999999999818 ], [ 84.136054571717978, 28.648019609972835, 3867.199999999999818 ], [ 84.136058427393436, 28.648038133978844, 3867.199999999999818 ], [ 84.136041747406125, 28.64809119142592, 3868.0 ], [ 84.136027079075575, 28.648087587207556, 3868.199999999999818 ], [ 84.136024815961719, 28.648097980767488, 3868.4 ], [ 84.13602389395237, 28.648100160062313, 3868.4 ], [ 84.136025905609131, 28.648105021566153, 3868.6 ], [ 84.136018278077245, 28.648132095113397, 3869.4 ], [ 84.136018948629498, 28.648134442046285, 3869.6 ], [ 84.136013081297278, 28.648156821727753, 3870.4 ], [ 84.136004531756043, 28.648182973265648, 3871.0 ], [ 84.135997826233506, 28.648203676566482, 3871.6 ], [ 84.135981565341353, 28.648231085389853, 3872.6 ], [ 84.135974775999784, 28.648239634931087, 3873.0 ], [ 84.135976284742355, 28.648254554718733, 3873.800000000000182 ], [ 84.135975195094943, 28.648259080946445, 3874.0 ], [ 84.135960694402456, 28.648277521133423, 3874.800000000000182 ], [ 84.135939991101623, 28.648297218605876, 3875.4 ], [ 84.135928340256214, 28.648306103423241, 3875.800000000000182 ], [ 84.135912749916315, 28.648319514468312, 3877.4 ], [ 84.135910486802459, 28.648323202505708, 3877.6 ], [ 84.135908558964729, 28.648350024595857, 3877.800000000000182 ], [ 84.135911073535681, 28.648361591622233, 3877.800000000000182 ], [ 84.13590956479311, 28.648380450904369, 3878.6 ], [ 84.135903278365731, 28.648382881656289, 3879.199999999999818 ], [ 84.135892717167735, 28.648397633805871, 3879.6 ], [ 84.135880898684263, 28.648414732888341, 3880.0 ], [ 84.13587486371398, 28.648434095084667, 3880.800000000000182 ], [ 84.13586363196373, 28.648443650454283, 3881.4 ], [ 84.135854747146368, 28.648439962416887, 3882.0 ], [ 84.135882239788771, 28.648448511958119, 3882.0 ], [ 84.135892717167735, 28.648467203602195, 3883.0 ], [ 84.135908307507634, 28.648452870547771, 3884.199999999999818 ], [ 84.13592959754169, 28.648463180288672, 3884.800000000000182 ], [ 84.135951809585094, 28.648486230522391, 3885.199999999999818 ], [ 84.13595356978476, 28.648492265492681, 3886.0 ], [ 84.135943595319986, 28.648511543869972, 3886.4 ], [ 84.135940242558718, 28.648515651002526, 3886.4 ], [ 84.135946277529001, 28.64853878505528, 3887.4 ], [ 84.135966226458549, 28.648533839732409, 3887.800000000000182 ], [ 84.136006291955709, 28.648555800318722, 3888.6 ], [ 84.136045938357711, 28.648579269647598, 3889.6 ], [ 84.136057673022151, 28.648582706227899, 3890.4 ], [ 84.136064127087593, 28.648586142808199, 3890.800000000000182 ], [ 84.136091703549027, 28.648602487519383, 3891.6 ], [ 84.136098911985755, 28.648604415357113, 3891.6 ], [ 84.13609572686255, 28.648609276860952, 3891.6 ], [ 84.13606496527791, 28.648592010140419, 3891.6 ], [ 84.136067144572735, 28.648583460599184, 3891.6 ], [ 84.136050129309297, 28.648584550246596, 3891.6 ], [ 84.136030180379748, 28.648578431457281, 3891.6 ], [ 84.136013919487596, 28.648569127544761, 3891.6 ], [ 84.136005369946361, 28.648573905229568, 3891.6 ], [ 84.135995144024491, 28.648603158071637, 3891.6 ], [ 84.136015428230166, 28.648642050102353, 3891.6 ], [ 84.13602733053267, 28.648656299337745, 3891.6 ], [ 84.1360326949507, 28.648663004860278, 3892.199999999999818 ], [ 84.136037724092603, 28.648678259924058, 3893.0 ], [ 84.136038227006793, 28.648688234388828, 3893.4 ], [ 84.136033030226827, 28.648697873577476, 3894.0 ], [ 84.136025821790099, 28.648701645433903, 3894.199999999999818 ], [ 84.136001681908965, 28.648701729252934, 3894.800000000000182 ], [ 84.135983576998115, 28.648692425340418, 3895.4 ], [ 84.135976620018482, 28.64869125187397, 3895.800000000000182 ], [ 84.135957509279251, 28.648710446432233, 3896.800000000000182 ], [ 84.135953988879919, 28.648715810850263, 3897.199999999999818 ], [ 84.135941667482257, 28.648712709546089, 3897.800000000000182 ], [ 84.135948959738016, 28.648711368441582, 3898.4 ], [ 84.135952899232507, 28.648713296279311, 3898.800000000000182 ], [ 84.135991707444191, 28.648742297664285, 3899.0 ], [ 84.135985421016812, 28.648738358169791, 3899.0 ], [ 84.13605373352766, 28.648737017065287, 3899.0 ], [ 84.136064043268561, 28.648709021508697, 3899.0 ], [ 84.136076029390097, 28.648712625727057, 3899.0 ], [ 84.136075945571065, 28.648690832778811, 3898.800000000000182 ], [ 84.136061612516642, 28.648663172498345, 3898.4 ], [ 84.136042585596442, 28.648636098951101, 3897.199999999999818 ], [ 84.136034874245524, 28.6486223526299, 3896.4 ], [ 84.136025989428163, 28.648614976555109, 3896.199999999999818 ], [ 84.136047195643187, 28.64859888330102, 3895.6 ], [ 84.136037975549698, 28.64858572371304, 3895.0 ], [ 84.13602733053267, 28.648583376780152, 3894.6 ], [ 84.13599799387157, 28.648569714277983, 3893.800000000000182 ], [ 84.135979888960719, 28.648557811975479, 3893.199999999999818 ], [ 84.135971255600452, 28.648539707064629, 3892.800000000000182 ], [ 84.135978547856212, 28.648530654609203, 3892.4 ], [ 84.135990785434842, 28.648517997935414, 3891.800000000000182 ], [ 84.135991288349032, 28.648513555526733, 3891.6 ], [ 84.135969243943691, 28.648496540263295, 3890.4 ], [ 84.135946361348033, 28.648496037349105, 3889.800000000000182 ], [ 84.135929848998785, 28.648499976843596, 3889.199999999999818 ], [ 84.135911911725998, 28.648491762578487, 3888.800000000000182 ], [ 84.135909145697951, 28.648451697081327, 3888.0 ], [ 84.135908558964729, 28.64842738956213, 3887.4 ], [ 84.135909900069237, 28.648405093699697, 3887.0 ], [ 84.135929848998785, 28.648382043465972, 3885.6 ], [ 84.135935883969069, 28.648373410105705, 3885.4 ], [ 84.135938147082925, 28.648344157263637, 3884.4 ], [ 84.135947115719318, 28.648324543610215, 3883.6 ], [ 84.13596480153501, 28.648314233869311, 3883.4 ], [ 84.135992713272572, 28.648294368758801, 3882.6 ], [ 84.136000340804458, 28.648286908864975, 3882.199999999999818 ], [ 84.136015512049198, 28.648259667679667, 3881.0 ], [ 84.13602733053267, 28.64821583032608, 3879.800000000000182 ], [ 84.136031521484256, 28.648204430937767, 3879.6 ], [ 84.136045519262552, 28.648174423724413, 3878.6 ], [ 84.136058846488595, 28.648117007687688, 3877.6 ], [ 84.136083070188761, 28.648061687126756, 3876.4 ], [ 84.136094050481915, 28.648044085130095, 3876.0 ], [ 84.136104192584753, 28.648022459819913, 3875.199999999999818 ], [ 84.136118525639176, 28.647972587496039, 3874.199999999999818 ], [ 84.136123051866889, 28.647947274148464, 3873.6 ], [ 84.136129254475236, 28.647921457886696, 3872.800000000000182 ], [ 84.136122548952699, 28.647866724058986, 3872.199999999999818 ], [ 84.136115172877908, 28.647814588621259, 3871.6 ], [ 84.13611919619143, 28.64777829498053, 3870.4 ], [ 84.136124812066555, 28.647749042138457, 3869.199999999999818 ], [ 84.136142497882247, 28.64771006628871, 3868.0 ], [ 84.13614702410996, 28.647702187299728, 3867.6 ], [ 84.136141240596771, 28.647666396573182, 3866.800000000000182 ], [ 84.136127661913633, 28.647662037983537, 3866.6 ], [ 84.136113245040178, 28.647658182308081, 3866.199999999999818 ], [ 84.136096984148026, 28.647640077397227, 3865.6 ], [ 84.136105449870229, 28.647599760442972, 3864.6 ], [ 84.136112909764051, 28.647589618340135, 3864.6 ], [ 84.136149873957038, 28.64755097776651, 3863.199999999999818 ], [ 84.136174181476235, 28.647532872855663, 3862.6 ], [ 84.136193376034498, 28.647516276687384, 3862.0 ], [ 84.136217683553696, 28.647464057430625, 3861.0 ], [ 84.136219276115298, 28.647442599758502, 3860.6 ], [ 84.136208547279239, 28.647410497069359, 3860.0 ], [ 84.136191867291927, 28.647380322217941, 3860.0 ], [ 84.136208714917302, 28.647384596988559, 3860.0 ], [ 84.136215085163713, 28.647381579503417, 3859.800000000000182 ], [ 84.136254228651524, 28.647342016920447, 3858.800000000000182 ], [ 84.136266130954027, 28.647313350811601, 3858.199999999999818 ], [ 84.13627116009593, 28.647290803492069, 3857.6 ], [ 84.136273842304945, 28.64729524590075, 3857.6 ], [ 84.136268477886915, 28.647278817370537, 3857.6 ], [ 84.136274680495262, 28.647253587841988, 3856.4 ], [ 84.136275434866548, 28.647246295586228, 3856.199999999999818 ], [ 84.136288091540337, 28.647187286987901, 3855.199999999999818 ], [ 84.136297730728984, 28.64715694449842, 3854.4 ], [ 84.136305274441838, 28.647133810445663, 3854.0 ], [ 84.136318266391754, 28.647088212892413, 3853.4 ], [ 84.136328576132655, 28.647049739956856, 3852.800000000000182 ], [ 84.136331593617797, 28.646988132968545, 3851.800000000000182 ], [ 84.136331845074892, 28.6469800863415, 3851.6 ], [ 84.136342238634825, 28.646895429119468, 3850.6 ], [ 84.136347100138664, 28.646854525431991, 3849.199999999999818 ], [ 84.136344585567713, 28.646822674199939, 3848.199999999999818 ], [ 84.136348608881235, 28.646805407479405, 3847.4 ], [ 84.136351123452187, 28.646788978949189, 3847.199999999999818 ], [ 84.136363444849849, 28.646742291748524, 3846.0 ], [ 84.136371659114957, 28.646724689751863, 3845.6 ], [ 84.136374844238162, 28.646695101633668, 3845.0 ], [ 84.136354392394423, 28.646659897640347, 3843.800000000000182 ], [ 84.136319188401103, 28.646645983681083, 3842.800000000000182 ], [ 84.136303933337331, 28.646633327007297, 3841.800000000000182 ], [ 84.136301334947348, 28.646632991731167, 3841.800000000000182 ], [ 84.136298401281238, 28.646632740274072, 3841.800000000000182 ], [ 84.136300077661872, 28.646613964810967, 3841.800000000000182 ], [ 84.136306783184409, 28.646606672555208, 3841.6 ], [ 84.136372413486242, 28.646548083052039, 3841.0 ], [ 84.13638012483716, 28.646542048081756, 3840.6 ], [ 84.136397810652852, 28.64651438780129, 3839.4 ], [ 84.136401750147343, 28.646481111645699, 3838.4 ], [ 84.136401750147343, 28.64647138863802, 3838.199999999999818 ], [ 84.136415328830481, 28.646430652588609, 3837.0 ], [ 84.136419016867876, 28.646425288170576, 3836.6 ], [ 84.136426309123635, 28.646403830498457, 3835.800000000000182 ], [ 84.136435864493251, 28.646353706717491, 3834.4 ], [ 84.13643385283649, 28.646328393369913, 3832.800000000000182 ], [ 84.136441061273217, 28.646299978718162, 3831.4 ], [ 84.136463105678558, 28.646277515217665, 3831.199999999999818 ], [ 84.136509792879224, 28.646253207698464, 3831.0 ], [ 84.136533681303263, 28.646229906007648, 3830.199999999999818 ], [ 84.136543152853847, 28.646208783611655, 3828.6 ], [ 84.136553797870874, 28.646190511062741, 3828.4 ], [ 84.13657701574266, 28.646168550476432, 3827.6 ], [ 84.136596713215113, 28.646143991500139, 3826.6 ], [ 84.136601826176047, 28.646114319562912, 3825.4 ], [ 84.136623702943325, 28.646055394783616, 3824.0 ], [ 84.136642813682556, 28.646025219932199, 3823.0 ], [ 84.136648681014776, 28.646012982353568, 3822.6 ], [ 84.136664774268866, 28.64597710780799, 3821.199999999999818 ], [ 84.136682962998748, 28.645938048139215, 3820.199999999999818 ], [ 84.13670701906085, 28.645884906873107, 3819.199999999999818 ], [ 84.13671045564115, 28.645877279341221, 3818.800000000000182 ], [ 84.136722693219781, 28.645855318754911, 3817.800000000000182 ], [ 84.136746414005756, 28.645836375653744, 3816.800000000000182 ], [ 84.136751610785723, 28.645826149731871, 3816.4 ], [ 84.136744989082217, 28.645790359005332, 3815.4 ], [ 84.136748258024454, 28.645783485844731, 3815.0 ], [ 84.136752868071198, 28.645767644047737, 3814.4 ], [ 84.136748258024454, 28.645727662369609, 3813.0 ], [ 84.136756137013435, 28.645682148635387, 3812.0 ], [ 84.136778097599745, 28.645644849166271, 3810.800000000000182 ], [ 84.136829897761345, 28.645600844174623, 3810.199999999999818 ], [ 84.136847583577037, 28.645585170015693, 3809.800000000000182 ], [ 84.136886559426785, 28.64554108120501, 3808.6 ], [ 84.136899970471859, 28.645525574684143, 3808.4 ], [ 84.136927211657166, 28.645488526672125, 3807.6 ], [ 84.13696501404047, 28.64545047283173, 3806.6 ], [ 84.136974150314927, 28.645441085100178, 3806.6 ], [ 84.136992422863841, 28.645423734560609, 3806.4 ], [ 84.137029638513923, 28.645378807559609, 3805.800000000000182 ], [ 84.137047240510583, 28.645352153107524, 3805.4 ], [ 84.137061154469848, 28.64532264880836, 3805.0 ], [ 84.137086635455489, 28.645293563604355, 3804.4 ], [ 84.137104908004403, 28.645273027941585, 3804.0 ], [ 84.13714044727385, 28.645204296335574, 3803.4 ], [ 84.137171879410744, 28.645168505609035, 3802.199999999999818 ], [ 84.137199707329273, 28.645127434283495, 3801.6 ], [ 84.137225691229105, 28.645085021853447, 3801.199999999999818 ], [ 84.137250250205398, 28.645045710727572, 3800.4 ], [ 84.137305738404393, 28.644940434023734, 3800.199999999999818 ], [ 84.137308420613408, 28.644919311627746, 3799.800000000000182 ], [ 84.137321496382356, 28.644872205331922, 3799.0 ], [ 84.137336416170001, 28.644841443747278, 3798.6 ], [ 84.137358460575342, 28.64476659335196, 3798.0 ], [ 84.13735980167985, 28.644758379086852, 3798.0 ], [ 84.13735393434763, 28.644709177315235, 3796.800000000000182 ], [ 84.13735393434763, 28.644697358831763, 3796.6 ], [ 84.137362567707896, 28.644666848704219, 3795.4 ], [ 84.137372961267829, 28.644633321091533, 3794.6 ], [ 84.137377319857478, 28.644622843712568, 3794.4 ], [ 84.137373464182019, 28.64457699470222, 3793.4 ], [ 84.137378577142954, 28.644570372998711, 3793.199999999999818 ], [ 84.137395424768329, 28.644516812637448, 3792.199999999999818 ], [ 84.137401208281517, 28.644494600594044, 3791.4 ], [ 84.137407578527927, 28.644467275589705, 3791.0 ], [ 84.137428281828761, 28.644429054111239, 3790.0 ], [ 84.137433981522918, 28.644411116838455, 3789.4 ], [ 84.137428868561983, 28.644389742985368, 3788.800000000000182 ], [ 84.137427108362317, 28.644344983622432, 3787.4 ], [ 84.137426270172, 28.64433417096734, 3787.199999999999818 ], [ 84.137456696480513, 28.644250435754657, 3786.6 ], [ 84.137459378689528, 28.644244484603405, 3786.4 ], [ 84.137471280992031, 28.644220847636461, 3786.4 ], [ 84.137495923787355, 28.644175669178367, 3785.4 ], [ 84.137511095032096, 28.644144656136632, 3784.6 ], [ 84.137511597946286, 28.644116744399071, 3784.4 ], [ 84.137519560754299, 28.644052622839808, 3784.0 ], [ 84.13752886466682, 28.64402580074966, 3783.199999999999818 ], [ 84.137532468885183, 28.644008114933968, 3783.0 ], [ 84.137535989284515, 28.643947010859847, 3782.199999999999818 ], [ 84.137537749484181, 28.643917003646493, 3781.800000000000182 ], [ 84.137537498027086, 28.643884481862187, 3781.199999999999818 ], [ 84.137539677321911, 28.643814912065864, 3780.199999999999818 ], [ 84.137542443349957, 28.643806613981724, 3780.0 ], [ 84.137556776404381, 28.643761686980724, 3779.199999999999818 ], [ 84.137560799717903, 28.643752550706267, 3779.0 ], [ 84.137575048953295, 28.643698319792747, 3778.0 ], [ 84.137576222419739, 28.643667977303267, 3776.800000000000182 ], [ 84.137559710070491, 28.643650291487575, 3775.6 ], [ 84.137555938214064, 28.643648196011782, 3775.199999999999818 ], [ 84.137540012598038, 28.643640484660864, 3774.199999999999818 ], [ 84.137522159144282, 28.643627827987075, 3773.0 ], [ 84.137516962364316, 28.643622463569045, 3772.6 ], [ 84.137505311518908, 28.643606537953019, 3771.800000000000182 ], [ 84.13748393766582, 28.643594468012452, 3770.6 ], [ 84.137469353154302, 28.6435850802809, 3769.800000000000182 ], [ 84.137466754764318, 28.643583739176393, 3769.4 ], [ 84.13744437508285, 28.643573597073555, 3768.199999999999818 ], [ 84.137429790571332, 28.64356094039977, 3767.4 ], [ 84.137423504143953, 28.64355742000043, 3767.0 ], [ 84.137399112805724, 28.643550127744675, 3766.6 ], [ 84.137366591021419, 28.643537973985076, 3766.199999999999818 ], [ 84.137366591021419, 28.643533699214458, 3765.800000000000182 ], [ 84.137363908812404, 28.643523640930653, 3764.4 ], [ 84.137341948226094, 28.643512995913625, 3763.199999999999818 ], [ 84.137337421998382, 28.643505871295929, 3762.800000000000182 ], [ 84.137326776981354, 28.643487514927983, 3762.0 ], [ 84.137312192469835, 28.643478127196431, 3760.800000000000182 ], [ 84.137288304045796, 28.643461028113961, 3759.6 ], [ 84.137265589088202, 28.64344091154635, 3758.6 ], [ 84.137260308489203, 28.64343018271029, 3757.800000000000182 ], [ 84.137256620451808, 28.64342775195837, 3757.4 ], [ 84.137245221063495, 28.643423309549689, 3756.4 ], [ 84.137222338467836, 28.643405204638839, 3755.0 ], [ 84.137196773663163, 28.643386512994766, 3754.4 ], [ 84.137183027341962, 28.643375700339675, 3753.800000000000182 ], [ 84.137173220515251, 28.643352901563048, 3752.6 ], [ 84.137172801420093, 28.643322810530663, 3751.4 ], [ 84.137163329869509, 28.643299508839849, 3750.4 ], [ 84.137157713994384, 28.643283834680915, 3750.199999999999818 ], [ 84.137156205251813, 28.643274363130331, 3749.0 ], [ 84.137151930481195, 28.643255168572068, 3748.0 ], [ 84.137145979329944, 28.643237231299281, 3747.0 ], [ 84.137144973501563, 28.643232872709632, 3746.800000000000182 ], [ 84.137140698730946, 28.643234884366393, 3746.4 ], [ 84.137140698730946, 28.643234884366393, 3746.199999999999818 ], [ 84.137141117826104, 28.643235303461552, 3746.199999999999818 ], [ 84.137139106169343, 28.643231447786093, 3746.199999999999818 ], [ 84.137129047885537, 28.643218372017145, 3746.0 ], [ 84.137105578556657, 28.643193561583757, 3744.6 ], [ 84.137099292129278, 28.643180401995775, 3744.199999999999818 ], [ 84.137084120884538, 28.643167661502957, 3743.4 ], [ 84.137066686525941, 28.643151316791773, 3742.199999999999818 ], [ 84.137061992660165, 28.643147964030504, 3742.0 ], [ 84.137048833072186, 28.643141509965066, 3741.0 ], [ 84.137027459219098, 28.64312675781548, 3740.0 ], [ 84.137013126164675, 28.643104210495949, 3739.0 ], [ 84.136994434520602, 28.643093314021822, 3737.800000000000182 ], [ 84.13696258328855, 28.643074370920655, 3736.800000000000182 ], [ 84.136938694864511, 28.643059618771076, 3735.800000000000182 ], [ 84.136949004605412, 28.643063809722666, 3735.4 ], [ 84.136922685429454, 28.643025504425168, 3734.6 ], [ 84.13691958412528, 28.643022570759054, 3734.199999999999818 ], [ 84.136905921623111, 28.643001699820161, 3733.4 ], [ 84.136891337111592, 28.642970100045204, 3732.199999999999818 ], [ 84.136884631589055, 28.642949732020497, 3731.4 ], [ 84.136885050684214, 28.64293891936541, 3731.199999999999818 ], [ 84.136894773691893, 28.642937075346708, 3730.6 ], [ 84.136894354596734, 28.642936488613486, 3730.6 ], [ 84.136895025148988, 28.642936153337359, 3730.4 ], [ 84.136891085654497, 28.642914863303304, 3730.0 ], [ 84.136880189180374, 28.642889633774757, 3729.199999999999818 ], [ 84.136867029592395, 28.642870271578431, 3729.0 ], [ 84.13685261271894, 28.64285895600915, 3728.0 ], [ 84.136854792013764, 28.642845461145043, 3728.0 ], [ 84.136859821155667, 28.64284336566925, 3726.800000000000182 ], [ 84.136871555820107, 28.64283406175673, 3725.6 ], [ 84.136864263564348, 28.642816711217165, 3725.4 ], [ 84.136865185573697, 28.642816627398133, 3724.6 ], [ 84.13686434738338, 28.642816208302975, 3724.6 ], [ 84.13686971180141, 28.642806820571423, 3724.4 ], [ 84.136848673224449, 28.642799109220505, 3724.199999999999818 ], [ 84.136836268007755, 28.64277865737677, 3723.199999999999818 ], [ 84.136827550828457, 28.642761558294296, 3722.0 ], [ 84.136826796457171, 28.642752338200808, 3721.6 ], [ 84.136828305199742, 28.642739178612828, 3721.6 ], [ 84.136854959651828, 28.642707243561745, 3721.0 ], [ 84.136862922459841, 28.642704728990793, 3720.800000000000182 ], [ 84.136952189728618, 28.642652090638876, 3720.0 ], [ 84.137025782838464, 28.642617221921679, 3720.0 ], [ 84.137037349864841, 28.642612611874934, 3720.0 ], [ 84.137077750638127, 28.642571205273271, 3720.0 ], [ 84.137088814750314, 28.642551256343719, 3720.199999999999818 ], [ 84.137096861377358, 28.642538767307997, 3720.199999999999818 ], [ 84.137113373726606, 28.64251596853137, 3721.0 ], [ 84.137127958238125, 28.642491241917018, 3721.199999999999818 ], [ 84.137149164453149, 28.642465006560087, 3721.199999999999818 ], [ 84.13715360686183, 28.642460647970442, 3721.4 ], [ 84.137168526649475, 28.642445225268599, 3721.6 ], [ 84.13718587718904, 28.642423432320356, 3722.4 ], [ 84.137217057868838, 28.64239283837378, 3722.800000000000182 ], [ 84.137246143072844, 28.642346737906337, 3722.800000000000182 ], [ 84.13725771009922, 28.642286974936724, 3722.800000000000182 ], [ 84.137257793918252, 28.642253195866942, 3722.800000000000182 ], [ 84.137258548289537, 28.642191672697663, 3722.800000000000182 ], [ 84.13723181001842, 28.64211900159717, 3722.800000000000182 ], [ 84.1372259426862, 28.642099387943745, 3722.800000000000182 ], [ 84.137211861088872, 28.642057226970792, 3722.4 ], [ 84.137201635167003, 28.642028560861945, 3722.0 ], [ 84.137191995978355, 28.641978520900011, 3721.199999999999818 ], [ 84.137181350961328, 28.641949268057942, 3720.4 ], [ 84.137179423123598, 28.641927223652601, 3720.0 ], [ 84.137199204415083, 28.641872741281983, 3719.199999999999818 ], [ 84.137200210243464, 28.641860838979483, 3719.0 ], [ 84.13726793602109, 28.641769224777818, 3718.0 ], [ 84.137352593243122, 28.641735864803195, 3717.800000000000182 ], [ 84.137411182746291, 28.641714658588171, 3717.199999999999818 ], [ 84.137422917410731, 28.641701079905033, 3716.800000000000182 ], [ 84.137424509972334, 28.641700493171811, 3716.6 ], [ 84.137425599619746, 28.641704097390175, 3716.0 ], [ 84.137413948774338, 28.641706444323063, 3715.800000000000182 ], [ 84.137414870783687, 28.641704432666302, 3715.6 ], [ 84.13741453550756, 28.641692865639925, 3715.6 ], [ 84.137414703145623, 28.641682891175151, 3715.6 ], [ 84.137406824156642, 28.641626229509711, 3714.800000000000182 ], [ 84.137415876612067, 28.641599575057626, 3714.4 ], [ 84.137420989573002, 28.641543332487345, 3713.800000000000182 ], [ 84.1374228335917, 28.641525646671653, 3713.6 ], [ 84.137422749772668, 28.641516091302037, 3713.4 ], [ 84.137399196624756, 28.641458423808217, 3712.199999999999818 ], [ 84.137399364262819, 28.641459261998538, 3712.0 ], [ 84.13739550858736, 28.641463620588183, 3711.199999999999818 ], [ 84.137342870235443, 28.641466554254293, 3711.0 ], [ 84.137312863022089, 28.641407629475001, 3710.0 ], [ 84.137310013175011, 28.641395559534431, 3709.800000000000182 ], [ 84.13731093518436, 28.641325235366821, 3708.800000000000182 ], [ 84.137343121692538, 28.641265388578176, 3708.199999999999818 ], [ 84.137364998459816, 28.641246696934104, 3707.800000000000182 ], [ 84.137407159432769, 28.641223395243287, 3706.800000000000182 ], [ 84.137433394789696, 28.641204703599215, 3706.800000000000182 ], [ 84.137445380911231, 28.641189783811569, 3706.800000000000182 ], [ 84.137458289042115, 28.641133373603225, 3706.800000000000182 ], [ 84.137509083375335, 28.64109062589705, 3706.800000000000182 ], [ 84.137516710907221, 28.641087524592876, 3706.800000000000182 ] ] } }
]
}
