{
"type": "FeatureCollection",
"name": "day09",
"crs": { "type": "name", "properties": { "name": "urn:ogc:def:crs:OGC:1.3:CRS84" } },
"features": [
{ "type": "Feature", "properties": { "name": "day09" }, "geometry": { "type": "LineString", "coordinates": [ [ 83.97329636849463, 28.724955338984728, 4049.0 ], [ 83.973424192517996, 28.72493228875101, 4049.0 ], [ 83.973409188911319, 28.724928516894579, 4048.6 ], [ 83.973406841978431, 28.724965397268537, 4048.6 ], [ 83.973381612449884, 28.725006552413102, 4048.6 ], [ 83.973362166434526, 28.725044019520283, 4048.6 ], [ 83.973347162827849, 28.725105542689558, 4048.6 ], [ 83.973336601629853, 28.725122977048159, 4048.6 ], [ 83.97330466657877, 28.725118199363351, 4048.800000000000182 ], [ 83.973279856145382, 28.725138315930963, 4049.0 ], [ 83.973258230835199, 28.725163629278541, 4049.6 ], [ 83.973239036276937, 28.725150637328625, 4050.0 ], [ 83.973210453987122, 28.72518089599907, 4050.800000000000182 ], [ 83.973207604140043, 28.725193301215768, 4051.0 ], [ 83.97318153642118, 28.725215010344986, 4052.0 ], [ 83.973175417631865, 28.725215932354331, 4052.0 ], [ 83.973160833120346, 28.725223811343312, 4052.4 ], [ 83.973130993545055, 28.725219536572695, 4052.4 ], [ 83.973115989938378, 28.725218027830124, 4052.800000000000182 ], [ 83.973112469539046, 28.725213753059503, 4052.800000000000182 ], [ 83.973102495074272, 28.725224230438471, 4052.800000000000182 ], [ 83.973087826743722, 28.725239485502243, 4053.0 ], [ 83.973055640235543, 28.725257506594065, 4053.0 ], [ 83.972956314682961, 28.725238647311929, 4053.199999999999818 ], [ 83.972887834534049, 28.72525641694665, 4053.199999999999818 ], [ 83.972873501479626, 28.725268570706248, 4053.199999999999818 ], [ 83.97285807877779, 28.725281311199069, 4053.4 ], [ 83.972848355770111, 28.72528868727386, 4053.6 ], [ 83.972841901704669, 28.725293129682541, 4053.800000000000182 ], [ 83.972816001623869, 28.725319197401404, 4054.199999999999818 ], [ 83.972734361886978, 28.725305702537295, 4054.4 ], [ 83.972543589770794, 28.725378457456827, 4055.0 ], [ 83.97253068163991, 28.725385246798396, 4055.199999999999818 ], [ 83.97251307964325, 28.725404525175691, 4055.4 ], [ 83.972489610314369, 28.725426485762, 4055.6 ], [ 83.972450802102685, 28.725457498803735, 4056.199999999999818 ], [ 83.972443509846926, 28.725467473268509, 4056.4 ], [ 83.97240411490202, 28.725518602877855, 4057.0 ], [ 83.972349967807531, 28.725559422746301, 4057.199999999999818 ], [ 83.972336053848267, 28.725590603426099, 4057.4 ], [ 83.972312668338418, 28.725619269534945, 4057.6 ], [ 83.972285594791174, 28.725658245384693, 4058.199999999999818 ], [ 83.972284672781825, 28.725667046383023, 4058.4 ], [ 83.972270842641592, 28.725715493783355, 4059.0 ], [ 83.972222479060292, 28.725772155448791, 4059.199999999999818 ], [ 83.972182329744101, 28.725826554000378, 4059.199999999999818 ], [ 83.972170008346438, 28.725858153775334, 4059.4 ], [ 83.972164308652282, 28.725871061906219, 4059.4 ], [ 83.972114520147443, 28.725940883159637, 4060.4 ], [ 83.972105300053954, 28.725948762148619, 4060.6 ], [ 83.972058361396194, 28.72600793838501, 4061.199999999999818 ], [ 83.972046794369817, 28.726057978346944, 4061.199999999999818 ], [ 83.972041932865977, 28.726104162633419, 4061.4 ], [ 83.97198879159987, 28.726169457659125, 4061.6 ], [ 83.97195115685463, 28.726208601146936, 4062.199999999999818 ], [ 83.971909750252962, 28.726258641108871, 4062.6 ], [ 83.971893740817904, 28.72627180069685, 4062.800000000000182 ], [ 83.971866248175502, 28.726317398250103, 4062.800000000000182 ], [ 83.971797348931432, 28.726389985531569, 4063.0 ], [ 83.971770359203219, 28.726436169818044, 4063.4 ], [ 83.971687713637948, 28.726491658017039, 4063.6 ], [ 83.971663322299719, 28.726512361317873, 4063.800000000000182 ], [ 83.971639350056648, 28.726547313854098, 4064.0 ], [ 83.971586963161826, 28.726614033803344, 4064.800000000000182 ], [ 83.971580257639289, 28.726619482040405, 4065.0 ], [ 83.971532816067338, 28.726661391556263, 4065.199999999999818 ], [ 83.971496019512415, 28.726702379062772, 4066.0 ], [ 83.971465760841966, 28.726738253608342, 4067.0 ], [ 83.971461653709412, 28.726743450388312, 4067.199999999999818 ], [ 83.971443129703403, 28.726747557520863, 4068.0 ], [ 83.971445057541132, 28.726742947474118, 4068.199999999999818 ], [ 83.971422258764505, 28.726764991879463, 4068.4 ], [ 83.971441201865673, 28.726796172559261, 4069.4 ], [ 83.971435250714421, 28.726838668808341, 4070.4 ], [ 83.971419744193554, 28.726869933307171, 4070.800000000000182 ], [ 83.971387138590217, 28.726930450648069, 4071.4 ], [ 83.971380265429616, 28.726944448426369, 4071.4 ], [ 83.971374984830618, 28.72695492580533, 4071.4 ], [ 83.971369620412588, 28.726975964382291, 4071.6 ], [ 83.971357634291053, 28.727003708481789, 4071.800000000000182 ], [ 83.971342714503407, 28.727055927738547, 4072.4 ], [ 83.971324693411589, 28.727085096761584, 4072.800000000000182 ], [ 83.971273647621274, 28.727166652679443, 4073.199999999999818 ], [ 83.971257135272026, 28.727203281596303, 4073.6 ], [ 83.971256632357836, 28.727219793945551, 4074.0 ], [ 83.971265517175198, 28.727231025695801, 4074.4 ], [ 83.971272557973862, 28.727243430912495, 4074.6 ], [ 83.971269791945815, 28.727267235517505, 4075.0 ], [ 83.971244478598237, 28.727302607148889, 4075.800000000000182 ], [ 83.971224445849657, 28.727328171953559, 4076.199999999999818 ], [ 83.971204916015267, 28.72735608369112, 4076.800000000000182 ], [ 83.971182620152831, 28.727388018742204, 4077.4 ], [ 83.971184715628624, 28.727410649880767, 4078.0 ], [ 83.971178345382214, 28.72743965126574, 4078.6 ], [ 83.971146997064352, 28.727466389536858, 4079.0 ], [ 83.971116654574871, 28.727487847208977, 4079.0 ], [ 83.971075667068362, 28.727523302659392, 4080.199999999999818 ], [ 83.971052365377545, 28.727538725361228, 4080.199999999999818 ], [ 83.970990423113108, 28.727515423670411, 4080.199999999999818 ], [ 83.97098078392446, 28.727510226890445, 4080.4 ], [ 83.9709856454283, 28.727512573823333, 4080.4 ], [ 83.9709856454283, 28.727512573823333, 4080.4 ], [ 83.9709856454283, 28.727512573823333, 4080.4 ], [ 83.9709856454283, 28.727512573823333, 4080.4 ], [ 83.9709856454283, 28.727512573823333, 4080.6 ], [ 83.9709856454283, 28.727512573823333, 4080.6 ], [ 83.971025459468365, 28.727523721754551, 4080.6 ], [ 83.971064938232303, 28.727534534409639, 4080.800000000000182 ], [ 83.971065608784556, 28.72755590826273, 4081.199999999999818 ], [ 83.971062088385224, 28.727564793080091, 4081.199999999999818 ], [ 83.971034763380885, 28.727634865790609, 4081.4 ], [ 83.971025543287396, 28.727725055068731, 4082.4 ], [ 83.970998050644994, 28.727797390893102, 4083.199999999999818 ], [ 83.970986232161522, 28.727821698412299, 4083.4 ], [ 83.970973826944828, 28.727857070043683, 4083.6 ], [ 83.970966702327132, 28.727916665375233, 4084.4 ], [ 83.970958404242992, 28.727940386161208, 4084.6 ], [ 83.970939377322793, 28.72796444222331, 4084.800000000000182 ], [ 83.970936024561524, 28.727978942915797, 4084.800000000000182 ], [ 83.970918590202928, 28.728049099445343, 4085.4 ], [ 83.970917500555515, 28.728057313710451, 4085.4 ], [ 83.970924038439989, 28.728114981204271, 4086.4 ], [ 83.970945160835981, 28.728172983974218, 4087.199999999999818 ], [ 83.970952369272709, 28.728196201846004, 4087.6 ], [ 83.97095488384366, 28.728242386132479, 4088.199999999999818 ], [ 83.970950189977884, 28.728279517963529, 4088.4 ], [ 83.97094507701695, 28.72828739695251, 4088.6 ], [ 83.970941808074713, 28.728297706693411, 4089.0 ], [ 83.970918506383896, 28.728347830474377, 4089.199999999999818 ], [ 83.970906268805265, 28.72838395647705, 4089.800000000000182 ], [ 83.970901072025299, 28.728420585393906, 4090.6 ], [ 83.970899395644665, 28.72845989651978, 4091.0 ], [ 83.970890175551176, 28.728513540700082, 4091.4 ], [ 83.970884392037988, 28.728539608418941, 4092.0 ], [ 83.970878943800926, 28.728609262034297, 4092.199999999999818 ], [ 83.970868131145835, 28.728633904829621, 4092.199999999999818 ], [ 83.970864275470376, 28.728673048317432, 4092.4 ], [ 83.970865868031979, 28.72873842716217, 4092.6 ], [ 83.970888163894415, 28.728777235373855, 4093.0 ], [ 83.970896294340491, 28.728802716359496, 4094.0 ], [ 83.970897048711777, 28.728815373033285, 4094.4 ], [ 83.970861928537488, 28.728869268670682, 4094.4 ], [ 83.970864191651344, 28.728879243135452, 4094.4 ], [ 83.970858994871378, 28.728944202885032, 4094.4 ], [ 83.970860755071044, 28.728975970298052, 4094.800000000000182 ], [ 83.970880871638656, 28.729034895077348, 4095.6 ], [ 83.97088497877121, 28.729053670540452, 4096.0 ], [ 83.970900317654014, 28.729098346084356, 4096.800000000000182 ], [ 83.970892690122128, 28.729121899232268, 4097.199999999999818 ], [ 83.970862682908773, 28.72916380874813, 4097.800000000000182 ], [ 83.970820270478725, 28.729242598637938, 4097.800000000000182 ], [ 83.970793196931481, 28.729331865906715, 4097.800000000000182 ], [ 83.97076427936554, 28.729409063234925, 4098.199999999999818 ], [ 83.970759501680732, 28.729439908638597, 4098.199999999999818 ], [ 83.970749611034989, 28.729498330503706, 4098.199999999999818 ], [ 83.970755059272051, 28.729530265554786, 4098.199999999999818 ], [ 83.970754807814956, 28.729541748762131, 4098.399999999999636 ], [ 83.970749359577894, 28.729589860886335, 4098.600000000000364 ], [ 83.97075111977756, 28.729621628299356, 4098.600000000000364 ], [ 83.970750030130148, 28.7296555750072, 4099.399999999999636 ], [ 83.970750700682402, 28.729653479531407, 4100.199999999999818 ], [ 83.970750952139497, 28.729651216417551, 4100.199999999999818 ], [ 83.97075355052948, 28.729649288579822, 4100.600000000000364 ], [ 83.970739468932152, 28.729652222245932, 4104.0 ], [ 83.970745671540499, 28.72966211289167, 4104.0 ], [ 83.970751287415624, 28.729692287743092, 4104.0 ], [ 83.970746006816626, 28.729750877246261, 4104.199999999999818 ], [ 83.970734942704439, 28.729847772046924, 4104.399999999999636 ], [ 83.970749359577894, 28.729920694604516, 4104.600000000000364 ], [ 83.970761680975556, 28.72996956110001, 4105.0 ], [ 83.970761680975556, 28.729973919689655, 4105.199999999999818 ], [ 83.970764195546508, 28.730016918852925, 4105.600000000000364 ], [ 83.970780707895756, 28.730084141716361, 4105.800000000000182 ], [ 83.970787581056356, 28.730122782289985, 4106.199999999999818 ], [ 83.9707887545228, 28.730176007375121, 4106.600000000000364 ], [ 83.970803003758192, 28.730243900790811, 4107.0 ], [ 83.970805099233985, 28.730255886912342, 4107.199999999999818 ], [ 83.970815408974886, 28.730341382324696, 4108.0 ], [ 83.970818845555186, 28.730351105332375, 4108.199999999999818 ], [ 83.970821527764201, 28.730360241606832, 4108.399999999999636 ], [ 83.970826305449009, 28.730388237163424, 4108.600000000000364 ], [ 83.970830999314785, 28.730414556339383, 4108.800000000000182 ], [ 83.970833849161863, 28.730462752282619, 4109.399999999999636 ], [ 83.970831083133817, 28.73048035427928, 4109.600000000000364 ], [ 83.970837285742164, 28.730569873005152, 4110.199999999999818 ], [ 83.970837704837322, 28.730589738115668, 4110.399999999999636 ], [ 83.970835860818624, 28.730645645409822, 4111.0 ], [ 83.970827395096421, 28.730728626251221, 4111.399999999999636 ], [ 83.970826724544168, 28.73080364428461, 4112.0 ], [ 83.970836279913783, 28.730865502730012, 4112.399999999999636 ], [ 83.9708371181041, 28.730874136090279, 4112.399999999999636 ], [ 83.970832340419292, 28.730937419459224, 4113.199999999999818 ], [ 83.97083954885602, 28.730966253206137, 4113.600000000000364 ], [ 83.970842231065035, 28.730992488563061, 4113.800000000000182 ], [ 83.97083954885602, 28.731074715033177, 4114.600000000000364 ], [ 83.970855223014951, 28.731123078614473, 4115.399999999999636 ], [ 83.970858240500093, 28.731143279001117, 4115.600000000000364 ], [ 83.970859330147505, 28.731154510751367, 4115.800000000000182 ], [ 83.970856480300426, 28.731202036142349, 4116.399999999999636 ], [ 83.970864107832313, 28.731228774413463, 4116.800000000000182 ], [ 83.970873998478055, 28.731257524341345, 4117.199999999999818 ], [ 83.970886655151844, 28.731311755254865, 4117.600000000000364 ], [ 83.970889253541827, 28.731318879872561, 4117.800000000000182 ], [ 83.970919428393245, 28.731351317837831, 4118.199999999999818 ], [ 83.970922864973545, 28.731408147141337, 4118.800000000000182 ], [ 83.970922278240323, 28.731467826291919, 4119.800000000000182 ], [ 83.970924708992243, 28.731480985879895, 4120.0 ], [ 83.970937114208937, 28.731526667252183, 4120.399999999999636 ], [ 83.970938287675381, 28.731579808518291, 4121.0 ], [ 83.970934180542827, 28.731586514040828, 4121.199999999999818 ], [ 83.970912471413612, 28.731641918420792, 4121.800000000000182 ], [ 83.970922697335482, 28.731666477397084, 4122.199999999999818 ], [ 83.970926553010941, 28.731707548722625, 4122.199999999999818 ], [ 83.970902329310775, 28.731807712465525, 4122.399999999999636 ], [ 83.970864778384566, 28.731861608102921, 4122.600000000000364 ], [ 83.97084541618824, 28.731909468770027, 4123.399999999999636 ], [ 83.970838543027639, 28.731988593935966, 4124.399999999999636 ], [ 83.970816833898425, 28.73203813098371, 4125.399999999999636 ], [ 83.970810044556856, 28.732045758515596, 4125.399999999999636 ], [ 83.970758747309446, 28.732094122096896, 4125.800000000000182 ], [ 83.970700660720468, 28.732151789590716, 4126.199999999999818 ], [ 83.970689177513123, 28.732167966663837, 4126.399999999999636 ], [ 83.970677359029651, 28.732210798189044, 4127.0 ], [ 83.970682891085744, 28.732239548116919, 4127.399999999999636 ], [ 83.970679035410285, 28.732265112921596, 4128.0 ], [ 83.970657913014293, 28.732323870062828, 4128.600000000000364 ], [ 83.970651123672724, 28.732374748215079, 4129.800000000000182 ], [ 83.970637964084744, 28.732446664944291, 4130.600000000000364 ], [ 83.970622206106782, 28.732480108737946, 4130.800000000000182 ], [ 83.970621032640338, 28.732488406822085, 4130.800000000000182 ], [ 83.970617596060038, 28.732508774846792, 4131.0 ], [ 83.970599407330155, 28.732519168406725, 4131.399999999999636 ], [ 83.970584655180573, 28.732523526996378, 4131.800000000000182 ], [ 83.970582894980907, 28.732531238347292, 4132.0 ], [ 83.970578368753195, 28.732535261660814, 4132.600000000000364 ], [ 83.970578368753195, 28.732535261660814, 4133.199999999999818 ], [ 83.970609214156866, 28.732538865879174, 4133.199999999999818 ], [ 83.970624804496765, 28.732605585828424, 4133.800000000000182 ], [ 83.970633940771222, 28.732660235837105, 4133.800000000000182 ], [ 83.970634359866381, 28.732665935531259, 4134.0 ], [ 83.970633018761873, 28.732690745964646, 4134.199999999999818 ], [ 83.970632180571556, 28.732720417901874, 4134.399999999999636 ], [ 83.970624217763543, 28.73275151476264, 4134.800000000000182 ], [ 83.970619523897767, 28.7327915802598, 4135.399999999999636 ], [ 83.970597730949521, 28.732855450361967, 4136.0 ], [ 83.970591360703111, 28.732875483110547, 4136.399999999999636 ], [ 83.970587002113461, 28.732895851135257, 4136.800000000000182 ], [ 83.970580045133829, 28.732925774529576, 4137.199999999999818 ], [ 83.970577446743846, 28.73293113894761, 4137.199999999999818 ], [ 83.970580548048019, 28.732942286878824, 4137.600000000000364 ], [ 83.970595048740506, 28.732960475608703, 4138.0 ], [ 83.970604185014963, 28.732975563034415, 4138.600000000000364 ], [ 83.970612734556198, 28.732995092868805, 4139.0 ], [ 83.970603011548519, 28.733042031526569, 4139.600000000000364 ], [ 83.970604687929153, 28.733055777847767, 4139.600000000000364 ], [ 83.970613908022642, 28.733116295188665, 4140.199999999999818 ], [ 83.970616590231657, 28.733156779780984, 4140.800000000000182 ], [ 83.970618518069386, 28.733165329322219, 4140.800000000000182 ], [ 83.970635700970888, 28.733222912997007, 4141.600000000000364 ], [ 83.970634192228317, 28.733231294900179, 4141.800000000000182 ], [ 83.970638550817966, 28.733278065919876, 4142.600000000000364 ], [ 83.970634108409286, 28.733274629339576, 4143.0 ], [ 83.970632432028651, 28.733274126425385, 4143.399999999999636 ], [ 83.970632515847683, 28.733273958787318, 4143.600000000000364 ], [ 83.970632515847683, 28.733273958787318, 4143.800000000000182 ], [ 83.970627570524812, 28.73329994268715, 4143.800000000000182 ], [ 83.970625139772892, 28.733310587704182, 4144.0 ], [ 83.970633270218968, 28.733360040932897, 4144.199999999999818 ], [ 83.970665792003274, 28.733405889943239, 4144.199999999999818 ], [ 83.970671575516462, 28.733417456969619, 4145.0 ], [ 83.970697140321136, 28.733441093936563, 4145.199999999999818 ], [ 83.970713904127479, 28.733470430597663, 4146.0 ], [ 83.970709880813956, 28.733484176918864, 4146.199999999999818 ], [ 83.970721112564206, 28.733522649854422, 4147.0 ], [ 83.97072278894484, 28.733532121405005, 4147.399999999999636 ], [ 83.970747767016292, 28.733567325398329, 4147.800000000000182 ], [ 83.970779785886407, 28.733573695644736, 4148.399999999999636 ], [ 83.970779618248343, 28.733574030920863, 4148.399999999999636 ], [ 83.970767129212618, 28.733577132225037, 4149.399999999999636 ], [ 83.970767129212618, 28.733577132225037, 4149.399999999999636 ], [ 83.970767129212618, 28.733577132225037, 4149.399999999999636 ], [ 83.970767129212618, 28.733577132225037, 4149.399999999999636 ], [ 83.970767129212618, 28.733577132225037, 4149.399999999999636 ], [ 83.970767129212618, 28.733577132225037, 4149.600000000000364 ], [ 83.970756735652685, 28.733587861061096, 4149.600000000000364 ], [ 83.970806859433651, 28.733655083924532, 4149.600000000000364 ], [ 83.970857234671712, 28.73369112610817, 4149.600000000000364 ], [ 83.970906101167202, 28.733732113614678, 4150.600000000000364 ], [ 83.970918338745832, 28.733741249889135, 4150.800000000000182 ], [ 83.970957649871707, 28.733780477195975, 4151.600000000000364 ], [ 83.97100224159658, 28.733819955959916, 4152.199999999999818 ], [ 83.971015233546495, 28.73384292237461, 4152.199999999999818 ], [ 83.971027303487062, 28.733857842162251, 4152.399999999999636 ], [ 83.971026884391904, 28.733856668695807, 4152.600000000000364 ], [ 83.971027303487062, 28.73385708779097, 4152.600000000000364 ], [ 83.971064016222954, 28.73389832675457, 4152.800000000000182 ], [ 83.971081115305424, 28.73394719325006, 4153.399999999999636 ], [ 83.97109461016953, 28.733974937349561, 4153.800000000000182 ], [ 83.971123360097408, 28.734013326466084, 4154.399999999999636 ], [ 83.971140375360847, 28.73403369449079, 4154.800000000000182 ], [ 83.971148505806923, 28.734044507145882, 4154.800000000000182 ], [ 83.971159150823951, 28.734061606228352, 4155.199999999999818 ], [ 83.971171556040645, 28.734101839363575, 4155.800000000000182 ], [ 83.971177339553833, 28.734111813828349, 4156.0 ], [ 83.971210867166519, 28.734137462452058, 4157.0 ], [ 83.971232241019607, 28.734158668667082, 4157.600000000000364 ], [ 83.971253950148821, 28.734172247350216, 4158.199999999999818 ], [ 83.971286136657, 28.734194543212652, 4158.800000000000182 ], [ 83.971298290416598, 28.734209379181262, 4159.399999999999636 ], [ 83.971326285973191, 28.73423645272851, 4159.399999999999636 ], [ 83.971383953467011, 28.734249863773584, 4160.0 ], [ 83.971409350633621, 28.734252965077761, 4160.399999999999636 ], [ 83.971432149410248, 28.734270483255383, 4161.199999999999818 ], [ 83.971430221572518, 28.734269561246037, 4161.399999999999636 ], [ 83.971427958458662, 28.73427065089345, 4161.600000000000364 ], [ 83.971427958458662, 28.73427065089345, 4162.0 ], [ 83.97143910638988, 28.734278697520494, 4162.199999999999818 ], [ 83.971476405858994, 28.734298814088103, 4162.399999999999636 ], [ 83.971504401415586, 28.734329827129841, 4162.800000000000182 ], [ 83.971550166606903, 28.734350698068734, 4163.600000000000364 ], [ 83.971562907099724, 28.734354637563229, 4163.800000000000182 ], [ 83.971599116921425, 28.734370646998286, 4164.399999999999636 ], [ 83.971612108871341, 28.734390931203961, 4164.800000000000182 ], [ 83.97162577137351, 28.734413310885429, 4165.399999999999636 ], [ 83.971658544614911, 28.734443234279752, 4165.800000000000182 ], [ 83.971699951216578, 28.734468715265393, 4166.399999999999636 ], [ 83.971732808277011, 28.734513642266393, 4167.0 ], [ 83.971748230978847, 28.734518839046359, 4167.199999999999818 ], [ 83.971779830753803, 28.734534764662385, 4167.600000000000364 ], [ 83.971794079989195, 28.734540548175573, 4168.0 ], [ 83.971800953149796, 28.734549097716808, 4168.600000000000364 ], [ 83.971804305911064, 28.734562592580911, 4169.199999999999818 ], [ 83.971810508519411, 28.734571561217308, 4169.399999999999636 ], [ 83.97183733060956, 28.734622104093432, 4170.199999999999818 ], [ 83.971839090809226, 28.734628306701779, 4170.399999999999636 ], [ 83.971851831302047, 28.734667282551527, 4171.0 ], [ 83.971868762746453, 28.734684130176905, 4171.399999999999636 ], [ 83.971883179619908, 28.734693266451359, 4171.600000000000364 ], [ 83.971930034458637, 28.734716568142176, 4172.600000000000364 ], [ 83.971975464373827, 28.73475470580161, 4173.199999999999818 ], [ 83.972014440223575, 28.734807511791587, 4173.399999999999636 ], [ 83.972089122980833, 28.734859144315124, 4173.600000000000364 ], [ 83.97216372191906, 28.73492670245469, 4174.600000000000364 ], [ 83.972179563716054, 28.73494204133749, 4174.600000000000364 ], [ 83.972217198461294, 28.734987722709775, 4174.800000000000182 ], [ 83.972300430759788, 28.735065003857017, 4175.0 ], [ 83.972368994727731, 28.735093167051673, 4175.0 ], [ 83.972412329167128, 28.735125437378883, 4175.800000000000182 ], [ 83.972467314451933, 28.735169358551502, 4176.600000000000364 ], [ 83.97247351706028, 28.735187463462353, 4176.800000000000182 ], [ 83.972486509010196, 28.73522937297821, 4177.199999999999818 ], [ 83.972519785165787, 28.735306905582547, 4177.199999999999818 ], [ 83.972603352740407, 28.735395167022943, 4177.399999999999636 ], [ 83.972648279741406, 28.735449481755495, 4177.600000000000364 ], [ 83.972655069082975, 28.73545853421092, 4177.600000000000364 ], [ 83.972668815404177, 28.735477896407247, 4177.800000000000182 ], [ 83.972704773768783, 28.735521985217929, 4178.600000000000364 ], [ 83.972739055752754, 28.735596919432279, 4178.600000000000364 ], [ 83.972753724083304, 28.735618628561497, 4179.0 ], [ 83.972791526466608, 28.735660118982196, 4179.800000000000182 ], [ 83.972792699933052, 28.735665902495384, 4180.0 ], [ 83.97279697470367, 28.735670847818255, 4180.600000000000364 ], [ 83.972870986908674, 28.735697586089373, 4180.800000000000182 ], [ 83.972902335226536, 28.735713344067335, 4181.0 ], [ 83.972952039912343, 28.735730107873682, 4181.399999999999636 ], [ 83.972993949428201, 28.735752319917083, 4182.0 ], [ 83.973008617758751, 28.735769502818584, 4182.199999999999818 ], [ 83.973059076815844, 28.735812921077013, 4182.600000000000364 ], [ 83.973117498680949, 28.735839743167158, 4183.0 ], [ 83.973129820078611, 28.735844688490033, 4183.199999999999818 ], [ 83.97317323833704, 28.735865978524089, 4183.800000000000182 ], [ 83.973185978829861, 28.735879054293036, 4184.199999999999818 ], [ 83.973189415410161, 28.735889866948128, 4184.399999999999636 ], [ 83.97317960858345, 28.735902942717075, 4185.399999999999636 ], [ 83.973172064870596, 28.735908223316073, 4185.800000000000182 ], [ 83.973164269700646, 28.735918449237943, 4186.399999999999636 ], [ 83.973133424296975, 28.735961951315403, 4186.600000000000364 ], [ 83.973125796765089, 28.735978798940774, 4186.800000000000182 ], [ 83.973133508116007, 28.735973015427589, 4187.0 ], [ 83.973133927211165, 28.73597284778953, 4187.199999999999818 ], [ 83.973140046000481, 28.735960023477674, 4187.399999999999636 ], [ 83.973125796765089, 28.735912581905723, 4190.399999999999636 ], [ 83.973124623298645, 28.735915934666991, 4190.399999999999636 ], [ 83.973123198375106, 28.735922556370497, 4190.399999999999636 ], [ 83.973116828128695, 28.735949378460649, 4190.399999999999636 ], [ 83.973117247223854, 28.735991204157472, 4190.600000000000364 ], [ 83.97309017367661, 28.736090529710054, 4190.600000000000364 ], [ 83.973054131492972, 28.736172923818231, 4190.800000000000182 ], [ 83.973052203655243, 28.736175689846277, 4190.800000000000182 ], [ 83.973052203655243, 28.736175689846277, 4190.800000000000182 ], [ 83.973052203655243, 28.736175689846277, 4190.800000000000182 ], [ 83.973052203655243, 28.736175689846277, 4190.800000000000182 ], [ 83.973052203655243, 28.736175689846277, 4191.0 ], [ 83.973052203655243, 28.736175689846277, 4191.0 ], [ 83.973052203655243, 28.736175689846277, 4191.0 ], [ 83.973052203655243, 28.736175689846277, 4191.199999999999818 ], [ 83.973032925277948, 28.736236291006207, 4191.199999999999818 ], [ 83.973029907792807, 28.736246433109045, 4191.399999999999636 ], [ 83.972999481484294, 28.736325642094016, 4191.399999999999636 ], [ 83.972955057397485, 28.736433936282992, 4192.199999999999818 ], [ 83.972940137609839, 28.73646218329668, 4192.600000000000364 ], [ 83.972911471500993, 28.736522700637579, 4193.600000000000364 ], [ 83.972908202558756, 28.736528567969799, 4193.800000000000182 ], [ 83.972907783463597, 28.736525550484657, 4194.600000000000364 ], [ 83.972903341054916, 28.736533848568797, 4194.800000000000182 ], [ 83.972904179245234, 28.736529406160116, 4195.199999999999818 ], [ 83.972904179245234, 28.736529406160116, 4195.800000000000182 ], [ 83.972904179245234, 28.736529406160116, 4196.0 ], [ 83.9729128126055, 28.73652957379818, 4196.600000000000364 ], [ 83.972885655239224, 28.736584223806855, 4197.0 ], [ 83.972876770421863, 28.736593024805188, 4197.199999999999818 ], [ 83.972874172031879, 28.736602663993835, 4197.199999999999818 ], [ 83.972843997180462, 28.736663768067956, 4198.0 ], [ 83.972828658297658, 28.736705761402845, 4199.199999999999818 ], [ 83.972828155383468, 28.736703665927052, 4200.199999999999818 ], [ 83.972826562821865, 28.736705677583817, 4200.399999999999636 ], [ 83.972827736288309, 28.736706264317036, 4200.600000000000364 ], [ 83.972827233374119, 28.736704168841243, 4201.0 ], [ 83.972826981917024, 28.736707773059607, 4201.199999999999818 ], [ 83.972823545336723, 28.736715987324715, 4201.600000000000364 ], [ 83.972802255302668, 28.73673970811069, 4201.600000000000364 ], [ 83.972798734903336, 28.736751358956099, 4202.199999999999818 ], [ 83.972798902541399, 28.736783713102341, 4202.800000000000182 ], [ 83.972796807065606, 28.736795615404844, 4203.0 ], [ 83.972796387970448, 28.736807182431221, 4203.199999999999818 ], [ 83.972796555608511, 28.736815731972456, 4203.600000000000364 ], [ 83.972793370485306, 28.736820928752422, 4203.800000000000182 ], [ 83.972792867571115, 28.736820593476295, 4204.0 ], [ 83.972799740731716, 28.736822688952088, 4204.199999999999818 ], [ 83.972808877006173, 28.736837189644575, 4204.399999999999636 ], [ 83.97280384786427, 28.736823862418532, 4204.800000000000182 ], [ 83.972803680226207, 28.736821431666613, 4204.800000000000182 ], [ 83.972802674397826, 28.736823024228215, 4205.0 ], [ 83.972824886441231, 28.736863760277629, 4205.199999999999818 ], [ 83.972840392962098, 28.736882451921701, 4206.199999999999818 ], [ 83.972841231152415, 28.736880691722035, 4206.399999999999636 ], [ 83.972840225324035, 28.736853701993823, 4207.399999999999636 ], [ 83.972874926403165, 28.736877590417865, 4207.600000000000364 ], [ 83.972896635532379, 28.73689653351903, 4207.800000000000182 ], [ 83.972910884767771, 28.7369136326015, 4208.199999999999818 ], [ 83.972934857010841, 28.736929222941399, 4208.800000000000182 ], [ 83.972974671050906, 28.736950848251581, 4209.399999999999636 ], [ 83.97299780510366, 28.736999379470944, 4209.800000000000182 ], [ 83.973019765689969, 28.737063920125365, 4211.0 ], [ 83.973043067380786, 28.737107003107667, 4212.0 ], [ 83.973061004653573, 28.737119995057583, 4212.600000000000364 ], [ 83.973086401820183, 28.737140446901321, 4213.199999999999818 ], [ 83.973108697682619, 28.737164419144392, 4213.600000000000364 ], [ 83.973132250830531, 28.737205909565091, 4213.600000000000364 ], [ 83.973134597763419, 28.737216303125024, 4213.600000000000364 ], [ 83.973141303285956, 28.737239437177777, 4213.600000000000364 ], [ 83.973197294399142, 28.737325519323349, 4213.600000000000364 ], [ 83.973281783983111, 28.73738419264555, 4213.600000000000364 ], [ 83.97332176566124, 28.737414870411161, 4213.0 ], [ 83.97334523499012, 28.73744772747159, 4212.0 ], [ 83.973405919969082, 28.73752199113369, 4211.800000000000182 ], [ 83.973434753715992, 28.737616455182433, 4211.399999999999636 ], [ 83.973437855020165, 28.737711422145367, 4211.199999999999818 ], [ 83.97342243231833, 28.737802617251873, 4211.0 ], [ 83.973410781472921, 28.737923568114638, 4210.800000000000182 ], [ 83.973409440368414, 28.737984588369727, 4210.800000000000182 ], [ 83.97340876981616, 28.738029599189758, 4210.800000000000182 ], [ 83.973409524187446, 28.73804041184485, 4210.800000000000182 ], [ 83.973413715139031, 28.738104281947017, 4210.800000000000182 ], [ 83.97340826690197, 28.73816161416471, 4210.800000000000182 ], [ 83.973404327407479, 28.738239062950015, 4211.0 ], [ 83.973376415669918, 28.738349536433816, 4211.399999999999636 ], [ 83.973342888057232, 28.738449867814779, 4211.399999999999636 ], [ 83.973308689892292, 28.73853100463748, 4211.800000000000182 ], [ 83.973303325474262, 28.738542906939983, 4211.800000000000182 ], [ 83.973280107602477, 28.738618344068527, 4212.0 ], [ 83.9732426404953, 28.738728063181043, 4212.0 ], [ 83.973157312721014, 28.738784724846479, 4212.0 ], [ 83.973021442070603, 28.738828646019101, 4212.199999999999818 ], [ 83.972949273884296, 28.738882122561336, 4212.399999999999636 ], [ 83.97294164635241, 28.73898689635098, 4212.399999999999636 ], [ 83.97296947427094, 28.739055125042796, 4212.399999999999636 ], [ 83.972964696586132, 28.739067781716585, 4212.399999999999636 ], [ 83.972956314682961, 28.739160485565662, 4213.0 ], [ 83.972950866445899, 28.73923952691257, 4213.600000000000364 ], [ 83.972949273884296, 28.739257464185357, 4214.0 ], [ 83.972973749041557, 28.739324687048793, 4214.600000000000364 ], [ 83.973003337159753, 28.739378582686182, 4215.0 ], [ 83.973015490919352, 28.739398363977671, 4215.399999999999636 ], [ 83.973056226968765, 28.739449577406049, 4215.800000000000182 ], [ 83.97308774292469, 28.739495258778337, 4216.199999999999818 ], [ 83.973106434568763, 28.739523002877831, 4216.199999999999818 ], [ 83.973169550299644, 28.73959282413125, 4216.199999999999818 ], [ 83.973223110660911, 28.739621238782998, 4216.199999999999818 ], [ 83.973247837275267, 28.739634063094854, 4216.199999999999818 ], [ 83.973277173936367, 28.739659544080496, 4216.199999999999818 ], [ 83.973350264132023, 28.739711930975322, 4216.399999999999636 ], [ 83.973388317972422, 28.739730203524232, 4216.600000000000364 ], [ 83.973417151719332, 28.739750906825066, 4216.600000000000364 ], [ 83.973475070670247, 28.739783260971308, 4216.600000000000364 ], [ 83.973482195287943, 28.739803796634082, 4216.600000000000364 ], [ 83.973488481715322, 28.739853417500857, 4216.600000000000364 ], [ 83.973477249965072, 28.739885604009032, 4217.199999999999818 ], [ 83.973457803949714, 28.739913012832403, 4217.199999999999818 ], [ 83.973416984081268, 28.739983420819044, 4217.199999999999818 ], [ 83.973404075950384, 28.740061623975635, 4217.199999999999818 ], [ 83.973400304093957, 28.740162374451756, 4217.199999999999818 ], [ 83.973389742895961, 28.740232447162271, 4217.199999999999818 ], [ 83.973380606621504, 28.740332694724199, 4217.199999999999818 ], [ 83.973391084000468, 28.740423303097486, 4216.399999999999636 ], [ 83.973392257466912, 28.740436127409339, 4216.199999999999818 ], [ 83.973380355164409, 28.740548361092809, 4215.199999999999818 ], [ 83.973367614671588, 28.740711053833365, 4215.199999999999818 ], [ 83.973359735682607, 28.740764278918505, 4215.199999999999818 ], [ 83.973341211676598, 28.740800488740209, 4215.199999999999818 ], [ 83.973295697942376, 28.740867208689451, 4215.199999999999818 ], [ 83.973246663808823, 28.7409458309412, 4215.199999999999818 ], [ 83.973195031285286, 28.741006851196289, 4215.199999999999818 ], [ 83.97315957583487, 28.741073403507471, 4216.0 ], [ 83.97315957583487, 28.741073235869408, 4216.199999999999818 ], [ 83.973155133426189, 28.741083545610309, 4216.399999999999636 ], [ 83.973147086799145, 28.74111372046173, 4216.800000000000182 ], [ 83.973151864483953, 28.741118917241693, 4217.199999999999818 ], [ 83.973137950524688, 28.741173231974244, 4217.600000000000364 ], [ 83.973121605813503, 28.741200054064393, 4217.800000000000182 ], [ 83.973122779279947, 28.741202736273408, 4217.800000000000182 ], [ 83.972496818751097, 28.742263382300735, 4232.0 ], [ 83.972483659163117, 28.742298083379865, 4232.800000000000182 ], [ 83.972464548423886, 28.74235943891108, 4232.800000000000182 ], [ 83.972458345815539, 28.742398833855987, 4233.199999999999818 ], [ 83.972451305016875, 28.742416016757488, 4233.600000000000364 ], [ 83.9724310208112, 28.74247443862259, 4233.800000000000182 ], [ 83.972417190670967, 28.742497153580189, 4234.199999999999818 ], [ 83.972405539825559, 28.742528082802892, 4234.399999999999636 ], [ 83.972373269498348, 28.74259932897985, 4235.0 ], [ 83.972357176244259, 28.742646770551801, 4235.399999999999636 ], [ 83.972355583682656, 28.742663785815239, 4235.600000000000364 ], [ 83.97234259173274, 28.742716424167156, 4236.399999999999636 ], [ 83.97233965806663, 28.742726733908057, 4236.600000000000364 ], [ 83.972327169030905, 28.742715418338776, 4237.0 ], [ 83.972319541499019, 28.742719190195203, 4237.399999999999636 ], [ 83.972319541499019, 28.742737546563148, 4237.399999999999636 ], [ 83.972315266728401, 28.74277962371707, 4237.600000000000364 ], [ 83.972312249243259, 28.742794543504715, 4237.600000000000364 ], [ 83.972287019714713, 28.742836285382509, 4238.600000000000364 ], [ 83.972267238423228, 28.742871824651957, 4239.600000000000364 ], [ 83.972246702760458, 28.742898814380169, 4240.0 ], [ 83.972222479060292, 28.742943573743105, 4240.800000000000182 ], [ 83.972217198461294, 28.742955140769482, 4241.0 ], [ 83.972196830436587, 28.742987411096692, 4242.0 ], [ 83.9721754565835, 28.742998978123069, 4242.600000000000364 ], [ 83.972166404128075, 28.743006102740765, 4243.0 ], [ 83.972140252590179, 28.743060082197189, 4243.199999999999818 ], [ 83.972107646986842, 28.743106266483665, 4243.800000000000182 ], [ 83.972102198749781, 28.743122275918719, 4244.199999999999818 ], [ 83.972094235941768, 28.743165023624897, 4244.800000000000182 ], [ 83.972086356952786, 28.74319352209568, 4245.399999999999636 ], [ 83.972086189314723, 28.74320249073207, 4245.600000000000364 ], [ 83.972093816846609, 28.743244400247931, 4246.199999999999818 ], [ 83.972094319760799, 28.743253368884325, 4246.399999999999636 ], [ 83.972086189314723, 28.743311874568462, 4247.0 ], [ 83.972080741077662, 28.743348587304354, 4247.399999999999636 ], [ 83.972079316154122, 28.743363004177809, 4247.800000000000182 ], [ 83.972060205414891, 28.743399800732732, 4248.600000000000364 ], [ 83.97204989567399, 28.743419498205185, 4248.800000000000182 ], [ 83.97204352542758, 28.743447158485651, 4249.199999999999818 ], [ 83.972035897895694, 28.743483033031225, 4249.399999999999636 ], [ 83.972028354182839, 28.743501389399171, 4249.600000000000364 ], [ 83.972017960622907, 28.743522260338068, 4250.0 ], [ 83.972011255100369, 28.74353701248765, 4250.199999999999818 ], [ 83.97198342718184, 28.743584621697664, 4250.600000000000364 ], [ 83.971975548192859, 28.743605492636561, 4251.0 ], [ 83.971958113834262, 28.743636338040233, 4251.800000000000182 ], [ 83.971953839063644, 28.743645558133721, 4251.800000000000182 ], [ 83.971947049722075, 28.743663495406508, 4252.199999999999818 ], [ 83.971931794658303, 28.743697358295321, 4252.800000000000182 ], [ 83.971901619806886, 28.74375737272203, 4253.800000000000182 ], [ 83.971892818808556, 28.743764497339725, 4254.0 ], [ 83.971872786059976, 28.743819147348404, 4254.600000000000364 ], [ 83.971865409985185, 28.743876814842224, 4255.0 ], [ 83.971861805766821, 28.74388444237411, 4255.199999999999818 ], [ 83.971850406378508, 28.743879832327369, 4255.600000000000364 ], [ 83.97185099311173, 28.7438746355474, 4255.800000000000182 ], [ 83.971850909292698, 28.743874719366431, 4255.800000000000182 ], [ 83.971844455227256, 28.743893997743729, 4256.0 ], [ 83.97184370085597, 28.743909588083625, 4256.0 ], [ 83.971826182678342, 28.743975637480617, 4256.600000000000364 ], [ 83.971814112737775, 28.743995251134042, 4257.0 ], [ 83.971795253455639, 28.744039088487625, 4257.600000000000364 ], [ 83.971760468557477, 28.744063228368759, 4258.199999999999818 ], [ 83.971743956208229, 28.744074376299977, 4258.800000000000182 ], [ 83.971718475222588, 28.744084937497973, 4259.199999999999818 ], [ 83.971710512414575, 28.744092816486955, 4259.399999999999636 ], [ 83.971684193238616, 28.74411603435874, 4259.800000000000182 ], [ 83.971655275672674, 28.744167499244213, 4260.600000000000364 ], [ 83.971649408340454, 28.744170684367418, 4260.800000000000182 ], [ 83.971575144678354, 28.744217874482271, 4261.399999999999636 ], [ 83.971540359780192, 28.744254671037197, 4261.600000000000364 ], [ 83.971521332859993, 28.744268165901303, 4261.800000000000182 ], [ 83.971479590982199, 28.744333293288943, 4262.600000000000364 ], [ 83.971476322039962, 28.744339579716325, 4262.800000000000182 ], [ 83.971447069197893, 28.744379309937361, 4263.600000000000364 ], [ 83.971437430009246, 28.744391547515988, 4264.199999999999818 ], [ 83.971357299014926, 28.744466565549377, 4264.600000000000364 ], [ 83.971328800544143, 28.744492800906301, 4264.800000000000182 ], [ 83.971271300688386, 28.744525574147701, 4264.800000000000182 ], [ 83.971172897145152, 28.744577458128333, 4265.0 ], [ 83.971143895760179, 28.744606459513307, 4265.0 ], [ 83.97110584191978, 28.744631772860885, 4265.199999999999818 ], [ 83.971088575199246, 28.744625151157379, 4265.199999999999818 ], [ 83.971086060628295, 28.744625989347696, 4265.399999999999636 ], [ 83.971100142225623, 28.744625654071569, 4268.399999999999636 ], [ 83.971099052578211, 28.744629425927997, 4268.800000000000182 ], [ 83.971085892990232, 28.744666809216142, 4269.0 ], [ 83.971083043143153, 28.744678879156709, 4269.0 ], [ 83.971064854413271, 28.744759596884251, 4269.0 ], [ 83.971034092828631, 28.744838302955031, 4269.199999999999818 ], [ 83.971017748117447, 28.744929833337665, 4269.199999999999818 ], [ 83.971017664298415, 28.744940562173724, 4269.199999999999818 ], [ 83.971042893826962, 28.745020106434826, 4269.199999999999818 ], [ 83.971062172204256, 28.745115743950009, 4269.399999999999636 ], [ 83.971065944060683, 28.745190845802423, 4269.600000000000364 ], [ 83.971078265458345, 28.745248010382056, 4269.800000000000182 ], [ 83.971083797514439, 28.745267791673541, 4270.0 ], [ 83.971096454188228, 28.745310874655843, 4270.199999999999818 ], [ 83.971109529957175, 28.745358232408758, 4270.600000000000364 ], [ 83.971107853576541, 28.745417995378375, 4271.199999999999818 ], [ 83.971123276278377, 28.74545780941844, 4272.199999999999818 ], [ 83.971132580190897, 28.745471136644483, 4272.600000000000364 ], [ 83.971142135560513, 28.745495527982712, 4273.399999999999636 ], [ 83.971156300976872, 28.745525367557999, 4273.800000000000182 ], [ 83.971171053126454, 28.745585717260841, 4274.0 ], [ 83.971176585182548, 28.745611701160669, 4274.399999999999636 ], [ 83.97118010558188, 28.745633075013757, 4274.800000000000182 ], [ 83.971188487485051, 28.74566744081676, 4275.399999999999636 ], [ 83.971186392009258, 28.745691161602736, 4275.600000000000364 ], [ 83.971200725063682, 28.745744051411748, 4276.0 ], [ 83.971207346767187, 28.745783865451813, 4276.600000000000364 ], [ 83.971207430586219, 28.745789313688871, 4276.800000000000182 ], [ 83.971219332888722, 28.7458242662251, 4277.600000000000364 ], [ 83.97122167982161, 28.745834240689874, 4277.800000000000182 ], [ 83.971224529668689, 28.745855698361993, 4278.600000000000364 ], [ 83.971225954592228, 28.745857374742627, 4278.800000000000182 ], [ 83.971239952370524, 28.745884113013744, 4279.199999999999818 ], [ 83.971243808045983, 28.745896182954311, 4279.600000000000364 ], [ 83.971247998997569, 28.745903139933944, 4279.800000000000182 ], [ 83.971246909350157, 28.745916970074177, 4280.0 ], [ 83.971239533275366, 28.745937421917915, 4280.399999999999636 ], [ 83.97123483940959, 28.745950581505895, 4280.600000000000364 ], [ 83.971235509961843, 28.745965752750635, 4280.800000000000182 ], [ 83.97124020382762, 28.745982768014073, 4281.0 ], [ 83.971240120008588, 28.745988383889198, 4281.0 ], [ 83.971243556588888, 28.746022582054135, 4281.199999999999818 ], [ 83.971248501911759, 28.746036747470495, 4281.600000000000364 ], [ 83.971253195777535, 28.746044039726257, 4281.800000000000182 ], [ 83.971257889643312, 28.746065581217408, 4282.399999999999636 ], [ 83.971262918785214, 28.746086368337274, 4283.0 ], [ 83.971270127221942, 28.746097516268492, 4283.199999999999818 ], [ 83.971271468326449, 28.746129116043448, 4283.600000000000364 ], [ 83.971265600994229, 28.746153507381681, 4284.0 ], [ 83.971257638186216, 28.746183766052127, 4285.0 ], [ 83.971256129443645, 28.746190387755632, 4285.199999999999818 ], [ 83.971257302910089, 28.746222490444779, 4285.600000000000364 ], [ 83.971246825531125, 28.746267249807715, 4286.199999999999818 ], [ 83.97124607115984, 28.746301028877497, 4287.0 ], [ 83.971253950148821, 28.746312176808715, 4287.399999999999636 ], [ 83.971250681206584, 28.746357271447778, 4288.199999999999818 ], [ 83.971240539103746, 28.74637009575963, 4288.399999999999636 ], [ 83.971237856894732, 28.746395241469145, 4289.0 ], [ 83.971242634579539, 28.746420722454783, 4289.600000000000364 ], [ 83.971242383122444, 28.746450897306204, 4290.399999999999636 ], [ 83.971246322616935, 28.746474366635084, 4290.600000000000364 ], [ 83.971241880208254, 28.746502697467804, 4290.600000000000364 ], [ 83.971214555203915, 28.746556006371975, 4290.800000000000182 ], [ 83.971211286261678, 28.746564639732242, 4290.800000000000182 ], [ 83.971204496920109, 28.746610824018717, 4290.800000000000182 ], [ 83.971213381737471, 28.746639154851437, 4290.800000000000182 ], [ 83.971207765862346, 28.74663689173758, 4290.800000000000182 ], [ 83.971216399222612, 28.746655080467463, 4290.800000000000182 ], [ 83.97122411057353, 28.746661199256778, 4290.600000000000364 ], [ 83.971261074766517, 28.74671769328415, 4289.800000000000182 ], [ 83.971264343708754, 28.74672582373023, 4289.600000000000364 ], [ 83.97128370590508, 28.74678248539567, 4289.600000000000364 ], [ 83.971281861886382, 28.746805870905519, 4289.399999999999636 ], [ 83.971307091414928, 28.746846942231059, 4288.600000000000364 ], [ 83.97131253965199, 28.746881308034062, 4288.399999999999636 ], [ 83.971301894634962, 28.746918020769954, 4288.0 ], [ 83.971297619864345, 28.746932186186314, 4288.0 ], [ 83.971296614035964, 28.74694618396461, 4288.0 ], [ 83.97130373865366, 28.746967390179631, 4288.0 ], [ 83.971308851614594, 28.746978119015697, 4288.0 ], [ 83.971325363963842, 28.747065793722868, 4288.0 ], [ 83.971326537430286, 28.747063614428043, 4288.199999999999818 ], [ 83.971314467489719, 28.74713821336627, 4288.199999999999818 ], [ 83.971314383670688, 28.747136956080791, 4288.199999999999818 ], [ 83.971314132213593, 28.747136956080791, 4288.199999999999818 ], [ 83.97131790407002, 28.747203927487135, 4288.199999999999818 ], [ 83.971292171627283, 28.747313730418679, 4288.199999999999818 ], [ 83.971256464719772, 28.747378857806325, 4287.800000000000182 ], [ 83.971237689256668, 28.747403081506491, 4287.600000000000364 ], [ 83.971191253513098, 28.747460581362247, 4287.600000000000364 ], [ 83.971198126673698, 28.74755160883069, 4287.600000000000364 ], [ 83.971236012876034, 28.74765780754387, 4287.600000000000364 ], [ 83.971241964027286, 28.747765012085441, 4287.600000000000364 ], [ 83.971234168857336, 28.747830810025334, 4287.800000000000182 ], [ 83.971195109188557, 28.747873809188604, 4287.800000000000182 ], [ 83.971192175522447, 28.747877497226, 4287.800000000000182 ], [ 83.971148757264018, 28.747906163334846, 4288.399999999999636 ], [ 83.971112295985222, 28.747939607128501, 4289.199999999999818 ], [ 83.971104500815272, 28.747947150841355, 4289.399999999999636 ], [ 83.971092598512769, 28.747965591028333, 4290.600000000000364 ], [ 83.971082456409931, 28.747985288500782, 4291.0 ], [ 83.971058484166861, 28.74801705591381, 4291.0 ], [ 83.971029482781887, 28.748062737286091, 4291.800000000000182 ], [ 83.971022861078382, 28.748069107532501, 4291.800000000000182 ], [ 83.970975251868367, 28.748100539669391, 4292.600000000000364 ], [ 83.970951195806265, 28.748121075332165, 4292.800000000000182 ], [ 83.970936946570873, 28.748130798339844, 4293.0 ], [ 83.970904843881726, 28.748140437528491, 4293.800000000000182 ], [ 83.970905765891075, 28.748132307082415, 4294.199999999999818 ], [ 83.970905765891075, 28.748132307082415, 4294.399999999999636 ], [ 83.970905765891075, 28.748132307082415, 4294.399999999999636 ], [ 83.970901826396585, 28.748141443356872, 4294.800000000000182 ], [ 83.970889421179891, 28.748176144435998, 4294.800000000000182 ], [ 83.970881626009941, 28.748191818594933, 4295.199999999999818 ], [ 83.970854301005602, 28.748243870213628, 4296.0 ], [ 83.97084734402597, 28.748258957639337, 4296.399999999999636 ], [ 83.970828065648675, 28.748304303735495, 4296.800000000000182 ], [ 83.970821611583233, 28.74831679277122, 4297.0 ], [ 83.970808954909444, 28.74835736118257, 4297.399999999999636 ], [ 83.970791101455688, 28.748392313718796, 4298.0 ], [ 83.970786407589912, 28.74840572476387, 4298.199999999999818 ], [ 83.970776684582233, 28.748457357287407, 4298.399999999999636 ], [ 83.970772493630648, 28.748468169942495, 4298.600000000000364 ], [ 83.97076184861362, 28.748505134135485, 4299.199999999999818 ], [ 83.970760591328144, 28.748514018952847, 4299.399999999999636 ], [ 83.970756316557527, 28.748569926247001, 4300.0 ], [ 83.970715664327145, 28.748623318970203, 4300.199999999999818 ], [ 83.970708958804607, 28.748631784692407, 4300.399999999999636 ], [ 83.970685238018632, 28.748684423044324, 4301.199999999999818 ], [ 83.970685740932822, 28.748690960928801, 4301.199999999999818 ], [ 83.97069638594985, 28.748760195448995, 4302.0 ], [ 83.970693284645677, 28.748782658949494, 4302.399999999999636 ], [ 83.970681885257363, 28.748787855729461, 4303.0 ], [ 83.970670569688082, 28.748813169077039, 4303.0 ], [ 83.970645256340504, 28.748872512951493, 4303.399999999999636 ], [ 83.970640143379569, 28.748882655054331, 4303.600000000000364 ], [ 83.970619607716799, 28.748970665037632, 4304.399999999999636 ], [ 83.970617344602942, 28.748980304226279, 4304.399999999999636 ], [ 83.970620278269053, 28.749075941741467, 4304.399999999999636 ], [ 83.970596557483077, 28.749163197353479, 4304.600000000000364 ], [ 83.970524054020643, 28.749194629490376, 4304.600000000000364 ], [ 83.970526149496436, 28.749205777421594, 4304.800000000000182 ], [ 83.970500584691763, 28.749247686937451, 4304.800000000000182 ], [ 83.970440737903118, 28.749305186793208, 4305.0 ], [ 83.970390195026994, 28.749347431585193, 4305.0 ], [ 83.970378963276744, 28.749355310574177, 4305.0 ], [ 83.970339233055711, 28.749413564801216, 4305.0 ], [ 83.970303777605295, 28.749480620026588, 4305.0 ], [ 83.970270249992609, 28.749560918658972, 4305.0 ], [ 83.97026538848877, 28.749570054933429, 4305.0 ], [ 83.970239320769906, 28.749637780711055, 4305.0 ], [ 83.970225742086768, 28.749675499275327, 4305.0 ], [ 83.970186095684767, 28.749772477895021, 4305.0 ], [ 83.970137313008308, 28.749836012721062, 4305.0 ], [ 83.970106551423669, 28.749882197007537, 4305.0 ], [ 83.970067910850048, 28.749952521175143, 4305.199999999999818 ], [ 83.970065983012319, 28.750008931383491, 4305.399999999999636 ], [ 83.970046620815992, 28.750060144811869, 4305.800000000000182 ], [ 83.969998760148883, 28.750182688236237, 4306.0 ], [ 83.969977470114827, 28.750249408185478, 4306.399999999999636 ], [ 83.96996590308845, 28.750262148678303, 4306.800000000000182 ], [ 83.969951067119837, 28.75030254945159, 4307.399999999999636 ], [ 83.969949726015329, 28.750311937183142, 4307.600000000000364 ], [ 83.969930866733193, 28.750362060964108, 4308.600000000000364 ], [ 83.969909660518169, 28.750389972701669, 4309.199999999999818 ], [ 83.969878228381276, 28.750432301312685, 4309.399999999999636 ], [ 83.969861716032028, 28.750454932451248, 4309.600000000000364 ], [ 83.969861129298806, 28.750450657680631, 4310.399999999999636 ], [ 83.969861129298806, 28.750450657680631, 4310.800000000000182 ], [ 83.969833720475435, 28.75049801543355, 4311.0 ], [ 83.969771359115839, 28.750585354864597, 4311.600000000000364 ], [ 83.969753924757242, 28.750636149197817, 4311.800000000000182 ], [ 83.969716876745224, 28.750708317384124, 4312.399999999999636 ], [ 83.969702208414674, 28.750734301283956, 4313.0 ], [ 83.969682343304157, 28.750772774219513, 4313.600000000000364 ], [ 83.96966147236526, 28.750799847766757, 4314.199999999999818 ], [ 83.969642864540219, 28.750823903828859, 4314.600000000000364 ], [ 83.969617802649736, 28.750857934355736, 4315.399999999999636 ], [ 83.969605229794979, 28.750892300158739, 4316.0 ], [ 83.969608163461089, 28.750921888276935, 4316.399999999999636 ], [ 83.96960967220366, 28.750967653468251, 4317.199999999999818 ], [ 83.969612857326865, 28.750989194959399, 4317.399999999999636 ], [ 83.969614030793309, 28.75100277364254, 4317.600000000000364 ], [ 83.969590896740556, 28.750994559377432, 4318.199999999999818 ], [ 83.969603553414345, 28.751018280163407, 4318.800000000000182 ], [ 83.969575054943562, 28.751060105860233, 4319.0 ], [ 83.969555189833045, 28.751094304025173, 4319.800000000000182 ], [ 83.969548568129539, 28.751113079488277, 4320.199999999999818 ], [ 83.969529289752245, 28.751153815537691, 4320.399999999999636 ], [ 83.969520991668105, 28.751178877428178, 4320.600000000000364 ], [ 83.96951193921268, 28.751194886863232, 4321.0 ], [ 83.969500456005335, 28.75122724100947, 4321.800000000000182 ], [ 83.969496767967939, 28.751249117776752, 4322.0 ], [ 83.969489308074117, 28.751288764178753, 4322.199999999999818 ], [ 83.969477070495486, 28.751333020627499, 4322.800000000000182 ], [ 83.969474975019693, 28.75134433619678, 4323.0 ], [ 83.969472208991647, 28.751361267641187, 4323.199999999999818 ], [ 83.969465922564268, 28.751406110823151, 4324.0 ], [ 83.969458127394319, 28.751453803852201, 4324.600000000000364 ], [ 83.969456031918526, 28.7514762673527, 4324.800000000000182 ], [ 83.969453014433384, 28.751496970653537, 4325.199999999999818 ], [ 83.969437340274453, 28.751540975645185, 4325.600000000000364 ], [ 83.969430048018694, 28.751575676724315, 4325.800000000000182 ], [ 83.969432897865772, 28.751642815768719, 4325.800000000000182 ], [ 83.969434574246407, 28.751718252897263, 4326.199999999999818 ], [ 83.969438765197992, 28.751728143543005, 4326.399999999999636 ], [ 83.969448739662766, 28.751776339486241, 4327.0 ], [ 83.969442620873451, 28.751830067485571, 4327.399999999999636 ], [ 83.969439771026373, 28.751839371398091, 4327.600000000000364 ], [ 83.969444800168276, 28.7519062589854, 4328.0 ], [ 83.969452427700162, 28.751964429393411, 4328.399999999999636 ], [ 83.969456199556589, 28.751972140744328, 4328.600000000000364 ], [ 83.969462821260095, 28.752031903713942, 4329.399999999999636 ], [ 83.96946357563138, 28.75204112380743, 4329.399999999999636 ], [ 83.969497354701161, 28.752106837928295, 4329.600000000000364 ], [ 83.969547478482127, 28.752155620604753, 4330.600000000000364 ], [ 83.969550663605332, 28.752160649746656, 4330.800000000000182 ], [ 83.969562062993646, 28.752168864011765, 4331.600000000000364 ], [ 83.969577737152576, 28.752186885103583, 4332.199999999999818 ], [ 83.969616880640388, 28.752241702750325, 4332.399999999999636 ], [ 83.969634147360921, 28.752269195392728, 4332.800000000000182 ], [ 83.969647390767932, 28.75228394754231, 4333.199999999999818 ], [ 83.969684019684792, 28.752318564802408, 4333.800000000000182 ], [ 83.969690222293139, 28.752325521782041, 4334.0 ], [ 83.969724420458078, 28.7523587141186, 4335.0 ], [ 83.969731964170933, 28.752365922555327, 4335.199999999999818 ], [ 83.969773119315505, 28.752405485138297, 4336.0 ], [ 83.969784015789628, 28.752414956688881, 4336.199999999999818 ], [ 83.969820812344551, 28.752445550635457, 4336.800000000000182 ], [ 83.969823829829693, 28.752442365512252, 4337.199999999999818 ], [ 83.969809412956238, 28.752428870648146, 4337.600000000000364 ], [ 83.969805976375937, 28.752429876476526, 4337.800000000000182 ], [ 83.969798684120178, 28.752438174560663, 4339.199999999999818 ], [ 83.969799857586622, 28.752436665818095, 4339.600000000000364 ], [ 83.969793152064085, 28.752427278086543, 4339.600000000000364 ], [ 83.969797259196639, 28.752428283914924, 4339.600000000000364 ], [ 83.969793235883117, 28.752427361905575, 4339.600000000000364 ], [ 83.969793235883117, 28.752427361905575, 4339.600000000000364 ], [ 83.969793235883117, 28.752427361905575, 4339.600000000000364 ], [ 83.969793235883117, 28.752427361905575, 4339.600000000000364 ], [ 83.969793235883117, 28.752427361905575, 4339.600000000000364 ], [ 83.969784183427691, 28.752437001094226, 4339.600000000000364 ], [ 83.969793235883117, 28.752427361905575, 4339.600000000000364 ], [ 83.969793235883117, 28.752427361905575, 4339.199999999999818 ], [ 83.969787368550897, 28.752434905618429, 4339.199999999999818 ], [ 83.969785859808326, 28.75242568552494, 4339.199999999999818 ], [ 83.969815196469426, 28.752482263371348, 4339.199999999999818 ], [ 83.96985056810081, 28.752516377717257, 4339.199999999999818 ], [ 83.96985006518662, 28.752556778490543, 4339.199999999999818 ], [ 83.969835983589292, 28.752603717148304, 4340.399999999999636 ], [ 83.969833804294467, 28.752610255032774, 4340.600000000000364 ], [ 83.96983833052218, 28.752644788473845, 4341.199999999999818 ], [ 83.969846041873097, 28.752663731575012, 4341.800000000000182 ], [ 83.969844616949558, 28.752662977203727, 4342.0 ], [ 83.969852579757571, 28.752677980810404, 4342.600000000000364 ], [ 83.969854675233364, 28.752687452360988, 4342.800000000000182 ], [ 83.969854339957237, 28.752708658576012, 4343.399999999999636 ], [ 83.969847969710827, 28.752728439867496, 4344.0 ], [ 83.969848221167922, 28.752736151218414, 4344.0 ], [ 83.969844952225685, 28.75274570658803, 4344.399999999999636 ], [ 83.969848975539207, 28.752768421545625, 4345.0 ], [ 83.969848472625017, 28.752773031592369, 4345.0 ], [ 83.969840593636036, 28.752799853682522, 4345.399999999999636 ], [ 83.969823243096471, 28.752822149544951, 4346.199999999999818 ], [ 83.969816956669092, 28.752837488427762, 4346.600000000000364 ], [ 83.969805054366589, 28.752860119566321, 4347.0 ], [ 83.969797678291798, 28.752873027697209, 4347.199999999999818 ], [ 83.969797929748893, 28.752882163971663, 4347.600000000000364 ], [ 83.969788625836372, 28.752900017425414, 4348.399999999999636 ], [ 83.969776472076774, 28.752919044345617, 4348.800000000000182 ], [ 83.96975870244205, 28.752962881699204, 4349.399999999999636 ], [ 83.969756020233035, 28.752971263602376, 4349.399999999999636 ], [ 83.969747135415673, 28.753006886690855, 4350.0 ], [ 83.969729784876108, 28.753045694902539, 4350.600000000000364 ], [ 83.969713859260082, 28.753089448437095, 4351.399999999999636 ], [ 83.96970933303237, 28.753104116767645, 4351.600000000000364 ], [ 83.969700196757913, 28.753118449822068, 4352.199999999999818 ], [ 83.969695083796978, 28.753133788704872, 4352.600000000000364 ], [ 83.96968494169414, 28.753154492005702, 4352.800000000000182 ], [ 83.96969273686409, 28.753201514482495, 4353.800000000000182 ], [ 83.969684857875109, 28.753251638263464, 4355.0 ], [ 83.969683600589633, 28.753257673233747, 4355.199999999999818 ], [ 83.969682259485126, 28.753286087885499, 4355.800000000000182 ], [ 83.969680164009333, 28.753291703760624, 4356.0 ], [ 83.969686198979616, 28.75332422554493, 4356.800000000000182 ], [ 83.969692653045058, 28.753366386517879, 4357.199999999999818 ], [ 83.969694916158915, 28.753377869725227, 4357.399999999999636 ], [ 83.969703884795308, 28.753412822261453, 4358.199999999999818 ], [ 83.969695502892137, 28.753456827253103, 4359.0 ], [ 83.969691228121519, 28.753480799496177, 4359.199999999999818 ], [ 83.969688378274441, 28.753505777567625, 4359.600000000000364 ], [ 83.969673458486795, 28.753538634628057, 4360.0 ], [ 83.969666501507163, 28.753551710397005, 4360.399999999999636 ], [ 83.969662478193641, 28.75356906093657, 4360.600000000000364 ], [ 83.969658287242055, 28.753616334870458, 4361.399999999999636 ], [ 83.969660047441721, 28.753625052049756, 4361.600000000000364 ], [ 83.969653677195311, 28.753649359568954, 4362.199999999999818 ], [ 83.969651162624359, 28.753663273528218, 4362.600000000000364 ], [ 83.969646049663424, 28.753671487793326, 4363.199999999999818 ], [ 83.969639595597982, 28.753707027062777, 4363.800000000000182 ], [ 83.969640852883458, 28.753740973770618, 4364.600000000000364 ], [ 83.969639847055078, 28.753752959892154, 4364.800000000000182 ], [ 83.969635991379619, 28.753791768103842, 4365.199999999999818 ], [ 83.969623921439052, 28.753804676234719, 4366.0 ], [ 83.96961310878396, 28.753824541345239, 4366.0 ], [ 83.969594752416015, 28.753853710368276, 4366.399999999999636 ], [ 83.969534737989306, 28.753910539671779, 4366.399999999999636 ], [ 83.969510095193982, 28.753951862454414, 4366.800000000000182 ], [ 83.969497857615352, 28.753990000113845, 4367.0 ], [ 83.96949433721602, 28.754008943215013, 4367.399999999999636 ], [ 83.969476064667106, 28.754047164693475, 4368.0 ], [ 83.969465671107173, 28.754068706184626, 4368.199999999999818 ], [ 83.969461480155587, 28.754122266545892, 4369.199999999999818 ], [ 83.969450080767274, 28.754160152748227, 4370.199999999999818 ], [ 83.969446392729878, 28.754170965403318, 4370.399999999999636 ], [ 83.969433568418026, 28.754250090569258, 4370.600000000000364 ], [ 83.969423174858093, 28.754267105832696, 4371.399999999999636 ], [ 83.969411104917526, 28.754285629838705, 4371.800000000000182 ], [ 83.969398783519864, 28.754339274019003, 4371.800000000000182 ], [ 83.969392329454422, 28.754349583759904, 4371.800000000000182 ], [ 83.969380594789982, 28.754378166049719, 4371.800000000000182 ], [ 83.969325944781303, 28.754489896818995, 4371.800000000000182 ], [ 83.969317730516195, 28.754597688093781, 4371.800000000000182 ], [ 83.969308510422707, 28.754665246233344, 4371.800000000000182 ], [ 83.969256123527884, 28.754732636734843, 4371.800000000000182 ], [ 83.969240449368954, 28.754750238731503, 4371.399999999999636 ], [ 83.969211615622044, 28.754813270643353, 4370.800000000000182 ], [ 83.969173561781645, 28.754894575104117, 4370.800000000000182 ], [ 83.969169119372964, 28.754892814904451, 4370.800000000000182 ], [ 83.969169370830059, 28.754897005856037, 4370.800000000000182 ], [ 83.969164676964283, 28.754906728863716, 4370.800000000000182 ], [ 83.96916308440268, 28.754912009462711, 4370.800000000000182 ], [ 83.969158474355936, 28.754910668358207, 4371.0 ], [ 83.969147577881813, 28.754899185150862, 4371.199999999999818 ], [ 83.969146739691496, 28.754897760227323, 4371.199999999999818 ], [ 83.969145817682147, 28.754899771884084, 4371.399999999999636 ], [ 83.969136932864785, 28.754896754398946, 4371.399999999999636 ], [ 83.969136932864785, 28.754896586760879, 4371.800000000000182 ], [ 83.969136932864785, 28.754896586760879, 4372.0 ], [ 83.969136932864785, 28.754896586760879, 4372.600000000000364 ], [ 83.969136932864785, 28.754896586760879, 4372.600000000000364 ], [ 83.969136932864785, 28.754896586760879, 4372.800000000000182 ], [ 83.969136932864785, 28.754896586760879, 4373.0 ], [ 83.969133077189326, 28.754902454093099, 4373.199999999999818 ], [ 83.969141794368625, 28.754904298111796, 4373.600000000000364 ], [ 83.969153529033065, 28.754899939522147, 4373.600000000000364 ], [ 83.969161827117205, 28.754899185150862, 4373.800000000000182 ], [ 83.969168197363615, 28.754899352788925, 4374.199999999999818 ], [ 83.969171885401011, 28.754938412457705, 4374.199999999999818 ], [ 83.969157552346587, 28.754998259246349, 4374.800000000000182 ], [ 83.96913031116128, 28.755039414390922, 4375.800000000000182 ], [ 83.969117654487491, 28.755070678889751, 4375.800000000000182 ], [ 83.969073900952935, 28.755109403282404, 4375.800000000000182 ], [ 83.969065938144922, 28.755119126290083, 4375.800000000000182 ], [ 83.96902478300035, 28.755184337496761, 4375.800000000000182 ], [ 83.969017155468464, 28.755203112959862, 4375.800000000000182 ], [ 83.968984382227063, 28.755267737433311, 4374.800000000000182 ], [ 83.968948256224394, 28.75532423146069, 4374.199999999999818 ], [ 83.968923781067133, 28.755392208695412, 4373.600000000000364 ], [ 83.96891045384109, 28.755446104332805, 4373.0 ], [ 83.968903748318553, 28.755457084625959, 4372.800000000000182 ], [ 83.968889331445098, 28.755475692451, 4372.600000000000364 ], [ 83.968891678377986, 28.755464376881719, 4372.600000000000364 ], [ 83.968891678377986, 28.755464376881719, 4372.600000000000364 ], [ 83.968891678377986, 28.755464376881719, 4372.600000000000364 ], [ 83.968889331445098, 28.755486002191901, 4372.600000000000364 ], [ 83.968876590952277, 28.755517434328791, 4372.600000000000364 ], [ 83.968839207664132, 28.755606869235635, 4372.600000000000364 ], [ 83.968828646466136, 28.755646850913763, 4372.800000000000182 ], [ 83.968814397230744, 28.755674175918102, 4373.0 ], [ 83.968798220157623, 28.755698651075363, 4373.0 ], [ 83.968785395845771, 28.75573955476284, 4373.600000000000364 ], [ 83.968780366703868, 28.755751205608249, 4373.600000000000364 ], [ 83.968748431652784, 28.755807783454657, 4373.600000000000364 ], [ 83.968698559328914, 28.755863271653652, 4373.600000000000364 ], [ 83.968688165768981, 28.755870563909411, 4373.600000000000364 ], [ 83.968616668134928, 28.755927225574851, 4373.600000000000364 ], [ 83.968599569052458, 28.755957819521427, 4373.399999999999636 ], [ 83.968567047268152, 28.756004841998219, 4372.399999999999636 ], [ 83.96853762678802, 28.75603468157351, 4372.0 ], [ 83.968522790819407, 28.75605354085565, 4371.399999999999636 ], [ 83.968484904617071, 28.756139539182183, 4370.600000000000364 ], [ 83.968474511057138, 28.756162840873003, 4370.399999999999636 ], [ 83.968430003151298, 28.756270296871666, 4369.800000000000182 ], [ 83.968393877148628, 28.756355876103044, 4369.600000000000364 ], [ 83.968392871320248, 28.756364928558469, 4369.600000000000364 ], [ 83.968385830521584, 28.756418405100703, 4369.600000000000364 ], [ 83.96836512722075, 28.756470121443272, 4369.600000000000364 ], [ 83.968346687033772, 28.75652946531773, 4369.199999999999818 ], [ 83.968337047845125, 28.756533823907375, 4369.199999999999818 ], [ 83.968325648456812, 28.756529297679663, 4369.199999999999818 ], [ 83.968325648456812, 28.756529297679663, 4368.800000000000182 ], [ 83.968308130279183, 28.756564166396856, 4368.399999999999636 ], [ 83.968302430585027, 28.756597945466641, 4368.199999999999818 ], [ 83.968291953206062, 28.756666844710708, 4367.199999999999818 ], [ 83.968284074217081, 28.756681513041254, 4367.199999999999818 ], [ 83.968226155266166, 28.756777737289667, 4367.0 ], [ 83.968220958486199, 28.756788466125727, 4367.0 ], [ 83.968198243528605, 28.756898688152432, 4366.800000000000182 ], [ 83.968206122517586, 28.75696356408298, 4366.0 ], [ 83.968222048133612, 28.757000444456935, 4365.800000000000182 ], [ 83.968234537169337, 28.757068421691656, 4365.199999999999818 ], [ 83.96825079806149, 28.757143439725041, 4365.199999999999818 ], [ 83.968246355652809, 28.75724988989532, 4365.199999999999818 ], [ 83.968236381188035, 28.7573251593858, 4365.199999999999818 ], [ 83.968228250741959, 28.757369248196483, 4365.199999999999818 ], [ 83.968222215771675, 28.757475698366761, 4365.199999999999818 ], [ 83.968204027041793, 28.757601426914334, 4365.199999999999818 ], [ 83.968178043141961, 28.75768625177443, 4365.199999999999818 ], [ 83.968157842755318, 28.757745092734694, 4365.399999999999636 ], [ 83.968145018443465, 28.757844837382436, 4366.0 ], [ 83.968148538842797, 28.757855063304305, 4366.0 ], [ 83.968171337619424, 28.757902085781097, 4366.0 ], [ 83.96816723048687, 28.757898900657892, 4366.0 ], [ 83.968175025656819, 28.757898230105639, 4366.0 ], [ 83.968181563541293, 28.757932763546705, 4366.0 ], [ 83.968170834705234, 28.757984982803464, 4366.0 ], [ 83.968153651803732, 28.758016917854548, 4366.0 ], [ 83.968149125576019, 28.758065449073911, 4364.800000000000182 ], [ 83.968142000958323, 28.758122278377417, 4364.199999999999818 ], [ 83.968156836926937, 28.758295448496938, 4363.0 ], [ 83.968163290992379, 28.758346578106284, 4363.0 ], [ 83.968178797513247, 28.758421009406447, 4362.600000000000364 ], [ 83.968183994293213, 28.758430732414126, 4362.399999999999636 ], [ 83.96819363348186, 28.758541792631149, 4362.399999999999636 ], [ 83.968192292377353, 28.75863173045218, 4362.399999999999636 ], [ 83.968178126960993, 28.758717477321625, 4362.399999999999636 ], [ 83.968148371204734, 28.758826274424791, 4362.399999999999636 ], [ 83.96811107173562, 28.75893859192729, 4362.399999999999636 ], [ 83.968088272958994, 28.759050825610757, 4362.399999999999636 ], [ 83.968066815286875, 28.759148474782705, 4362.600000000000364 ], [ 83.968065641820431, 28.759159622713923, 4362.600000000000364 ], [ 83.968050638213754, 28.759218547493219, 4362.600000000000364 ], [ 83.968038987368345, 28.759302282705903, 4362.600000000000364 ], [ 83.968071257695556, 28.759411163628101, 4362.800000000000182 ], [ 83.968103025108576, 28.759474866092205, 4363.0 ], [ 83.968112161383033, 28.75949271954596, 4363.399999999999636 ], [ 83.968143342062831, 28.75958181917667, 4363.800000000000182 ], [ 83.968144683167338, 28.75961484387517, 4363.800000000000182 ], [ 83.96812473423779, 28.759666895493865, 4363.800000000000182 ], [ 83.968098582699895, 28.759782901033759, 4364.199999999999818 ], [ 83.96808953024447, 28.759859511628747, 4364.800000000000182 ], [ 83.968091122806072, 28.759917262941599, 4365.399999999999636 ], [ 83.968092380091548, 28.759925728663799, 4365.399999999999636 ], [ 83.968084333464503, 28.759932601824403, 4365.800000000000182 ], [ 83.968103108927608, 28.75997987575829, 4365.800000000000182 ], [ 83.968127919360995, 28.76007073558867, 4366.199999999999818 ], [ 83.968152813613415, 28.760119685903192, 4366.399999999999636 ], [ 83.96815650165081, 28.760127313435081, 4366.600000000000364 ], [ 83.968165051192045, 28.760192943736911, 4367.600000000000364 ], [ 83.968170247972012, 28.760198978707191, 4367.600000000000364 ], [ 83.968193298205733, 28.760244660079479, 4368.0 ], [ 83.968202183023095, 28.760270392522216, 4368.0 ], [ 83.96822146140039, 28.760319007560611, 4368.199999999999818 ], [ 83.968225987628102, 28.760390505194664, 4368.199999999999818 ], [ 83.968181144446135, 28.760476587340236, 4368.199999999999818 ], [ 83.968152478337288, 28.7605129648, 4368.199999999999818 ], [ 83.968155579641461, 28.760518077760935, 4368.199999999999818 ], [ 83.968145018443465, 28.760532829910517, 4368.0 ], [ 83.96812473423779, 28.760625030845404, 4368.0 ], [ 83.968129763379693, 28.760684123262763, 4367.800000000000182 ], [ 83.968136552721262, 28.760721003636721, 4367.800000000000182 ], [ 83.96810076199472, 28.760831141844392, 4367.600000000000364 ], [ 83.968068994581699, 28.760899119079113, 4367.600000000000364 ], [ 83.967996994033456, 28.760930132120848, 4367.600000000000364 ], [ 83.96791610866785, 28.76096642576158, 4367.600000000000364 ], [ 83.967909822240472, 28.760961312800649, 4367.800000000000182 ], [ 83.967909822240472, 28.760961312800649, 4367.800000000000182 ], [ 83.967909822240472, 28.760961312800649, 4367.800000000000182 ], [ 83.967909822240472, 28.760961312800649, 4367.800000000000182 ], [ 83.967909822240472, 28.760961312800649, 4367.800000000000182 ], [ 83.967909822240472, 28.760961312800649, 4368.0 ], [ 83.967909822240472, 28.760961312800649, 4368.0 ], [ 83.967909822240472, 28.760961312800649, 4368.0 ], [ 83.967909822240472, 28.760961312800649, 4367.800000000000182 ], [ 83.967915186658502, 28.760982099920511, 4367.600000000000364 ], [ 83.96784083917737, 28.761039935052395, 4367.600000000000364 ], [ 83.96779540926218, 28.761087711900473, 4367.600000000000364 ], [ 83.967773113399744, 28.761119646951556, 4367.800000000000182 ], [ 83.967712763696909, 28.761173961684108, 4367.800000000000182 ], [ 83.967656521126628, 28.761243196204305, 4367.600000000000364 ], [ 83.96758527494967, 28.761331122368578, 4367.399999999999636 ], [ 83.967534145340323, 28.761405637487769, 4367.399999999999636 ], [ 83.967524757608771, 28.761416366323829, 4367.199999999999818 ], [ 83.967456864193082, 28.761513512581587, 4367.199999999999818 ], [ 83.967448733747005, 28.761522900313139, 4367.199999999999818 ], [ 83.967409674078226, 28.761563720181584, 4367.199999999999818 ], [ 83.967392658814788, 28.761588698253036, 4367.199999999999818 ], [ 83.967363238334656, 28.761633289977908, 4367.199999999999818 ], [ 83.967314455658197, 28.761706128716469, 4367.199999999999818 ], [ 83.967277575284243, 28.761740159243345, 4367.199999999999818 ], [ 83.9672417845577, 28.761799586936831, 4366.800000000000182 ], [ 83.967231893911958, 28.761806879192591, 4366.800000000000182 ], [ 83.967195264995098, 28.761838898062702, 4366.800000000000182 ], [ 83.9671934209764, 28.761851387098432, 4367.199999999999818 ], [ 83.967127958312631, 28.761939145624641, 4367.399999999999636 ], [ 83.967019831761718, 28.762063449248672, 4367.399999999999636 ], [ 83.966992171481252, 28.762123379856348, 4367.800000000000182 ], [ 83.966956716030836, 28.762196637690067, 4368.0 ], [ 83.966899299994111, 28.762267297133803, 4367.800000000000182 ], [ 83.966854205355048, 28.762334939092401, 4367.800000000000182 ], [ 83.966849343851209, 28.762345584109426, 4367.800000000000182 ], [ 83.966815229505301, 28.76241666264832, 4367.800000000000182 ], [ 83.966808272525668, 28.762426218017936, 4367.800000000000182 ], [ 83.966791005805135, 28.762452118098736, 4367.800000000000182 ], [ 83.966784970834851, 28.762476006522775, 4367.199999999999818 ], [ 83.966787401586771, 28.762495033442978, 4366.399999999999636 ], [ 83.966786898672581, 28.762499392032623, 4366.0 ], [ 83.966783126816154, 28.762555466964841, 4365.0 ], [ 83.966780109331012, 28.762566866353151, 4364.800000000000182 ], [ 83.966774996370077, 28.76261045224965, 4363.800000000000182 ], [ 83.966781198978424, 28.762651607394218, 4363.0 ], [ 83.966783294454217, 28.762661581858993, 4362.800000000000182 ], [ 83.96680885925889, 28.762720758095384, 4361.800000000000182 ], [ 83.966814558953047, 28.762729642912745, 4361.600000000000364 ], [ 83.966821683570743, 28.762767529115081, 4361.0 ], [ 83.966813972219825, 28.762774150818583, 4360.600000000000364 ], [ 83.966794610023499, 28.762792507186532, 4359.600000000000364 ], [ 83.966790419071913, 28.762802146375179, 4359.600000000000364 ], [ 83.966773990541697, 28.762815138325095, 4358.600000000000364 ], [ 83.966765021905303, 28.762818910181519, 4358.399999999999636 ], [ 83.966751275584102, 28.762828297913071, 4357.600000000000364 ], [ 83.966762004420161, 28.76283978112042, 4357.199999999999818 ], [ 83.966760830953717, 28.762869285419583, 4356.399999999999636 ], [ 83.966753371059895, 28.762880014255643, 4355.399999999999636 ], [ 83.966752951964736, 28.762885211035609, 4355.0 ], [ 83.966754963621497, 28.76291018910706, 4354.199999999999818 ], [ 83.966764518991113, 28.76291211694479, 4353.800000000000182 ], [ 83.966771811246872, 28.762929635122418, 4353.199999999999818 ], [ 83.966763261705637, 28.762968946248293, 4352.600000000000364 ], [ 83.966742558404803, 28.762966934591532, 4352.0 ], [ 83.966719591990113, 28.762964084744453, 4352.0 ], [ 83.966655051335692, 28.762950170785189, 4352.0 ], [ 83.966638538986444, 28.762963498011231, 4352.0 ], [ 83.966485150158405, 28.763012951239944, 4352.0 ], [ 83.966541141271591, 28.763003144413233, 4352.0 ], [ 83.966483306139708, 28.76296735368669, 4352.199999999999818 ], [ 83.96647073328495, 28.762966012582183, 4352.600000000000364 ], [ 83.966470398008823, 28.762975903227925, 4353.199999999999818 ], [ 83.966466542333364, 28.762986045330763, 4353.399999999999636 ], [ 83.966482384130359, 28.763004736974835, 4353.800000000000182 ], [ 83.966497052460909, 28.76302158460021, 4354.199999999999818 ], [ 83.966498309746385, 28.763061817735434, 4355.399999999999636 ], [ 83.966492945328355, 28.763099033385515, 4356.0 ], [ 83.966486994177103, 28.763101380318403, 4356.399999999999636 ], [ 83.966473834589124, 28.763098111376166, 4356.600000000000364 ], [ 83.966444497928023, 28.763082521036267, 4356.800000000000182 ], [ 83.966432260349393, 28.763075480237603, 4357.0 ], [ 83.96641356870532, 28.763061817735434, 4357.600000000000364 ], [ 83.966403426602483, 28.763058548793197, 4357.800000000000182 ], [ 83.966386159881949, 28.76305284909904, 4358.0 ], [ 83.966360511258245, 28.763047819957137, 4358.600000000000364 ], [ 83.966332264244556, 28.7630411144346, 4359.600000000000364 ], [ 83.966325642541051, 28.76303918659687, 4359.600000000000364 ], [ 83.966307369992137, 28.76303524710238, 4360.199999999999818 ], [ 83.966295886784792, 28.763031475245953, 4360.800000000000182 ], [ 83.966283900663257, 28.76302694901824, 4361.199999999999818 ], [ 83.966275686398149, 28.763014208525419, 4361.600000000000364 ], [ 83.966261437162757, 28.763002306222916, 4362.0 ], [ 83.966246517375112, 28.762991074472662, 4362.199999999999818 ], [ 83.966209720820189, 28.762965425848961, 4363.0 ], [ 83.96619563922286, 28.76299174502492, 4364.0 ], [ 83.966190945357084, 28.762994594872001, 4364.199999999999818 ], [ 83.966177701950073, 28.762969449162483, 4365.0 ], [ 83.966166637837887, 28.762957965955135, 4365.199999999999818 ], [ 83.966156663373113, 28.762942962348461, 4366.0 ], [ 83.966149035841227, 28.762941788882017, 4366.199999999999818 ], [ 83.966152472421527, 28.762941369786859, 4366.600000000000364 ], [ 83.966158842667937, 28.762952433899045, 4366.800000000000182 ], [ 83.966158842667937, 28.762952433899045, 4366.800000000000182 ], [ 83.966158842667937, 28.762952433899045, 4366.800000000000182 ], [ 83.966151298955083, 28.762948578223583, 4366.800000000000182 ], [ 83.966093296185136, 28.762944554910064, 4367.0 ], [ 83.966027498245239, 28.762933239340786, 4367.199999999999818 ], [ 83.966017523780465, 28.762926869094372, 4367.199999999999818 ], [ 83.965982906520367, 28.762878337875009, 4368.0 ], [ 83.965976368635893, 28.762869955971837, 4368.399999999999636 ], [ 83.96596547216177, 28.762866016477343, 4368.600000000000364 ], [ 83.965941164642572, 28.76284908503294, 4369.199999999999818 ], [ 83.965936303138733, 28.762846235185862, 4369.399999999999636 ], [ 83.965926496312022, 28.762843133881688, 4369.600000000000364 ], [ 83.965915264561772, 28.762840535491705, 4369.800000000000182 ], [ 83.965898584574461, 28.762836009263992, 4370.199999999999818 ], [ 83.965898333117366, 28.762835590168834, 4370.399999999999636 ], [ 83.965906798839569, 28.762853024527431, 4370.800000000000182 ], [ 83.965929429978132, 28.762905076146129, 4371.399999999999636 ], [ 83.965932279825211, 28.762930808588862, 4372.399999999999636 ], [ 83.965934459120035, 28.762934496626254, 4372.600000000000364 ], [ 83.965936722233891, 28.762956624850631, 4373.0 ], [ 83.96593764424324, 28.762970035895705, 4373.199999999999818 ], [ 83.965931106358767, 28.762985877692699, 4373.600000000000364 ], [ 83.965928172692657, 28.762992583215237, 4374.199999999999818 ], [ 83.965930938720703, 28.762982441112399, 4374.800000000000182 ], [ 83.965936554595828, 28.762990152463317, 4375.199999999999818 ], [ 83.965948624536395, 28.763013370335106, 4376.0 ], [ 83.965956000611186, 28.763035330921412, 4377.199999999999818 ], [ 83.965960191562772, 28.763043209910393, 4377.199999999999818 ], [ 83.96598307415843, 28.763066427782174, 4377.600000000000364 ], [ 83.965990198776126, 28.763079671189189, 4378.199999999999818 ], [ 83.966008806601167, 28.76310054212809, 4379.199999999999818 ], [ 83.966008890420198, 28.763110768049955, 4379.399999999999636 ], [ 83.966004867106676, 28.763112695887685, 4380.0 ], [ 83.966004950925708, 28.763112025335431, 4380.0 ], [ 83.966010147705674, 28.76312468200922, 4380.199999999999818 ], [ 83.966011572629213, 28.763129711151123, 4380.399999999999636 ], [ 83.966008136048913, 28.763144966214895, 4380.800000000000182 ], [ 83.966014590114355, 28.763160808011889, 4381.399999999999636 ], [ 83.966018781065941, 28.763174386695027, 4382.0 ], [ 83.966021379455924, 28.763195006176829, 4382.399999999999636 ], [ 83.966019786894321, 28.763222582638264, 4382.800000000000182 ], [ 83.966021127998829, 28.763272287324071, 4383.399999999999636 ], [ 83.966019870713353, 28.76328251324594, 4383.399999999999636 ], [ 83.966021463274956, 28.763303300365809, 4384.0 ], [ 83.966022385284305, 28.763317801058292, 4384.600000000000364 ], [ 83.966023223474622, 28.763328529894352, 4384.800000000000182 ], [ 83.966026827692986, 28.763343198224906, 4385.600000000000364 ], [ 83.966035209596157, 28.763373540714383, 4386.0 ], [ 83.966018445789814, 28.763405811041594, 4386.600000000000364 ], [ 83.96601484157145, 28.763411426916718, 4386.600000000000364 ], [ 83.966009896248579, 28.763437075540423, 4387.399999999999636 ], [ 83.96600604057312, 28.7634452059865, 4387.600000000000364 ], [ 83.965995395556092, 28.763449061661959, 4388.0 ], [ 83.965975949540734, 28.763463897630572, 4388.600000000000364 ], [ 83.965970501303673, 28.763466160744429, 4388.600000000000364 ], [ 83.965964550152421, 28.763464484363791, 4388.800000000000182 ], [ 83.965945104137063, 28.763466998934742, 4389.199999999999818 ], [ 83.965942254289985, 28.76348460093141, 4389.600000000000364 ], [ 83.965940494090319, 28.763490300625563, 4389.800000000000182 ], [ 83.965938817709684, 28.763505052775145, 4390.199999999999818 ], [ 83.965949295088649, 28.763524834066629, 4390.399999999999636 ], [ 83.965939655900002, 28.76353531144559, 4390.800000000000182 ], [ 83.965924652293324, 28.763556936755776, 4391.199999999999818 ], [ 83.965901099145412, 28.763565486297011, 4392.0 ], [ 83.965904535725713, 28.763566156849265, 4392.199999999999818 ], [ 83.965904116630554, 28.763586943969131, 4392.800000000000182 ], [ 83.965893806889653, 28.763593314215541, 4392.800000000000182 ], [ 83.9658965729177, 28.76360840164125, 4393.0 ], [ 83.96589120849967, 28.763639833778143, 4393.800000000000182 ], [ 83.965893806889653, 28.763648383319374, 4394.199999999999818 ], [ 83.965891292318702, 28.763655675575137, 4394.399999999999636 ], [ 83.965891795232892, 28.763704458251595, 4395.199999999999818 ], [ 83.965893220156431, 28.763704793527719, 4395.199999999999818 ], [ 83.965902691707015, 28.763737063854933, 4396.199999999999818 ], [ 83.965902775526047, 28.763739997521043, 4396.199999999999818 ], [ 83.96590051241219, 28.763771010562778, 4396.800000000000182 ], [ 83.965897159650922, 28.763788025826216, 4397.399999999999636 ], [ 83.965888442471623, 28.763824151828885, 4397.600000000000364 ], [ 83.965885005891323, 28.763849884271622, 4398.199999999999818 ], [ 83.965881736949086, 28.763850471004844, 4398.399999999999636 ], [ 83.965875534340739, 28.763863295316696, 4399.199999999999818 ], [ 83.965874277055264, 28.763869078829885, 4399.600000000000364 ], [ 83.965877462178469, 28.76389623619616, 4400.399999999999636 ], [ 83.965881150215864, 28.763906881213188, 4400.600000000000364 ], [ 83.965884083881974, 28.763917610049248, 4401.0 ], [ 83.965881066396832, 28.763926327228543, 4401.600000000000364 ], [ 83.965882156044245, 28.763942252844572, 4401.800000000000182 ], [ 83.965879222378135, 28.763970918953419, 4402.399999999999636 ], [ 83.965878887102008, 28.763968152925372, 4402.800000000000182 ], [ 83.965879641473293, 28.763966308906671, 4402.800000000000182 ], [ 83.965877965092659, 28.763990951701999, 4403.399999999999636 ], [ 83.965879306197166, 28.764001093804836, 4403.800000000000182 ], [ 83.965886766090989, 28.764009643346071, 4404.199999999999818 ], [ 83.965878719463944, 28.764027077704668, 4404.600000000000364 ], [ 83.965874947607517, 28.764050211757421, 4404.800000000000182 ], [ 83.965862039476633, 28.76404769718647, 4405.199999999999818 ], [ 83.965854747220874, 28.76404719427228, 4405.600000000000364 ], [ 83.965849466621876, 28.76405063085258, 4405.800000000000182 ], [ 83.965860279276967, 28.764055576175451, 4406.0 ], [ 83.965891962870955, 28.764080386608839, 4406.600000000000364 ], [ 83.965902524068952, 28.764110812917352, 4407.0 ], [ 83.965903194621205, 28.764115255326033, 4407.199999999999818 ], [ 83.965897411108017, 28.764126151800156, 4407.600000000000364 ], [ 83.965901853516698, 28.764131013303995, 4407.800000000000182 ], [ 83.965904703363776, 28.764133024960756, 4407.800000000000182 ], [ 83.965929094702005, 28.764142664149404, 4408.600000000000364 ], [ 83.965936219319701, 28.764149202033877, 4408.800000000000182 ], [ 83.965956922620535, 28.764163451269269, 4409.399999999999636 ], [ 83.965977542102337, 28.764174347743392, 4409.800000000000182 ], [ 83.965981565415859, 28.76417325809598, 4410.0 ], [ 83.965996066108346, 28.764180047437549, 4410.600000000000364 ], [ 83.966010147705674, 28.764187507331371, 4411.0 ], [ 83.966023810207844, 28.76419672742486, 4411.800000000000182 ], [ 83.966034455224872, 28.764210976660252, 4412.199999999999818 ], [ 83.966035712510347, 28.764223381876945, 4412.399999999999636 ], [ 83.966048704460263, 28.764237547293305, 4413.199999999999818 ], [ 83.966051135212183, 28.764253053814173, 4413.800000000000182 ], [ 83.96602657623589, 28.764287335798144, 4414.399999999999636 ], [ 83.966019786894321, 28.764297058805823, 4414.600000000000364 ], [ 83.966005621477962, 28.76432689838111, 4415.600000000000364 ], [ 83.965998580679297, 28.764337208122015, 4416.0 ], [ 83.965985840186477, 28.764353888109326, 4416.800000000000182 ], [ 83.965975278988481, 28.764359839260575, 4417.199999999999818 ], [ 83.965960191562772, 28.764357576146718, 4417.399999999999636 ], [ 83.965940829366446, 28.76436092890799, 4417.800000000000182 ], [ 83.965928507968783, 28.764296136796471, 4420.0 ], [ 83.965945523232222, 28.764302590861917, 4420.399999999999636 ], [ 83.965939991176128, 28.764297645539045, 4420.600000000000364 ], [ 83.965975781902671, 28.764340979978439, 4421.0 ], [ 83.96598793566227, 28.7644087895751, 4421.0 ], [ 83.965997826308012, 28.7644312530756, 4421.0 ], [ 83.966016601771116, 28.764480790123343, 4421.0 ], [ 83.966027498245239, 28.764518592506647, 4421.0 ], [ 83.966044681146741, 28.764582965523005, 4421.0 ], [ 83.966073682531714, 28.764640800654888, 4421.0 ], [ 83.966079046949744, 28.764650104567409, 4421.0 ], [ 83.966107377782464, 28.76472445204854, 4420.399999999999636 ], [ 83.966109557077289, 28.764751441776752, 4419.600000000000364 ], [ 83.966111820191145, 28.764815479516983, 4419.199999999999818 ], [ 83.966114083305001, 28.76485688611865, 4419.199999999999818 ], [ 83.966118190437555, 28.764868704602119, 4419.199999999999818 ], [ 83.966140486299992, 28.764972891658545, 4419.199999999999818 ], [ 83.966147527098656, 28.765059476718307, 4419.199999999999818 ], [ 83.966149371117353, 28.765065427869558, 4419.199999999999818 ], [ 83.966183150187135, 28.765102727338672, 4420.399999999999636 ], [ 83.966188263148069, 28.765107924118642, 4420.800000000000182 ], [ 83.966217180714011, 28.765138769522309, 4421.199999999999818 ], [ 83.966227658092976, 28.765149246901274, 4421.399999999999636 ], [ 83.966236542910337, 28.765161233022809, 4421.800000000000182 ], [ 83.966246098279953, 28.765188474208117, 4422.800000000000182 ], [ 83.966250792145729, 28.765213871374726, 4423.0 ], [ 83.966257497668266, 28.765237675979733, 4423.0 ], [ 83.96626696921885, 28.765274891629815, 4423.199999999999818 ], [ 83.966268813237548, 28.765296768397093, 4423.199999999999818 ], [ 83.966216845437884, 28.76537304371595, 4423.399999999999636 ], [ 83.966140318661928, 28.765429202467203, 4423.399999999999636 ], [ 83.966072173789144, 28.765477482229471, 4423.399999999999636 ], [ 83.96605440415442, 28.765484690666199, 4423.600000000000364 ], [ 83.966045686975121, 28.765502208843827, 4423.800000000000182 ], [ 83.966049123555422, 28.765528108924627, 4423.800000000000182 ], [ 83.96611693315208, 28.765604887157679, 4423.800000000000182 ], [ 83.966138893738389, 28.765611508861184, 4423.800000000000182 ], [ 83.966203518211842, 28.765626512467861, 4423.800000000000182 ], [ 83.966226149350405, 28.765643779188395, 4423.800000000000182 ], [ 83.966258252039552, 28.76565107144415, 4423.800000000000182 ], [ 83.966277278959751, 28.76565333455801, 4423.800000000000182 ], [ 83.966350955888629, 28.765682922676209, 4423.600000000000364 ], [ 83.966444749385118, 28.765762634575367, 4423.600000000000364 ], [ 83.966514486819506, 28.765845950692892, 4423.600000000000364 ], [ 83.966553211212158, 28.765919208526611, 4423.600000000000364 ], [ 83.966580620035529, 28.765976121649143, 4423.600000000000364 ], [ 83.966588079929352, 28.765995064750314, 4423.600000000000364 ], [ 83.966592354699969, 28.766004201024771, 4423.800000000000182 ], [ 83.966597551479936, 28.766028173267841, 4424.199999999999818 ], [ 83.966598892584443, 28.76607159152627, 4424.800000000000182 ], [ 83.966609872877598, 28.766099838539962, 4425.0 ], [ 83.966606855392456, 28.766134958714247, 4425.600000000000364 ], [ 83.966606771573424, 28.766146190464497, 4425.800000000000182 ], [ 83.966619931161404, 28.76616396009922, 4426.0 ], [ 83.966645747423172, 28.766183154657483, 4426.600000000000364 ], [ 83.966672150418162, 28.766209641471505, 4427.0 ], [ 83.966690842062235, 28.766237469390035, 4427.399999999999636 ], [ 83.966722022742033, 28.766291867941614, 4428.0 ], [ 83.966749766841531, 28.76631542108953, 4429.0 ], [ 83.966777008026838, 28.766359342262149, 4429.800000000000182 ], [ 83.966783713549376, 28.766372753307223, 4429.800000000000182 ], [ 83.966801818460226, 28.766415417194366, 4430.0 ], [ 83.966829311102629, 28.766458835452795, 4430.399999999999636 ], [ 83.966866945847869, 28.766526142135262, 4430.800000000000182 ], [ 83.966868119314313, 28.766539469361305, 4430.800000000000182 ], [ 83.966887481510639, 28.766582300886512, 4431.0 ], [ 83.966948753222823, 28.766655391082168, 4431.0 ], [ 83.966974401846528, 28.766684057191014, 4431.0 ], [ 83.967023100703955, 28.766737701371312, 4431.199999999999818 ], [ 83.967033242806792, 28.766749938949943, 4431.600000000000364 ], [ 83.967090239748359, 28.766803499311209, 4432.199999999999818 ], [ 83.967137765139341, 28.766863765195012, 4433.0 ], [ 83.967147655785084, 28.766873572021723, 4433.199999999999818 ], [ 83.967169197276235, 28.766879858449101, 4433.399999999999636 ], [ 83.967218482866883, 28.766912296414375, 4433.600000000000364 ], [ 83.96722954697907, 28.766919169574976, 4433.800000000000182 ], [ 83.967251507565379, 28.766933083534241, 4434.0 ], [ 83.967300709336996, 28.766976166516542, 4434.199999999999818 ], [ 83.967379499226809, 28.767059985548254, 4434.199999999999818 ], [ 83.967435657978058, 28.767129387706522, 4434.399999999999636 ], [ 83.967440268024802, 28.767257044091821, 4434.600000000000364 ], [ 83.967442279681563, 28.767314208671451, 4435.0 ], [ 83.967448063194752, 28.76734379678965, 4435.399999999999636 ], [ 83.967449488118291, 28.767353016883135, 4435.600000000000364 ], [ 83.967458456754684, 28.767383191734552, 4435.800000000000182 ], [ 83.967460300773382, 28.767411522567272, 4436.399999999999636 ], [ 83.967475388199091, 28.767459215596318, 4436.399999999999636 ], [ 83.967468682676554, 28.767514619976279, 4436.399999999999636 ], [ 83.967474047094584, 28.767545633018017, 4436.399999999999636 ], [ 83.967476477846503, 28.767558373510841, 4436.399999999999636 ], [ 83.967464491724968, 28.767540184780955, 4436.399999999999636 ], [ 83.967464240267873, 28.767540100961924, 4435.800000000000182 ], [ 83.967461809515953, 28.76757119782269, 4435.600000000000364 ], [ 83.967473460361362, 28.767597936093807, 4435.0 ], [ 83.967495504766703, 28.76763079315424, 4434.0 ], [ 83.967501791194081, 28.76764303073287, 4433.600000000000364 ], [ 83.96753154695034, 28.767684940248728, 4432.800000000000182 ], [ 83.967565577477217, 28.767724083736539, 4431.800000000000182 ], [ 83.967583514750004, 28.767735566943884, 4431.399999999999636 ], [ 83.967652665451169, 28.767788708209991, 4431.399999999999636 ], [ 83.967660292983055, 28.767791474238042, 4431.0 ], [ 83.967670435085893, 28.767807316035032, 4430.399999999999636 ], [ 83.967691892758012, 28.767849560827017, 4429.199999999999818 ], [ 83.967705387622118, 28.767865654081103, 4428.800000000000182 ], [ 83.96774017252028, 28.767908653244376, 4428.0 ], [ 83.967805383726954, 28.767982162535191, 4427.0 ], [ 83.967868331819773, 28.768041087314487, 4426.600000000000364 ], [ 83.967876713722944, 28.768066819757223, 4426.600000000000364 ], [ 83.967888196930289, 28.768152482807636, 4426.0 ], [ 83.967894650995731, 28.768160864710808, 4425.800000000000182 ], [ 83.967951480299234, 28.768224567174911, 4424.800000000000182 ], [ 83.967969249933958, 28.768240492790937, 4424.399999999999636 ], [ 83.968007387593389, 28.768288102000952, 4423.800000000000182 ], [ 83.968019457533956, 28.76833462156355, 4423.399999999999636 ], [ 83.968027755618095, 28.768353899940848, 4422.600000000000364 ], [ 83.968032281845808, 28.768353145569563, 4422.399999999999636 ], [ 83.968037897720933, 28.768358929082751, 4421.600000000000364 ], [ 83.968042256310582, 28.7683598510921, 4421.399999999999636 ], [ 83.968072347342968, 28.768373597413301, 4420.199999999999818 ], [ 83.968092044815421, 28.768380302935839, 4419.399999999999636 ], [ 83.968109060078859, 28.768388936296105, 4418.800000000000182 ], [ 83.968157339841127, 28.768417686223984, 4417.800000000000182 ], [ 83.968179635703564, 28.768446017056704, 4417.0 ], [ 83.968187011778355, 28.768454734235998, 4416.800000000000182 ], [ 83.968245936557651, 28.768549114465714, 4416.800000000000182 ], [ 83.968278542160988, 28.768587922677401, 4416.600000000000364 ], [ 83.968325229361653, 28.768641483038664, 4416.600000000000364 ], [ 83.968354482203722, 28.768692780286074, 4416.600000000000364 ], [ 83.968360014259815, 28.768717590719461, 4416.600000000000364 ], [ 83.96835439838469, 28.768798727542158, 4416.600000000000364 ], [ 83.968337466940284, 28.768841475248337, 4416.800000000000182 ], [ 83.968332773074508, 28.768877182155848, 4417.600000000000364 ], [ 83.968336544930935, 28.768906770274043, 4418.0 ], [ 83.968349201604724, 28.768937112763524, 4418.600000000000364 ], [ 83.968358254060149, 28.768968125805259, 4419.0 ], [ 83.968361523002386, 28.768976842984557, 4419.0 ], [ 83.96836319938302, 28.768983716145161, 4419.0 ], [ 83.968361606821418, 28.768987404182553, 4419.199999999999818 ], [ 83.968376610428095, 28.76902730204165, 4419.800000000000182 ], [ 83.968376442790031, 28.769032750278711, 4419.800000000000182 ], [ 83.968379879370332, 28.76904683187604, 4419.800000000000182 ], [ 83.968394128605723, 28.769061248749495, 4419.800000000000182 ], [ 83.968462105840445, 28.769139451906085, 4419.800000000000182 ], [ 83.968524802476168, 28.769213631749153, 4419.800000000000182 ], [ 83.968551121652126, 28.769245482981205, 4419.600000000000364 ], [ 83.968569478020072, 28.76925989985466, 4419.0 ], [ 83.968582972884178, 28.769278088584542, 4418.399999999999636 ], [ 83.968593869358301, 28.769291918724775, 4418.399999999999636 ], [ 83.968633012846112, 28.76932536251843, 4418.399999999999636 ], [ 83.968664444983006, 28.769358973950148, 4418.399999999999636 ], [ 83.968687579035759, 28.76943432725966, 4418.399999999999636 ], [ 83.968700235709548, 28.769469279795885, 4418.399999999999636 ], [ 83.968706438317895, 28.769486211240292, 4418.800000000000182 ], [ 83.968708366155624, 28.769511692225933, 4419.199999999999818 ], [ 83.968713730573654, 28.769541699439287, 4419.800000000000182 ], [ 83.968714149668813, 28.769545387476683, 4420.0 ], [ 83.968723453581333, 28.769564582034945, 4420.399999999999636 ], [ 83.968729404732585, 28.769579501822591, 4421.0 ], [ 83.968733176589012, 28.769592326134443, 4421.199999999999818 ], [ 83.968743486329913, 28.769624931737781, 4422.199999999999818 ], [ 83.968745162710547, 28.769633900374178, 4422.199999999999818 ], [ 83.96874725818634, 28.76963566057384, 4423.0 ], [ 83.968747677281499, 28.769647311419249, 4423.199999999999818 ], [ 83.96874725818634, 28.769649909809232, 4423.399999999999636 ], [ 83.968746336176991, 28.769674804061651, 4424.199999999999818 ], [ 83.968748096376657, 28.769683269783854, 4424.399999999999636 ], [ 83.968742229044437, 28.769704140722752, 4425.199999999999818 ], [ 83.968740804120898, 28.769707158207893, 4425.399999999999636 ], [ 83.968737786635756, 28.769713779911399, 4425.600000000000364 ], [ 83.968730913475156, 28.7697465531528, 4426.399999999999636 ], [ 83.968730662018061, 28.769748397171497, 4426.600000000000364 ], [ 83.968722112476826, 28.769750576466318, 4426.800000000000182 ], [ 83.968719681724906, 28.769765496253967, 4427.600000000000364 ], [ 83.96873158402741, 28.769802544265985, 4428.399999999999636 ], [ 83.968733595684171, 28.769815368577841, 4428.600000000000364 ], [ 83.968755137175322, 28.769827773794532, 4429.0 ], [ 83.968761255964637, 28.769840765744448, 4429.399999999999636 ], [ 83.968766536563635, 28.769855769351125, 4429.600000000000364 ], [ 83.96877458319068, 28.769884100183845, 4429.800000000000182 ], [ 83.968770476058125, 28.769910503178835, 4430.199999999999818 ], [ 83.968778355047107, 28.769937576726079, 4430.800000000000182 ], [ 83.968783468008041, 28.769952747970819, 4431.0 ], [ 83.968799561262131, 28.769967667758465, 4431.399999999999636 ], [ 83.968807775527239, 28.76997915096581, 4431.800000000000182 ], [ 83.968827137723565, 28.770020054653287, 4432.0 ], [ 83.968831244856119, 28.770020641386509, 4432.600000000000364 ], [ 83.968837363645434, 28.770028771832585, 4432.800000000000182 ], [ 83.968839878216386, 28.770044362172484, 4433.600000000000364 ], [ 83.968840884044766, 28.770077135413885, 4433.800000000000182 ], [ 83.968844152987003, 28.770098006352782, 4434.199999999999818 ], [ 83.968837531283498, 28.770115105435252, 4434.800000000000182 ], [ 83.968812050297856, 28.770118290558457, 4435.399999999999636 ], [ 83.968800902366638, 28.770130192860961, 4436.0 ], [ 83.968796040862799, 28.77014234662056, 4436.199999999999818 ], [ 83.968808446079493, 28.770158858969808, 4437.0 ], [ 83.96881909109652, 28.770174784585834, 4437.399999999999636 ], [ 83.96882688626647, 28.770191883668303, 4438.399999999999636 ], [ 83.968853037804365, 28.770215352997184, 4439.399999999999636 ], [ 83.968877093866467, 28.770273271948099, 4440.600000000000364 ], [ 83.968868125230074, 28.770288527011871, 4441.0 ], [ 83.968868209049106, 28.770288694649935, 4441.399999999999636 ], [ 83.968861335888505, 28.770300932228565, 4441.600000000000364 ], [ 83.968875668942928, 28.770317528396845, 4441.800000000000182 ], [ 83.968873824924231, 28.770316606387496, 4442.800000000000182 ], [ 83.968876339495182, 28.770311577245593, 4443.0 ], [ 83.968891510739923, 28.770333873108029, 4443.800000000000182 ], [ 83.968893522396684, 28.770375614985824, 4444.600000000000364 ], [ 83.968892516568303, 28.7703871820122, 4445.0 ], [ 83.968876423314214, 28.770379805937409, 4445.0 ], [ 83.968871561810374, 28.770371172577143, 4445.199999999999818 ], [ 83.968885140493512, 28.770391624420881, 4445.600000000000364 ], [ 83.968922691419721, 28.770415429025888, 4446.0 ], [ 83.968925708904862, 28.770415093749762, 4446.199999999999818 ], [ 83.968953536823392, 28.770441161468625, 4446.600000000000364 ], [ 83.968980526551604, 28.770475275814533, 4447.0 ], [ 83.968984968960285, 28.7704873457551, 4447.399999999999636 ], [ 83.968993769958615, 28.770514335483313, 4447.800000000000182 ], [ 83.969001565128565, 28.770539984107018, 4448.0 ], [ 83.969005923718214, 28.770550712943077, 4448.199999999999818 ], [ 83.969008354470134, 28.770573930814862, 4448.600000000000364 ], [ 83.969022184610367, 28.770581223070621, 4449.0 ], [ 83.969027549028397, 28.770584240555763, 4449.0 ], [ 83.969080774113536, 28.770637884736061, 4449.0 ], [ 83.969079265370965, 28.77063293941319, 4449.199999999999818 ], [ 83.969125617295504, 28.770653810352087, 4449.800000000000182 ], [ 83.969150260090828, 28.770679458975792, 4450.199999999999818 ], [ 83.969158893451095, 28.770695719867945, 4450.399999999999636 ], [ 83.969181859865785, 28.770735701546073, 4450.600000000000364 ], [ 83.969219578430057, 28.770800996571779, 4451.399999999999636 ], [ 83.969232821837068, 28.770839385688305, 4451.600000000000364 ], [ 83.969238521531224, 28.770875260233879, 4451.800000000000182 ], [ 83.96926324814558, 28.770941225811839, 4451.800000000000182 ], [ 83.969287220388651, 28.770960420370105, 4452.399999999999636 ], [ 83.969295350834727, 28.770956983789802, 4452.600000000000364 ], [ 83.969321167096496, 28.770966036245227, 4453.399999999999636 ], [ 83.969342457130551, 28.770980788394809, 4453.600000000000364 ], [ 83.969372380524874, 28.77100920304656, 4454.199999999999818 ], [ 83.969400459900498, 28.771034181118011, 4454.600000000000364 ], [ 83.969412446022034, 28.77104532904923, 4455.0 ], [ 83.969419738277793, 28.771104170009497, 4455.800000000000182 ], [ 83.969425102695823, 28.771155718713999, 4455.800000000000182 ], [ 83.969434909522533, 28.771165525540709, 4456.0 ], [ 83.969455529004335, 28.771173320710659, 4456.399999999999636 ], [ 83.969462569802999, 28.771180026233196, 4456.800000000000182 ], [ 83.96946650929749, 28.771182037889957, 4458.0 ], [ 83.96946650929749, 28.771182037889957, 4458.0 ], [ 83.969484698027372, 28.771195951849226, 4458.199999999999818 ], [ 83.969513364136219, 28.771224115043879, 4458.800000000000182 ], [ 83.969520991668105, 28.771229730919003, 4459.0 ], [ 83.969539096578956, 28.771243896335363, 4459.800000000000182 ], [ 83.969548484310508, 28.771249260753393, 4460.199999999999818 ], [ 83.969572372734547, 28.771266024559736, 4461.199999999999818 ], [ 83.969584442675114, 28.771276501938701, 4461.800000000000182 ], [ 83.969599362462759, 28.771328721195459, 4461.800000000000182 ], [ 83.969614701345563, 28.77134489826858, 4462.199999999999818 ], [ 83.96963263861835, 28.77135805785656, 4462.399999999999636 ], [ 83.969678403809667, 28.771412959322333, 4462.800000000000182 ], [ 83.969703298062086, 28.77144162543118, 4463.600000000000364 ], [ 83.969710255041718, 28.771446570754051, 4463.800000000000182 ], [ 83.969736741855741, 28.77147096209228, 4464.600000000000364 ], [ 83.969751745462418, 28.771482026204467, 4465.0 ], [ 83.969802372157574, 28.771514883264899, 4465.199999999999818 ], [ 83.969862889498472, 28.771545561030507, 4465.199999999999818 ], [ 83.969955258071423, 28.771603396162391, 4465.199999999999818 ], [ 83.970032874494791, 28.77167321741581, 4465.199999999999818 ], [ 83.97007143124938, 28.771721329540014, 4465.199999999999818 ], [ 83.97008509375155, 28.771734237670898, 4465.600000000000364 ], [ 83.970103533938527, 28.771749576553702, 4466.0 ], [ 83.970161788165569, 28.771796682849526, 4466.199999999999818 ], [ 83.970167906954885, 28.77181151881814, 4466.800000000000182 ], [ 83.97017109207809, 28.771819397807121, 4467.0 ], [ 83.97017939016223, 28.77184228040278, 4467.800000000000182 ], [ 83.970181150361896, 28.771841023117304, 4467.800000000000182 ], [ 83.97021166048944, 28.771862480789423, 4468.199999999999818 ], [ 83.97026639431715, 28.771910760551691, 4468.199999999999818 ], [ 83.970336886122823, 28.771956358104944, 4468.600000000000364 ], [ 83.970395643264055, 28.772007739171386, 4468.800000000000182 ], [ 83.970419280230999, 28.772023748606443, 4469.0 ], [ 83.970437049865723, 28.772036740556359, 4469.600000000000364 ], [ 83.97046772763133, 28.772063478827477, 4470.0 ], [ 83.970476360991597, 28.772074962034822, 4470.199999999999818 ], [ 83.970509050413966, 28.77210178412497, 4471.0 ], [ 83.970533609390259, 28.772126594558362, 4471.199999999999818 ], [ 83.970598736777902, 28.772176634520292, 4471.199999999999818 ], [ 83.970618937164545, 28.77222323790193, 4471.399999999999636 ], [ 83.970632096752524, 28.77226154319942, 4472.0 ], [ 83.970630085095763, 28.77225668169558, 4472.800000000000182 ], [ 83.970636539161205, 28.772256765514612, 4472.800000000000182 ], [ 83.970655063167214, 28.772280821576715, 4472.800000000000182 ], [ 83.970669647678733, 28.772302949801087, 4473.199999999999818 ], [ 83.970682388171554, 28.772324742749333, 4473.600000000000364 ], [ 83.970686243847013, 28.772333543747663, 4474.199999999999818 ], [ 83.970689428970218, 28.772363467141982, 4475.0 ], [ 83.970702672377229, 28.772426666691899, 4475.0 ], [ 83.97072765044868, 28.772479053586721, 4475.199999999999818 ], [ 83.970732344314456, 28.77253127284348, 4475.199999999999818 ], [ 83.970757992938161, 28.772586090490226, 4475.399999999999636 ], [ 83.97079361602664, 28.772651804611087, 4475.800000000000182 ], [ 83.970808535814285, 28.772703437134624, 4476.199999999999818 ], [ 83.970810798928142, 28.772736461833119, 4476.600000000000364 ], [ 83.970814319327474, 28.772758590057492, 4476.800000000000182 ], [ 83.970827227458358, 28.772802511230111, 4477.399999999999636 ], [ 83.970832172781229, 28.772827824577689, 4478.199999999999818 ], [ 83.970836782827973, 28.772832937538624, 4478.199999999999818 ], [ 83.970836279913783, 28.772839894518256, 4478.600000000000364 ], [ 83.970830412581563, 28.772871661931276, 4478.600000000000364 ], [ 83.970861593261361, 28.772931173443791, 4479.0 ], [ 83.970873160287738, 28.772945087403059, 4479.0 ], [ 83.970920518040657, 28.772990684956312, 4479.0 ], [ 83.970928313210607, 28.772996468469501, 4479.0 ], [ 83.970973491668701, 28.773036869242787, 4479.0 ], [ 83.970979610458016, 28.773044412955642, 4479.0 ], [ 83.970997799187899, 28.773108702152967, 4478.600000000000364 ], [ 83.970994614064693, 28.773109875619411, 4478.600000000000364 ], [ 83.970978688448668, 28.773089172318578, 4478.199999999999818 ], [ 83.970939125865698, 28.77305656671524, 4478.199999999999818 ], [ 83.970948345959187, 28.773066373541951, 4478.199999999999818 ], [ 83.970962595194578, 28.773075928911567, 4478.199999999999818 ], [ 83.970972402021289, 28.773081796243787, 4477.800000000000182 ], [ 83.970992853865027, 28.773096799850464, 4477.399999999999636 ], [ 83.971016993746161, 28.77312152646482, 4477.199999999999818 ], [ 83.971046078950167, 28.773181373253465, 4476.600000000000364 ], [ 83.971067620441318, 28.773231077939272, 4476.600000000000364 ], [ 83.971083210781217, 28.773274663835764, 4476.600000000000364 ], [ 83.971096621826291, 28.773329062387347, 4476.399999999999636 ], [ 83.971123192459345, 28.773406846448779, 4476.399999999999636 ], [ 83.971102489158511, 28.773397877812386, 4476.399999999999636 ], [ 83.971075415611267, 28.773374324664474, 4476.600000000000364 ], [ 83.971075415611267, 28.773374324664474, 4476.600000000000364 ], [ 83.971098130568862, 28.773413384333253, 4476.600000000000364 ], [ 83.971117744222283, 28.773449342697859, 4476.800000000000182 ], [ 83.971120845526457, 28.773440793156624, 4476.800000000000182 ], [ 83.97112101316452, 28.773424616083503, 4476.800000000000182 ], [ 83.97112101316452, 28.77342369407415, 4476.800000000000182 ], [ 83.971121599897742, 28.773425202816725, 4477.199999999999818 ], [ 83.971125371754169, 28.773439703509212, 4477.199999999999818 ], [ 83.971145069226623, 28.773486977443099, 4477.399999999999636 ], [ 83.971152864396572, 28.773510865867134, 4477.399999999999636 ], [ 83.971184715628624, 28.773586386814713, 4477.399999999999636 ], [ 83.971228888258338, 28.773667020723224, 4477.399999999999636 ], [ 83.971246825531125, 28.773709097877145, 4478.199999999999818 ], [ 83.971258476376534, 28.77372887916863, 4478.600000000000364 ], [ 83.97128907032311, 28.77373768016696, 4479.199999999999818 ], [ 83.971303571015596, 28.773751594126225, 4479.399999999999636 ], [ 83.971328968182206, 28.77377045340836, 4480.399999999999636 ], [ 83.971330225467682, 28.77378294244409, 4480.800000000000182 ], [ 83.971342882141471, 28.773831641301513, 4481.0 ], [ 83.971337517723441, 28.773849662393332, 4481.399999999999636 ], [ 83.971333913505077, 28.773843962699175, 4481.800000000000182 ], [ 83.971325112506747, 28.773819068446755, 4482.199999999999818 ], [ 83.971322765573859, 28.77381781116128, 4482.399999999999636 ], [ 83.971322597935796, 28.77381781116128, 4482.800000000000182 ], [ 83.971308348700404, 28.773823091760281, 4483.0 ], [ 83.971295021474361, 28.773819236084819, 4483.199999999999818 ], [ 83.971340451389551, 28.773864079266787, 4483.199999999999818 ], [ 83.971353946253657, 28.773878328502175, 4483.600000000000364 ], [ 83.971390407532454, 28.77391948364675, 4484.600000000000364 ], [ 83.971396693959832, 28.773927027359605, 4484.600000000000364 ], [ 83.971413038671017, 28.773945551365617, 4485.399999999999636 ], [ 83.97143516689539, 28.774000955745574, 4485.399999999999636 ], [ 83.971442375332117, 28.774019982665777, 4485.800000000000182 ], [ 83.971442123875022, 28.774027610197663, 4486.0 ], [ 83.971444554626942, 28.774050995707512, 4486.199999999999818 ], [ 83.971449751406908, 28.774073040112853, 4486.800000000000182 ], [ 83.971452098339796, 28.774081589654088, 4486.800000000000182 ], [ 83.971456121653318, 28.774097766727209, 4487.0 ], [ 83.971454193815589, 28.774119894951586, 4488.0 ], [ 83.971452852711082, 28.774143364280462, 4488.600000000000364 ], [ 83.971438352018595, 28.77414814196527, 4488.800000000000182 ], [ 83.971431562677026, 28.774175047874451, 4488.800000000000182 ], [ 83.971434077247977, 28.77417873591185, 4489.199999999999818 ], [ 83.971438268199563, 28.774200947955251, 4489.600000000000364 ], [ 83.971454193815589, 28.774239672347903, 4490.199999999999818 ], [ 83.971458720043302, 28.774253083392978, 4490.199999999999818 ], [ 83.971465593203902, 28.774299351498485, 4490.199999999999818 ], [ 83.971490068361163, 28.774326927959919, 4490.399999999999636 ], [ 83.971520159393549, 28.774344194680452, 4491.0 ], [ 83.97152217105031, 28.774349726736546, 4491.199999999999818 ], [ 83.971587885171175, 28.774386439472437, 4491.399999999999636 ], [ 83.971632812172174, 28.774419380351901, 4491.399999999999636 ], [ 83.971646809950471, 28.774430025368929, 4492.199999999999818 ], [ 83.971655108034611, 28.774439077824351, 4492.199999999999818 ], [ 83.971683271229267, 28.774478053674105, 4493.399999999999636 ], [ 83.971701627597213, 28.774521974846721, 4494.399999999999636 ], [ 83.971708919852972, 28.77453463152051, 4494.800000000000182 ], [ 83.971717804670334, 28.77455030567944, 4495.600000000000364 ], [ 83.97173766978085, 28.774569081142545, 4496.600000000000364 ], [ 83.971738507971168, 28.774571930989623, 4496.600000000000364 ], [ 83.971754433587193, 28.774611242115498, 4497.399999999999636 ], [ 83.971779327839613, 28.774649798870087, 4498.0 ], [ 83.971790308132768, 28.774672262370583, 4498.600000000000364 ], [ 83.971804389730096, 28.774703275412321, 4498.600000000000364 ], [ 83.971816711127758, 28.774724146351215, 4499.0 ], [ 83.971840180456638, 28.774753734469417, 4499.800000000000182 ], [ 83.971850071102381, 28.774758847430348, 4500.0 ], [ 83.971849149093032, 28.774786926805973, 4500.0 ], [ 83.971857782453299, 28.774774270132184, 4500.0 ], [ 83.971857782453299, 28.774774437770247, 4500.0 ], [ 83.971853842958808, 28.774794805794951, 4500.399999999999636 ], [ 83.97188519127667, 28.774815760552883, 4500.600000000000364 ], [ 83.971947804093361, 28.774863537400961, 4500.600000000000364 ], [ 83.972011674195528, 28.774940483272076, 4500.600000000000364 ], [ 83.972054086625576, 28.774993624538183, 4501.0 ], [ 83.972056098282337, 28.775003766641021, 4501.0 ], [ 83.972049979493022, 28.775005359202623, 4501.399999999999636 ], [ 83.972047381103039, 28.774999156594276, 4501.399999999999636 ], [ 83.972056182101369, 28.775020865723491, 4502.199999999999818 ], [ 83.972057104110718, 28.775032516568899, 4502.199999999999818 ], [ 83.972062552347779, 28.775086831301451, 4502.199999999999818 ], [ 83.972066827118397, 28.775103008374572, 4502.800000000000182 ], [ 83.972082166001201, 28.775143073871732, 4503.0 ], [ 83.972093397751451, 28.775157574564219, 4504.0 ], [ 83.972105467692018, 28.775170231238008, 4504.399999999999636 ], [ 83.972124075517058, 28.775196131318808, 4504.399999999999636 ], [ 83.972135558724403, 28.775231502950191, 4505.399999999999636 ], [ 83.972139162942767, 28.775240890681744, 4505.600000000000364 ], [ 83.972170930355787, 28.775305096060041, 4506.0 ], [ 83.97221309132874, 28.775369049981236, 4506.399999999999636 ], [ 83.972214935347438, 28.775374162942171, 4506.399999999999636 ], [ 83.97223362699151, 28.775407187640667, 4507.600000000000364 ], [ 83.972227843478322, 28.775414396077391, 4508.600000000000364 ], [ 83.972225412726402, 28.775413054972887, 4508.800000000000182 ], [ 83.972242930904031, 28.775454210117459, 4508.800000000000182 ], [ 83.972257431596518, 28.77550944685936, 4509.0 ], [ 83.972269836813211, 28.77556644380093, 4510.0 ], [ 83.972275955602527, 28.775577675551176, 4510.600000000000364 ], [ 83.972286516800523, 28.775615226477385, 4510.600000000000364 ], [ 83.972287606447935, 28.775636684149504, 4510.600000000000364 ], [ 83.972288947552443, 28.775658309459686, 4510.800000000000182 ], [ 83.972287774085999, 28.775667026638985, 4511.0 ], [ 83.972289031371474, 28.775684628635645, 4511.0 ], [ 83.972296910360456, 28.77569854259491, 4511.199999999999818 ], [ 83.972335048019886, 28.775773895904425, 4511.199999999999818 ], [ 83.972346112132072, 28.775859139859676, 4511.399999999999636 ], [ 83.972340580075979, 28.775907419621944, 4511.600000000000364 ], [ 83.972333623096347, 28.775933738797903, 4512.199999999999818 ], [ 83.972330521792173, 28.775944467633963, 4512.399999999999636 ], [ 83.972330521792173, 28.775953100994229, 4512.800000000000182 ], [ 83.97232691757381, 28.775958884507418, 4512.800000000000182 ], [ 83.972358768805861, 28.77592334523797, 4514.600000000000364 ], [ 83.972354745492339, 28.77592770382762, 4514.800000000000182 ], [ 83.972322978079319, 28.775992663577199, 4514.800000000000182 ], [ 83.972301268950105, 28.776045301929116, 4515.0 ], [ 83.97229858674109, 28.776111770421267, 4515.199999999999818 ], [ 83.972301688045263, 28.77618134021759, 4515.800000000000182 ], [ 83.972303029149771, 28.776202378794551, 4516.0 ], [ 83.972306968644261, 28.776239342987537, 4516.399999999999636 ], [ 83.972311159595847, 28.776266081258655, 4516.600000000000364 ], [ 83.97231861948967, 28.776304135099053, 4516.800000000000182 ], [ 83.972312500700355, 28.776294160634279, 4517.0 ], [ 83.972321804612875, 28.776334477588534, 4517.399999999999636 ], [ 83.972342256456614, 28.776373285800219, 4518.0 ], [ 83.972342256456614, 28.776385355740786, 4518.399999999999636 ], [ 83.97233622148633, 28.77638217061758, 4518.399999999999636 ], [ 83.972368156537414, 28.776409076526761, 4518.600000000000364 ], [ 83.972381483763456, 28.776432713493705, 4519.0 ], [ 83.972397577017546, 28.776461211964488, 4519.199999999999818 ], [ 83.972408892586827, 28.776494152843952, 4520.0 ], [ 83.972414592280984, 28.776504881680012, 4520.600000000000364 ], [ 83.972417190670967, 28.776515610516071, 4521.199999999999818 ], [ 83.972419453784823, 28.776528518646955, 4521.199999999999818 ], [ 83.972448203712702, 28.776594651862979, 4521.600000000000364 ], [ 83.972460608929396, 28.776625916361809, 4522.0 ], [ 83.972466560080647, 28.776631616055965, 4522.0 ], [ 83.97247745655477, 28.776643350720409, 4522.199999999999818 ], [ 83.972500255331397, 28.776687607169151, 4522.600000000000364 ], [ 83.972514001652598, 28.776717530563474, 4523.399999999999636 ], [ 83.972536800429225, 28.776744436472654, 4523.800000000000182 ], [ 83.972557503730059, 28.776763631030917, 4524.199999999999818 ], [ 83.972563203424215, 28.776774276047945, 4524.600000000000364 ], [ 83.972567226737738, 28.776780143380165, 4524.800000000000182 ], [ 83.97258005104959, 28.776796236634254, 4525.600000000000364 ], [ 83.972589774057269, 28.776808809489012, 4526.0 ], [ 83.972608214244246, 28.776835044845939, 4526.399999999999636 ], [ 83.972606789320707, 28.776834541931748, 4526.399999999999636 ], [ 83.972604358568788, 28.776833452284336, 4527.399999999999636 ], [ 83.972604358568788, 28.776833452284336, 4527.399999999999636 ], [ 83.972604358568788, 28.776833452284336, 4527.600000000000364 ], [ 83.972612572833896, 28.77684535458684, 4527.800000000000182 ], [ 83.972619278356433, 28.776850467547774, 4528.0 ], [ 83.97263428196311, 28.776889778673649, 4528.399999999999636 ], [ 83.972651716321707, 28.776934538036585, 4529.0 ], [ 83.972608633339405, 28.776950379833579, 4530.0 ], [ 83.972608633339405, 28.77695138566196, 4530.199999999999818 ], [ 83.972604023292661, 28.77694702707231, 4530.199999999999818 ], [ 83.972608549520373, 28.776939315721393, 4530.399999999999636 ], [ 83.972571082413197, 28.776945434510708, 4530.600000000000364 ], [ 83.972546188160777, 28.776935543864965, 4531.199999999999818 ], [ 83.972538225352764, 28.776954067870975, 4531.399999999999636 ], [ 83.972546271979809, 28.776979297399521, 4531.600000000000364 ], [ 83.972549876198173, 28.776994301006201, 4531.600000000000364 ], [ 83.972558761015534, 28.777015507221225, 4532.399999999999636 ], [ 83.972561275586486, 28.777029840275645, 4532.800000000000182 ], [ 83.97256244905293, 28.777034701779485, 4533.399999999999636 ], [ 83.972576782107353, 28.777068648487329, 4533.399999999999636 ], [ 83.972568400204182, 28.777091447263956, 4533.600000000000364 ], [ 83.972565298900008, 28.777116425335407, 4534.600000000000364 ], [ 83.972564963623881, 28.777110138908029, 4535.399999999999636 ], [ 83.972571166232228, 28.777113659307361, 4535.600000000000364 ] ] } }
]
}
