{
"type": "FeatureCollection",
"name": "day06",
"crs": { "type": "name", "properties": { "name": "urn:ogc:def:crs:OGC:1.3:CRS84" } },
"features": [
{ "type": "Feature", "properties": { "name": "day06" }, "geometry": { "type": "LineString", "coordinates": [ [ 84.024778939783573, 28.664777213707566, 3542.800000000000182 ], [ 84.024742227047682, 28.664800180122256, 3542.800000000000182 ], [ 84.024743819609284, 28.664789535105228, 3542.800000000000182 ], [ 84.024743232876062, 28.664802107959986, 3542.800000000000182 ], [ 84.024720434099436, 28.664835970848799, 3542.800000000000182 ], [ 84.024702413007617, 28.664846029132605, 3542.800000000000182 ], [ 84.024646757170558, 28.664885424077511, 3542.800000000000182 ], [ 84.024569224566221, 28.66493915207684, 3543.0 ], [ 84.024487752467394, 28.664987767115235, 3543.4 ], [ 84.024432599544525, 28.66502171382308, 3543.4 ], [ 84.024341572076082, 28.665091451257467, 3543.6 ], [ 84.024260183796287, 28.665149370208383, 3544.0 ], [ 84.02423788793385, 28.665166469290853, 3544.0 ], [ 84.02418558485806, 28.665198991075162, 3544.199999999999818 ], [ 84.024105370044708, 28.665256323292851, 3544.6 ], [ 84.024003362283111, 28.66529211401939, 3544.800000000000182 ], [ 84.023975869640708, 28.665303345769644, 3544.800000000000182 ], [ 84.023901941254735, 28.66534391418099, 3545.4 ], [ 84.023838741704822, 28.665389427915215, 3545.6 ], [ 84.023769842460752, 28.665431756526232, 3545.800000000000182 ], [ 84.023703457787633, 28.665468217805028, 3546.0 ], [ 84.023675881326199, 28.665478779003024, 3546.0 ], [ 84.023601617664099, 28.665515491738915, 3546.0 ], [ 84.023527018725872, 28.665569052100182, 3546.800000000000182 ], [ 84.023478403687477, 28.665594700723886, 3546.800000000000182 ], [ 84.023446384817362, 28.665614817291495, 3547.199999999999818 ], [ 84.023394836112857, 28.665650188922879, 3547.4 ], [ 84.023301461711526, 28.665707856416702, 3547.800000000000182 ], [ 84.023238429799676, 28.665759991854429, 3548.0 ], [ 84.023221498355269, 28.665774576365948, 3548.199999999999818 ], [ 84.023170368745923, 28.665822772309184, 3548.4 ], [ 84.023105073720217, 28.665891168639064, 3548.6 ], [ 84.023083029314876, 28.665958978235722, 3548.6 ], [ 84.023089231923223, 28.665968449786305, 3548.6 ], [ 84.023106498643756, 28.665992254391313, 3548.800000000000182 ], [ 84.023084873333573, 28.665976747870445, 3548.800000000000182 ], [ 84.02307691052556, 28.665967108681802, 3548.800000000000182 ], [ 84.023005999624729, 28.665959481149912, 3549.199999999999818 ], [ 84.022982362657785, 28.665981693193316, 3549.199999999999818 ], [ 84.022971130907536, 28.666012454777956, 3549.199999999999818 ], [ 84.022923521697521, 28.666083868592978, 3549.199999999999818 ], [ 84.022920001298189, 28.666139524430037, 3549.4 ], [ 84.022928383201361, 28.666162574663758, 3549.4 ], [ 84.022936681285501, 28.666219655424356, 3550.0 ], [ 84.022915977984667, 28.666282938793302, 3550.4 ], [ 84.022906925529242, 28.666293919086456, 3550.4 ], [ 84.022863507270813, 28.666345970705152, 3551.199999999999818 ], [ 84.022856298834085, 28.666354017332196, 3551.4 ], [ 84.022814724594355, 28.666407493874431, 3552.0 ], [ 84.022784382104874, 28.666442949324846, 3552.4 ], [ 84.022772563621402, 28.666461557149887, 3552.6 ], [ 84.022719506174326, 28.666517464444041, 3553.199999999999818 ], [ 84.022694444283843, 28.666541771963239, 3553.6 ], [ 84.022674830630422, 28.666567420586944, 3553.800000000000182 ], [ 84.022638704627752, 28.666625423356891, 3554.6 ], [ 84.022628646343946, 28.666642354801297, 3554.6 ], [ 84.02259754948318, 28.66673975251615, 3555.0 ], [ 84.022572319954634, 28.666755678132176, 3555.0 ], [ 84.022524626925588, 28.666771939024329, 3555.0 ], [ 84.022430498152971, 28.66681057959795, 3555.0 ], [ 84.022373333573341, 28.666833713650703, 3555.199999999999818 ], [ 84.022336285561323, 28.666849974542856, 3555.199999999999818 ], [ 84.022272666916251, 28.666889620944858, 3555.199999999999818 ], [ 84.022261602804065, 28.666897332295775, 3555.199999999999818 ], [ 84.022222375497222, 28.66691954433918, 3555.199999999999818 ], [ 84.022192703559995, 28.666953155770894, 3555.199999999999818 ], [ 84.022110728546977, 28.666991209611297, 3555.199999999999818 ], [ 84.022038225084543, 28.667000932618976, 3555.199999999999818 ], [ 84.021958680823445, 28.667015265673399, 3555.199999999999818 ], [ 84.021939821541309, 28.667026162147518, 3555.199999999999818 ], [ 84.021917525678873, 28.667031694203615, 3555.0 ], [ 84.0218885242939, 28.667020965367556, 3554.6 ], [ 84.021875448524952, 28.667004620656371, 3554.4 ], [ 84.021846782416105, 28.66696497425437, 3553.800000000000182 ], [ 84.021824318915606, 28.666968243196607, 3553.800000000000182 ], [ 84.02180353179574, 28.666949970647693, 3553.800000000000182 ], [ 84.021715940907598, 28.666936811059713, 3553.800000000000182 ], [ 84.021645868197083, 28.666975703090429, 3553.800000000000182 ], [ 84.021579399704933, 28.667009063065052, 3553.800000000000182 ], [ 84.021576046943665, 28.667010404169559, 3554.0 ], [ 84.021551487967372, 28.667017864063386, 3554.6 ], [ 84.021517122164369, 28.667030856013294, 3554.6 ], [ 84.021425424143672, 28.667085086926814, 3555.0 ], [ 84.021393824368715, 28.667104616761208, 3555.199999999999818 ], [ 84.021367505192757, 28.667120290920138, 3555.6 ], [ 84.021349316462874, 28.667131438851357, 3555.800000000000182 ], [ 84.021313861012459, 28.667144598439336, 3555.800000000000182 ], [ 84.0212323050946, 28.667170498520136, 3556.4 ], [ 84.021182768046856, 28.667188435792923, 3556.4 ], [ 84.021101044490933, 28.667223723605275, 3557.199999999999818 ], [ 84.021089728921652, 28.667227663099769, 3557.6 ], [ 84.020998366177082, 28.667262447997928, 3557.800000000000182 ], [ 84.020949080586433, 28.667281223461032, 3557.800000000000182 ], [ 84.020891580730677, 28.667306955903769, 3558.199999999999818 ], [ 84.020826872438192, 28.667342495173216, 3558.4 ], [ 84.020814970135689, 28.667349703609943, 3558.4 ], [ 84.020721931010485, 28.667401671409607, 3558.800000000000182 ], [ 84.020636770874262, 28.667456740513444, 3559.0 ], [ 84.020582120865583, 28.667493453249335, 3559.6 ], [ 84.02056192047894, 28.667500577867031, 3559.6 ], [ 84.020570050925016, 28.66748926229775, 3559.6 ], [ 84.020572146400809, 28.667486496269703, 3559.800000000000182 ], [ 84.020572062581778, 28.667485909536481, 3559.800000000000182 ], [ 84.020572062581778, 28.667485909536481, 3559.800000000000182 ], [ 84.020559405907989, 28.667495464906096, 3559.800000000000182 ], [ 84.020488411188126, 28.667542152106758, 3559.800000000000182 ], [ 84.020423786714673, 28.667575092986223, 3559.800000000000182 ], [ 84.020402580499649, 28.667599568143487, 3559.0 ], [ 84.020356731489301, 28.667692607268691, 3559.0 ], [ 84.02034348808229, 28.667717417702079, 3558.800000000000182 ], [ 84.020326556637883, 28.667737534269691, 3558.199999999999818 ], [ 84.020323790609837, 28.667735774070024, 3558.199999999999818 ], [ 84.020316665992141, 28.667748011648655, 3557.800000000000182 ], [ 84.02031222358346, 28.667759830132127, 3557.6 ], [ 84.020277438685298, 28.667810205370188, 3556.4 ], [ 84.020270733162761, 28.667814563959837, 3556.4 ], [ 84.020260255783796, 28.667856808751822, 3555.800000000000182 ], [ 84.020225387066603, 28.667896036058664, 3555.199999999999818 ], [ 84.020218178629875, 28.667905675247312, 3555.199999999999818 ], [ 84.020190099254251, 28.667938197031617, 3554.4 ], [ 84.020161936059594, 28.667981699109077, 3553.199999999999818 ], [ 84.020102927461267, 28.668054034933448, 3552.0 ], [ 84.020045679062605, 28.668106673285365, 3551.199999999999818 ], [ 84.020016677677631, 28.668138608336449, 3550.6 ], [ 84.019970241934061, 28.668178506195545, 3550.0 ], [ 84.019930511713028, 28.66822075098753, 3549.4 ], [ 84.01987737044692, 28.668269785121083, 3549.199999999999818 ], [ 84.019850548356771, 28.668291158974171, 3548.800000000000182 ], [ 84.01981039904058, 28.66834195330739, 3548.800000000000182 ], [ 84.019742757081985, 28.668432058766484, 3548.6 ], [ 84.019709648564458, 28.668461730703712, 3548.6 ], [ 84.019661033526063, 28.668499365448952, 3548.6 ], [ 84.019597750157118, 28.668521326035261, 3548.6 ], [ 84.019529856741428, 28.668572539463639, 3548.6 ], [ 84.019457772374153, 28.668604474514723, 3548.6 ], [ 84.019392477348447, 28.668650826439261, 3548.6 ], [ 84.01936674490571, 28.668675217777491, 3548.800000000000182 ], [ 84.01934620924294, 28.668693657964468, 3549.4 ], [ 84.019299102947116, 28.668726263567805, 3549.4 ], [ 84.019279321655631, 28.668722910806537, 3549.4 ], [ 84.019293570891023, 28.668720563873649, 3549.4 ], [ 84.019313519820571, 28.668704386800528, 3549.4 ], [ 84.019294492900372, 28.668635152280331, 3549.4 ], [ 84.019252248108387, 28.668621573597193, 3549.4 ], [ 84.019219977781177, 28.668613191694021, 3549.4 ], [ 84.019148899242282, 28.668590476736423, 3549.4 ], [ 84.019127106294036, 28.668582933023572, 3549.4 ], [ 84.019033899530768, 28.668612102046609, 3549.4 ], [ 84.018997270613909, 28.66861310787499, 3550.0 ], [ 84.018977656960487, 28.668609084561467, 3550.0 ], [ 84.018917893990874, 28.668613526970148, 3550.6 ], [ 84.018890988081694, 28.668611263856292, 3551.0 ], [ 84.018856873735785, 28.668615035712719, 3551.199999999999818 ], [ 84.018806917592883, 28.668615957722068, 3551.4 ], [ 84.018781939521432, 28.668613694608212, 3551.4 ], [ 84.018687726929784, 28.668630206957459, 3551.4 ], [ 84.018634334206581, 28.66862048394978, 3552.0 ], [ 84.018594436347485, 28.668625596910715, 3552.6 ], [ 84.018530817702413, 28.66863171570003, 3553.199999999999818 ], [ 84.018447250127792, 28.668643785640597, 3553.199999999999818 ], [ 84.018418332561851, 28.668630039319396, 3553.199999999999818 ], [ 84.018403412774205, 28.66861067712307, 3553.199999999999818 ], [ 84.018396623432636, 28.668601708486676, 3553.199999999999818 ], [ 84.018375584855676, 28.668558541685343, 3553.6 ], [ 84.018336860463023, 28.668565498664975, 3553.800000000000182 ], [ 84.01829469949007, 28.668586872518063, 3554.6 ], [ 84.018280114978552, 28.668590895831585, 3554.6 ], [ 84.018223788589239, 28.668621489778161, 3555.6 ], [ 84.018215574324131, 28.668624339625239, 3555.6 ], [ 84.018192356452346, 28.668624674901366, 3555.800000000000182 ], [ 84.018175341188908, 28.668613946065307, 3555.800000000000182 ], [ 84.018170814961195, 28.668612521141768, 3556.199999999999818 ], [ 84.018170814961195, 28.668612521141768, 3556.199999999999818 ], [ 84.018147177994251, 28.668618304654956, 3556.199999999999818 ], [ 84.018137957900763, 28.668625010177493, 3556.199999999999818 ], [ 84.018089342862368, 28.668632470071316, 3556.4 ], [ 84.018067046999931, 28.668630458414555, 3557.0 ], [ 84.018025640398264, 28.66862484253943, 3557.0 ], [ 84.018005607649684, 28.668618304654956, 3557.199999999999818 ], [ 84.017971660941839, 28.668596846982837, 3557.800000000000182 ], [ 84.017949029803276, 28.668571701273319, 3558.199999999999818 ], [ 84.017930338159204, 28.668540520593524, 3558.800000000000182 ], [ 84.01792380027473, 28.668524594977495, 3559.0 ], [ 84.017917765304446, 28.668520236387849, 3559.4 ], [ 84.017919441685081, 28.66852224804461, 3559.6 ], [ 84.017900498583913, 28.668514369055629, 3559.800000000000182 ], [ 84.017843334004283, 28.668473297730088, 3560.800000000000182 ], [ 84.017841909080744, 28.668469693511724, 3560.800000000000182 ], [ 84.017826318740845, 28.668437758460641, 3561.4 ], [ 84.017811315134168, 28.668407583609223, 3561.800000000000182 ], [ 84.017809722572565, 28.66840548813343, 3561.800000000000182 ], [ 84.017803184688091, 28.66836148314178, 3562.800000000000182 ], [ 84.017795892432332, 28.668317645788193, 3563.6 ], [ 84.017793461680412, 28.668294511735439, 3564.0 ], [ 84.017791282385588, 28.668259810656309, 3564.199999999999818 ], [ 84.017797149717808, 28.668209938332438, 3565.0 ], [ 84.017802178859711, 28.668161574751139, 3565.0 ], [ 84.017804944887757, 28.668141374364495, 3565.0 ], [ 84.017804525792599, 28.668136009946465, 3565.4 ], [ 84.017800753936172, 28.668071636930108, 3565.4 ], [ 84.017798574641347, 28.668067697435617, 3565.6 ], [ 84.017764292657375, 28.667982285842299, 3566.0 ], [ 84.017746103927493, 28.667946411296725, 3566.199999999999818 ], [ 84.017726238816977, 28.667923444882035, 3566.6 ], [ 84.017688939347863, 28.667888408526775, 3566.800000000000182 ], [ 84.01765457354486, 28.667880110442638, 3566.800000000000182 ], [ 84.017628505825996, 28.667871141806245, 3567.199999999999818 ], [ 84.017616771161556, 28.667868375778198, 3567.4 ], [ 84.017546866089106, 28.66786359809339, 3567.4 ], [ 84.017464555799961, 28.667862424626943, 3568.199999999999818 ], [ 84.01737654581666, 28.667869716882706, 3568.199999999999818 ], [ 84.017356261610985, 28.667871141806245, 3568.6 ], [ 84.017302533611655, 28.667868040502071, 3568.800000000000182 ], [ 84.017228102311492, 28.667875248938799, 3569.199999999999818 ], [ 84.017137829214334, 28.667883547022939, 3569.199999999999818 ], [ 84.017062056809664, 28.667882960289717, 3569.4 ], [ 84.017014279961586, 28.667893270030618, 3569.6 ], [ 84.016987290233374, 28.667898634448647, 3569.800000000000182 ], [ 84.016881845891476, 28.667910033836961, 3570.0 ], [ 84.016806157305837, 28.667916990816593, 3570.199999999999818 ], [ 84.016760224476457, 28.667923025786877, 3570.6 ], [ 84.016711357980967, 28.667928893119097, 3571.0 ], [ 84.016622677445412, 28.667945321649313, 3571.199999999999818 ], [ 84.01657909154892, 28.667952949181199, 3571.4 ], [ 84.016514634713531, 28.667963426560163, 3571.4 ], [ 84.01650482788682, 28.667963342741132, 3571.4 ], [ 84.016422349959612, 28.667978262528777, 3572.0 ], [ 84.016340374946594, 28.667994774878025, 3572.0 ], [ 84.016260160133243, 28.668002318590879, 3572.4 ], [ 84.016182208433747, 28.668020339682698, 3572.6 ], [ 84.016162510961294, 28.668023524805903, 3572.6 ], [ 84.016099730506539, 28.668029475957155, 3572.6 ], [ 84.016006272286177, 28.66805269382894, 3573.0 ], [ 84.015912059694529, 28.668071469292045, 3573.199999999999818 ], [ 84.015863193199039, 28.668085969984531, 3573.6 ], [ 84.015847938135266, 28.668089238926768, 3573.800000000000182 ], [ 84.015758335590363, 28.66811228916049, 3574.4 ], [ 84.015714582055807, 28.668124442920089, 3574.6 ], [ 84.015684239566326, 28.668129974976186, 3574.6 ], [ 84.015612658113241, 28.668151265010241, 3575.4 ], [ 84.015534371137619, 28.668180853128433, 3575.800000000000182 ], [ 84.015483157709241, 28.668202897533774, 3576.199999999999818 ], [ 84.015458347275853, 28.668215218931437, 3576.4 ], [ 84.015424568206072, 28.66822661831975, 3576.6 ], [ 84.015407720580697, 28.668232653290033, 3576.6 ], [ 84.015365056693554, 28.668247070163488, 3577.199999999999818 ], [ 84.015302695333958, 28.668259056285024, 3577.6 ], [ 84.015258271247149, 28.668275568634272, 3577.800000000000182 ], [ 84.015249973163009, 28.668277496472001, 3577.800000000000182 ], [ 84.015163136646152, 28.668284956365824, 3578.4 ], [ 84.015090549364686, 28.668297277763489, 3578.800000000000182 ], [ 84.015071522444487, 28.668300965800881, 3579.0 ], [ 84.015026846900582, 28.668309599161148, 3579.4 ], [ 84.014989212155342, 28.668308928608894, 3580.0 ], [ 84.014970185235143, 28.668308258056641, 3580.199999999999818 ], [ 84.014921737834811, 28.668311778455973, 3581.0 ], [ 84.014909416437149, 28.668311694636941, 3581.0 ], [ 84.014856778085232, 28.668315215036273, 3581.800000000000182 ], [ 84.01485032401979, 28.668314628303051, 3582.199999999999818 ], [ 84.014789555221796, 28.668318903073668, 3582.800000000000182 ], [ 84.014736581593752, 28.668317897245288, 3583.4 ], [ 84.014718811959028, 28.66831798106432, 3583.6 ], [ 84.014700958505273, 28.668323010206223, 3583.6 ], [ 84.014668352901936, 28.668317645788193, 3584.0 ], [ 84.014630969613791, 28.668320160359144, 3584.4 ], [ 84.014597609639168, 28.668329380452633, 3584.4 ], [ 84.014534242451191, 28.668342707678676, 3585.199999999999818 ], [ 84.014487555250525, 28.66835025139153, 3585.4 ], [ 84.01446090079844, 28.668353520333767, 3585.6 ], [ 84.014400132000446, 28.668368188664317, 3586.199999999999818 ], [ 84.014400132000446, 28.668363578617573, 3586.4 ], [ 84.014400383457541, 28.668366344645619, 3586.800000000000182 ], [ 84.014403568580747, 28.668369445949793, 3586.800000000000182 ], [ 84.014402227476239, 28.668365590274338, 3586.800000000000182 ], [ 84.014402814209461, 28.668367518112063, 3587.0 ], [ 84.014391750097275, 28.668374642729759, 3587.0 ], [ 84.014344895258546, 28.668385455384851, 3587.4 ], [ 84.01430650614202, 28.668398028239608, 3587.800000000000182 ], [ 84.01425420306623, 28.668408002704385, 3588.199999999999818 ], [ 84.014191590249538, 28.668424431234602, 3588.199999999999818 ], [ 84.014186477288604, 28.668426442891359, 3588.6 ], [ 84.014137946069241, 28.668453600257635, 3588.800000000000182 ], [ 84.014086648821831, 28.668484194204211, 3589.199999999999818 ], [ 84.014030573889613, 28.66851445287466, 3589.6 ], [ 84.014011966064572, 28.668524846434593, 3589.6 ], [ 84.013950526714325, 28.668551668524746, 3590.199999999999818 ], [ 84.013902666047215, 28.6685711145401, 3590.6 ], [ 84.013883220031857, 28.668578239157796, 3591.0 ], [ 84.013809794560075, 28.668617131188512, 3591.4 ], [ 84.013809375464916, 28.668616879731417, 3591.6 ], [ 84.013805771246552, 28.668613359332085, 3591.800000000000182 ], [ 84.013805771246552, 28.668613359332085, 3591.800000000000182 ], [ 84.013805771246552, 28.668613359332085, 3591.800000000000182 ], [ 84.013805771246552, 28.668613359332085, 3591.800000000000182 ], [ 84.013801580294967, 28.668604474514723, 3592.0 ], [ 84.013797473162413, 28.668606989085671, 3592.0 ], [ 84.01378221809864, 28.668616125360131, 3592.4 ], [ 84.013773752376437, 28.668616460636255, 3592.6 ], [ 84.013773752376437, 28.668616460636255, 3592.6 ], [ 84.013773752376437, 28.668616460636255, 3592.6 ], [ 84.013773752376437, 28.668616460636255, 3592.6 ], [ 84.013773752376437, 28.668616460636255, 3592.6 ], [ 84.01375237852335, 28.668624507263303, 3592.6 ], [ 84.013773165643215, 28.668613443151116, 3592.6 ], [ 84.013785067945719, 28.66859877482057, 3592.6 ], [ 84.013784984126687, 28.66859877482057, 3592.6 ], [ 84.013771573081613, 28.668577652424577, 3592.6 ], [ 84.013768220320344, 28.66858184337616, 3592.6 ], [ 84.013768220320344, 28.66858184337616, 3592.6 ], [ 84.013743326067924, 28.668605061247945, 3592.6 ], [ 84.013730837032199, 28.668622830882668, 3592.6 ], [ 84.013726310804486, 28.668628614395857, 3593.0 ], [ 84.013718264177442, 28.668658956885334, 3593.0 ], [ 84.013674594461918, 28.668726263567805, 3593.0 ], [ 84.013635199517012, 28.668774208053943, 3593.4 ], [ 84.013597397133708, 28.668826930224895, 3594.0 ], [ 84.013591781258583, 28.668837994337078, 3594.199999999999818 ], [ 84.013552637770772, 28.668882502242923, 3594.800000000000182 ], [ 84.013515673577785, 28.66891167126596, 3595.0 ], [ 84.013497736304998, 28.668925249949098, 3595.199999999999818 ], [ 84.013482900336385, 28.668938241899017, 3595.6 ], [ 84.01345381513238, 28.668965650722384, 3596.399999999999636 ], [ 84.013428753241897, 28.668991047888991, 3596.399999999999636 ], [ 84.013382233679295, 28.669051649048924, 3596.800000000000182 ], [ 84.013339150696993, 28.669117446988821, 3596.800000000000182 ], [ 84.01333412155509, 28.669125912711024, 3596.800000000000182 ], [ 84.013277711346745, 28.669198332354423, 3596.800000000000182 ], [ 84.01322758756578, 28.66926203481853, 3596.800000000000182 ], [ 84.013198669999838, 28.669331856071949, 3596.800000000000182 ], [ 84.013192048296332, 28.669340070337057, 3596.800000000000182 ], [ 84.013116024434566, 28.669422380626202, 3596.800000000000182 ], [ 84.01304829865694, 28.669495051726699, 3596.600000000000364 ], [ 84.01296665892005, 28.669563950970769, 3596.600000000000364 ], [ 84.01291343383491, 28.669601501896977, 3596.600000000000364 ], [ 84.012893987819552, 28.669616254046559, 3596.600000000000364 ], [ 84.012805558741093, 28.66966906003654, 3596.600000000000364 ], [ 84.012721320614219, 28.66970325820148, 3596.600000000000364 ], [ 84.012645883485675, 28.669726476073265, 3596.600000000000364 ], [ 84.012622162699699, 28.669731086120009, 3596.600000000000364 ], [ 84.012515125796199, 28.669749777764078, 3596.600000000000364 ], [ 84.012387217953801, 28.669773917645216, 3596.600000000000364 ], [ 84.012302476912737, 28.669786993414164, 3596.800000000000182 ], [ 84.012197200208902, 28.669785149395462, 3596.800000000000182 ], [ 84.012086139991879, 28.669808451086283, 3596.800000000000182 ], [ 84.011982036754489, 28.66986888460815, 3596.800000000000182 ], [ 84.011939959600568, 28.669902076944709, 3596.800000000000182 ], [ 84.011903079226613, 28.669922444969416, 3596.800000000000182 ], [ 84.011834347620606, 28.669959912076592, 3596.800000000000182 ], [ 84.011773495003581, 28.670003078877929, 3596.600000000000364 ], [ 84.011695375666022, 28.670074492692947, 3596.600000000000364 ], [ 84.011635445058346, 28.670150935649872, 3596.399999999999636 ], [ 84.01158238761127, 28.670218996703625, 3596.399999999999636 ], [ 84.011535700410604, 28.670292338356376, 3596.399999999999636 ], [ 84.011488342657685, 28.670344725251201, 3596.399999999999636 ], [ 84.011427238583565, 28.67040834389627, 3596.399999999999636 ], [ 84.011363368481398, 28.670495515689257, 3596.399999999999636 ], [ 84.011286338791251, 28.670548740774393, 3596.399999999999636 ], [ 84.011197322979569, 28.670577574521303, 3596.600000000000364 ], [ 84.011100428178906, 28.670584363862872, 3596.800000000000182 ], [ 84.010989116504788, 28.670567013323307, 3597.399999999999636 ], [ 84.010934215039015, 28.670541197061539, 3597.399999999999636 ], [ 84.010881325230002, 28.67051538079977, 3597.800000000000182 ], [ 84.010787028819323, 28.670469028875232, 3598.399999999999636 ], [ 84.010765235871077, 28.670460982248187, 3598.399999999999636 ], [ 84.010701952502131, 28.67043541744351, 3598.399999999999636 ], [ 84.010612266138196, 28.670405577868223, 3598.800000000000182 ], [ 84.010505313053727, 28.670376157388091, 3599.0 ], [ 84.010441862046719, 28.670368026942015, 3599.600000000000364 ], [ 84.01038721203804, 28.670377833768725, 3599.600000000000364 ], [ 84.010290652513504, 28.670389903709292, 3599.600000000000364 ], [ 84.010198870673776, 28.670416306704283, 3600.199999999999818 ], [ 84.010117314755917, 28.670439692214131, 3600.399999999999636 ], [ 84.010023521259427, 28.670452851802111, 3600.600000000000364 ], [ 84.009999465197325, 28.670455031096935, 3600.600000000000364 ], [ 84.009904330596328, 28.670469783246517, 3601.0 ], [ 84.009816404432058, 28.67048847489059, 3601.399999999999636 ], [ 84.009802574291825, 28.670490821823481, 3601.399999999999636 ], [ 84.009776255115867, 28.670497108250856, 3601.800000000000182 ], [ 84.009728562086821, 28.670503562316298, 3601.800000000000182 ], [ 84.009675001725554, 28.6705207452178, 3602.199999999999818 ], [ 84.009652202948928, 28.670528372749686, 3602.600000000000364 ], [ 84.009592104703188, 28.670552428811789, 3602.800000000000182 ], [ 84.009572742506862, 28.670563995838165, 3603.0 ], [ 84.009501244872808, 28.670607497915626, 3603.0 ], [ 84.009402841329575, 28.670655777677897, 3603.0 ], [ 84.00929949246347, 28.670675726607438, 3603.0 ], [ 84.009205028414726, 28.670669691637158, 3603.0 ], [ 84.009192790836096, 28.67066734470427, 3603.0 ], [ 84.009160688146949, 28.670664494857192, 3603.0 ], [ 84.009077288210392, 28.670655358582735, 3602.800000000000182 ], [ 84.00895407423377, 28.670651167631149, 3601.800000000000182 ], [ 84.008939657360315, 28.67065167054534, 3601.800000000000182 ], [ 84.008807139471173, 28.670676732435822, 3600.800000000000182 ], [ 84.008799009025097, 28.670681845396757, 3600.800000000000182 ], [ 84.008734552189708, 28.670706069096923, 3599.800000000000182 ], [ 84.008699767291546, 28.670721827074885, 3599.399999999999636 ], [ 84.008651822805405, 28.670743368566036, 3598.800000000000182 ], [ 84.008578648790717, 28.67077044211328, 3597.800000000000182 ], [ 84.008567919954658, 28.670773208141327, 3597.800000000000182 ], [ 84.00844638235867, 28.670795923098922, 3597.0 ], [ 84.008416458964348, 28.67079927586019, 3596.600000000000364 ], [ 84.008292490616441, 28.670811345800757, 3595.800000000000182 ], [ 84.008260387927294, 28.670811429619789, 3595.6 ], [ 84.008154608309269, 28.670813022181392, 3594.6 ], [ 84.008018989115953, 28.670810088515282, 3593.4 ], [ 84.007941205054522, 28.670819643884897, 3592.4 ], [ 84.007863672450185, 28.670836240053177, 3591.6 ], [ 84.007839867845178, 28.670843783766031, 3591.4 ], [ 84.007745403796434, 28.670880328863859, 3590.4 ], [ 84.00773249566555, 28.670884855091572, 3590.199999999999818 ], [ 84.00759126059711, 28.670915951952335, 3589.199999999999818 ], [ 84.007577765733004, 28.670919975265861, 3589.199999999999818 ], [ 84.007552033290267, 28.67092676460743, 3589.0 ], [ 84.007464442402124, 28.670944785699248, 3588.199999999999818 ], [ 84.007441559806466, 28.670949060469862, 3588.199999999999818 ], [ 84.007401159033179, 28.670960962772369, 3587.800000000000182 ], [ 84.007307700812817, 28.670976720750332, 3587.0 ], [ 84.007267467677593, 28.670974625274539, 3587.0 ], [ 84.007150707766414, 28.670960878953338, 3586.0 ], [ 84.007108546793461, 28.670955011621121, 3585.6 ], [ 84.007026068866253, 28.67094243876636, 3585.199999999999818 ], [ 84.007014418020844, 28.670936403796077, 3585.0 ], [ 84.006936550140381, 28.670934978872538, 3584.199999999999818 ], [ 84.00688860565424, 28.670941013842821, 3584.0 ], [ 84.006802858784795, 28.670961381867528, 3583.0 ], [ 84.00676597841084, 28.670971021056175, 3582.800000000000182 ], [ 84.006643015891314, 28.670986862853169, 3581.800000000000182 ], [ 84.006521897390485, 28.670973284170032, 3581.800000000000182 ], [ 84.006484681740403, 28.670962220057845, 3581.6 ], [ 84.006396336480975, 28.67092676460743, 3581.199999999999818 ], [ 84.006288712844253, 28.670879909768701, 3581.0 ], [ 84.006276139989495, 28.670875132083893, 3580.800000000000182 ], [ 84.006218975409865, 28.670854680240151, 3580.800000000000182 ], [ 84.006081093102694, 28.670823080465201, 3580.0 ], [ 84.0060427878052, 28.670820817351341, 3579.800000000000182 ], [ 84.005948575213552, 28.67082056589425, 3579.4 ], [ 84.005891913548112, 28.670825595036149, 3578.800000000000182 ], [ 84.00585419498384, 28.670825092121959, 3578.6 ], [ 84.005686556920409, 28.670830875635147, 3578.4 ], [ 84.005559822544456, 28.67083121091127, 3577.6 ], [ 84.005406349897385, 28.670820482075214, 3576.6 ], [ 84.005394196137786, 28.670820984989405, 3576.6 ], [ 84.005272993817925, 28.670836491510272, 3575.4 ], [ 84.005146091803908, 28.670846046879888, 3574.4 ], [ 84.005065457895398, 28.670869097113609, 3573.6 ], [ 84.005054058507085, 28.670871611684561, 3573.6 ], [ 84.005031511187553, 28.670884435996413, 3573.199999999999818 ], [ 84.004965713247657, 28.670900026336312, 3573.199999999999818 ], [ 84.004900334402919, 28.670940846204761, 3573.199999999999818 ], [ 84.004827411845326, 28.670976720750332, 3573.199999999999818 ], [ 84.004754573106766, 28.671003542840481, 3573.0 ], [ 84.004710735753179, 28.671026593074203, 3572.6 ], [ 84.004688020795584, 28.6710474640131, 3572.0 ], [ 84.004680225625634, 28.671055929735303, 3571.4 ], [ 84.004655499011278, 28.671073280274868, 3570.6 ], [ 84.004602693021297, 28.671093145385385, 3569.800000000000182 ], [ 84.004576290026307, 28.671102449297905, 3569.4 ], [ 84.004529602825642, 28.671120135113597, 3568.800000000000182 ], [ 84.004451986402273, 28.671128181740642, 3567.800000000000182 ], [ 84.004437569528818, 28.671130277216431, 3567.6 ], [ 84.004317792132497, 28.671134803444147, 3566.6 ], [ 84.004292897880077, 28.671138072386384, 3566.0 ], [ 84.004258280619979, 28.671144610270854, 3565.4 ], [ 84.004195583984256, 28.671152908355001, 3565.4 ], [ 84.004127942025661, 28.671147376298904, 3565.4 ], [ 84.004086283966899, 28.671145448461175, 3565.4 ], [ 84.003989137709141, 28.671137318015099, 3565.4 ], [ 84.003925267606974, 28.671127175912261, 3565.4 ], [ 84.003878748044372, 28.671124996617436, 3565.4 ], [ 84.003843292593956, 28.671116111800075, 3565.4 ], [ 84.003791408613324, 28.671092474833131, 3566.6 ], [ 84.003753941506147, 28.671077722683549, 3566.6 ], [ 84.003733238205314, 28.671070681884885, 3566.6 ], [ 84.003692418336868, 28.67106213234365, 3566.800000000000182 ], [ 84.003645228222013, 28.671064311638471, 3566.800000000000182 ], [ 84.003590075299144, 28.671080991625782, 3566.800000000000182 ], [ 84.003586806356907, 28.67108752951026, 3566.800000000000182 ], [ 84.003591500222683, 28.671085685491558, 3566.800000000000182 ], [ 84.003592422232032, 28.671086020767689, 3566.800000000000182 ], [ 84.003592422232032, 28.671086020767689, 3566.6 ], [ 84.00358990766108, 28.671086607500911, 3566.199999999999818 ], [ 84.003565600141883, 28.67109507322311, 3566.199999999999818 ], [ 84.003546992316842, 28.671101108193401, 3566.199999999999818 ], [ 84.003482786938548, 28.671104377135631, 3565.4 ], [ 84.003453031182289, 28.671105299144983, 3565.4 ], [ 84.003379438072443, 28.671151651069518, 3565.4 ], [ 84.003291092813015, 28.67116816341877, 3565.4 ], [ 84.00320291519165, 28.671162044629455, 3565.4 ], [ 84.003135776147246, 28.671190207824111, 3565.4 ], [ 84.003060758113861, 28.671224405989051, 3565.6 ], [ 84.00300795212388, 28.671258520334959, 3566.199999999999818 ], [ 84.002950619906187, 28.671288443729281, 3567.4 ], [ 84.002924133092165, 28.671324402093887, 3568.0 ], [ 84.002920361235738, 28.671333119273186, 3568.199999999999818 ], [ 84.00291315279901, 28.671337058767676, 3568.199999999999818 ], [ 84.002867722883821, 28.671358181163669, 3568.800000000000182 ], [ 84.002845175564289, 28.671368239447471, 3568.800000000000182 ], [ 84.002758841961622, 28.671387434005737, 3568.800000000000182 ], [ 84.00266345590353, 28.671391373500228, 3568.800000000000182 ], [ 84.002569327130914, 28.671352816745639, 3568.800000000000182 ], [ 84.002500930801034, 28.671365976333615, 3568.800000000000182 ], [ 84.002426750957966, 28.671420123428103, 3568.6 ], [ 84.002415016293526, 28.671426074579362, 3568.199999999999818 ], [ 84.002329269424081, 28.671449879184365, 3568.199999999999818 ], [ 84.002236146479845, 28.671448202803731, 3568.199999999999818 ], [ 84.002167163416743, 28.671421799808741, 3568.199999999999818 ], [ 84.002147298306227, 28.671406209468842, 3568.199999999999818 ], [ 84.002056522294879, 28.671360025182366, 3568.199999999999818 ], [ 84.002025509253144, 28.67134359665215, 3569.4 ], [ 84.001998603343964, 28.671330939978361, 3570.0 ], [ 84.001958537846804, 28.671325324103236, 3570.6 ], [ 84.001936241984367, 28.671325240284204, 3570.6 ], [ 84.001928027719259, 28.671328173950315, 3570.6 ], [ 84.001963399350643, 28.671311158686876, 3570.6 ], [ 84.001962477341294, 28.671309733763337, 3570.6 ], [ 84.001962644979358, 28.671309566125274, 3570.6 ], [ 84.001933727413416, 28.671266064047813, 3570.4 ], [ 84.001925010234118, 28.671243684366345, 3569.4 ], [ 84.001903887838125, 28.671187357977033, 3569.4 ], [ 84.001898020505905, 28.671174449846148, 3569.4 ], [ 84.001887207850814, 28.671139748767018, 3568.199999999999818 ], [ 84.001875054091215, 28.671112339943647, 3567.800000000000182 ], [ 84.001860888674855, 28.671074621379375, 3567.800000000000182 ], [ 84.001830546185374, 28.670991724357009, 3567.800000000000182 ], [ 84.001826690509915, 28.670978816226125, 3567.800000000000182 ], [ 84.001788636669517, 28.670849986374375, 3567.800000000000182 ], [ 84.001749409362674, 28.670756947249178, 3567.800000000000182 ], [ 84.001738848164678, 28.670717468485236, 3568.199999999999818 ], [ 84.001725856214762, 28.670689724385738, 3568.199999999999818 ], [ 84.001723760738969, 28.670680755749345, 3569.199999999999818 ], [ 84.001715211197734, 28.670685868710279, 3569.4 ], [ 84.001710014417768, 28.670692574232817, 3569.6 ], [ 84.001709343865514, 28.670700369402766, 3569.6 ], [ 84.00170230306685, 28.670700956135988, 3569.800000000000182 ], [ 84.001693334430456, 28.670703638345003, 3569.800000000000182 ], [ 84.001709343865514, 28.670700369402766, 3570.0 ], [ 84.001710684970021, 28.670702632516623, 3570.0 ], [ 84.001702051609755, 28.670706655830145, 3570.199999999999818 ], [ 84.001678666099906, 28.670717133209109, 3570.199999999999818 ], [ 84.001671122387052, 28.670720653608441, 3570.4 ], [ 84.001658214256167, 28.67072056978941, 3571.199999999999818 ], [ 84.001643629744649, 28.670710846781731, 3571.4 ], [ 84.001635834574699, 28.67071277461946, 3572.0 ], [ 84.001624686643481, 28.670712942257524, 3572.6 ], [ 84.001611191779375, 28.670706488192081, 3573.199999999999818 ], [ 84.001604150980711, 28.670691484585404, 3573.199999999999818 ], [ 84.001606246456504, 28.670689640566707, 3573.199999999999818 ], [ 84.001596355810761, 28.670682599768043, 3573.800000000000182 ], [ 84.001559726893902, 28.670666757971048, 3574.4 ], [ 84.001550003886223, 28.670665081590418, 3574.6 ], [ 84.001515051349998, 28.670668099075556, 3575.6 ], [ 84.001503735780716, 28.670668182894588, 3575.800000000000182 ], [ 84.001488564535975, 28.670665835961699, 3576.4 ], [ 84.001474902033806, 28.670666255056855, 3576.6 ], [ 84.001469034701586, 28.67067027837038, 3576.6 ], [ 84.001470459625125, 28.670673631131649, 3576.6 ], [ 84.001459898427129, 28.670679749920964, 3577.6 ], [ 84.001449756324291, 28.67068100720644, 3577.800000000000182 ], [ 84.001440452411771, 28.67067513987422, 3578.6 ], [ 84.001424359157681, 28.670664662495255, 3579.0 ], [ 84.001388065516949, 28.670650916174058, 3579.800000000000182 ], [ 84.001376247033477, 28.670656029134989, 3580.0 ], [ 84.00135244242847, 28.670668350532651, 3580.4 ], [ 84.001342635601759, 28.670667177066207, 3581.0 ], [ 84.001304833218455, 28.670655274763703, 3581.800000000000182 ], [ 84.001307599246502, 28.670645384117961, 3582.199999999999818 ], [ 84.001315394416451, 28.670637086033821, 3582.4 ], [ 84.001301899552345, 28.670628368854523, 3583.0 ], [ 84.001292008906603, 28.670622250065207, 3583.4 ], [ 84.001273484900594, 28.670615376904607, 3584.199999999999818 ], [ 84.001273484900594, 28.670615376904607, 3584.4 ], [ 84.001241885125637, 28.670603977516297, 3584.4 ], [ 84.001241466030478, 28.670604145154357, 3584.4 ], [ 84.001231743022799, 28.670601546764377, 3585.199999999999818 ], [ 84.001220343634486, 28.670596266165376, 3585.4 ], [ 84.001215901225805, 28.670595679432154, 3586.0 ], [ 84.001209111884236, 28.670591153204441, 3586.6 ], [ 84.001209111884236, 28.670591153204441, 3586.800000000000182 ], [ 84.001189162954688, 28.670577323064208, 3587.0 ], [ 84.001169968396425, 28.670558715239167, 3587.0 ], [ 84.001127053052187, 28.670555362477899, 3587.0 ], [ 84.001110708341002, 28.670564163476229, 3587.6 ], [ 84.001098973676562, 28.670565253123641, 3587.800000000000182 ], [ 84.001080198213458, 28.670554859563708, 3588.6 ], [ 84.001073492690921, 28.670554189011455, 3588.800000000000182 ], [ 84.001064607873559, 28.670556452125311, 3588.800000000000182 ], [ 84.001029236242175, 28.670554021373391, 3589.4 ], [ 84.001001240685582, 28.670549159869552, 3589.800000000000182 ], [ 84.000988081097603, 28.670544549822807, 3590.199999999999818 ], [ 84.000956732779741, 28.670541867613792, 3590.800000000000182 ], [ 84.000950865447521, 28.670541699975729, 3590.800000000000182 ], [ 84.000930413603783, 28.670549495145679, 3591.4 ], [ 84.000905686989427, 28.670561062172055, 3591.800000000000182 ], [ 84.000896383076906, 28.670567432418466, 3591.800000000000182 ], [ 84.000889845192432, 28.670575059950352, 3592.0 ], [ 84.000856233760715, 28.670558128505945, 3592.6 ], [ 84.000836368650198, 28.670548489317294, 3593.0 ], [ 84.000837123021483, 28.670546310022473, 3593.0 ], [ 84.000798063352704, 28.670540442690253, 3593.4 ], [ 84.000761434435844, 28.670544801279902, 3594.0 ], [ 84.000753303989768, 28.670550081878901, 3594.199999999999818 ], [ 84.000717429444194, 28.670576568692923, 3595.0 ], [ 84.000689098611474, 28.670571204274893, 3595.800000000000182 ], [ 84.000665545463562, 28.670570868998769, 3596.0 ], [ 84.000639226287603, 28.670573635026813, 3596.399999999999636 ], [ 84.000612990930676, 28.670582100749016, 3596.800000000000182 ], [ 84.000605950132012, 28.670582268387079, 3597.199999999999818 ], [ 84.000590862706304, 28.670582855120301, 3597.399999999999636 ], [ 84.000565549358726, 28.670593416318297, 3598.199999999999818 ], [ 84.000563118606806, 28.670594338327646, 3598.199999999999818 ], [ 84.000517437234521, 28.670599870383739, 3598.800000000000182 ], [ 84.000494387000799, 28.670593835413456, 3599.199999999999818 ], [ 84.000492542982101, 28.670589728280905, 3599.199999999999818 ], [ 84.00045583024621, 28.670593332499266, 3599.800000000000182 ], [ 84.000430349260569, 28.670605821534991, 3600.199999999999818 ], [ 84.000422721728683, 28.67061160504818, 3600.399999999999636 ], [ 84.00041626766324, 28.670614622533321, 3600.600000000000364 ], [ 84.000387601554394, 28.670623674988747, 3601.199999999999818 ], [ 84.000379638746381, 28.670626105740663, 3601.399999999999636 ], [ 84.000365389510989, 28.670631302520633, 3602.0 ], [ 84.000342087820172, 28.670637756586075, 3602.399999999999636 ], [ 84.000337226316333, 28.67063851095736, 3602.399999999999636 ], [ 84.000288527458906, 28.670639935880899, 3603.4 ], [ 84.000265141949058, 28.670644797384739, 3603.4 ], [ 84.000247372314334, 28.670650916174058, 3603.800000000000182 ], [ 84.00023253634572, 28.670663069933653, 3604.0 ], [ 84.000213844701648, 28.670676816254858, 3604.4 ], [ 84.000201439484954, 28.67069617845118, 3604.800000000000182 ], [ 84.000184591859579, 28.670698022469882, 3605.6 ], [ 84.000182580202818, 28.670704057440162, 3605.800000000000182 ], [ 84.000157350674272, 28.670719480141997, 3606.4 ], [ 84.000148130580783, 28.670723419636488, 3606.6 ], [ 84.000133546069264, 28.670725682750344, 3607.199999999999818 ], [ 84.000100689008832, 28.67073280736804, 3607.800000000000182 ], [ 84.000093983486295, 28.670730795711279, 3608.0 ], [ 84.000053163617849, 28.67073867470026, 3608.800000000000182 ], [ 84.000048134475946, 28.670742530375719, 3609.199999999999818 ], [ 84.000015361234546, 28.67075233720243, 3609.800000000000182 ], [ 84.000006476417184, 28.670755103230476, 3609.800000000000182 ], [ 83.999993149191141, 28.67075627669692, 3610.199999999999818 ], [ 83.999941600486636, 28.670754013583064, 3611.0 ], [ 83.999908240512013, 28.67075577378273, 3611.800000000000182 ], [ 83.999903630465269, 28.67076063528657, 3612.0 ], [ 83.999887034296989, 28.670771867036819, 3612.6 ], [ 83.999867336824536, 28.670784858986735, 3613.0 ], [ 83.999858452007174, 28.670791229233146, 3613.4 ], [ 83.999838083982468, 28.67080363444984, 3614.0 ], [ 83.999830707907677, 28.670805059373379, 3614.199999999999818 ], [ 83.999813860282302, 28.670809585601091, 3615.0 ], [ 83.999802796170115, 28.670815285295248, 3615.199999999999818 ], [ 83.999771028757095, 28.670821655541658, 3615.6 ], [ 83.999736495316029, 28.67082417011261, 3616.0 ], [ 83.999718138948083, 28.670826684683561, 3616.199999999999818 ], [ 83.999694082885981, 28.670817632228136, 3617.0 ], [ 83.999646808952093, 28.670806903392076, 3617.199999999999818 ], [ 83.99964370764792, 28.670805646106601, 3617.4 ], [ 83.999606827273965, 28.670785948634148, 3618.0 ], [ 83.999561816453934, 28.670775890350345, 3618.4 ], [ 83.999556703492999, 28.670774130150676, 3618.6 ], [ 83.999507753178477, 28.670758455991745, 3619.4 ], [ 83.999499203637242, 28.670754935592413, 3619.4 ], [ 83.999471459537745, 28.670754181221128, 3620.0 ], [ 83.99944731965661, 28.670749571174383, 3620.6 ], [ 83.99942334741354, 28.670737585052848, 3621.199999999999818 ], [ 83.999393843114376, 28.670733142644167, 3621.6 ], [ 83.999374145641923, 28.670728867873549, 3622.0 ], [ 83.999350257217884, 28.670720821246505, 3623.0 ], [ 83.999318238347769, 28.670707913115621, 3623.800000000000182 ], [ 83.999309940263629, 28.670704727992415, 3624.0 ], [ 83.999284291639924, 28.670699028298259, 3624.6 ], [ 83.999267779290676, 28.670697687193751, 3625.0 ], [ 83.999253278598189, 28.670694418251511, 3625.199999999999818 ], [ 83.999226037412882, 28.670677067711949, 3626.199999999999818 ], [ 83.999195611104369, 28.670669440180063, 3627.0 ], [ 83.9991888217628, 28.670663153752685, 3627.199999999999818 ], [ 83.999164765700698, 28.67064580321312, 3628.0 ], [ 83.999156719073653, 28.670643204823136, 3628.199999999999818 ], [ 83.999133752658963, 28.670651251450181, 3628.800000000000182 ], [ 83.999112211167812, 28.670651502907276, 3629.4 ], [ 83.999113887548447, 28.670651502907276, 3629.6 ], [ 83.999093770980835, 28.670661058276892, 3630.199999999999818 ], [ 83.999086227267981, 28.670667679980397, 3630.4 ], [ 83.999071642756462, 28.670682851225138, 3631.0 ], [ 83.999064350500703, 28.670700117945671, 3631.6 ], [ 83.999067032709718, 28.670704811811447, 3631.800000000000182 ], [ 83.999053370207548, 28.670719899237156, 3632.199999999999818 ], [ 83.999038618057966, 28.670729789882898, 3632.6 ], [ 83.999025709927082, 28.670738507062197, 3633.0 ], [ 83.999019591137767, 28.670746302232143, 3633.6 ], [ 83.999017244204879, 28.670751750469208, 3633.800000000000182 ], [ 83.999003078788519, 28.670764658600092, 3634.4 ], [ 83.998988242819905, 28.670778404921293, 3634.800000000000182 ], [ 83.9989816211164, 28.670786703005433, 3635.0 ], [ 83.998958822339773, 28.670799024403095, 3635.6 ], [ 83.998955385759473, 28.670799946412444, 3635.800000000000182 ], [ 83.998918421566486, 28.670808579772711, 3636.4 ], [ 83.998904339969158, 28.670808663591743, 3636.800000000000182 ], [ 83.998884307220578, 28.670807490125299, 3637.199999999999818 ], [ 83.998858239501715, 28.670818470418453, 3637.800000000000182 ], [ 83.998847007751465, 28.670824337750673, 3638.4 ], [ 83.998829908668995, 28.67083540186286, 3638.800000000000182 ], [ 83.998806942254305, 28.670845292508599, 3639.0 ], [ 83.998771067708731, 28.670851159840826, 3640.0 ], [ 83.99876126088202, 28.670851327478889, 3640.199999999999818 ], [ 83.998715747147799, 28.670846549794081, 3640.4 ], [ 83.99872169829905, 28.670843951404095, 3641.0 ], [ 83.998717004433274, 28.670843197032809, 3641.199999999999818 ], [ 83.998698312789202, 28.670830121263862, 3641.199999999999818 ], [ 83.998676855117083, 28.670828780159351, 3641.199999999999818 ], [ 83.998608626425266, 28.670829953625798, 3642.0 ], [ 83.998593790456653, 28.670829953625798, 3642.4 ], [ 83.998587001115084, 28.67083297111094, 3642.6 ], [ 83.998581133782864, 28.670843113213778, 3642.800000000000182 ], [ 83.998581133782864, 28.670843113213778, 3642.800000000000182 ], [ 83.998575434088707, 28.670841101557016, 3642.800000000000182 ], [ 83.998569063842297, 28.670824337750673, 3642.800000000000182 ], [ 83.998570740222931, 28.670826768502593, 3642.800000000000182 ], [ 83.998573841527104, 28.670840514823791, 3642.6 ], [ 83.998527238145471, 28.670856608077884, 3642.6 ], [ 83.998440401628613, 28.670857027173039, 3641.800000000000182 ], [ 83.998404191806912, 28.670856356620789, 3641.4 ], [ 83.998329676687717, 28.670862223953009, 3641.4 ], [ 83.998238397762179, 28.670872198417783, 3641.4 ], [ 83.998119793832302, 28.670885693281889, 3641.199999999999818 ], [ 83.998050140216947, 28.6709023732692, 3641.199999999999818 ], [ 83.998040249571204, 28.670898769050837, 3641.199999999999818 ], [ 83.997939918190241, 28.670876724645495, 3641.4 ], [ 83.997876551002264, 28.67085887119174, 3641.4 ], [ 83.997803209349513, 28.670885609462857, 3641.4 ], [ 83.997762808576226, 28.670883849263191, 3642.199999999999818 ], [ 83.997758533805609, 28.670880831778049, 3642.4 ], [ 83.997728610411286, 28.670873204246163, 3643.4 ], [ 83.997694160789251, 28.670887034386396, 3644.199999999999818 ], [ 83.99767748080194, 28.670887956395745, 3644.4 ], [ 83.997658453881741, 28.670888459309936, 3644.800000000000182 ], [ 83.997591314837337, 28.670879742130637, 3645.6 ], [ 83.997530965134501, 28.670874545350671, 3646.0 ], [ 83.997505316510797, 28.670870186761022, 3646.4 ], [ 83.997501209378242, 28.67087060585618, 3646.4 ], [ 83.997493414208293, 28.670870270580053, 3646.6 ], [ 83.997455360367894, 28.670877646654844, 3647.6 ], [ 83.997421162202954, 28.6708955001086, 3648.199999999999818 ], [ 83.997402302920818, 28.67091067135334, 3648.6 ], [ 83.997390484437346, 28.670920561999083, 3649.0 ], [ 83.997360309585929, 28.670938666909933, 3649.4 ], [ 83.997322507202625, 28.670963561162353, 3649.800000000000182 ], [ 83.997308174148202, 28.670971523970369, 3650.0 ], [ 83.997257044538856, 28.671004716306925, 3650.800000000000182 ], [ 83.997202478349209, 28.671036399900913, 3651.4 ], [ 83.997148750349879, 28.671067245304585, 3651.6 ], [ 83.997121341526508, 28.671072442084551, 3651.800000000000182 ], [ 83.997103655710816, 28.671080907806751, 3652.199999999999818 ], [ 83.997077504172921, 28.671093480661511, 3652.800000000000182 ], [ 83.997064176946878, 28.671100186184049, 3653.0 ], [ 83.997015729546547, 28.67111342959106, 3653.6 ], [ 83.996929228305817, 28.671140586957335, 3653.800000000000182 ], [ 83.996921014040709, 28.671143855899572, 3653.800000000000182 ], [ 83.996851863339543, 28.671187441796064, 3654.0 ], [ 83.996783634647727, 28.67124116979539, 3654.4 ], [ 83.996764356270432, 28.671261454001069, 3655.0 ], [ 83.996742144227028, 28.671275870874524, 3655.0 ], [ 83.996690846979618, 28.671314595267177, 3655.0 ], [ 83.996623959392309, 28.671362539753321, 3655.199999999999818 ], [ 83.996583055704832, 28.671395732089877, 3655.199999999999818 ], [ 83.996507031843066, 28.671440239995722, 3655.6 ], [ 83.996490351855755, 28.671453818678856, 3656.199999999999818 ], [ 83.996469229459763, 28.671468989923596, 3657.199999999999818 ], [ 83.996442407369614, 28.67148919031024, 3657.4 ], [ 83.996391864493489, 28.671527663245797, 3657.6 ], [ 83.996321707963943, 28.671561190858483, 3658.0 ], [ 83.99628390558064, 28.67157862521708, 3658.4 ], [ 83.996260352432728, 28.671584744006395, 3658.800000000000182 ], [ 83.996224645525217, 28.671598993241787, 3659.199999999999818 ], [ 83.996219700202346, 28.671602765098218, 3659.6 ], [ 83.996193883940578, 28.671609470620751, 3659.6 ], [ 83.996196230873466, 28.671607123687863, 3659.800000000000182 ], [ 83.996196230873466, 28.671607123687863, 3660.4 ], [ 83.996169157326221, 28.671615002676845, 3660.800000000000182 ], [ 83.996149459853768, 28.67162061855197, 3660.800000000000182 ], [ 83.996090115979314, 28.671643165871501, 3660.800000000000182 ], [ 83.996085254475474, 28.671641321852803, 3661.0 ], [ 83.996087936684489, 28.671640316024423, 3661.0 ], [ 83.996066814288497, 28.671642914414409, 3661.0 ], [ 83.996008057147264, 28.671657582744956, 3661.0 ], [ 83.995950892567635, 28.671678537502885, 3661.800000000000182 ], [ 83.995921723544598, 28.671690439805388, 3662.0 ], [ 83.995833797380328, 28.671717345714569, 3662.4 ], [ 83.995765652507544, 28.671754309907556, 3663.0 ], [ 83.995737573131919, 28.671763697639108, 3663.6 ], [ 83.995714606717229, 28.671769397333264, 3664.0 ], [ 83.995699854567647, 28.671773169189692, 3664.4 ], [ 83.995647635310888, 28.671801164746284, 3665.0 ], [ 83.995639085769653, 28.671808373183012, 3665.0 ], [ 83.995602708309889, 28.671825220808387, 3666.0 ], [ 83.995596589520574, 28.671828489750624, 3666.0 ], [ 83.995560966432095, 28.671838212758303, 3666.0 ], [ 83.995566330850124, 28.671845505014065, 3666.0 ], [ 83.995550740510225, 28.671846175566316, 3666.199999999999818 ], [ 83.995550824329257, 28.671836787834764, 3666.199999999999818 ], [ 83.995553757995367, 28.671838715672493, 3666.199999999999818 ], [ 83.995501706376672, 28.671843493357301, 3666.6 ], [ 83.995390143245459, 28.671847181394696, 3666.6 ], [ 83.995270701125264, 28.671819772571325, 3666.6 ], [ 83.995178751647472, 28.671806696802378, 3667.199999999999818 ], [ 83.99511412717402, 28.671811809763312, 3667.199999999999818 ], [ 83.99510532617569, 28.671815162524581, 3667.199999999999818 ], [ 83.995064087212086, 28.671832848340273, 3668.0 ], [ 83.995014885440469, 28.671852378174663, 3668.4 ], [ 83.994962833821774, 28.671867046505213, 3669.199999999999818 ], [ 83.994951266795397, 28.671871488913897, 3669.4 ], [ 83.994901813566685, 28.671918259933591, 3670.199999999999818 ], [ 83.994835512712598, 28.67199688218534, 3670.199999999999818 ], [ 83.994828974828124, 28.672004342079163, 3670.4 ], [ 83.994779773056507, 28.672041976824403, 3670.4 ], [ 83.994766278192401, 28.672050358727574, 3670.6 ], [ 83.994673825800419, 28.67208288051188, 3670.6 ], [ 83.994585061445832, 28.672137865796685, 3671.199999999999818 ], [ 83.994499985128641, 28.672164101153612, 3671.4 ], [ 83.994439635425806, 28.672189330682158, 3672.199999999999818 ], [ 83.994351457804441, 28.672218583524227, 3672.199999999999818 ], [ 83.994301501661539, 28.672235514968634, 3672.6 ], [ 83.994277026504278, 28.672241717576981, 3673.0 ], [ 83.994235787540674, 28.672248423099521, 3673.6 ], [ 83.994232518598437, 28.672246411442757, 3673.800000000000182 ], [ 83.994167810305953, 28.672260912135243, 3674.0 ], [ 83.994082566350698, 28.672261666506529, 3674.4 ], [ 83.994066137820482, 28.672267869114876, 3674.800000000000182 ], [ 83.994029005989432, 28.672276083379984, 3675.6 ], [ 83.994016433134675, 28.672269126400352, 3675.800000000000182 ], [ 83.993979133665562, 28.672264767810702, 3675.800000000000182 ], [ 83.993897493928671, 28.672263929620385, 3675.800000000000182 ], [ 83.993886010721326, 28.672263845801353, 3675.800000000000182 ], [ 83.993876371532679, 28.67226074449718, 3675.800000000000182 ], [ 83.99386715143919, 28.672258062288165, 3675.800000000000182 ], [ 83.993796994909644, 28.672265186905861, 3675.800000000000182 ], [ 83.993705967441201, 28.672252781689167, 3675.800000000000182 ], [ 83.99368442595005, 28.672246411442757, 3675.800000000000182 ], [ 83.993667578324676, 28.672241549938917, 3676.199999999999818 ], [ 83.993659615516663, 28.672238448634744, 3676.199999999999818 ], [ 83.993620807304978, 28.672233251854777, 3676.6 ], [ 83.993581915274262, 28.672225875779983, 3676.800000000000182 ], [ 83.993569677695632, 28.672222020104527, 3676.800000000000182 ], [ 83.993517039343715, 28.672216571867462, 3677.800000000000182 ], [ 83.993496252223849, 28.672215566039085, 3678.199999999999818 ], [ 83.993425006046891, 28.672205759212375, 3678.199999999999818 ], [ 83.993429699912667, 28.672207770869136, 3678.199999999999818 ], [ 83.99343129247427, 28.67221288383007, 3678.199999999999818 ], [ 83.993450403213501, 28.672219086438417, 3678.199999999999818 ], [ 83.993463898077607, 28.672220092266802, 3678.199999999999818 ], [ 83.993517542257905, 28.672230066731572, 3678.199999999999818 ], [ 83.993554254993796, 28.672235598787665, 3677.800000000000182 ], [ 83.993562385439873, 28.672238951548938, 3677.6 ], [ 83.993601780384779, 28.67222654633224, 3676.4 ], [ 83.99360278621316, 28.67222017608583, 3676.199999999999818 ], [ 83.993603037670255, 28.672212800011039, 3676.0 ], [ 83.993593566119671, 28.672179775312543, 3675.4 ], [ 83.99356858804822, 28.672152115032077, 3674.800000000000182 ], [ 83.993530618026853, 28.672143900766969, 3674.4 ], [ 83.993491055443883, 28.672133255749941, 3674.0 ], [ 83.993429029360414, 28.672121101990346, 3673.4 ], [ 83.993433555588126, 28.672117833048105, 3673.199999999999818 ], [ 83.993444200605154, 28.672111378982663, 3672.800000000000182 ], [ 83.993464568629861, 28.672101823613048, 3672.199999999999818 ], [ 83.993469513952732, 28.672093022614717, 3672.0 ], [ 83.99346892721951, 28.672085395082831, 3672.0 ], [ 83.993444619700313, 28.672083215788007, 3672.0 ], [ 83.993436153978109, 28.672085981816053, 3672.0 ], [ 83.993398686870933, 28.672099895775322, 3672.0 ], [ 83.993389466777444, 28.672104924917221, 3672.0 ], [ 83.993337918072939, 28.672135351225737, 3672.0 ], [ 83.993318555876613, 28.672151360660791, 3672.199999999999818 ], [ 83.993258709087968, 28.672181535512209, 3672.6 ], [ 83.993194084614515, 28.672179020941257, 3673.0 ], [ 83.993192911148071, 28.672178015112877, 3673.199999999999818 ], [ 83.993158964440227, 28.672176422551271, 3673.4 ], [ 83.993105906993151, 28.672178685665131, 3674.0 ], [ 83.993099285289645, 28.672179607674479, 3674.199999999999818 ], [ 83.993090903386474, 28.672180864959955, 3674.199999999999818 ], [ 83.993050837889314, 28.672178769484159, 3674.800000000000182 ], [ 83.99300373159349, 28.672173991799355, 3675.4 ], [ 83.99299593642354, 28.67217524908483, 3675.6 ], [ 83.992956541478634, 28.672170471400023, 3676.4 ], [ 83.992948159575462, 28.672169130295515, 3676.4 ], [ 83.992899125441909, 28.672171225771308, 3677.0 ], [ 83.992874315008521, 28.67216938175261, 3677.4 ], [ 83.992844643071294, 28.672166615724564, 3677.800000000000182 ], [ 83.99279166944325, 28.672161754220724, 3678.4 ], [ 83.992784461006522, 28.672160496935248, 3678.4 ], [ 83.992748586460948, 28.67215714417398, 3678.800000000000182 ], [ 83.992704497650266, 28.672144319862127, 3679.199999999999818 ], [ 83.992681279778481, 28.672136357054111, 3679.6 ], [ 83.992642974480987, 28.672129567712545, 3680.0 ], [ 83.992596622556448, 28.672121521085501, 3680.199999999999818 ], [ 83.992572482675314, 28.672110959887505, 3680.6 ], [ 83.992526549845934, 28.67210048250854, 3681.0 ], [ 83.992470977827907, 28.672087322920561, 3681.6 ], [ 83.992425799369812, 28.672071313485503, 3682.4 ], [ 83.992365198209882, 28.672043569386005, 3682.800000000000182 ], [ 83.99230451323092, 28.672017166391015, 3683.4 ], [ 83.992288336157799, 28.672008030116562, 3683.800000000000182 ], [ 83.992249695584178, 28.671992355957627, 3684.199999999999818 ], [ 83.992206025868654, 28.671972155570984, 3684.6 ], [ 83.992183227092028, 28.671960085630417, 3684.800000000000182 ], [ 83.992133438587189, 28.671936197206374, 3685.800000000000182 ], [ 83.992122625932097, 28.671934269368649, 3686.0 ], [ 83.992091780528426, 28.671920439228415, 3686.4 ], [ 83.99205188266933, 28.67190258577466, 3686.800000000000182 ], [ 83.992031933739781, 28.67189621552825, 3687.0 ], [ 83.991998825222254, 28.671885151416063, 3687.199999999999818 ], [ 83.991948114708066, 28.671846929937601, 3687.800000000000182 ], [ 83.991938391700387, 28.671836536377668, 3688.199999999999818 ], [ 83.99191852658987, 28.671809211373329, 3688.6 ], [ 83.991873683407903, 28.671784736216068, 3688.800000000000182 ], [ 83.991829929873347, 28.671762607991695, 3689.199999999999818 ], [ 83.991820877417922, 28.671761769801378, 3689.4 ], [ 83.991813501343131, 28.671766463667151, 3689.4 ], [ 83.991787685081363, 28.671759674325585, 3690.0 ], [ 83.991734879091382, 28.671741904690862, 3690.199999999999818 ], [ 83.99172599427402, 28.671739641577005, 3690.4 ], [ 83.991657178848982, 28.671710807830095, 3691.199999999999818 ], [ 83.991636810824275, 28.671705778688192, 3691.4 ], [ 83.991588111966848, 28.671688009053469, 3691.800000000000182 ], [ 83.991551734507084, 28.671684740111232, 3691.800000000000182 ], [ 83.99147579446435, 28.671674346551299, 3692.199999999999818 ], [ 83.991423323750496, 28.671678956598043, 3692.4 ], [ 83.991406476125121, 28.671678705140948, 3692.6 ], [ 83.991315700113773, 28.671674262732267, 3693.0 ], [ 83.991218553856015, 28.671670742332935, 3693.199999999999818 ], [ 83.991211596876383, 28.671674011275172, 3693.199999999999818 ], [ 83.991193827241659, 28.671679878607392, 3693.199999999999818 ], [ 83.991121491417289, 28.671682644635439, 3693.199999999999818 ], [ 83.991027697920799, 28.6716812197119, 3693.199999999999818 ], [ 83.990910770371556, 28.671675436198711, 3693.199999999999818 ], [ 83.99084891192615, 28.671671748161316, 3693.199999999999818 ], [ 83.990782778710127, 28.671659007668495, 3693.199999999999818 ], [ 83.990753190591931, 28.671654313802719, 3693.199999999999818 ], [ 83.990664510056376, 28.671644758433104, 3693.199999999999818 ], [ 83.990588653832674, 28.67163528688252, 3693.199999999999818 ], [ 83.99049854837358, 28.671612069010735, 3693.199999999999818 ], [ 83.990401234477758, 28.67156689055264, 3693.199999999999818 ], [ 83.99033585563302, 28.671501092612743, 3693.0 ], [ 83.990278774872422, 28.671451304107904, 3693.0 ], [ 83.990210378542542, 28.671396151185036, 3693.0 ], [ 83.990133684128523, 28.671369999647141, 3692.4 ], [ 83.990039806813002, 28.671351810917258, 3691.4 ], [ 83.990018349140882, 28.671351308003068, 3691.199999999999818 ], [ 83.989942912012339, 28.671352732926607, 3690.800000000000182 ], [ 83.989862948656082, 28.671354074031115, 3690.199999999999818 ], [ 83.989853477105498, 28.671354576945305, 3690.199999999999818 ], [ 83.98981936275959, 28.671360611915588, 3690.199999999999818 ], [ 83.989772005006671, 28.671355498954657, 3689.6 ], [ 83.989685503765941, 28.671325407922268, 3689.199999999999818 ], [ 83.989663375541568, 28.671318702399731, 3689.0 ], [ 83.989630853757262, 28.671310152858496, 3688.800000000000182 ], [ 83.989588776603341, 28.671303279697895, 3688.6 ], [ 83.989489786326885, 28.671267572790384, 3688.4 ], [ 83.989473944529891, 28.671260615810752, 3688.199999999999818 ], [ 83.989406134933233, 28.671245025470853, 3687.800000000000182 ], [ 83.989303959533572, 28.67120772600174, 3687.4 ], [ 83.989211423322558, 28.671182580292225, 3687.199999999999818 ], [ 83.989201197400689, 28.671176796779037, 3687.199999999999818 ], [ 83.989149061962962, 28.671148046851162, 3687.199999999999818 ], [ 83.989064991474152, 28.671112591400743, 3686.6 ], [ 83.988981507718563, 28.671080907806751, 3686.4 ], [ 83.988958289846778, 28.671074621379375, 3686.4 ], [ 83.988935658708215, 28.671066993847489, 3686.199999999999818 ], [ 83.988909842446446, 28.67106020450592, 3686.199999999999818 ], [ 83.988886708393693, 28.671062719076872, 3686.199999999999818 ], [ 83.988892743363976, 28.671061880886555, 3686.0 ], [ 83.988850666210055, 28.671038411557671, 3685.800000000000182 ], [ 83.988764248788357, 28.671029191464186, 3685.800000000000182 ], [ 83.988740276545286, 28.67102256976068, 3685.800000000000182 ], [ 83.988669952377677, 28.67100672796369, 3685.199999999999818 ], [ 83.988623265177011, 28.670999938622117, 3685.0 ], [ 83.98857532069087, 28.670995244756341, 3684.800000000000182 ], [ 83.988493261858821, 28.670986108481884, 3684.199999999999818 ], [ 83.988449173048139, 28.670971523970369, 3684.0 ], [ 83.988397372886539, 28.670973870903257, 3683.800000000000182 ], [ 83.988314224407077, 28.670961633324623, 3683.4 ], [ 83.988226382061839, 28.670962806791067, 3683.0 ], [ 83.988213809207082, 28.670963812619448, 3683.0 ], [ 83.988126050680876, 28.670956436544657, 3682.4 ], [ 83.988068802282214, 28.670955933630463, 3682.0 ], [ 83.988058492541313, 28.670957693830132, 3681.800000000000182 ], [ 83.987983642145991, 28.670959370210767, 3681.6 ], [ 83.9879244659096, 28.670948138460517, 3681.0 ], [ 83.987914575263858, 28.670946964994073, 3680.800000000000182 ], [ 83.987839892506599, 28.670946797356009, 3680.800000000000182 ], [ 83.987808208912611, 28.670933721587065, 3680.6 ], [ 83.987751798704267, 28.670917041599751, 3680.4 ], [ 83.987668650224805, 28.67091067135334, 3680.0 ], [ 83.987631853669882, 28.670904384925961, 3679.800000000000182 ], [ 83.987611653283238, 28.670901618897915, 3679.800000000000182 ], [ 83.987579634413123, 28.670893823727965, 3679.6 ], [ 83.987531941384077, 28.670884435996413, 3679.4 ], [ 83.987461114302278, 28.670872282236814, 3679.199999999999818 ], [ 83.987471843138337, 28.670866331085563, 3679.199999999999818 ], [ 83.987460443750024, 28.670854512602091, 3679.0 ], [ 83.98745046928525, 28.670854764059182, 3679.0 ], [ 83.98740160278976, 28.670843783766031, 3678.6 ], [ 83.987358268350363, 28.670837245881557, 3678.4 ], [ 83.987260283902287, 28.670826265588403, 3678.0 ], [ 83.987175626680255, 28.670807825401425, 3677.6 ], [ 83.987171016633511, 28.670802041888237, 3677.6 ], [ 83.987151654437184, 28.670792151242495, 3677.4 ], [ 83.987047299742699, 28.67074060253799, 3677.4 ], [ 83.986963732168078, 28.670692574232817, 3677.199999999999818 ], [ 83.986900532618165, 28.67063750512898, 3677.0 ], [ 83.986883517354727, 28.670623674988747, 3676.6 ], [ 83.986835908144712, 28.670598864555359, 3676.6 ], [ 83.986794669181108, 28.670572126284242, 3675.800000000000182 ], [ 83.986745551228523, 28.670533485710621, 3675.6 ], [ 83.986729541793466, 28.670521080493927, 3675.6 ], [ 83.986643040552735, 28.670467268675569, 3675.6 ], [ 83.986571375280619, 28.670408762991428, 3675.6 ], [ 83.986505242064595, 28.670362075790763, 3675.6 ], [ 83.986395439133048, 28.670280855149031, 3675.6 ], [ 83.986343471333385, 28.670236263424162, 3675.6 ], [ 83.986252276226878, 28.670205920934677, 3676.0 ], [ 83.986167451366782, 28.670193683356047, 3676.0 ], [ 83.986129062250257, 28.67019728757441, 3676.199999999999818 ], [ 83.986016493290663, 28.670200724154711, 3676.199999999999818 ], [ 83.985915826633573, 28.670206423848867, 3676.199999999999818 ], [ 83.985831420868635, 28.670193767175078, 3676.4 ], [ 83.985712146386504, 28.670167364180088, 3676.6 ], [ 83.985615000128746, 28.670157054439187, 3676.6 ], [ 83.985555237159133, 28.670153450220823, 3676.6 ], [ 83.985498491674662, 28.670155545696616, 3676.6 ], [ 83.985390113666654, 28.670161161571741, 3676.6 ], [ 83.9853186160326, 28.670169208198782, 3676.6 ], [ 83.985308641567826, 28.670168872922659, 3676.6 ], [ 83.985220715403557, 28.670185636728998, 3676.6 ], [ 83.985148211941123, 28.670220337808132, 3676.0 ], [ 83.985051652416587, 28.670261576771736, 3676.0 ], [ 83.984981579706073, 28.670294098556042, 3676.0 ], [ 83.984943944960833, 28.670291919261217, 3676.0 ], [ 83.984837159514427, 28.670294433832169, 3676.0 ], [ 83.9847366604954, 28.670281609520316, 3676.0 ], [ 83.984632473438978, 28.670254116877913, 3676.0 ], [ 83.984543960541487, 28.670229222625498, 3676.0 ], [ 83.984510768204927, 28.670212794095281, 3676.0 ], [ 83.984386045485735, 28.670142134651542, 3676.0 ], [ 83.984303483739495, 28.67009025067091, 3676.199999999999818 ], [ 83.984227124601603, 28.670036271214485, 3676.6 ], [ 83.98413953371346, 28.669982710853219, 3676.6 ], [ 83.984064348042011, 28.669940885156393, 3677.0 ], [ 83.983983211219311, 28.669893108308315, 3677.4 ], [ 83.98396803997457, 28.669883301481605, 3677.800000000000182 ], [ 83.983931327238679, 28.66987282410264, 3678.199999999999818 ], [ 83.983861841261387, 28.66984885185957, 3679.0 ], [ 83.983863014727831, 28.669847762212157, 3679.199999999999818 ], [ 83.983823703601956, 28.669837117195129, 3679.199999999999818 ], [ 83.98373200558126, 28.669817503541708, 3679.4 ], [ 83.983667632564902, 28.669811552390456, 3679.4 ], [ 83.983641481027007, 28.669810462743044, 3679.4 ], [ 83.983533270657063, 28.669813731685281, 3679.4 ], [ 83.983522290363908, 28.669814234599471, 3679.4 ], [ 83.983488762751222, 28.669816581532359, 3679.4 ], [ 83.983411816880107, 28.669827226549387, 3679.0 ], [ 83.98333478718996, 28.669827142730355, 3679.0 ], [ 83.983255410566926, 28.669821610674266, 3678.0 ], [ 83.983243172988296, 28.669819179922342, 3678.0 ], [ 83.983139572665095, 28.669806271791455, 3677.6 ], [ 83.983026081696153, 28.669785568490624, 3677.199999999999818 ], [ 83.982985597103834, 28.669783221557736, 3676.800000000000182 ], [ 83.98290378972888, 28.669766876846552, 3676.800000000000182 ], [ 83.982761800289154, 28.669728068634868, 3675.800000000000182 ], [ 83.98274889215827, 28.669725218787789, 3675.800000000000182 ], [ 83.982648057863116, 28.669689428061247, 3675.199999999999818 ], [ 83.982541775330901, 28.669653972610831, 3674.800000000000182 ], [ 83.982512522488832, 28.669639136642218, 3674.199999999999818 ], [ 83.982464661821723, 28.669627318158746, 3673.800000000000182 ], [ 83.982371287420392, 28.669602675363421, 3673.199999999999818 ], [ 83.98233650252223, 28.669595802202821, 3672.6 ], [ 83.982210522517562, 28.66956009529531, 3672.0 ], [ 83.982165260240436, 28.669548779726028, 3671.6 ], [ 83.982114214450121, 28.669528663158417, 3671.4 ], [ 83.981998041272163, 28.669485915452238, 3671.4 ], [ 83.981912210583687, 28.669449370354418, 3671.4 ], [ 83.98183953948319, 28.669415591284633, 3671.199999999999818 ], [ 83.981714565306902, 28.669358929619193, 3671.199999999999818 ], [ 83.981659999117255, 28.669352391734719, 3671.199999999999818 ], [ 83.981607779860497, 28.669348703697324, 3671.199999999999818 ], [ 83.981488170102239, 28.66934753023088, 3671.199999999999818 ], [ 83.981354562565684, 28.669360103085637, 3671.199999999999818 ], [ 83.981282394379377, 28.6693758610636, 3671.199999999999818 ], [ 83.981186673045158, 28.669389355927706, 3671.6 ], [ 83.981162952259183, 28.669393043965101, 3671.6 ], [ 83.981101932004094, 28.669407460838556, 3671.6 ], [ 83.981027500703931, 28.669415004551411, 3672.4 ], [ 83.981004534289241, 28.669417351484299, 3672.6 ], [ 83.980980226770043, 28.669418441131711, 3673.0 ], [ 83.980969497933984, 28.669417686760426, 3673.199999999999818 ], [ 83.980957930907607, 28.669417267665267, 3673.4 ], [ 83.980930773541331, 28.669415842741728, 3673.800000000000182 ], [ 83.980863802134991, 28.669414920732379, 3674.6 ], [ 83.980853240936995, 28.669416094198823, 3674.800000000000182 ], [ 83.980799010023475, 28.669419782236218, 3675.4 ], [ 83.980773445218801, 28.669414836913347, 3675.800000000000182 ], [ 83.980722818523645, 28.669417267665267, 3676.800000000000182 ], [ 83.980711586773396, 28.669418608769774, 3677.0 ], [ 83.980665151029825, 28.669427912682295, 3677.800000000000182 ], [ 83.980657523497939, 28.669427745044231, 3678.0 ], [ 83.980635982006788, 28.669439982622865, 3678.199999999999818 ], [ 83.980571106076241, 28.669472839683294, 3678.199999999999818 ], [ 83.980489633977413, 28.669539056718349, 3678.6 ], [ 83.980466164648533, 28.669561017304659, 3678.6 ], [ 83.980426350608468, 28.669594712555408, 3678.6 ], [ 83.980331383645535, 28.669648189097643, 3678.800000000000182 ], [ 83.980255024507642, 28.669691104441881, 3678.800000000000182 ], [ 83.980182688683271, 28.669712310656905, 3678.800000000000182 ], [ 83.980160309001803, 28.669719686731696, 3678.800000000000182 ], [ 83.980091996490955, 28.669739803299308, 3679.0 ], [ 83.980061318725348, 28.669746927917004, 3679.0 ], [ 83.980033826082945, 28.669754052534699, 3679.0 ], [ 83.979977918788791, 28.669766373932362, 3679.199999999999818 ], [ 83.979945983737707, 28.669770983979102, 3679.4 ], [ 83.979829726740718, 28.669782215729356, 3680.199999999999818 ], [ 83.979822434484959, 28.669782970100641, 3680.199999999999818 ], [ 83.979749260470271, 28.669789340347052, 3681.0 ], [ 83.979717157781124, 28.669791771098971, 3681.4 ], [ 83.979659993201494, 28.669796716421843, 3682.0 ], [ 83.979607187211514, 28.669794453307983, 3682.4 ], [ 83.979595033451915, 28.669792776927352, 3682.6 ], [ 83.979531414806843, 28.669793950393796, 3683.6 ], [ 83.979525966569781, 28.669793615117669, 3683.800000000000182 ], [ 83.979469053447247, 28.669791016727689, 3684.6 ], [ 83.979411385953426, 28.669795710593466, 3684.800000000000182 ], [ 83.979334188625216, 28.669793112203479, 3685.800000000000182 ], [ 83.979249279946089, 28.669784897938371, 3686.800000000000182 ], [ 83.979237796738744, 28.669784478843212, 3687.0 ], [ 83.979150876402855, 28.669785233214498, 3687.800000000000182 ], [ 83.979141153395176, 28.669785903766751, 3688.0 ], [ 83.979059932753444, 28.669780874624848, 3688.6 ], [ 83.978986591100693, 28.669786239042882, 3689.0 ], [ 83.978976448997855, 28.669787161052227, 3689.0 ], [ 83.978896150365472, 28.669786909595132, 3689.800000000000182 ], [ 83.978851558640599, 28.669783556833863, 3690.0 ], [ 83.978816773742437, 28.669777102768421, 3690.199999999999818 ], [ 83.978780480101705, 28.669761009514332, 3691.199999999999818 ], [ 83.978782072663307, 28.669759752228856, 3691.4 ], [ 83.978785173967481, 28.669759165495631, 3691.4 ], [ 83.978785173967481, 28.669759165495631, 3691.4 ], [ 83.978785173967481, 28.669759165495631, 3691.6 ], [ 83.978785173967481, 28.669759165495631, 3691.6 ], [ 83.978785173967481, 28.669759165495631, 3691.800000000000182 ], [ 83.978776875883341, 28.66976385936141, 3691.800000000000182 ], [ 83.978696577250957, 28.669761763885617, 3691.800000000000182 ], [ 83.978638993576169, 28.66975849494338, 3692.199999999999818 ], [ 83.978623738512397, 28.66976335644722, 3692.800000000000182 ], [ 83.978622145950794, 28.669763272628188, 3692.800000000000182 ], [ 83.978622229769826, 28.669763188809156, 3692.800000000000182 ], [ 83.978622229769826, 28.669763188809156, 3692.800000000000182 ], [ 83.978622397407889, 28.669758662581444, 3693.0 ], [ 83.978619799017906, 28.669769056141376, 3693.0 ], [ 83.978615188971162, 28.669765535742044, 3693.0 ], [ 83.978569591417909, 28.669770900160071, 3693.0 ], [ 83.97857260890305, 28.669768134132028, 3693.199999999999818 ], [ 83.978542853146791, 28.669766541570425, 3693.4 ], [ 83.97852030582726, 28.669764278456569, 3693.4 ], [ 83.978433553129435, 28.669758578762412, 3693.6 ], [ 83.978348560631275, 28.669750113040209, 3694.0 ], [ 83.978291060775518, 28.66974625736475, 3694.0 ], [ 83.97825694642961, 28.669743491336703, 3694.4 ], [ 83.978197434917092, 28.669733433052897, 3694.4 ], [ 83.978148400783539, 28.669730164110661, 3694.800000000000182 ], [ 83.978109424933791, 28.669723374769092, 3695.0 ], [ 83.978078914806247, 28.669724799692631, 3695.6 ], [ 83.978064581751823, 28.669728320091963, 3695.6 ], [ 83.978060055524111, 28.669732175767422, 3696.199999999999818 ], [ 83.977988557890058, 28.669721195474267, 3696.199999999999818 ], [ 83.977894764393568, 28.669706275686622, 3696.199999999999818 ], [ 83.977849250659347, 28.669701246544719, 3696.6 ], [ 83.977827038615942, 28.669700575992465, 3696.6 ], [ 83.977814465761185, 28.669701246544719, 3696.800000000000182 ], [ 83.977687060832977, 28.669695882126689, 3697.4 ], [ 83.977640960365534, 28.669700995087624, 3697.800000000000182 ], [ 83.977571809664369, 28.669701414182786, 3697.800000000000182 ], [ 83.977482123300433, 28.669714154675603, 3698.199999999999818 ], [ 83.977372488006949, 28.669710215181112, 3698.6 ], [ 83.977273413911462, 28.669648943468928, 3699.0 ], [ 83.977229157462716, 28.66959529928863, 3699.6 ], [ 83.977182973176241, 28.669540816918015, 3700.0 ], [ 83.977116839960217, 28.669524304568768, 3701.0 ], [ 83.977076355367899, 28.66952195763588, 3701.4 ], [ 83.977047353982925, 28.669518688693643, 3702.0 ], [ 83.977024974301457, 28.669520951807499, 3702.4 ], [ 83.976992955431342, 28.669525310397148, 3703.0 ], [ 83.976975437253714, 28.66952832788229, 3703.199999999999818 ], [ 83.976915925741196, 28.669527238234881, 3703.800000000000182 ], [ 83.97687410004437, 28.669522125273943, 3704.0 ], [ 83.976855995133519, 28.669516677036881, 3704.199999999999818 ], [ 83.976775696501136, 28.669493375346065, 3704.800000000000182 ], [ 83.976753652095795, 28.669476779177785, 3705.0 ], [ 83.97672557272017, 28.66946185939014, 3705.4 ], [ 83.976691039279103, 28.669439647346735, 3706.0 ], [ 83.976680394262075, 28.669432103633881, 3706.0 ], [ 83.976649381220341, 28.669404778629541, 3706.800000000000182 ], [ 83.976635383442044, 28.669374603778124, 3707.199999999999818 ], [ 83.976634796708822, 28.669372843578454, 3707.4 ], [ 83.976610489189625, 28.66934266872704, 3707.800000000000182 ], [ 83.976594563573599, 28.669323809444904, 3708.4 ], [ 83.976576291024685, 28.669310063123703, 3708.6 ], [ 83.976546032354236, 28.669288186356425, 3709.4 ], [ 83.976541925221682, 28.669286258518696, 3709.4 ], [ 83.976499009877443, 28.66924686357379, 3710.199999999999818 ], [ 83.976485012099147, 28.669241247698665, 3710.4 ], [ 83.976437989622355, 28.669223561882973, 3710.800000000000182 ], [ 83.976374538615346, 28.669197913259268, 3710.800000000000182 ], [ 83.976333718746901, 28.669156255200505, 3711.0 ], [ 83.976282840594649, 28.669084087014198, 3711.4 ], [ 83.976245122030377, 28.669041842222217, 3711.4 ], [ 83.976239170879126, 28.66903337650001, 3711.6 ], [ 83.976176809519529, 28.668968332931399, 3711.800000000000182 ], [ 83.976141773164272, 28.66892927326262, 3712.0 ], [ 83.976064743474126, 28.66889700293541, 3712.4 ], [ 83.976045465096831, 28.668887531384826, 3712.6 ], [ 83.976019900292158, 28.668873785063624, 3713.199999999999818 ], [ 83.976014535874128, 28.668874958530068, 3713.199999999999818 ], [ 83.975983019918203, 28.668866576626897, 3713.199999999999818 ], [ 83.975921664386988, 28.668845873326063, 3713.6 ], [ 83.975908672437072, 28.668843358755112, 3713.6 ], [ 83.975860811769962, 28.668831707909703, 3714.4 ], [ 83.975828709080815, 28.668821649625897, 3714.6 ], [ 83.975803228095174, 28.668813602998853, 3714.6 ], [ 83.975741537287831, 28.668794324621562, 3714.6 ], [ 83.975659897550941, 28.668783344328403, 3715.6 ], [ 83.975648833438754, 28.668781919404864, 3715.800000000000182 ], [ 83.975558308884501, 28.668764401227236, 3716.6 ], [ 83.975543640553951, 28.668765239417553, 3716.6 ], [ 83.975477339699864, 28.66875777952373, 3717.199999999999818 ], [ 83.975388323888183, 28.668747134506702, 3717.6 ], [ 83.97537843324244, 28.668747553601861, 3717.800000000000182 ], [ 83.975321939215064, 28.668751660734415, 3718.0 ], [ 83.975302325561643, 28.668754678219557, 3718.199999999999818 ], [ 83.975291764363647, 28.668755600228906, 3718.4 ], [ 83.975283969193697, 28.668757695704699, 3718.6 ], [ 83.97527726367116, 28.668759120628241, 3718.800000000000182 ], [ 83.975248765200377, 28.668769430369139, 3719.4 ], [ 83.975247675552964, 28.668769933283329, 3719.6 ], [ 83.975220266729593, 28.668788624927402, 3719.800000000000182 ], [ 83.975157318636775, 28.668829277157784, 3719.800000000000182 ], [ 83.975150780752301, 28.66883397102356, 3719.800000000000182 ], [ 83.975107613950968, 28.668866911903024, 3720.4 ], [ 83.975056987255812, 28.668902534991503, 3720.800000000000182 ], [ 83.975041396915913, 28.668915359303355, 3720.800000000000182 ], [ 83.974996889010072, 28.668948635458943, 3721.6 ], [ 83.974965289235115, 28.668964561074972, 3722.0 ], [ 83.974938718602061, 28.668984593823552, 3722.199999999999818 ], [ 83.974892450496554, 28.669007727876306, 3722.800000000000182 ], [ 83.974875267595053, 28.669018624350429, 3723.0 ], [ 83.974848780781031, 28.669044775888324, 3723.4 ], [ 83.974844170734286, 28.669055923819545, 3724.0 ], [ 83.974845930933952, 28.669058354571462, 3724.199999999999818 ], [ 83.974797818809748, 28.669056426733732, 3724.199999999999818 ], [ 83.974749958142638, 28.669067826122049, 3725.0 ], [ 83.974737301468849, 28.669069334864616, 3725.199999999999818 ], [ 83.974700924009085, 28.669078722596169, 3725.6 ], [ 83.974658260121942, 28.669090457260609, 3726.0 ], [ 83.974648620933294, 28.669093390926719, 3726.199999999999818 ], [ 83.974615763872862, 28.669089954346418, 3726.6 ], [ 83.974561365321279, 28.669100934639573, 3727.4 ], [ 83.974518114700913, 28.669118704274297, 3728.4 ], [ 83.974514175206423, 28.669121051207185, 3728.800000000000182 ], [ 83.974511660635471, 28.669121470302343, 3729.0 ], [ 83.974491041153669, 28.669127589091659, 3729.6 ], [ 83.974481988698244, 28.669138737022877, 3730.0 ], [ 83.974486850202084, 28.66913890466094, 3730.0 ], [ 83.974479641765356, 28.669148124754429, 3730.0 ], [ 83.974479641765356, 28.669148124754429, 3730.199999999999818 ], [ 83.974479641765356, 28.669148124754429, 3730.6 ], [ 83.974497243762016, 28.669148040935397, 3730.6 ], [ 83.974460447207093, 28.669167403131723, 3730.6 ], [ 83.974407138302922, 28.669169163331389, 3731.800000000000182 ], [ 83.974400600418448, 28.669170839712024, 3732.199999999999818 ], [ 83.97436304949224, 28.669178718701005, 3733.0 ], [ 83.974360199645162, 28.669180395081639, 3733.4 ], [ 83.974306220188737, 28.669187938794497, 3734.0 ], [ 83.974299849942327, 28.669189279899001, 3734.199999999999818 ], [ 83.974283169955015, 28.66918777115643, 3734.4 ], [ 83.974263891577721, 28.669189112260938, 3735.199999999999818 ], [ 83.974243607372046, 28.66920663043857, 3736.0 ], [ 83.974237572401762, 28.669213335961103, 3736.199999999999818 ], [ 83.9742062240839, 28.66921660490334, 3737.199999999999818 ], [ 83.97420178167522, 28.66921610198915, 3737.4 ], [ 83.974148305132985, 28.669228423386812, 3738.0 ], [ 83.974143946543336, 28.669222807511687, 3738.0 ], [ 83.974130284041166, 28.669219203293324, 3740.800000000000182 ], [ 83.974128691479564, 28.669219622388479, 3741.0 ], [ 83.974081249907613, 28.669224148616195, 3741.199999999999818 ], [ 83.97405669093132, 28.669218365103006, 3742.0 ], [ 83.974033473059535, 28.669222891330719, 3742.4 ], [ 83.973994245752692, 28.669224567711353, 3743.0 ], [ 83.973982091993093, 28.669224819168448, 3743.199999999999818 ], [ 83.973941775038838, 28.669223980978131, 3744.0 ], [ 83.973911600187421, 28.669223394244909, 3744.4 ], [ 83.973906151950359, 28.669243678450584, 3745.199999999999818 ], [ 83.973903888836503, 28.669258765876293, 3745.199999999999818 ], [ 83.973902799189091, 28.669298077002168, 3745.6 ], [ 83.973902799189091, 28.669337220489979, 3746.0 ], [ 83.973901625722647, 28.669345183297992, 3746.199999999999818 ], [ 83.973894752562046, 28.669359600171447, 3746.6 ], [ 83.973889891058207, 28.669355073943738, 3746.6 ], [ 83.97388368844986, 28.669399665668607, 3746.6 ], [ 83.973903972655535, 28.669461775571108, 3746.6 ], [ 83.973867427557707, 28.669507121667262, 3746.6 ], [ 83.973858039826155, 28.669511061161757, 3746.6 ], [ 83.973833564668894, 28.669549701735377, 3746.6 ], [ 83.973861811682582, 28.669604184105992, 3746.4 ], [ 83.973910845816135, 28.669678699225187, 3746.4 ], [ 83.97391302511096, 28.669698899611831, 3746.4 ], [ 83.97390665486455, 28.66972429677844, 3746.4 ], [ 83.973875055089593, 28.669755645096306, 3746.4 ], [ 83.973814873024821, 28.669805349782109, 3746.4 ], [ 83.97375226020813, 28.6698645260185, 3746.4 ], [ 83.973711021244526, 28.669893695041537, 3746.4 ], [ 83.973696688190103, 28.669912721961737, 3746.4 ], [ 83.973643714562058, 28.669949853792787, 3746.6 ], [ 83.973608259111643, 28.669968964532018, 3747.199999999999818 ], [ 83.973609767854214, 28.669965527951717, 3747.199999999999818 ], [ 83.973614042624831, 28.669957313686609, 3747.4 ], [ 83.973567355424166, 28.670003581792116, 3747.6 ], [ 83.973552184179425, 28.670060662552711, 3748.199999999999818 ], [ 83.973530726507306, 28.670091843232512, 3748.6 ], [ 83.973509268835187, 28.670104248449206, 3749.0 ], [ 83.97345956414938, 28.670105254277587, 3749.4 ], [ 83.973452020436525, 28.670103326439857, 3749.4 ], [ 83.973423773422837, 28.670106092467904, 3749.6 ], [ 83.973352946341038, 28.670108942314982, 3749.6 ], [ 83.973309192806482, 28.670108104124665, 3750.0 ], [ 83.973309108987451, 28.670108104124665, 3750.199999999999818 ], [ 83.973306678235531, 28.670099386945367, 3750.800000000000182 ], [ 83.973246747627854, 28.67011078633368, 3750.800000000000182 ], [ 83.973190002143383, 28.670122353360057, 3751.0 ], [ 83.973111379891634, 28.670138027518988, 3751.199999999999818 ], [ 83.973020352423191, 28.670148337259889, 3751.4 ], [ 83.972942400723696, 28.670162418857217, 3751.6 ], [ 83.972919937223196, 28.670160491019487, 3751.800000000000182 ], [ 83.97287568077445, 28.670164095237851, 3752.199999999999818 ], [ 83.972808541730046, 28.670134423300624, 3752.800000000000182 ], [ 83.972759172320366, 28.670100225135684, 3753.800000000000182 ], [ 83.972747689113021, 28.670091340318319, 3754.0 ], [ 83.972738636657596, 28.670078683644533, 3754.4 ], [ 83.972713407129049, 28.67007725872099, 3755.0 ], [ 83.972710724920034, 28.670077342540026, 3755.199999999999818 ], [ 83.97270854562521, 28.670087484642863, 3755.800000000000182 ], [ 83.97270955145359, 28.670088155195117, 3756.0 ], [ 83.972705192863941, 28.670093519613147, 3756.199999999999818 ], [ 83.972695134580135, 28.670120174065232, 3756.800000000000182 ], [ 83.972699493169785, 28.670125287026167, 3757.199999999999818 ], [ 83.972695637494326, 28.6701425537467, 3757.6 ], [ 83.972676610574126, 28.670161999762058, 3758.199999999999818 ], [ 83.972674431279302, 28.670167028903961, 3758.4 ], [ 83.97265238687396, 28.670191587880257, 3759.199999999999818 ], [ 83.972647022455931, 28.670201897621155, 3759.199999999999818 ], [ 83.972638305276632, 28.670219415798783, 3759.6 ], [ 83.972626235336065, 28.670241376385093, 3760.4 ], [ 83.972621373832226, 28.670251602306958, 3761.199999999999818 ], [ 83.972618607804179, 28.670255960896611, 3761.4 ], [ 83.97260008379817, 28.670275742188096, 3762.0 ], [ 83.972598155960441, 28.670277837663889, 3762.199999999999818 ], [ 83.972596144303679, 28.670292925089601, 3762.4 ], [ 83.972592288628221, 28.670304995030165, 3762.6 ], [ 83.972560940310359, 28.670323519036177, 3763.6 ], [ 83.972546858713031, 28.670334918424487, 3764.4 ], [ 83.972532022744417, 28.670336594805121, 3764.4 ], [ 83.972528083249927, 28.670340953394771, 3764.800000000000182 ], [ 83.972514169290662, 28.670348664745688, 3765.199999999999818 ], [ 83.972483826801181, 28.670351933687925, 3765.800000000000182 ], [ 83.972468320280313, 28.670348664745688, 3766.0 ], [ 83.972406461834908, 28.670364087447524, 3766.800000000000182 ], [ 83.972397660836577, 28.670368110761046, 3767.0 ], [ 83.972377795726061, 28.670372720807791, 3767.4 ], [ 83.972365474328399, 28.670374397188425, 3767.800000000000182 ], [ 83.972371509298682, 28.67037464864552, 3767.800000000000182 ], [ 83.972371928393841, 28.670373810455203, 3768.0 ], [ 83.972367821261287, 28.670368446037173, 3768.0 ], [ 83.972385171800852, 28.670359142124653, 3768.0 ], [ 83.972383663058281, 28.670350341126323, 3768.199999999999818 ], [ 83.972323313355446, 28.670352604240179, 3768.199999999999818 ], [ 83.972279476001859, 28.670367104932662, 3768.6 ], [ 83.972250893712044, 28.670378252863884, 3769.0 ], [ 83.972209151834249, 28.67038294672966, 3769.199999999999818 ], [ 83.97215592674911, 28.670383198186755, 3769.800000000000182 ], [ 83.972116280347109, 28.670379929244518, 3770.0 ], [ 83.972108401358128, 28.670376827940345, 3770.0 ], [ 83.97204989567399, 28.670361069962382, 3770.4 ], [ 83.971992060542107, 28.670358974486589, 3770.800000000000182 ], [ 83.971979655325413, 28.670359561219811, 3771.199999999999818 ], [ 83.971936739981174, 28.670369535684586, 3771.800000000000182 ], [ 83.971903128549457, 28.670362578704953, 3772.199999999999818 ], [ 83.971880413591862, 28.670355789363384, 3772.4 ], [ 83.971815956756473, 28.670348413288593, 3772.800000000000182 ], [ 83.971780836582184, 28.670345731079578, 3773.4 ], [ 83.971745213493705, 28.67034355178475, 3774.199999999999818 ], [ 83.97172836586833, 28.670340785756707, 3774.4 ], [ 83.97172543220222, 28.670342462137341, 3774.6 ], [ 83.971689557656646, 28.670344473794103, 3775.4 ], [ 83.971678745001554, 28.670345228165388, 3775.6 ], [ 83.971666675060987, 28.67034237831831, 3776.199999999999818 ], [ 83.971653180196881, 28.670342713594437, 3776.6 ], [ 83.971626861020923, 28.670351430773735, 3776.800000000000182 ], [ 83.971580090001225, 28.670344222337008, 3777.199999999999818 ], [ 83.971526529639959, 28.67033064365387, 3777.4 ], [ 83.971498534083366, 28.670323770493269, 3777.6 ], [ 83.97143667563796, 28.67031404748559, 3777.800000000000182 ], [ 83.971398873254657, 28.670314801856875, 3778.4 ], [ 83.971387725323439, 28.670315891504288, 3778.800000000000182 ], [ 83.97134430706501, 28.670331062749028, 3779.6 ], [ 83.97133500315249, 28.670335588976741, 3779.800000000000182 ], [ 83.971323184669018, 28.670359393581748, 3780.6 ], [ 83.971308683976531, 28.670377833768725, 3780.800000000000182 ], [ 83.971300721168518, 28.670396944507957, 3781.4 ], [ 83.971303822472692, 28.670444805175062, 3781.6 ], [ 83.971294434741139, 28.670456456020471, 3782.0 ], [ 83.971296194940805, 28.670462155714631, 3782.4 ], [ 83.971292087808251, 28.670474477112293, 3782.800000000000182 ], [ 83.971292255446315, 28.670480512082577, 3783.199999999999818 ], [ 83.971297787502408, 28.67050414904952, 3783.800000000000182 ], [ 83.971295189112425, 28.670526193454862, 3784.199999999999818 ], [ 83.971289908513427, 28.670542286708951, 3784.800000000000182 ], [ 83.971292423084378, 28.670556787401441, 3785.199999999999818 ], [ 83.971295021474361, 28.670561229810119, 3785.4 ], [ 83.971285885199904, 28.670601127669215, 3786.0 ], [ 83.971285969018936, 28.670605318620801, 3786.4 ], [ 83.971279598772526, 28.670595595613118, 3786.6 ], [ 83.971279514953494, 28.670595595613118, 3787.0 ], [ 83.971279095858335, 28.670596098527312, 3787.199999999999818 ], [ 83.971281945705414, 28.670642618089911, 3787.4 ], [ 83.971274234354496, 28.670669523999095, 3787.4 ], [ 83.971274401992559, 28.67067170329392, 3787.6 ], [ 83.971269959583879, 28.670688467100263, 3787.6 ], [ 83.971270127221942, 28.670696932822462, 3787.800000000000182 ], [ 83.971253195777535, 28.670745631679893, 3788.4 ], [ 83.971250513568521, 28.67075351066887, 3788.6 ], [ 83.971247747540474, 28.67079583927989, 3789.199999999999818 ], [ 83.971244981512427, 28.670833390206099, 3789.6 ], [ 83.971238443627954, 28.670844286680222, 3790.0 ], [ 83.971232995390892, 28.67085350677371, 3790.199999999999818 ], [ 83.971229642629623, 28.670869516208768, 3790.6 ], [ 83.971226876601577, 28.670895248651505, 3791.199999999999818 ], [ 83.971217656508088, 28.670918215066195, 3791.4 ], [ 83.971218075603247, 28.670934811234471, 3791.6 ], [ 83.971219332888722, 28.67094076238573, 3791.800000000000182 ], [ 83.971213549375534, 28.670966997742653, 3792.4 ], [ 83.971204916015267, 28.670986611396071, 3792.800000000000182 ], [ 83.97120407782495, 28.670990969985723, 3793.0 ], [ 83.971197288483381, 28.671015780419111, 3793.6 ], [ 83.971192929893732, 28.671027850359678, 3793.800000000000182 ], [ 83.971189744770527, 28.671051319688559, 3794.4 ], [ 83.971182536333799, 28.67109633050859, 3794.800000000000182 ], [ 83.971177088096738, 28.671108819544315, 3795.0 ], [ 83.971167281270027, 28.671128433197737, 3795.4 ], [ 83.971153954043984, 28.671155925840139, 3796.0 ], [ 83.97114297375083, 28.67118626832962, 3796.4 ], [ 83.971121180802584, 28.671221304684877, 3797.0 ], [ 83.971118666231632, 28.671228596940637, 3797.0 ], [ 83.971109529957175, 28.671238236129284, 3797.6 ], [ 83.971109529957175, 28.671238236129284, 3797.6 ], [ 83.9710892457515, 28.671273859217763, 3797.6 ], [ 83.971047000959516, 28.671297580003738, 3797.800000000000182 ], [ 83.971014562994242, 28.671336136758327, 3798.0 ], [ 83.970950525254011, 28.671374944970012, 3798.6 ], [ 83.970929570496082, 28.671383913606405, 3799.0 ], [ 83.970905095338821, 28.671391876414415, 3799.4 ], [ 83.970846673473716, 28.671404868364338, 3799.800000000000182 ], [ 83.970825467258692, 28.671416938304901, 3800.199999999999818 ], [ 83.97081658244133, 28.671424901112911, 3800.4 ], [ 83.970772242173553, 28.671445939689875, 3801.199999999999818 ], [ 83.970770481973886, 28.671446945518255, 3801.4 ], [ 83.970726812258363, 28.671448202803731, 3802.199999999999818 ], [ 83.970720525830984, 28.671450885012742, 3802.6 ], [ 83.970684567466378, 28.671452393755317, 3803.4 ], [ 83.970665540546179, 28.671461110934615, 3803.6 ], [ 83.970647351816297, 28.671475611627105, 3804.4 ], [ 83.970629833638668, 28.671490447595716, 3804.6 ], [ 83.970617931336164, 28.671497572213411, 3805.0 ], [ 83.970591695979238, 28.671519448980689, 3805.800000000000182 ], [ 83.970563616603613, 28.671528669074178, 3806.199999999999818 ], [ 83.970540147274733, 28.671542499214411, 3806.800000000000182 ], [ 83.970533860847354, 28.671547695994377, 3807.0 ], [ 83.970513828098774, 28.671557670459151, 3807.4 ], [ 83.970497064292431, 28.671566639095545, 3807.6 ], [ 83.970481054857373, 28.671575356274843, 3807.800000000000182 ], [ 83.970458004623652, 28.671590862795711, 3808.4 ], [ 83.970412742346525, 28.671603603288531, 3809.0 ], [ 83.970375610515475, 28.671618355438113, 3809.4 ], [ 83.970339400693774, 28.671638388186693, 3810.0 ], [ 83.970297574996948, 28.671646099537611, 3810.6 ], [ 83.970272094011307, 28.671645512804389, 3811.0 ], [ 83.970247870311141, 28.671639980748296, 3811.6 ], [ 83.970245188102126, 28.671642914414409, 3812.0 ], [ 83.970245188102126, 28.671642914414409, 3812.0 ], [ 83.970244349911809, 28.671638639643788, 3812.199999999999818 ], [ 83.970246696844697, 28.67163696326315, 3812.199999999999818 ], [ 83.970206128433347, 28.671667976304889, 3812.6 ], [ 83.970173606649041, 28.671677196398377, 3813.0 ], [ 83.970150053501129, 28.671680716797709, 3813.199999999999818 ], [ 83.970139576122165, 28.671682309359312, 3813.4 ], [ 83.970112921670079, 28.671688511967659, 3814.0 ], [ 83.970110742375255, 28.671687925234437, 3814.199999999999818 ], [ 83.970063216984272, 28.671714495867491, 3815.199999999999818 ], [ 83.970055086538196, 28.671714579686519, 3815.199999999999818 ], [ 83.970022145658731, 28.671719525009394, 3816.199999999999818 ], [ 83.970008986070752, 28.671725895255804, 3817.0 ], [ 83.969998843967915, 28.671727739274505, 3817.0 ], [ 83.969979146495461, 28.67173008620739, 3817.199999999999818 ], [ 83.969948720186949, 28.671739138662815, 3818.199999999999818 ], [ 83.969930866733193, 28.671745844185352, 3818.4 ], [ 83.96991309709847, 28.671757495030761, 3818.6 ], [ 83.969880742952228, 28.671762188896537, 3819.199999999999818 ], [ 83.969856854528189, 28.671763697639108, 3819.4 ], [ 83.969810670241714, 28.671770403161645, 3819.800000000000182 ], [ 83.969767838716507, 28.671787418425083, 3820.199999999999818 ], [ 83.969743615016341, 28.671797560527921, 3820.4 ], [ 83.969724169000983, 28.671815749257803, 3820.800000000000182 ], [ 83.969688713550568, 28.671837709844112, 3821.4 ], [ 83.969678319990635, 28.671844666823745, 3821.6 ], [ 83.969652252271771, 28.67185858078301, 3822.4 ], [ 83.969618557021022, 28.671872746199369, 3823.199999999999818 ], [ 83.96961310878396, 28.671874171122909, 3823.4 ], [ 83.969598691910505, 28.671887498348951, 3824.4 ], [ 83.969598608091474, 28.67188741452992, 3824.4 ], [ 83.969574384391308, 28.671894790604711, 3824.4 ], [ 83.969562733545899, 28.671898311004043, 3824.4 ], [ 83.969553513452411, 28.671900322660804, 3824.800000000000182 ], [ 83.969545718282461, 28.671909878030419, 3825.4 ], [ 83.969537504017353, 28.671913398429751, 3825.6 ], [ 83.969515124335885, 28.671930832788348, 3825.6 ], [ 83.969494588673115, 28.671954134479165, 3826.6 ], [ 83.969489308074117, 28.671958912163973, 3826.6 ], [ 83.969471203163266, 28.671970395371321, 3827.199999999999818 ], [ 83.969462150707841, 28.671982465311885, 3827.6 ], [ 83.969459552317858, 28.671981794759631, 3827.800000000000182 ], [ 83.969439519569278, 28.672003000974655, 3828.800000000000182 ], [ 83.969421582296491, 28.672025296837091, 3829.199999999999818 ], [ 83.969402639195323, 28.672040048986673, 3829.4 ], [ 83.96938394755125, 28.672049269080158, 3829.800000000000182 ], [ 83.969383779913187, 28.672049352899194, 3829.800000000000182 ], [ 83.969363160431385, 28.672067038714889, 3830.4 ], [ 83.969349833205342, 28.672074750065804, 3830.800000000000182 ], [ 83.969332817941904, 28.672085562720895, 3831.199999999999818 ], [ 83.969308510422707, 28.672098135575652, 3831.800000000000182 ], [ 83.969263667240739, 28.672114899381995, 3832.6 ], [ 83.969255033880472, 28.672116491943601, 3832.800000000000182 ], [ 83.96924514323473, 28.672122191637751, 3833.199999999999818 ], [ 83.969217482954264, 28.672131579369307, 3833.800000000000182 ], [ 83.969212872907519, 28.672130992636085, 3834.0 ], [ 83.969186134636402, 28.672139961272482, 3834.800000000000182 ], [ 83.969171214848757, 28.67214691825211, 3835.0 ], [ 83.969166185706854, 28.672148259356614, 3835.4 ], [ 83.969134334474802, 28.6721630115062, 3836.0 ], [ 83.969131400808692, 28.672164436429739, 3836.199999999999818 ], [ 83.969094352796674, 28.672173153609037, 3837.0 ], [ 83.969078343361616, 28.672191929072142, 3837.6 ], [ 83.969042636454105, 28.672214560210705, 3838.0 ], [ 83.969011623412371, 28.672241549938917, 3838.6 ], [ 83.968971474096179, 28.672255044803023, 3839.199999999999818 ], [ 83.968941885977983, 28.67227423936129, 3839.800000000000182 ], [ 83.968883715569973, 28.672302486374974, 3840.199999999999818 ], [ 83.968865862116218, 28.672315143048763, 3840.800000000000182 ], [ 83.968849014490843, 28.672326123341922, 3841.4 ], [ 83.968834010884166, 28.672330398112535, 3841.6 ], [ 83.968801237642765, 28.672348503023382, 3842.4 ], [ 83.96876729093492, 28.672369457781315, 3843.0 ], [ 83.96873795427382, 28.672385131940249, 3843.4 ], [ 83.968724375590682, 28.672390412539244, 3843.6 ], [ 83.968699984252453, 28.672396196052432, 3844.0 ], [ 83.968658912926912, 28.672400806099176, 3844.6 ], [ 83.968615243211389, 28.672395274043083, 3845.4 ], [ 83.968597389757633, 28.672394771128893, 3845.800000000000182 ], [ 83.968551708385348, 28.672395190224051, 3846.4 ], [ 83.968531927093863, 28.672392843291163, 3846.800000000000182 ], [ 83.968504015356302, 28.672394352033734, 3847.4 ], [ 83.968479288741946, 28.672401309013367, 3847.800000000000182 ], [ 83.968481048941612, 28.672402314841747, 3847.800000000000182 ], [ 83.968469817191362, 28.6724151391536, 3848.0 ], [ 83.968415921553969, 28.672442296519876, 3848.6 ], [ 83.968400750309229, 28.672449504956603, 3849.0 ], [ 83.968377532437444, 28.672455875203013, 3849.4 ], [ 83.96834903396666, 28.67248160764575, 3849.800000000000182 ], [ 83.968345010653138, 28.672489151358604, 3850.0 ], [ 83.968319026753306, 28.672520248219371, 3850.800000000000182 ], [ 83.968309890478849, 28.672534916549921, 3851.0 ], [ 83.968303604051471, 28.672556122764945, 3851.4 ], [ 83.968300670385361, 28.672581017017365, 3851.800000000000182 ], [ 83.968300670385361, 28.672581017017365, 3852.0 ], [ 83.968298994004726, 28.672581100836396, 3852.199999999999818 ], [ 83.968271669000387, 28.672648407518864, 3852.4 ], [ 83.968247529119253, 28.672691658139229, 3853.0 ], [ 83.968244343996048, 28.67270900867879, 3853.199999999999818 ], [ 83.968235878273845, 28.672717306762937, 3853.6 ], [ 83.968222551047802, 28.672741530463099, 3854.199999999999818 ], [ 83.96821903064847, 28.672748319804668, 3854.199999999999818 ], [ 83.968191035091877, 28.672793079167604, 3854.800000000000182 ], [ 83.968175277113914, 28.672804897651076, 3855.199999999999818 ], [ 83.968163207173347, 28.672818811610341, 3855.199999999999818 ], [ 83.968128086999059, 28.67285636253655, 3855.800000000000182 ], [ 83.968094391748309, 28.672880586236715, 3855.800000000000182 ], [ 83.968077208846807, 28.672894751653075, 3856.199999999999818 ], [ 83.968049297109246, 28.67290816269815, 3856.800000000000182 ], [ 83.968043094500899, 28.672908497974277, 3857.0 ], [ 83.968037478625774, 28.672909587621689, 3857.199999999999818 ], [ 83.968029767274857, 28.672914616763592, 3857.199999999999818 ], [ 83.968003448098898, 28.672927692532539, 3858.0 ], [ 83.967983918264508, 28.672928279265761, 3858.4 ], [ 83.96797813475132, 28.672932554036379, 3858.800000000000182 ], [ 83.967957347631454, 28.67293406277895, 3859.4 ], [ 83.96795223467052, 28.672933895140886, 3859.4 ], [ 83.967916192486882, 28.672934481874108, 3860.0 ], [ 83.967894148081541, 28.672928279265761, 3860.4 ], [ 83.967896327376366, 28.672928279265761, 3860.6 ], [ 83.967896327376366, 28.672928279265761, 3860.6 ], [ 83.967953324317932, 28.672919059172273, 3860.6 ], [ 83.967956006526947, 28.672921992838383, 3860.6 ], [ 83.967951480299234, 28.672923166304827, 3860.800000000000182 ], [ 83.967917785048485, 28.672936158254743, 3861.0 ], [ 83.967889538034797, 28.672936074435711, 3861.199999999999818 ], [ 83.967873444780707, 28.672934817150235, 3861.199999999999818 ], [ 83.967857267707586, 28.672938421368599, 3861.6 ], [ 83.967868415638804, 28.672938756644729, 3862.0 ], [ 83.967882916331291, 28.672941774129868, 3862.199999999999818 ], [ 83.96785500459373, 28.672945965081453, 3862.6 ], [ 83.967823572456837, 28.672943450510505, 3863.0 ], [ 83.967759031802416, 28.672946719452739, 3863.6 ], [ 83.967760792002082, 28.672946216538548, 3863.800000000000182 ], [ 83.967705639079213, 28.672944791615009, 3864.4 ], [ 83.967676134780049, 28.672953341156244, 3865.0 ], [ 83.967662388458848, 28.672956442460418, 3865.0 ], [ 83.967652413994074, 28.672959543764591, 3865.199999999999818 ], [ 83.967636236920953, 28.672963231801987, 3865.4 ], [ 83.967596255242825, 28.672975301742554, 3865.4 ], [ 83.967579156160355, 28.672981923446059, 3866.0 ], [ 83.967563565820456, 28.672983851283789, 3866.4 ], [ 83.967500785365701, 28.672997010871768, 3867.0 ], [ 83.967493828386068, 28.672999022528529, 3867.0 ], [ 83.967450829222798, 28.673018971458077, 3867.199999999999818 ], [ 83.967420319095254, 28.673048056662083, 3867.800000000000182 ], [ 83.96740254946053, 28.673068340867761, 3868.199999999999818 ], [ 83.967386623844504, 28.673082506284121, 3868.4 ], [ 83.967355191707611, 28.673099270090461, 3869.0 ], [ 83.967342618852854, 28.673111172392964, 3869.199999999999818 ], [ 83.967320239171386, 28.673133635893464, 3869.4 ], [ 83.967300960794091, 28.673156937584281, 3870.199999999999818 ], [ 83.967270953580737, 28.673186860978603, 3871.0 ], [ 83.967263996601105, 28.673192979767919, 3871.199999999999818 ], [ 83.967246813699603, 28.673201529309154, 3871.800000000000182 ], [ 83.967237006872892, 28.673210330307484, 3872.4 ], [ 83.967210268601775, 28.673228519037369, 3873.0 ], [ 83.967194342985749, 28.673243941739202, 3873.4 ], [ 83.967189313843846, 28.673250060528517, 3873.4 ], [ 83.9671675208956, 28.67327319458127, 3874.0 ], [ 83.96714111790061, 28.673299346119165, 3874.199999999999818 ], [ 83.967137848958373, 28.673308063298464, 3874.199999999999818 ], [ 83.967117480933666, 28.673359695822001, 3874.4 ], [ 83.967111110687256, 28.673376375809312, 3874.6 ], [ 83.967104237526655, 28.673433708027005, 3874.800000000000182 ], [ 83.967128293588758, 28.673502691090107, 3875.199999999999818 ], [ 83.967134077101946, 28.673518700525165, 3875.4 ], [ 83.96715578623116, 28.673563459888101, 3875.6 ], [ 83.967161485925317, 28.673616601154208, 3876.0 ], [ 83.967164922505617, 28.673651302233338, 3876.4 ], [ 83.967158552259207, 28.673675777390599, 3876.800000000000182 ], [ 83.967168526723981, 28.673728834837675, 3877.4 ], [ 83.967179926112294, 28.673760099336505, 3877.800000000000182 ], [ 83.967191157862544, 28.673799326643348, 3878.6 ], [ 83.967192582786083, 28.673802427947521, 3878.800000000000182 ], [ 83.967196773737669, 28.673834698274732, 3879.199999999999818 ], [ 83.967192163690925, 28.673861771821976, 3879.800000000000182 ], [ 83.967190906405449, 28.673875601962209, 3880.0 ], [ 83.967179423198104, 28.67390401661396, 3880.6 ], [ 83.967175232246518, 28.673905525356531, 3880.800000000000182 ], [ 83.96716165356338, 28.673911392688751, 3881.199999999999818 ], [ 83.96712988615036, 28.673943746834993, 3881.800000000000182 ], [ 83.967122510075569, 28.673945004120469, 3882.199999999999818 ], [ 83.967082193121314, 28.673958079889417, 3883.0 ], [ 83.967060567811131, 28.673960762098432, 3883.800000000000182 ], [ 83.967034500092268, 28.673962941393256, 3884.199999999999818 ], [ 83.967030644416809, 28.673962606117129, 3884.199999999999818 ], [ 83.967013377696276, 28.673973921686411, 3884.6 ], [ 83.966977000236511, 28.673967970535159, 3885.0 ], [ 83.96696618758142, 28.673967216163874, 3885.199999999999818 ], [ 83.966930815950036, 28.673962103202939, 3885.6 ], [ 83.966892845928669, 28.673959840089083, 3886.199999999999818 ], [ 83.966868706047535, 28.673951290547848, 3886.6 ], [ 83.96683475933969, 28.673930838704109, 3886.800000000000182 ], [ 83.966807937249541, 28.673926144838333, 3887.199999999999818 ], [ 83.966779941692948, 28.673916673287749, 3887.6 ], [ 83.966754209250212, 28.673914996907115, 3887.6 ], [ 83.966737948358059, 28.673918014392257, 3887.800000000000182 ], [ 83.966722190380096, 28.673919020220637, 3888.4 ], [ 83.966701906174421, 28.673917092382908, 3888.800000000000182 ], [ 83.966682376340032, 28.673914158716801, 3889.199999999999818 ], [ 83.966658068820834, 28.673919355496764, 3889.4 ], [ 83.966622529551387, 28.673922456800938, 3889.800000000000182 ], [ 83.966573160141706, 28.673934023827311, 3890.4 ], [ 83.966532088816166, 28.6739382147789, 3890.4 ], [ 83.966515911743045, 28.673941483721137, 3890.800000000000182 ], [ 83.966501578688622, 28.673940477892756, 3890.800000000000182 ], [ 83.966496381908655, 28.673940729349852, 3891.0 ], [ 83.966472493484616, 28.673951542004943, 3891.199999999999818 ], [ 83.966415831819177, 28.673979956656694, 3891.199999999999818 ], [ 83.966394038870931, 28.673984063789248, 3891.199999999999818 ], [ 83.966350285336375, 28.673994122073054, 3891.800000000000182 ], [ 83.966317428275943, 28.673995127901435, 3891.800000000000182 ], [ 83.966305442154408, 28.673997391015291, 3892.199999999999818 ], [ 83.966288426890969, 28.674002336338159, 3892.800000000000182 ], [ 83.966251295059919, 28.674014825373888, 3892.800000000000182 ], [ 83.966188598424196, 28.67403301410377, 3893.199999999999818 ], [ 83.966145263984799, 28.674045754596591, 3893.4 ], [ 83.966104192659259, 28.674058159813285, 3893.800000000000182 ], [ 83.966094302013516, 28.674059165641665, 3894.0 ], [ 83.966082232072949, 28.674064194783568, 3894.199999999999818 ], [ 83.966075526550412, 28.674066793173552, 3894.199999999999818 ], [ 83.96606563590467, 28.67407257668674, 3894.199999999999818 ], [ 83.966037724167109, 28.674090346321464, 3894.4 ], [ 83.96598206833005, 28.674118760973215, 3894.800000000000182 ], [ 83.965969076380134, 28.674129070714116, 3895.0 ], [ 83.965933034196496, 28.674154467880729, 3895.199999999999818 ], [ 83.965873019769788, 28.67419327609241, 3895.800000000000182 ], [ 83.965837731957436, 28.674212219193578, 3896.0 ], [ 83.96583010442555, 28.674219259992238, 3896.199999999999818 ], [ 83.965796995908022, 28.674250189214945, 3897.0 ], [ 83.965779729187489, 28.674257732927799, 3897.199999999999818 ], [ 83.965760283172131, 28.674272652715445, 3897.6 ], [ 83.965738993138075, 28.67429343983531, 3898.199999999999818 ], [ 83.965737735852599, 28.674298217520121, 3898.4 ], [ 83.965726504102349, 28.674323866143823, 3899.0 ], [ 83.965720972046256, 28.674329230561852, 3899.199999999999818 ], [ 83.965716361999512, 28.67435890249908, 3899.4 ], [ 83.965717535465956, 28.674400392919779, 3899.4 ], [ 83.965719966217875, 28.674403494223952, 3899.4 ], [ 83.965713009238243, 28.674443811178207, 3899.4 ], [ 83.96568987518549, 28.674527714028955, 3899.4 ], [ 83.965663136914372, 28.674548836424947, 3899.4 ], [ 83.965645283460617, 28.674551267176867, 3899.0 ], [ 83.965557105839252, 28.6745391972363, 3898.800000000000182 ], [ 83.965545874089003, 28.674530731514096, 3898.800000000000182 ], [ 83.965509161353111, 28.674500221386552, 3898.4 ], [ 83.965483261272311, 28.674476835876703, 3898.4 ], [ 83.965406902134418, 28.674421599134803, 3898.0 ], [ 83.965351497754455, 28.674391508102417, 3898.0 ], [ 83.965332889929414, 28.674389496445656, 3897.800000000000182 ], [ 83.965316796675324, 28.674386898055673, 3897.800000000000182 ], [ 83.965278156101704, 28.674384215846658, 3897.800000000000182 ], [ 83.965188134461641, 28.674401147291064, 3897.199999999999818 ], [ 83.965077996253967, 28.674423191696405, 3896.6 ], [ 83.964965427294374, 28.674458060413599, 3896.199999999999818 ], [ 83.96494715474546, 28.674461413174868, 3896.199999999999818 ], [ 83.964859396219254, 28.674497287720438, 3895.6 ], [ 83.96479862742126, 28.674534251913428, 3895.199999999999818 ], [ 83.96476442925632, 28.674544980749488, 3895.199999999999818 ], [ 83.964671306312084, 28.674545483663682, 3895.0 ], [ 83.964588074013591, 28.674529390409589, 3895.0 ], [ 83.964575417339802, 28.674526205286384, 3895.0 ], [ 83.964511882513762, 28.674503490328789, 3895.0 ], [ 83.964421609416604, 28.67448010481894, 3895.0 ], [ 83.964358242228627, 28.674467699602246, 3895.0 ], [ 83.964315494522452, 28.674454288557172, 3895.199999999999818 ], [ 83.964278614148498, 28.674454288557172, 3895.4 ], [ 83.964163195341825, 28.674435429275036, 3896.0 ], [ 83.964154394343495, 28.674436016008254, 3896.199999999999818 ], [ 83.964108880609274, 28.67443760856986, 3897.0 ], [ 83.964086500927806, 28.674437357112765, 3897.4 ], [ 83.964058002457023, 28.674441548064351, 3897.800000000000182 ], [ 83.963994802907109, 28.674449427053332, 3898.199999999999818 ], [ 83.963985918089747, 28.674451187252998, 3898.199999999999818 ], [ 83.963978793472052, 28.674450265243649, 3898.4 ], [ 83.963906457647681, 28.674436183646321, 3898.4 ], [ 83.963856752961874, 28.674446325749159, 3898.6 ], [ 83.963778465986252, 28.674449762329459, 3898.800000000000182 ], [ 83.963721636682749, 28.674462754279375, 3899.4 ], [ 83.9636171143502, 28.674462838098407, 3899.800000000000182 ], [ 83.963551316410303, 28.674472896382213, 3900.4 ], [ 83.963541174307466, 28.674473986029625, 3900.4 ], [ 83.963532876223326, 28.674475159496069, 3900.6 ], [ 83.963459115475416, 28.67448303848505, 3901.4 ], [ 83.963422905653715, 28.674484463408589, 3901.4 ], [ 83.963384181261063, 28.67448496632278, 3901.6 ], [ 83.963301200419664, 28.674490833655, 3901.6 ], [ 83.963221488520503, 28.674501059576869, 3901.6 ], [ 83.963219141587615, 28.674509190022945, 3901.6 ], [ 83.963219141587615, 28.674509190022945, 3901.6 ], [ 83.963221404701471, 28.67451086640358, 3901.800000000000182 ], [ 83.963221572339535, 28.674509525299072, 3901.800000000000182 ], [ 83.963219560682774, 28.674509944394231, 3901.800000000000182 ], [ 83.963216878473759, 28.674505334347486, 3901.800000000000182 ], [ 83.963195085525513, 28.674492929130793, 3901.6 ], [ 83.963136747479439, 28.67451723664999, 3901.6 ], [ 83.963064244017005, 28.674533497542143, 3901.6 ], [ 83.962994925677776, 28.674557721242309, 3901.6 ], [ 83.962970869615674, 28.674563756212592, 3901.6 ], [ 83.962958296760917, 28.674563337117434, 3901.6 ], [ 83.962907921522856, 28.674576580524445, 3901.199999999999818 ], [ 83.962798118591309, 28.674596445634961, 3900.6 ], [ 83.962782025337219, 28.674600217491388, 3900.6 ], [ 83.962681107223034, 28.674618909135461, 3900.4 ], [ 83.962672976776958, 28.674618909135461, 3900.199999999999818 ], [ 83.962610783055425, 28.674639109522104, 3899.800000000000182 ], [ 83.962583374232054, 28.674645479768515, 3899.4 ], [ 83.962507182732224, 28.674658723175529, 3898.800000000000182 ], [ 83.96239654161036, 28.674676325172182, 3898.800000000000182 ], [ 83.962385142222047, 28.674677917733788, 3898.800000000000182 ], [ 83.962340885773301, 28.674703147262335, 3898.800000000000182 ], [ 83.962259329855442, 28.674730639904737, 3898.800000000000182 ], [ 83.962192945182323, 28.674774561077356, 3898.800000000000182 ], [ 83.962188502773643, 28.674780679866672, 3898.800000000000182 ], [ 83.962145838886499, 28.674843963235617, 3899.4 ], [ 83.962118178606033, 28.674890650436279, 3899.6 ], [ 83.962065372616053, 28.674981677904725, 3899.6 ], [ 83.961987337097526, 28.675014786422253, 3900.0 ], [ 83.961901674047112, 28.674998190253973, 3900.4 ], [ 83.961850292980671, 28.674967009574175, 3901.4 ], [ 83.961842581629753, 28.674961980432272, 3901.4 ], [ 83.961819028481841, 28.674954269081351, 3901.800000000000182 ], [ 83.961800839751959, 28.674953347072005, 3902.4 ], [ 83.96175448782742, 28.674969775602221, 3903.4 ], [ 83.961748369038105, 28.674974972382188, 3903.6 ], [ 83.961716098710895, 28.674998357892036, 3904.4 ], [ 83.961703944951296, 28.675003638491035, 3904.6 ], [ 83.961673015728593, 28.675011768937111, 3905.0 ], [ 83.961655497550964, 28.675028868019581, 3905.6 ], [ 83.96164309233427, 28.67503859102726, 3905.6 ], [ 83.961602607741952, 28.675057617947459, 3906.4 ], [ 83.961576372385025, 28.675072621554136, 3906.6 ], [ 83.961565727367997, 28.675081171095371, 3906.800000000000182 ], [ 83.9615223929286, 28.67510992102325, 3907.6 ], [ 83.961517363786697, 28.675110507756472, 3907.6 ], [ 83.961496325209737, 28.675138503313065, 3908.199999999999818 ], [ 83.961452823132277, 28.675192231312391, 3908.800000000000182 ], [ 83.96140462718904, 28.675236320123076, 3909.199999999999818 ], [ 83.961388617753983, 28.675271775573492, 3909.800000000000182 ], [ 83.961379816755652, 28.675288623198867, 3910.199999999999818 ], [ 83.961335560306907, 28.675356851890683, 3910.4 ], [ 83.961295830085874, 28.675418961793184, 3911.0 ], [ 83.961287280544639, 28.675429187715057, 3911.0 ], [ 83.961215279996395, 28.67547738365829, 3911.0 ], [ 83.96115149371326, 28.675524741411209, 3911.0 ], [ 83.961088880896568, 28.675567992031574, 3911.0 ], [ 83.961022160947323, 28.675603531301022, 3911.0 ], [ 83.96097220480442, 28.675627168267965, 3911.0 ], [ 83.960956614464521, 28.675644183531404, 3911.0 ], [ 83.960881428793073, 28.675680980086327, 3911.0 ], [ 83.960796352475882, 28.675642423331738, 3910.4 ], [ 83.960727034136653, 28.675564303994179, 3910.199999999999818 ], [ 83.96069853566587, 28.675540583208203, 3909.800000000000182 ], [ 83.960651094093919, 28.675518706440929, 3909.800000000000182 ], [ 83.960639107972383, 28.675515102222558, 3909.800000000000182 ], [ 83.960594851523638, 28.675515605136752, 3909.800000000000182 ], [ 83.96056953817606, 28.675523065030575, 3909.800000000000182 ], [ 83.960502482950687, 28.675536895170808, 3909.800000000000182 ], [ 83.96049234084785, 28.675539158284664, 3910.0 ], [ 83.960438361391425, 28.675558185204864, 3911.0 ], [ 83.960392260923982, 28.675567153841257, 3911.199999999999818 ], [ 83.960362337529659, 28.675570171326399, 3911.4 ], [ 83.960344986990094, 28.675572769716386, 3911.6 ], [ 83.960327720269561, 28.675574865192175, 3911.800000000000182 ], [ 83.960302574560046, 28.675585761666294, 3911.800000000000182 ], [ 83.960294025018811, 28.675587102770805, 3911.800000000000182 ], [ 83.960212636739016, 28.675607303157449, 3911.800000000000182 ], [ 83.960141558200121, 28.675620798021555, 3911.800000000000182 ], [ 83.960123034194112, 28.675624653697017, 3911.800000000000182 ], [ 83.960047177970409, 28.67564694955945, 3911.800000000000182 ], [ 83.959978949278593, 28.67565038613975, 3911.0 ], [ 83.959940727800131, 28.675653571262956, 3910.800000000000182 ], [ 83.959894459694624, 28.675658348947763, 3910.0 ], [ 83.959836876019835, 28.675659522414207, 3909.199999999999818 ], [ 83.959813993424177, 28.675658348947763, 3909.0 ], [ 83.959722798317671, 28.675665054470301, 3909.0 ], [ 83.959636045619845, 28.675679387524724, 3909.0 ], [ 83.959560105577111, 28.675690367817879, 3909.0 ], [ 83.959464216604829, 28.675696402788159, 3909.0 ], [ 83.959391294047236, 28.675703443586823, 3909.0 ], [ 83.959364220499992, 28.675702856853604, 3909.199999999999818 ], [ 83.959290040656924, 28.675727248191833, 3909.6 ], [ 83.959239916875958, 28.675754489377141, 3909.800000000000182 ], [ 83.959226589649916, 28.675756752490997, 3910.0 ], [ 83.959195325151086, 28.675774605944753, 3910.199999999999818 ], [ 83.959142686799169, 28.67581307888031, 3910.4 ], [ 83.959088372066617, 28.6758394818753, 3911.199999999999818 ], [ 83.959074290469289, 28.675845768302679, 3911.199999999999818 ], [ 83.959014862775803, 28.675881223753095, 3911.800000000000182 ], [ 83.958984185010195, 28.67589564062655, 3912.199999999999818 ], [ 83.958935821428895, 28.675916763022546, 3912.6 ], [ 83.958854433149099, 28.675958504900336, 3913.199999999999818 ], [ 83.958842698484659, 28.675966383889321, 3913.199999999999818 ], [ 83.958798190578818, 28.675997564569116, 3914.0 ], [ 83.95877287723124, 28.676016591489315, 3914.199999999999818 ], [ 83.958717975765467, 28.67606990039349, 3914.4 ], [ 83.958712443709373, 28.676071492955089, 3915.0 ], [ 83.958708336576819, 28.676074426621199, 3915.199999999999818 ], [ 83.958705570548773, 28.676085826009512, 3915.199999999999818 ], [ 83.958692327141762, 28.67610183544457, 3915.4 ], [ 83.958674473688006, 28.676150785759091, 3915.6 ], [ 83.958658212795854, 28.676187247037888, 3915.800000000000182 ], [ 83.958634911105037, 28.67623770609498, 3916.4 ], [ 83.958583194762468, 28.676261762157083, 3917.6 ], [ 83.958520414307714, 28.676230916753411, 3918.6 ], [ 83.958517145365477, 28.676228318363428, 3918.800000000000182 ], [ 83.958468865603209, 28.67620057426393, 3919.800000000000182 ], [ 83.958456879481673, 28.676200658082958, 3919.800000000000182 ], [ 83.958409857004881, 28.676203340291977, 3920.800000000000182 ], [ 83.95838538184762, 28.676205100491643, 3921.199999999999818 ], [ 83.958321930840611, 28.676220942288637, 3921.4 ], [ 83.958300389349461, 28.676227563992143, 3921.800000000000182 ], [ 83.95829158835113, 28.676229491829872, 3921.800000000000182 ], [ 83.958252025768161, 28.676250362768769, 3922.0 ], [ 83.958245068788528, 28.676258996129036, 3922.0 ], [ 83.958211122080684, 28.676284141838551, 3922.4 ], [ 83.958206428214908, 28.67628363892436, 3922.4 ], [ 83.958205338567495, 28.676282297819853, 3922.6 ], [ 83.958194358274341, 28.676287243142724, 3922.800000000000182 ], [ 83.95814155228436, 28.676330745220184, 3922.800000000000182 ], [ 83.958079610019922, 28.676376845687628, 3922.800000000000182 ], [ 83.9580306597054, 28.676429316401482, 3922.800000000000182 ], [ 83.957979027181864, 28.676492599770427, 3923.0 ], [ 83.957937117666006, 28.676557224243879, 3923.4 ], [ 83.957925718277693, 28.676574239507321, 3923.800000000000182 ], [ 83.957920772954822, 28.676593098789457, 3924.0 ], [ 83.957915408536792, 28.676605755463243, 3924.0 ], [ 83.957902165129781, 28.676634421572089, 3924.800000000000182 ], [ 83.957876348868012, 28.676690496504307, 3924.800000000000182 ], [ 83.9578718226403, 28.676697537302971, 3925.0 ], [ 83.957855477929115, 28.676750846207145, 3925.4 ], [ 83.957839971408248, 28.676822679117318, 3925.800000000000182 ], [ 83.957834523171186, 28.676878251135349, 3926.0 ], [ 83.957834104076028, 28.676885962486267, 3926.0 ], [ 83.957830751314759, 28.676955029368401, 3926.199999999999818 ], [ 83.957818932831287, 28.67704538628459, 3926.6 ], [ 83.957820106297731, 28.677075477316976, 3927.0 ], [ 83.957819938659668, 28.677104813978076, 3927.199999999999818 ], [ 83.957844162359834, 28.677143454551697, 3927.800000000000182 ], [ 83.957847179844975, 28.677148232236505, 3928.0 ], [ 83.95784005522728, 28.677153764292601, 3928.0 ], [ 83.957824967801571, 28.677178071811795, 3928.199999999999818 ], [ 83.957807952538133, 28.677210090681911, 3928.199999999999818 ], [ 83.957786746323109, 28.677187291905284, 3928.199999999999818 ], [ 83.957773922011256, 28.677196092903618, 3928.4 ], [ 83.957781298086047, 28.67724135518074, 3928.4 ], [ 83.957778783515096, 28.677256694063544, 3928.800000000000182 ], [ 83.957756739109755, 28.677287958562378, 3929.0 ], [ 83.957741735503078, 28.677309332415462, 3929.199999999999818 ], [ 83.957715248689055, 28.67732567712665, 3929.4 ], [ 83.957644002512097, 28.677354175597429, 3930.0 ], [ 83.957635117694736, 28.677360462024808, 3930.199999999999818 ], [ 83.957580551505089, 28.67738812230527, 3930.4 ], [ 83.957558842375875, 28.677398012951016, 3930.6 ], [ 83.957512909546494, 28.677420308813453, 3930.6 ], [ 83.957505533471704, 28.677423158660531, 3930.6 ], [ 83.957414506003261, 28.677446292713284, 3931.0 ], [ 83.957280814647675, 28.677471103146672, 3931.199999999999818 ], [ 83.957156343385577, 28.677505049854517, 3931.4 ], [ 83.957007899880409, 28.677538158372045, 3931.4 ], [ 83.956957859918475, 28.677546204999089, 3931.6 ], [ 83.956864401698112, 28.677551569417119, 3932.0 ], [ 83.956874376162887, 28.67754528298974, 3932.199999999999818 ], [ 83.956929109990597, 28.67753840982914, 3932.4 ], [ 83.957003457471728, 28.677529273554683, 3932.6 ], [ 83.957057185471058, 28.677524412050843, 3932.6 ], [ 83.957079481333494, 28.67752374149859, 3932.6 ], [ 83.957116277888417, 28.67753254249692, 3933.199999999999818 ], [ 83.957105549052358, 28.677541259676214, 3933.800000000000182 ], [ 83.957104962319136, 28.677539667114615, 3934.0 ], [ 83.957088617607951, 28.677544528618455, 3935.0 ], [ 83.957065818831325, 28.677554838359356, 3935.4 ], [ 83.957047630101442, 28.677577050402761, 3935.800000000000182 ], [ 83.957032458856702, 28.677588617429137, 3936.199999999999818 ], [ 83.95700940862298, 28.677601693198085, 3937.0 ], [ 83.957006055861712, 28.67760244756937, 3937.199999999999818 ], [ 83.956995327025652, 28.677600938826799, 3937.800000000000182 ], [ 83.95699423737824, 28.677602028474212, 3938.0 ], [ 83.956990968436003, 28.677616277709603, 3938.199999999999818 ], [ 83.956990297883749, 28.677618121728301, 3938.4 ], [ 83.956985352560878, 28.677628431469198, 3938.800000000000182 ], [ 83.956966744735837, 28.677636226639152, 3939.4 ], [ 83.956959536299109, 28.677640585228801, 3939.800000000000182 ], [ 83.95694050937891, 28.677657013759017, 3940.4 ], [ 83.956939503550529, 28.677657935768369, 3940.4 ], [ 83.956923829391599, 28.677671933546662, 3940.6 ], [ 83.956920308992267, 28.677679477259517, 3940.6 ], [ 83.956928942352533, 28.677676795050505, 3940.6 ], [ 83.956946795806289, 28.677673190832135, 3940.800000000000182 ], [ 83.956939503550529, 28.677657935768369, 3940.800000000000182 ], [ 83.956869766116142, 28.67767914198339, 3941.199999999999818 ], [ 83.95685400813818, 28.677687691524625, 3941.4 ], [ 83.956826599314809, 28.677691966295239, 3941.6 ], [ 83.956787372007966, 28.677718201652169, 3941.800000000000182 ], [ 83.956764237955213, 28.67774561047554, 3942.0 ], [ 83.956729285418987, 28.677765894681215, 3942.4 ], [ 83.956724507734179, 28.677768493071198, 3942.6 ], [ 83.956685364246368, 28.677789280191064, 3943.0 ], [ 83.956649573519826, 28.677795315161347, 3943.6 ], [ 83.956640772521496, 28.677797829732299, 3943.800000000000182 ], [ 83.956619398668408, 28.677811408415437, 3944.6 ], [ 83.956613866612315, 28.677815180271864, 3944.6 ], [ 83.956599868834019, 28.67782523855567, 3944.800000000000182 ], [ 83.956607999280095, 28.677829932421449, 3945.4 ], [ 83.95659551024437, 28.677842002362013, 3945.6 ], [ 83.956583943217993, 28.677849294617772, 3945.6 ], [ 83.95657405257225, 28.677853150293231, 3946.0 ], [ 83.956543039530516, 28.677858933806419, 3946.800000000000182 ], [ 83.956522336229682, 28.677861280739307, 3947.800000000000182 ], [ 83.956518648192286, 28.677863543853164, 3947.800000000000182 ], [ 83.956514205783606, 28.67785340175033, 3947.800000000000182 ], [ 83.956512613222003, 28.677847785875201, 3948.0 ], [ 83.956518899649382, 28.677843511104584, 3948.0 ], [ 83.956529712304473, 28.677836721763015, 3948.0 ], [ 83.956558462232351, 28.677840325981379, 3948.0 ], [ 83.956562150269747, 28.67785113863647, 3948.4 ], [ 83.956542536616325, 28.677876284345984, 3948.4 ], [ 83.956532897427678, 28.677886677905917, 3949.0 ], [ 83.956519905477762, 28.677906207740307, 3949.6 ], [ 83.956501465290785, 28.677918948233128, 3950.0 ], [ 83.956497106701136, 28.677920121699572, 3950.0 ], [ 83.956497525796294, 28.677928000688553, 3950.199999999999818 ], [ 83.956501632928848, 28.67792246863246, 3950.4 ], [ 83.956508170813322, 28.67792934179306, 3950.6 ], [ 83.956478834152222, 28.677940322086215, 3950.800000000000182 ], [ 83.956464417278767, 28.677955996245142, 3951.199999999999818 ], [ 83.956430051475763, 28.677972173318267, 3951.800000000000182 ], [ 83.956415383145213, 28.677981225773692, 3952.199999999999818 ], [ 83.956409934908152, 28.677978878840804, 3952.800000000000182 ], [ 83.956396859139204, 28.677982985973362, 3953.199999999999818 ], [ 83.956387722864747, 28.677988266572356, 3953.4 ], [ 83.956368612125516, 28.678001426160336, 3954.0 ], [ 83.956365594640374, 28.678003521636128, 3954.4 ], [ 83.956357883289456, 28.678026990965009, 3955.0 ], [ 83.956362158060074, 28.678041826933622, 3955.4 ], [ 83.956367019563913, 28.67805196903646, 3955.6 ], [ 83.956365343183279, 28.678068062290549, 3956.199999999999818 ], [ 83.956362660974264, 28.678073594346639, 3956.4 ], [ 83.956365091726184, 28.678088095039129, 3956.800000000000182 ], [ 83.95638931542635, 28.678107121959329, 3957.6 ], [ 83.956397194415331, 28.678115922957659, 3958.4 ], [ 83.956404654309154, 28.67811843752861, 3958.800000000000182 ], [ 83.956423765048385, 28.678114917129282, 3959.199999999999818 ], [ 83.956434912979603, 28.6781155038625, 3959.4 ], [ 83.956446396186948, 28.67812380194664, 3959.800000000000182 ], [ 83.956446228548884, 28.678130256012079, 3960.0 ], [ 83.956464249640703, 28.678155317902565, 3960.6 ], [ 83.956465590745211, 28.678160598501563, 3960.800000000000182 ], [ 83.956462489441037, 28.678175518289208, 3961.199999999999818 ], [ 83.956465255469084, 28.678211979568005, 3961.6 ], [ 83.956468859687448, 28.678220780566335, 3961.800000000000182 ], [ 83.956472966820002, 28.678221954032779, 3962.199999999999818 ], [ 83.956489395350218, 28.678232431411743, 3962.800000000000182 ], [ 83.956492245197296, 28.67823519743979, 3962.800000000000182 ], [ 83.956503979861736, 28.678244166076183, 3963.6 ], [ 83.956512277945876, 28.678253721445799, 3963.800000000000182 ], [ 83.956510182470083, 28.678264450281858, 3964.199999999999818 ], [ 83.956505991518497, 28.6782864946872, 3964.800000000000182 ], [ 83.956508673727512, 28.678296552971005, 3965.0 ], [ 83.956497944891453, 28.678305018693209, 3965.199999999999818 ], [ 83.956486880779266, 28.678312059491873, 3965.6 ], [ 83.9564816839993, 28.678324883803725, 3966.0 ], [ 83.956488305702806, 28.67832949385047, 3966.199999999999818 ], [ 83.956494424492121, 28.678327733650804, 3966.4 ], [ 83.956511691212654, 28.678330918774009, 3966.6 ], [ 83.956512194126844, 28.678338378667831, 3967.199999999999818 ], [ 83.9565041474998, 28.678352124989033, 3967.4 ], [ 83.956510350108147, 28.678385652601719, 3968.0 ], [ 83.956511775031686, 28.67838422767818, 3968.199999999999818 ], [ 83.956511439755559, 28.678390011191368, 3968.6 ], [ 83.956506494432688, 28.678424209356308, 3969.0 ], [ 83.956502638757229, 28.678432004526258, 3969.199999999999818 ], [ 83.956494759768248, 28.678448349237438, 3969.800000000000182 ], [ 83.956481013447046, 28.678456312045455, 3970.0 ], [ 83.956477576866746, 28.678458407521248, 3970.4 ], [ 83.956463411450386, 28.678467962890863, 3970.800000000000182 ], [ 83.956463159993291, 28.678480451926589, 3971.4 ], [ 83.956467183306813, 28.67847902700305, 3971.6 ], [ 83.956486713141203, 28.678489504382014, 3971.800000000000182 ], [ 83.956484282389283, 28.678490929305553, 3971.800000000000182 ], [ 83.95651294849813, 28.67849956266582, 3972.6 ], [ 83.956513870507479, 28.678501658141613, 3972.6 ], [ 83.956521917134523, 28.678514482453465, 3973.0 ], [ 83.956531388685107, 28.678525546565652, 3973.6 ], [ 83.956545637920499, 28.678516745567318, 3974.6 ], [ 83.956559216603637, 28.678512386977673, 3974.6 ], [ 83.956584362313151, 28.678502580150958, 3975.4 ], [ 83.956594672054052, 28.678503418341279, 3975.6 ], [ 83.956603221595287, 28.678509537130591, 3975.6 ], [ 83.956606658175588, 28.678529905155301, 3976.0 ], [ 83.956602718681097, 28.678546417504549, 3976.6 ], [ 83.956595594063401, 28.678554715588689, 3976.800000000000182 ], [ 83.956590062007308, 28.678560247644786, 3977.0 ], [ 83.956577489152551, 28.678582543507218, 3977.4 ], [ 83.956578075885773, 28.67859193123877, 3977.800000000000182 ], [ 83.9565852843225, 28.678607940673828, 3978.199999999999818 ], [ 83.956588469445705, 28.678620345890518, 3978.4 ], [ 83.9565818477422, 28.678617747500539, 3978.6 ], [ 83.95658134482801, 28.678618753328919, 3978.800000000000182 ], [ 83.95658134482801, 28.678618753328919, 3979.199999999999818 ], [ 83.95658134482801, 28.678618753328919, 3979.199999999999818 ], [ 83.95658134482801, 28.678618753328919, 3979.199999999999818 ], [ 83.95658134482801, 28.678618753328919, 3979.800000000000182 ], [ 83.95659115165472, 28.678647167980671, 3980.0 ], [ 83.956588553264737, 28.678656807169322, 3980.199999999999818 ], [ 83.956585032865405, 28.678669882938262, 3980.6 ], [ 83.956586038693786, 28.678684132173657, 3980.800000000000182 ], [ 83.956587966531515, 28.678687987849116, 3981.0 ], [ 83.956578746438026, 28.678702907636762, 3981.199999999999818 ], [ 83.956548068672419, 28.678712043911219, 3982.0 ], [ 83.9565334841609, 28.678719839081168, 3983.0 ], [ 83.956533735617995, 28.678723443299532, 3983.0 ], [ 83.956526862457395, 28.678738111630079, 3983.4 ], [ 83.956535328179598, 28.678762754425406, 3984.0 ], [ 83.956538513302803, 28.678771639242768, 3984.0 ], [ 83.956540860235691, 28.678786139935255, 3984.4 ], [ 83.956541195511818, 28.678804999217391, 3985.0 ], [ 83.956548739224672, 28.678828636184335, 3985.199999999999818 ], [ 83.956547481939197, 28.678835676982999, 3985.4 ], [ 83.956542788073421, 28.678837018087503, 3986.0 ], [ 83.956542788073421, 28.678837018087503, 3986.0 ], [ 83.956542788073421, 28.678837018087503, 3986.0 ], [ 83.956526024267077, 28.678841544315219, 3986.0 ], [ 83.956518229097128, 28.678846908733249, 3986.4 ], [ 83.956505740061402, 28.678866857662797, 3986.800000000000182 ], [ 83.95648947916925, 28.678886806592345, 3987.4 ], [ 83.956485874950886, 28.678888147696853, 3987.6 ], [ 83.956468356773257, 28.678909940645099, 3988.199999999999818 ], [ 83.956458801403642, 28.678919915109873, 3988.6 ], [ 83.956447653472424, 28.678930141031746, 3988.800000000000182 ], [ 83.95643818192184, 28.678943971171975, 3989.6 ], [ 83.956433739513159, 28.678947575390339, 3989.6 ], [ 83.956428207457066, 28.678953945636749, 3989.800000000000182 ], [ 83.956419322639704, 28.678977750241756, 3990.4 ], [ 83.956413706764579, 28.678987557068467, 3990.6 ], [ 83.956405157223344, 28.678995100781322, 3991.0 ], [ 83.956397529691458, 28.679009769111872, 3991.6 ], [ 83.956396607682109, 28.679011864587665, 3991.800000000000182 ], [ 83.956394512206316, 28.679014630615711, 3992.0 ], [ 83.956361906602979, 28.679029885679483, 3992.6 ], [ 83.956357883289456, 28.679034328088164, 3992.800000000000182 ], [ 83.956354781985283, 28.679042542353272, 3993.4 ], [ 83.956351596862078, 28.679051343351603, 3993.800000000000182 ], [ 83.95634044893086, 28.679062072187666, 3994.0 ], [ 83.956333827227354, 28.679065508767959, 3994.199999999999818 ], [ 83.956329300999641, 28.679078835994005, 3994.800000000000182 ], [ 83.956332067027688, 28.679082440212369, 3995.0 ], [ 83.95631798543036, 28.679103059694171, 3995.4 ], [ 83.956319242715836, 28.679107585921884, 3995.800000000000182 ], [ 83.956317398697138, 28.679121499881148, 3995.800000000000182 ], [ 83.956320751458406, 28.679128289222717, 3996.0 ], [ 83.956321841105819, 28.67914211936295, 3996.800000000000182 ], [ 83.956319997087121, 28.679147902876139, 3997.0 ], [ 83.956315303221345, 28.679147148504853, 3997.0 ], [ 83.956314213573933, 28.67916508577764, 3997.800000000000182 ], [ 83.956314632669091, 28.679167348891497, 3997.800000000000182 ], [ 83.956310106441379, 28.679192997515202, 3998.0 ], [ 83.956312537193298, 28.679197104647756, 3998.0 ], [ 83.956308932974935, 28.679195679724216, 3998.6 ], [ 83.95631211809814, 28.679218227043748, 3999.0 ], [ 83.956312537193298, 28.679224010556936, 3999.0 ], [ 83.956314297392964, 28.679226441308856, 3999.199999999999818 ], [ 83.956321505829692, 28.679238595068455, 3999.800000000000182 ], [ 83.956316225230694, 28.679250748828053, 4000.0 ], [ 83.956328043714166, 28.679268602281809, 4000.199999999999818 ], [ 83.9563297200948, 28.679268518462777, 4000.4 ], [ 83.956319997087121, 28.679272206500173, 4000.6 ], [ 83.956311866641045, 28.679288383573297, 4001.4 ], [ 83.956309603527188, 28.679295424371961, 4001.6 ], [ 83.956304658204317, 28.679312858730555, 4002.4 ], [ 83.956302562728524, 28.679320989176631, 4002.4 ], [ 83.956299712881446, 28.679340519011021, 4003.0 ], [ 83.956303065642715, 28.679358791559935, 4003.4 ], [ 83.956302395090461, 28.679357198998332, 4003.4 ], [ 83.956303820014, 28.67937195114791, 4003.800000000000182 ], [ 83.956306083127856, 28.679392319172621, 4004.4 ], [ 83.956305161118507, 28.679396593943238, 4004.4 ], [ 83.956297114491463, 28.679394163191319, 4004.800000000000182 ], [ 83.95626325160265, 28.679421823471785, 4005.199999999999818 ], [ 83.956224108114839, 28.679444119334221, 4005.4 ], [ 83.956216732040048, 28.679447723552585, 4005.6 ], [ 83.956196783110499, 28.67946901358664, 4006.0 ], [ 83.956181779503822, 28.679488124325871, 4006.199999999999818 ], [ 83.956177085638046, 28.679496673867103, 4006.6 ], [ 83.956158142536879, 28.679504301398993, 4007.199999999999818 ], [ 83.956123106181622, 28.679516538977623, 4007.6 ], [ 83.956097457557917, 28.679547049105167, 4008.4 ], [ 83.956091338768601, 28.679561465978622, 4008.6 ], [ 83.956091841682792, 28.679573535919189, 4008.800000000000182 ], [ 83.956082118675113, 28.679588120430708, 4009.199999999999818 ], [ 83.956074994057417, 28.679593317210671, 4009.4 ], [ 83.956059571355581, 28.679603962227706, 4009.6 ], [ 83.956052865833044, 28.679613098502159, 4009.800000000000182 ], [ 83.956016823649406, 28.679611254483461, 4010.6 ], [ 83.95601162686944, 28.679614355787635, 4010.800000000000182 ], [ 83.956001233309507, 28.679630197584629, 4011.0 ], [ 83.955989247187972, 28.679643189534545, 4011.800000000000182 ], [ 83.955967873334885, 28.679658193141226, 4012.6 ], [ 83.955961335450411, 28.679666155949235, 4012.800000000000182 ], [ 83.955958737060428, 28.679669257253408, 4012.800000000000182 ], [ 83.955946667119861, 28.679675292223692, 4013.199999999999818 ], [ 83.95592856220901, 28.679678309708834, 4013.4 ], [ 83.955881875008345, 28.679713010787964, 4013.6 ], [ 83.955870307981968, 28.679724158719186, 4013.800000000000182 ], [ 83.955851281061769, 28.679739162325859, 4014.0 ], [ 83.955817921087146, 28.67976774461567, 4014.199999999999818 ], [ 83.955777017399669, 28.679808732122183, 4014.6 ], [ 83.955768635496497, 28.679820885881782, 4015.0 ], [ 83.955747932195663, 28.679832201451063, 4015.199999999999818 ], [ 83.955717924982309, 28.67985600605607, 4015.199999999999818 ], [ 83.955711638554931, 28.67986086755991, 4015.199999999999818 ], [ 83.955692360177636, 28.679873608052731, 4015.6 ], [ 83.955683391541243, 28.679885677993298, 4016.0 ], [ 83.955670902505517, 28.679892215877771, 4016.4 ], [ 83.955626394599676, 28.679916607216001, 4016.800000000000182 ], [ 83.955615498125553, 28.6799580976367, 4017.0 ], [ 83.955606026574969, 28.67996446788311, 4017.0 ], [ 83.955594040453434, 28.679986596107483, 4017.6 ], [ 83.955565793439746, 28.680017357692119, 4018.0 ], [ 83.955546682700515, 28.680029176175591, 4018.199999999999818 ], [ 83.955516926944256, 28.680046861991286, 4018.199999999999818 ], [ 83.955488847568631, 28.680073516443372, 4018.800000000000182 ], [ 83.955478286370635, 28.680089190602303, 4019.199999999999818 ], [ 83.955468395724893, 28.680111318826675, 4019.6 ], [ 83.955453895032406, 28.680132273584604, 4020.199999999999818 ], [ 83.955450961366296, 28.680132776498795, 4020.4 ], [ 83.955433778464794, 28.680156078189611, 4021.0 ], [ 83.95542916841805, 28.680162280797958, 4021.4 ], [ 83.955418691039085, 28.68017359636724, 4021.800000000000182 ], [ 83.955407710745931, 28.680186672136188, 4022.4 ], [ 83.955405447632074, 28.680191030725837, 4022.4 ], [ 83.955388180911541, 28.680210560560223, 4023.0 ], [ 83.955378876999021, 28.680226402357221, 4023.4 ], [ 83.955376194790006, 28.680241573601961, 4024.199999999999818 ], [ 83.955368902534246, 28.68025423027575, 4024.4 ], [ 83.955364627763629, 28.680264540016651, 4025.0 ], [ 83.955357922241092, 28.680271496996284, 4025.6 ], [ 83.955356245860457, 28.680282393470407, 4025.6 ], [ 83.955354150384665, 28.680290188640356, 4025.800000000000182 ], [ 83.955330429598689, 28.680303767323498, 4026.4 ], [ 83.955326825380325, 28.68030552752316, 4026.6 ], [ 83.955278797075152, 28.680325895547867, 4027.800000000000182 ], [ 83.955240910872817, 28.680342910811305, 4028.4 ], [ 83.955233283340931, 28.680348107591271, 4028.4 ], [ 83.955215010792017, 28.680360093712807, 4028.6 ], [ 83.955218950286508, 28.680366883054376, 4028.800000000000182 ], [ 83.955219453200698, 28.680389346554875, 4029.0 ], [ 83.955217022448778, 28.680426059290767, 4029.800000000000182 ], [ 83.955216268077493, 28.680434273555875, 4029.800000000000182 ], [ 83.955198414623737, 28.68046042509377, 4030.6 ], [ 83.955187685787678, 28.680464951321483, 4031.0 ], [ 83.955159522593021, 28.680495712906119, 4031.4 ], [ 83.95511694252491, 28.68055128492415, 4031.6 ], [ 83.955082828179002, 28.680579615756869, 4031.6 ], [ 83.955070339143276, 28.68057525716722, 4031.6 ], [ 83.95506514236331, 28.680579280480742, 4031.6 ], [ 83.95504804328084, 28.680599564686418, 4031.6 ], [ 83.955027842894197, 28.680608784779903, 4031.6 ], [ 83.954988783225417, 28.680653460323811, 4031.6 ], [ 83.954933378845453, 28.680673157796264, 4031.6 ], [ 83.954920051619411, 28.680677600204945, 4031.800000000000182 ], [ 83.95482768304646, 28.680722191929817, 4032.0 ], [ 83.954760627821088, 28.680773992091417, 4032.199999999999818 ], [ 83.95471771247685, 28.680816907435656, 4032.199999999999818 ], [ 83.954664319753647, 28.680860241875052, 4032.199999999999818 ], [ 83.954601874575019, 28.68088991381228, 4032.199999999999818 ], [ 83.954572705551982, 28.680916400626302, 4032.6 ], [ 83.954564491286874, 28.680925201624632, 4033.199999999999818 ], [ 83.954550912603736, 28.680943474173542, 4033.4 ], [ 83.954536998644471, 28.680949257686738, 4034.199999999999818 ], [ 83.954508500173688, 28.680961327627301, 4034.4 ], [ 83.954456532374024, 28.680970715358853, 4034.4 ], [ 83.95445535890758, 28.680968536064029, 4034.4 ], [ 83.954416131600738, 28.680955376476049, 4034.4 ], [ 83.954384531825781, 28.680923692882061, 4034.800000000000182 ], [ 83.954385789111257, 28.680915478616953, 4035.0 ], [ 83.954384615644813, 28.680902821943164, 4035.0 ], [ 83.954366259276867, 28.680862924084067, 4035.199999999999818 ], [ 83.954380005598068, 28.680845741182569, 4035.199999999999818 ], [ 83.954412946477532, 28.68083274923265, 4035.4 ], [ 83.954452089965343, 28.680833419784904, 4035.6 ], [ 83.954447396099567, 28.680800898000602, 4035.800000000000182 ], [ 83.954412527382374, 28.680781535804272, 4036.4 ], [ 83.954405570402741, 28.680778099223971, 4036.800000000000182 ], [ 83.954396937042475, 28.680779607966542, 4037.6 ], [ 83.954381765797734, 28.680768795311451, 4038.0 ], [ 83.954350668936968, 28.680739123374224, 4038.4 ], [ 83.954347483813763, 28.680740045383573, 4038.6 ], [ 83.95431756041944, 28.68072378449142, 4039.4 ], [ 83.954310184344649, 28.680713558569551, 4039.6 ], [ 83.954312363639474, 28.680705595761538, 4039.800000000000182 ], [ 83.954306999221444, 28.680689502507448, 4040.4 ], [ 83.954295013099909, 28.680674666538835, 4040.4 ], [ 83.954275986179709, 28.680656561627984, 4040.800000000000182 ], [ 83.954274645075202, 28.680642731487751, 4041.800000000000182 ], [ 83.954270789399743, 28.680633008480072, 4041.800000000000182 ], [ 83.954253271222115, 28.680610964074731, 4042.4 ], [ 83.954243380576372, 28.680602163076401, 4043.0 ], [ 83.954239021986723, 28.680594870820642, 4043.800000000000182 ], [ 83.954239943996072, 28.680594367906451, 4043.800000000000182 ], [ 83.954227538779378, 28.680584309622645, 4044.0 ], [ 83.954197280108929, 28.680550865828991, 4045.0 ], [ 83.954193508252501, 28.680549105629325, 4045.0 ], [ 83.954166183248162, 28.680529072880745, 4045.6 ], [ 83.954149754717946, 28.680523373186588, 4046.199999999999818 ], [ 83.954149754717946, 28.680528569966555, 4047.0 ], [ 83.954149754717946, 28.680528569966555, 4047.4 ], [ 83.954119998961687, 28.680519014596939, 4047.6 ], [ 83.954091500490904, 28.680496634915471, 4047.6 ], [ 83.954076077789068, 28.680487498641018, 4048.4 ], [ 83.954076077789068, 28.680489007383585, 4048.4 ], [ 83.954038862138987, 28.680476099252701, 4048.800000000000182 ], [ 83.954006591811776, 28.680465454235673, 4049.6 ], [ 83.953999131917953, 28.680462520569563, 4050.0 ], [ 83.953973902389407, 28.680450199171901, 4050.0 ], [ 83.953977758064866, 28.680450618267059, 4050.0 ], [ 83.953947415575385, 28.68045992217958, 4050.800000000000182 ], [ 83.953916067257524, 28.680442068725824, 4051.800000000000182 ], [ 83.953885138034821, 28.680425975471735, 4052.800000000000182 ], [ 83.953848676756024, 28.680392364040017, 4053.199999999999818 ], [ 83.953820010647178, 28.680385490879416, 4053.800000000000182 ], [ 83.953789668157697, 28.680374678224325, 4054.4 ], [ 83.953774748370051, 28.680369313806295, 4055.199999999999818 ], [ 83.953784387558699, 28.680379875004292, 4055.199999999999818 ], [ 83.953799391165376, 28.680400410667065, 4055.199999999999818 ], [ 83.953797882422805, 28.680413067340851, 4056.0 ], [ 83.953799391165376, 28.680405272170901, 4056.199999999999818 ], [ 83.953797714784741, 28.680386329069737, 4056.4 ], [ 83.953763097524643, 28.68034559302032, 4056.4 ], [ 83.953735437244177, 28.680327152833343, 4057.4 ], [ 83.953704759478569, 28.680310389026999, 4058.0 ], [ 83.953679278492928, 28.680297648534179, 4058.4 ], [ 83.953668130561709, 28.680289182811975, 4058.6 ], [ 83.953654719516635, 28.680282393470407, 4058.800000000000182 ], [ 83.95364566706121, 28.680291781201959, 4058.800000000000182 ], [ 83.953607194125652, 28.680293038487431, 4058.800000000000182 ], [ 83.953548856079578, 28.680289518088102, 4058.800000000000182 ], [ 83.953458666801453, 28.68043695576489, 4058.800000000000182 ], [ 83.953459840267897, 28.680395130068064, 4059.0 ], [ 83.953355737030506, 28.680450702086091, 4059.4 ], [ 83.953304104506969, 28.680423460900784, 4059.4 ], [ 83.953308463096619, 28.68042035959661, 4059.4 ], [ 83.95325674675405, 28.680369229987264, 4059.4 ], [ 83.953178795054555, 28.680337378755212, 4060.0 ], [ 83.953147865831852, 28.680329164490104, 4060.4 ], [ 83.953130012378097, 28.680321369320151, 4060.6 ], [ 83.953089276328683, 28.680316088721156, 4061.199999999999818 ], [ 83.953082486987114, 28.680209303274751, 4062.6 ], [ 83.953085588291287, 28.680212739855051, 4062.800000000000182 ], [ 83.953042589128017, 28.680240316316485, 4062.800000000000182 ], [ 83.952962709590793, 28.680264120921493, 4063.0 ], [ 83.952858271077275, 28.680266216397285, 4063.0 ], [ 83.952740421518683, 28.680254817008972, 4063.199999999999818 ], [ 83.95261125639081, 28.68025372736156, 4063.199999999999818 ], [ 83.952524587512016, 28.680245596915483, 4063.4 ], [ 83.952469350770116, 28.680234868079424, 4063.800000000000182 ], [ 83.952453760430217, 28.680233610793948, 4064.0 ], [ 83.952409168705344, 28.680223301053047, 4064.800000000000182 ], [ 83.952400367707014, 28.680219864472747, 4065.199999999999818 ], [ 83.952377485111356, 28.680216511711478, 4065.6 ], [ 83.952351752668619, 28.680203519761559, 4066.199999999999818 ], [ 83.952329037711024, 28.680196227505803, 4066.800000000000182 ], [ 83.952320069074631, 28.680191449820995, 4067.0 ], [ 83.952313279733062, 28.680186923593283, 4067.199999999999818 ], [ 83.952279835939407, 28.680173512548208, 4068.199999999999818 ], [ 83.952273549512029, 28.680169321596622, 4068.4 ], [ 83.952231975272298, 28.680135961622, 4068.6 ], [ 83.952197693288326, 28.680112576112151, 4069.4 ], [ 83.95218612626195, 28.680101511999965, 4069.800000000000182 ], [ 83.952168021351099, 28.680098075419664, 4070.6 ], [ 83.952149413526058, 28.680094555020332, 4071.0 ], [ 83.952133152633905, 28.680087011307482, 4071.6 ], [ 83.952122507616878, 28.680080892518163, 4072.0 ], [ 83.952083699405193, 28.680081060156223, 4072.4 ], [ 83.952081017196178, 28.680075276643041, 4072.4 ], [ 83.952071545645595, 28.68007980287075, 4072.4 ], [ 83.952011279761791, 28.680095560848713, 4072.6 ], [ 83.952003149315715, 28.680099500343204, 4072.6 ], [ 83.951974315568805, 28.680113917216659, 4072.6 ], [ 83.951944308355451, 28.680125651881099, 4072.6 ], [ 83.951857471838593, 28.680143086239696, 4072.800000000000182 ], [ 83.951781196519732, 28.680170997977257, 4072.800000000000182 ], [ 83.951687905937433, 28.680186169221997, 4073.0 ], [ 83.951619174331427, 28.680191366001964, 4073.199999999999818 ], [ 83.951542479917407, 28.680191282182932, 4073.4 ], [ 83.951511466875672, 28.680195640772581, 4073.6 ], [ 83.951478693634272, 28.680198658257723, 4073.6 ], [ 83.951424127444625, 28.680210476741195, 4073.6 ], [ 83.951355395838618, 28.680236293002963, 4073.6 ], [ 83.951282389461994, 28.680267389863729, 4074.0 ], [ 83.951190439984202, 28.680299408733845, 4074.6 ], [ 83.951095640659332, 28.680303012952209, 4075.199999999999818 ], [ 83.951035710051656, 28.680302426218987, 4075.800000000000182 ], [ 83.951017605140805, 28.680304689332843, 4075.800000000000182 ], [ 83.95095189101994, 28.680301839485765, 4076.4 ], [ 83.950905622914433, 28.680307539179921, 4076.6 ], [ 83.950859103351831, 28.680315585806969, 4076.6 ], [ 83.950852733105421, 28.680311143398285, 4077.0 ], [ 83.95079355686903, 28.680318687111139, 4077.0 ], [ 83.950747875496745, 28.680329918861389, 4077.199999999999818 ], [ 83.950687777251005, 28.680335953831673, 4077.6 ], [ 83.950666068121791, 28.680336037650704, 4078.0 ], [ 83.950652992352843, 28.680334696546197, 4078.199999999999818 ], [ 83.950591469183564, 28.680329583585262, 4079.199999999999818 ], [ 83.950562635436654, 28.680328577756882, 4079.4 ], [ 83.950519971549511, 28.680334277451038, 4080.0 ], [ 83.950517205521464, 28.680334612727165, 4080.199999999999818 ], [ 83.950517876073718, 28.680333942174911, 4080.199999999999818 ], [ 83.950517876073718, 28.680333942174911, 4080.199999999999818 ], [ 83.950495412573218, 28.680345760658383, 4080.4 ], [ 83.950495580211282, 28.680345928296447, 4080.4 ], [ 83.950490299612284, 28.680359171703454, 4081.0 ], [ 83.95047496072948, 28.680354729294777, 4081.199999999999818 ], [ 83.950434308499098, 28.680335031822324, 4081.199999999999818 ], [ 83.950422657653689, 28.680335786193609, 4081.199999999999818 ], [ 83.950412599369884, 28.680338719859719, 4081.800000000000182 ], [ 83.950396087020636, 28.680343581363559, 4082.0 ], [ 83.950392231345177, 28.680345928296447, 4082.4 ], [ 83.950387872755527, 28.680344922468063, 4082.800000000000182 ], [ 83.950378652662039, 28.680349951609969, 4083.4 ], [ 83.950365828350186, 28.680351711809635, 4083.6 ], [ 83.950340347364545, 28.680360680446029, 4084.0 ], [ 83.95032056607306, 28.680366715416312, 4084.4 ], [ 83.950322410091758, 28.680364871397614, 4084.4 ], [ 83.950280081480742, 28.680363530293107, 4085.0 ], [ 83.950264407321811, 28.680356908589602, 4085.6 ], [ 83.950249990448356, 28.680357411503792, 4085.800000000000182 ], [ 83.950221491977572, 28.680353136733174, 4086.6 ], [ 83.950216546654701, 28.680352466180921, 4086.800000000000182 ], [ 83.95018276758492, 28.680343413725495, 4087.800000000000182 ], [ 83.950181426480412, 28.680343749001626, 4088.0 ], [ 83.95016273483634, 28.680351544171572, 4088.4 ], [ 83.950128955766559, 28.68034022860229, 4088.800000000000182 ], [ 83.950112694874406, 28.680335367098451, 4089.0 ], [ 83.950068689882755, 28.680319357663393, 4089.6 ], [ 83.950010435655713, 28.680314999073744, 4089.800000000000182 ], [ 83.949991995468736, 28.680312903597951, 4090.0 ], [ 83.949975315481424, 28.680319273844361, 4090.6 ], [ 83.949940698221326, 28.680318435654044, 4091.0 ], [ 83.949936842545867, 28.680317429825664, 4091.0 ], [ 83.949911445379257, 28.680310724303126, 4091.199999999999818 ], [ 83.94987054169178, 28.680307203903791, 4092.0 ], [ 83.949865093454719, 28.680307120084763, 4092.0 ], [ 83.949819663539529, 28.680290104821324, 4092.4 ], [ 83.949766773730516, 28.680271580815315, 4093.199999999999818 ], [ 83.949740454554558, 28.680262947455049, 4093.199999999999818 ], [ 83.949730396270752, 28.680262444540858, 4093.4 ], [ 83.949724864214659, 28.680262444540858, 4093.4 ], [ 83.949696198105812, 28.680253056809303, 4094.4 ], [ 83.949673986062407, 28.680247440934181, 4095.0 ], [ 83.949622856453061, 28.680228497833017, 4095.199999999999818 ], [ 83.949616318568587, 28.680227659642696, 4095.4 ], [ 83.949568625539541, 28.680214919149876, 4095.6 ], [ 83.94952017813921, 28.680198239162564, 4095.800000000000182 ], [ 83.949444657191634, 28.680165717378259, 4096.0 ], [ 83.949376344680786, 28.680146941915151, 4096.0 ], [ 83.94935991615057, 28.680143672972921, 4096.199999999999818 ], [ 83.949317084625363, 28.680131854489449, 4096.199999999999818 ], [ 83.94931155256927, 28.68013009428978, 4096.399999999999636 ], [ 83.949258578941226, 28.680127998813987, 4096.399999999999636 ], [ 83.949189595878124, 28.680133698508143, 4097.199999999999818 ], [ 83.949177106842399, 28.680140236392617, 4097.399999999999636 ], [ 83.949154643341899, 28.680140906944871, 4097.800000000000182 ], [ 83.949125809594989, 28.680140320211649, 4098.399999999999636 ], [ 83.949102759361267, 28.680154401808977, 4099.0 ], [ 83.949082726612687, 28.680167393758893, 4099.399999999999636 ], [ 83.949082558974624, 28.680167477577925, 4099.399999999999636 ], [ 83.949054395779967, 28.68017996661365, 4099.399999999999636 ], [ 83.949014078825712, 28.680189521983262, 4099.600000000000364 ], [ 83.948962446302176, 28.680221121758223, 4099.600000000000364 ], [ 83.948945598676801, 28.680237801745537, 4100.399999999999636 ], [ 83.948926823213696, 28.680245513096452, 4100.600000000000364 ], [ 83.948928248137236, 28.680246602743864, 4100.800000000000182 ], [ 83.948884662240744, 28.680274430662394, 4101.0 ], [ 83.948857169598341, 28.680280297994617, 4101.399999999999636 ], [ 83.948855325579643, 28.680277867242697, 4101.600000000000364 ], [ 83.948823139071465, 28.680282896384597, 4102.199999999999818 ], [ 83.94880386069417, 28.680282896384597, 4102.199999999999818 ], [ 83.948781983926892, 28.68028725497425, 4102.600000000000364 ], [ 83.948742588981986, 28.680304018780589, 4103.199999999999818 ], [ 83.94872859120369, 28.680305778980255, 4103.199999999999818 ], [ 83.948727501556277, 28.680304856970903, 4103.199999999999818 ], [ 83.948701350018382, 28.680301588028669, 4103.199999999999818 ], [ 83.948637396097183, 28.680289434269071, 4103.199999999999818 ], [ 83.948591463267803, 28.680290272459388, 4103.199999999999818 ], [ 83.948524156585336, 28.680281974375248, 4103.0 ], [ 83.948508482426405, 28.68028013035655, 4103.0 ], [ 83.948425333946943, 28.680286416783929, 4103.0 ], [ 83.948347130790353, 28.680305862799287, 4103.0 ], [ 83.948286948725581, 28.680319525301456, 4103.0 ], [ 83.948275884613395, 28.680330002680421, 4103.0 ], [ 83.948264652863145, 28.680332014337186, 4103.0 ], [ 83.948241770267487, 28.680339558050036, 4103.800000000000182 ], [ 83.948239339515567, 28.680338133126497, 4104.0 ], [ 83.948223581537604, 28.68034852668643, 4104.600000000000364 ], [ 83.948206817731261, 28.680355735123161, 4104.800000000000182 ], [ 83.948203213512897, 28.680357914417986, 4104.800000000000182 ], [ 83.948192233219743, 28.680371828377247, 4105.600000000000364 ], [ 83.948194747790694, 28.680376186966896, 4105.800000000000182 ], [ 83.94818963482976, 28.680376606062055, 4106.199999999999818 ], [ 83.948180330917239, 28.68037803098559, 4106.199999999999818 ], [ 83.948171613737941, 28.68037912063301, 4106.199999999999818 ], [ 83.94815937615931, 28.680384065955877, 4107.0 ], [ 83.94814420491457, 28.680395046249032, 4107.399999999999636 ], [ 83.948131967335939, 28.680397728458047, 4107.600000000000364 ], [ 83.948119645938277, 28.68039789609611, 4108.0 ], [ 83.9481046423316, 28.68039739318192, 4108.600000000000364 ], [ 83.948082430288196, 28.680398818105459, 4109.199999999999818 ], [ 83.948051165789366, 28.680401165038347, 4109.199999999999818 ], [ 83.948021410033107, 28.680408038198948, 4110.199999999999818 ], [ 83.948015123605728, 28.680411474779248, 4110.399999999999636 ], [ 83.947993749752641, 28.680420611053705, 4110.800000000000182 ], [ 83.94796877168119, 28.680421281605959, 4111.399999999999636 ], [ 83.947943542152643, 28.680427735671401, 4111.800000000000182 ], [ 83.94792384468019, 28.680435614660382, 4112.199999999999818 ], [ 83.947922335937619, 28.680436369031668, 4112.399999999999636 ], [ 83.947902554646134, 28.680444499477744, 4112.800000000000182 ], [ 83.947884114459157, 28.68044919334352, 4113.399999999999636 ], [ 83.947883946821094, 28.680447516962889, 4113.600000000000364 ], [ 83.94785544835031, 28.68045799434185, 4114.199999999999818 ], [ 83.94782854244113, 28.68046528659761, 4114.199999999999818 ], [ 83.947797948494554, 28.680480709299445, 4114.399999999999636 ], [ 83.947789231315255, 28.680481882765889, 4114.399999999999636 ], [ 83.947781603783369, 28.680479200556871, 4115.0 ], [ 83.947755955159664, 28.680484397336841, 4115.600000000000364 ], [ 83.947753021493554, 28.680485738441348, 4115.600000000000364 ], [ 83.947726953774691, 28.680500658228993, 4116.199999999999818 ], [ 83.94771664403379, 28.680502418428659, 4116.600000000000364 ], [ 83.947712201625109, 28.680503843352199, 4117.0 ], [ 83.94768931902945, 28.680501580238342, 4117.399999999999636 ], [ 83.947681104764342, 28.680502250790596, 4117.800000000000182 ], [ 83.947664340957999, 28.680503843352199, 4118.199999999999818 ], [ 83.947652773931623, 28.680500322952867, 4118.600000000000364 ], [ 83.947644308209419, 28.680499400943521, 4118.800000000000182 ], [ 83.947631567716599, 28.68049805983901, 4119.0 ], [ 83.947605332359672, 28.680489342659712, 4119.800000000000182 ], [ 83.947600219398737, 28.680488588288423, 4119.800000000000182 ], [ 83.94757691770792, 28.680498562753201, 4120.0 ], [ 83.947545066475868, 28.680507699027658, 4120.600000000000364 ], [ 83.947529895231128, 28.680502166971564, 4120.800000000000182 ], [ 83.947511203587055, 28.680497724562883, 4121.0 ], [ 83.947479603812099, 28.680507279932499, 4121.600000000000364 ], [ 83.947456385940313, 28.68050979450345, 4121.800000000000182 ], [ 83.947454458102584, 28.680508537217975, 4122.199999999999818 ], [ 83.947419840842485, 28.680485403165221, 4123.0 ], [ 83.947412883862853, 28.68048515170813, 4123.0 ], [ 83.947379188612103, 28.680479200556871, 4124.0 ], [ 83.947375249117613, 28.680473584681749, 4124.0 ], [ 83.947357144206762, 28.680461179465055, 4125.0 ], [ 83.947355970740318, 28.680459000170231, 4125.199999999999818 ], [ 83.947344571352005, 28.680449863895777, 4126.0 ], [ 83.947331495583057, 28.680445840582252, 4126.199999999999818 ], [ 83.947309870272875, 28.680460089817643, 4126.600000000000364 ], [ 83.947295704856515, 28.680472746491432, 4127.399999999999636 ], [ 83.947284808382392, 28.680473165586591, 4127.399999999999636 ], [ 83.947278941050172, 28.680468136444688, 4128.399999999999636 ], [ 83.947276510298252, 28.68046872317791, 4128.399999999999636 ], [ 83.94725488498807, 28.680469393730164, 4129.0 ], [ 83.947241390123963, 28.680469058454037, 4129.399999999999636 ], [ 83.947224793955684, 28.680469645187259, 4130.0 ], [ 83.947208616882563, 28.680471824482083, 4130.399999999999636 ], [ 83.94719579257071, 28.680471908301115, 4131.0 ], [ 83.947181208059192, 28.680472243577238, 4131.600000000000364 ], [ 83.947161175310612, 28.680478278547525, 4132.0 ], [ 83.947138041257858, 28.680474255234003, 4132.600000000000364 ], [ 83.947119852527976, 28.680465957149863, 4133.199999999999818 ], [ 83.947083726525307, 28.680456485599279, 4133.800000000000182 ], [ 83.947064783424139, 28.680454138666391, 4134.199999999999818 ], [ 83.94705212675035, 28.6804657895118, 4134.399999999999636 ], [ 83.94707266241312, 28.68046042509377, 4134.800000000000182 ], [ 83.947070566937327, 28.680460592731833, 4135.199999999999818 ], [ 83.947069644927979, 28.680454725399613, 4135.199999999999818 ], [ 83.947069644927979, 28.680454725399613, 4135.199999999999818 ], [ 83.947069644927979, 28.680454725399613, 4135.399999999999636 ], [ 83.947030585259199, 28.680456066504121, 4135.600000000000364 ], [ 83.94702916033566, 28.68045262992382, 4136.0 ], [ 83.947028825059533, 28.680453468114138, 4136.199999999999818 ], [ 83.947028825059533, 28.680453468114138, 4136.199999999999818 ], [ 83.947028825059533, 28.680453468114138, 4136.199999999999818 ], [ 83.947028825059533, 28.680453468114138, 4136.399999999999636 ], [ 83.947007367387414, 28.680452546104789, 4136.600000000000364 ], [ 83.946976102888584, 28.680454725399613, 4136.600000000000364 ], [ 83.946951627731323, 28.680452294647697, 4137.0 ], [ 83.946930086240172, 28.680442152544856, 4137.399999999999636 ], [ 83.946909969672561, 28.680433183908463, 4138.199999999999818 ], [ 83.946905862540007, 28.680432345718145, 4138.399999999999636 ], [ 83.946886667981744, 28.68042228743434, 4138.800000000000182 ], [ 83.94687426276505, 28.680420191958547, 4139.199999999999818 ], [ 83.946862611919641, 28.680422957986593, 4139.800000000000182 ], [ 83.946848195046186, 28.680421197786927, 4140.399999999999636 ], [ 83.946833442896605, 28.680419353768229, 4140.399999999999636 ], [ 83.946812152862549, 28.680414324626327, 4141.399999999999636 ], [ 83.946809638291597, 28.680412145331506, 4141.600000000000364 ], [ 83.946773177012801, 28.680391693487763, 4142.199999999999818 ], [ 83.946764627471566, 28.680392447859049, 4142.600000000000364 ], [ 83.946761442348361, 28.680394208058715, 4142.800000000000182 ], [ 83.946749456226826, 28.680394878610969, 4143.0 ], [ 83.946755072101951, 28.680406361818314, 4143.399999999999636 ], [ 83.94672816619277, 28.680413654074073, 4143.800000000000182 ], [ 83.94673990085721, 28.680401332676411, 4144.800000000000182 ], [ 83.946740990504622, 28.680402841418982, 4145.0 ], [ 83.946758676320314, 28.680417342111468, 4145.399999999999636 ], [ 83.946759011596441, 28.680439302697778, 4145.800000000000182 ], [ 83.946754150092602, 28.680445002391934, 4146.0 ], [ 83.946727328002453, 28.680461933836341, 4147.0 ], [ 83.946699416264892, 28.68046872317791, 4147.600000000000364 ], [ 83.946695812046528, 28.6804657895118, 4148.0 ], [ 83.946695812046528, 28.680465621873736, 4148.199999999999818 ], [ 83.94669639877975, 28.680465454235673, 4148.399999999999636 ], [ 83.946681478992105, 28.680475847795609, 4148.600000000000364 ], [ 83.946680724620819, 28.680476769804955, 4148.600000000000364 ], [ 83.946656249463558, 28.680482050403953, 4149.0 ], [ 83.946638479828835, 28.680488923564553, 4150.0 ], [ 83.946637222543359, 28.680489845573906, 4150.199999999999818 ], [ 83.946629511192441, 28.680491102859374, 4150.399999999999636 ], [ 83.946617860347033, 28.680491438135505, 4150.600000000000364 ], [ 83.9466040302068, 28.680491438135505, 4151.0 ], [ 83.946593552827835, 28.680490599945188, 4151.199999999999818 ], [ 83.946554493159056, 28.680487498641018, 4152.199999999999818 ], [ 83.946548122912645, 28.680487666279081, 4152.199999999999818 ], [ 83.946548877283931, 28.68050292134285, 4153.0 ], [ 83.946551475673914, 28.680508118122816, 4153.199999999999818 ], [ 83.946551643311977, 28.680521780624986, 4153.399999999999636 ], [ 83.946537226438522, 28.680528486147523, 4154.0 ], [ 83.946513002738357, 28.680532174184918, 4154.399999999999636 ], [ 83.946511745452881, 28.68053276091814, 4154.600000000000364 ], [ 83.946495316922665, 28.680530749261379, 4155.399999999999636 ], [ 83.946487018838525, 28.680529156699777, 4155.600000000000364 ], [ 83.946483498439193, 28.680527647957209, 4155.600000000000364 ], [ 83.94646723754704, 28.680523373186588, 4156.0 ], [ 83.946455419063568, 28.680517422035336, 4156.199999999999818 ], [ 83.946444438770413, 28.680515410378575, 4156.600000000000364 ], [ 83.946438990533352, 28.680515997111797, 4156.800000000000182 ], [ 83.946410911157727, 28.680515494197607, 4157.600000000000364 ], [ 83.946403786540031, 28.680515829473737, 4158.0 ], [ 83.94638417288661, 28.680514823645353, 4158.600000000000364 ], [ 83.946363804861903, 28.68051272816956, 4158.800000000000182 ], [ 83.946322817355394, 28.68051465600729, 4159.600000000000364 ], [ 83.946317955851555, 28.680513985455036, 4160.0 ], [ 83.94628744572401, 28.680512895807624, 4160.600000000000364 ], [ 83.946280321106315, 28.680512057617307, 4160.600000000000364 ], [ 83.946244781836867, 28.680507447570559, 4160.800000000000182 ], [ 83.946246709674597, 28.68049931712449, 4161.199999999999818 ], [ 83.946266658604145, 28.680507699027658, 4161.199999999999818 ], [ 83.946254504844546, 28.680508118122816, 4161.399999999999636 ], [ 83.946233801543713, 28.680508872494102, 4161.600000000000364 ], [ 83.946231622248888, 28.68050828576088, 4161.800000000000182 ], [ 83.946219552308321, 28.680508034303784, 4161.800000000000182 ], [ 83.946194406598806, 28.68052345700562, 4161.800000000000182 ], [ 83.946143193170428, 28.680542148649693, 4162.800000000000182 ], [ 83.946095835417509, 28.68057232350111, 4163.0 ], [ 83.94608954899013, 28.680576262995601, 4163.0 ], [ 83.946054261177778, 28.680605934932828, 4163.600000000000364 ], [ 83.946014195680618, 28.680633930489421, 4164.199999999999818 ], [ 83.94598351791501, 28.680642647668719, 4165.0 ], [ 83.945967759937048, 28.680644072592258, 4165.199999999999818 ], [ 83.945941021665931, 28.680650359019637, 4166.0 ], [ 83.945933226495981, 28.680647173896432, 4166.399999999999636 ], [ 83.945933226495981, 28.680647173896432, 4166.399999999999636 ], [ 83.945904225111008, 28.680659662932161, 4166.600000000000364 ], [ 83.945873295888305, 28.680680533871055, 4166.800000000000182 ], [ 83.945847982540727, 28.680695118382573, 4166.800000000000182 ], [ 83.945818310603499, 28.680699812248349, 4166.800000000000182 ], [ 83.945806827396154, 28.68070769123733, 4167.0 ], [ 83.945779921486974, 28.680726047605276, 4167.399999999999636 ], [ 83.945736084133387, 28.680751277133822, 4167.600000000000364 ], [ 83.945694426074624, 28.680738369002938, 4167.600000000000364 ], [ 83.945677410811186, 28.680691933259368, 4167.800000000000182 ], [ 83.945675734430552, 28.680649856105447, 4168.0 ], [ 83.945662742480636, 28.680640636011962, 4168.0 ], [ 83.945582108572125, 28.680607611313462, 4168.0 ], [ 83.945537181571126, 28.680599397048351, 4168.399999999999636 ], [ 83.945508850738406, 28.680591350421309, 4168.399999999999636 ], [ 83.94549778662622, 28.680585483089089, 4168.600000000000364 ], [ 83.945481861010194, 28.680578945204616, 4168.800000000000182 ], [ 83.945426624268293, 28.680560002103448, 4169.199999999999818 ], [ 83.945362083613873, 28.680556984618303, 4169.199999999999818 ], [ 83.945282287895679, 28.680579783394933, 4169.199999999999818 ], [ 83.945257645100355, 28.680593948811293, 4169.199999999999818 ], [ 83.945257645100355, 28.680593948811293, 4169.399999999999636 ], [ 83.94525496289134, 28.680600821971893, 4169.399999999999636 ], [ 83.94525152631104, 28.680606102570891, 4169.600000000000364 ], [ 83.945201318711042, 28.680644575506449, 4169.600000000000364 ], [ 83.94520316272974, 28.680645665153861, 4169.600000000000364 ], [ 83.945205928757787, 28.680652035400271, 4169.600000000000364 ], [ 83.945136107504368, 28.680684892460704, 4169.600000000000364 ], [ 83.945076847448945, 28.680709367617965, 4169.800000000000182 ], [ 83.945015072822571, 28.680728645995259, 4170.0 ], [ 83.944993950426579, 28.680734680965543, 4170.399999999999636 ], [ 83.944914406165481, 28.680759491398931, 4170.399999999999636 ], [ 83.944905018433928, 28.680759072303772, 4171.0 ], [ 83.944903090596199, 28.680758737027645, 4171.399999999999636 ], [ 83.944857157766819, 28.680782876908779, 4171.399999999999636 ], [ 83.944836454465985, 28.680790169164538, 4171.800000000000182 ], [ 83.944784235209227, 28.68081271648407, 4172.0 ], [ 83.944713575765491, 28.680840292945504, 4172.800000000000182 ], [ 83.94469253718853, 28.680842388421297, 4173.199999999999818 ], [ 83.94466177560389, 28.68084104731679, 4173.399999999999636 ], [ 83.944598576053977, 28.680859236046672, 4174.0 ], [ 83.944593463093042, 28.680863007903099, 4174.199999999999818 ], [ 83.944536466151476, 28.680904414504766, 4174.600000000000364 ], [ 83.944472763687372, 28.680921848863363, 4174.600000000000364 ], [ 83.944395650178194, 28.680935092270374, 4175.0 ], [ 83.944375533610582, 28.680939702317119, 4175.199999999999818 ], [ 83.944333959370852, 28.680951856076717, 4175.399999999999636 ], [ 83.944253409281373, 28.680987730622292, 4175.600000000000364 ], [ 83.944179648533463, 28.681029472500089, 4175.800000000000182 ], [ 83.944117370992899, 28.681061575189233, 4175.800000000000182 ], [ 83.944099768996239, 28.681074986234307, 4176.0 ], [ 83.944085771217942, 28.681086050346497, 4176.199999999999818 ], [ 83.944049226120114, 28.681114967912436, 4176.800000000000182 ], [ 83.943970268592238, 28.681151429191232, 4176.800000000000182 ], [ 83.943920144811273, 28.681218316778541, 4176.800000000000182 ], [ 83.943904219195247, 28.681238600984216, 4177.199999999999818 ], [ 83.943904219195247, 28.681238600984216, 4177.399999999999636 ], [ 83.94389214925468, 28.68124614469707, 4177.800000000000182 ], [ 83.943830542266369, 28.681270955130454, 4177.800000000000182 ], [ 83.943790812045336, 28.681286377832297, 4178.0 ], [ 83.943765666335821, 28.681293586269021, 4178.399999999999636 ], [ 83.943750578910112, 28.681297274306417, 4178.600000000000364 ], [ 83.943694336339831, 28.681307332590222, 4178.800000000000182 ], [ 83.943650918081403, 28.681303393095732, 4179.0 ], [ 83.943646056577563, 28.681304315105081, 4179.0 ], [ 83.943614372983575, 28.681300627067685, 4179.600000000000364 ], [ 83.943586545065045, 28.681303560733795, 4180.0 ], [ 83.943563494831324, 28.681302722543482, 4180.600000000000364 ], [ 83.943543210625648, 28.681302554905415, 4181.199999999999818 ], [ 83.94352812319994, 28.6812998726964, 4181.199999999999818 ], [ 83.943513706326485, 28.681298866868019, 4181.199999999999818 ], [ 83.943475233390927, 28.681294256821275, 4181.600000000000364 ], [ 83.943456457927823, 28.681290736421943, 4181.600000000000364 ], [ 83.943449249491096, 28.681291658431292, 4181.800000000000182 ], [ 83.943426199257374, 28.681288976222277, 4181.800000000000182 ], [ 83.943362077698112, 28.681256286799908, 4181.800000000000182 ], [ 83.94329653121531, 28.681249832734466, 4182.0 ], [ 83.943246155977249, 28.681243462488055, 4182.199999999999818 ], [ 83.943183375522494, 28.681250168010592, 4182.399999999999636 ], [ 83.943175664171576, 28.681252347305417, 4182.600000000000364 ], [ 83.943144315853715, 28.6812774091959, 4183.600000000000364 ], [ 83.943143980577588, 28.681279672309756, 4183.600000000000364 ], [ 83.943120511248708, 28.681293167173862, 4184.0 ], [ 83.943083547055721, 28.681328035891056, 4184.0 ], [ 83.943067202344537, 28.681352343410257, 4184.199999999999818 ], [ 83.943067118525505, 28.68134873919189, 4184.199999999999818 ], [ 83.943067118525505, 28.68134873919189, 4184.399999999999636 ], [ 83.943067118525505, 28.68134873919189, 4184.800000000000182 ], [ 83.943066112697124, 28.681347817182541, 4184.800000000000182 ], [ 83.943054713308811, 28.681353265419599, 4185.0 ], [ 83.943059239536524, 28.681370867416263, 4185.0 ], [ 83.943058149889112, 28.681387044489384, 4186.0 ], [ 83.943059155717492, 28.681376986205574, 4186.0 ], [ 83.943032082170248, 28.681368688121442, 4186.199999999999818 ], [ 83.943015486001968, 28.681359132751822, 4187.0 ], [ 83.943015318363905, 28.681359887123108, 4187.199999999999818 ], [ 83.942998722195625, 28.681358965113759, 4187.600000000000364 ], [ 83.942975420504808, 28.681355360895395, 4188.199999999999818 ], [ 83.94295890815556, 28.681353600695729, 4188.600000000000364 ], [ 83.942947927862406, 28.681355863809586, 4188.800000000000182 ], [ 83.942934768274426, 28.681360390037295, 4189.399999999999636 ], [ 83.942926470190287, 28.68136047385633, 4189.399999999999636 ], [ 83.942903503775597, 28.681361814960837, 4189.800000000000182 ], [ 83.942876849323511, 28.681364329531789, 4190.399999999999636 ], [ 83.942869640886784, 28.681362485513091, 4190.600000000000364 ], [ 83.942835861817002, 28.681359551846981, 4191.199999999999818 ], [ 83.942837538197637, 28.681357875466347, 4191.600000000000364 ], [ 83.942819852381945, 28.681362988427281, 4192.199999999999818 ], [ 83.942816080525517, 28.68136634118855, 4192.600000000000364 ], [ 83.942808620631695, 28.681370615959167, 4193.0 ], [ 83.942798059433699, 28.681368604302406, 4193.0 ], [ 83.942766711115837, 28.681359216570858, 4193.800000000000182 ], [ 83.942748438566923, 28.681357288733125, 4194.399999999999636 ], [ 83.942741565406322, 28.681351086124774, 4194.600000000000364 ], [ 83.942735698074102, 28.681349912658337, 4194.800000000000182 ], [ 83.942716335877776, 28.681364748626947, 4195.0 ], [ 83.942678533494473, 28.681371454149485, 4195.399999999999636 ], [ 83.942625224590302, 28.681362066417933, 4195.399999999999636 ], [ 83.942566383630037, 28.681357456371188, 4195.600000000000364 ], [ 83.94254207611084, 28.681360641494393, 4195.600000000000364 ], [ 83.942539310082793, 28.681363239884377, 4196.0 ], [ 83.942542662844062, 28.681365670636296, 4196.0 ], [ 83.94252254627645, 28.681365000084043, 4196.199999999999818 ], [ 83.94245557487011, 28.681355444714427, 4196.800000000000182 ], [ 83.942434787750244, 28.681349158287048, 4197.0 ], [ 83.942392626777291, 28.681346056982875, 4197.399999999999636 ], [ 83.942354656755924, 28.681345554068685, 4197.800000000000182 ], [ 83.942315429449081, 28.68134337477386, 4198.0 ], [ 83.942294390872121, 28.681357204914093, 4198.399999999999636 ], [ 83.94226941280067, 28.681364161893725, 4199.399999999999636 ], [ 83.942251978442073, 28.681362317875028, 4199.399999999999636 ], [ 83.942179223522544, 28.68134337477386, 4199.600000000000364 ], [ 83.94211552105844, 28.681345637887716, 4199.600000000000364 ], [ 83.942075036466122, 28.681339100003239, 4200.0 ], [ 83.942071432247758, 28.681333819404244, 4200.199999999999818 ], [ 83.942098170518875, 28.681335244327784, 4200.399999999999636 ], [ 83.942092219367623, 28.681338094174865, 4200.399999999999636 ], [ 83.942034803330898, 28.68136684410274, 4200.600000000000364 ], [ 83.941991636529565, 28.681390313431621, 4201.199999999999818 ], [ 83.941955845803022, 28.681416548788548, 4201.600000000000364 ], [ 83.94193815998733, 28.681421913206577, 4201.600000000000364 ], [ 83.941942602396011, 28.681427109986544, 4201.800000000000182 ], [ 83.941915025934577, 28.681459045037627, 4202.0 ], [ 83.941850904375315, 28.68147186934948, 4202.600000000000364 ], [ 83.941802708432078, 28.681499110534787, 4202.600000000000364 ], [ 83.941794158890843, 28.681500032544136, 4202.600000000000364 ], [ 83.941762810572982, 28.68149944581091, 4202.800000000000182 ], [ 83.941746801137924, 28.681514784693722, 4203.199999999999818 ], [ 83.941730791702867, 28.681518053635955, 4203.600000000000364 ], [ 83.941688630729914, 28.68152886629105, 4203.600000000000364 ], [ 83.941674884408712, 28.681535068899393, 4203.600000000000364 ], [ 83.941651917994022, 28.68154764175415, 4203.800000000000182 ], [ 83.941624592989683, 28.681560046970844, 4203.800000000000182 ], [ 83.941627610474825, 28.681557783856988, 4203.800000000000182 ], [ 83.941650912165642, 28.681562058627605, 4203.800000000000182 ], [ 83.941661305725574, 28.681560717523094, 4204.0 ], [ 83.941643200814724, 28.681558119133115, 4204.0 ], [ 83.941602045670152, 28.681587791070346, 4204.199999999999818 ], [ 83.941576480865479, 28.681605644524097, 4204.399999999999636 ], [ 83.941529206931591, 28.68161897175014, 4204.600000000000364 ], [ 83.941446980461478, 28.681644285097718, 4205.0 ], [ 83.941421918570995, 28.68165023624897, 4205.399999999999636 ], [ 83.941401382908225, 28.681653840467337, 4206.0 ], [ 83.941394845023751, 28.681654678657651, 4206.199999999999818 ], [ 83.941382355988026, 28.681671358644959, 4206.600000000000364 ], [ 83.94136693328619, 28.681677980348468, 4207.0 ], [ 83.941347738727927, 28.681704886257648, 4208.0 ], [ 83.94132636487484, 28.681722991168499, 4208.800000000000182 ], [ 83.94132636487484, 28.681722991168499, 4208.800000000000182 ], [ 83.94132636487484, 28.681722991168499, 4208.800000000000182 ], [ 83.94132636487484, 28.681722991168499, 4208.800000000000182 ], [ 83.941319994628429, 28.681725254282355, 4208.800000000000182 ], [ 83.941314462572336, 28.681733720004559, 4208.800000000000182 ], [ 83.941247491165996, 28.681759955361485, 4209.199999999999818 ], [ 83.941174736246467, 28.681768588721752, 4208.800000000000182 ], [ 83.941116062924266, 28.681786023080349, 4208.800000000000182 ], [ 83.941069291904569, 28.681790633127093, 4208.800000000000182 ], [ 83.941069291904569, 28.681790716946125, 4208.800000000000182 ], [ 83.941051857545972, 28.681797087192535, 4208.600000000000364 ], [ 83.941014977172017, 28.681819047778845, 4208.600000000000364 ], [ 83.940978851169348, 28.681832123547792, 4208.399999999999636 ], [ 83.940909700468183, 28.681869087740779, 4208.399999999999636 ], [ 83.940881621092558, 28.681931365281343, 4208.399999999999636 ], [ 83.940846165642142, 28.681956175714731, 4208.199999999999818 ], [ 83.940815906971693, 28.681971598416567, 4208.199999999999818 ], [ 83.940816074609756, 28.68197176605463, 4208.199999999999818 ], [ 83.940816409885883, 28.681971933692697, 4208.0 ], [ 83.940815655514598, 28.681975202634931, 4208.0 ], [ 83.940784810110927, 28.681993978098035, 4208.199999999999818 ], [ 83.940706606954336, 28.682030439376831, 4208.199999999999818 ], [ 83.940612813457847, 28.682057932019234, 4208.199999999999818 ], [ 83.940586913377047, 28.682069415226579, 4208.199999999999818 ], [ 83.940510554239154, 28.682098165154457, 4208.199999999999818 ], [ 83.940495802089572, 28.682106714695692, 4208.199999999999818 ], [ 83.940494963899255, 28.682108977809548, 4208.600000000000364 ], [ 83.940449953079224, 28.682093638926744, 4208.600000000000364 ], [ 83.940447941422462, 28.682092716917396, 4208.600000000000364 ], [ 83.940452132374048, 28.682098081335425, 4208.600000000000364 ], [ 83.940437966957688, 28.682102439925075, 4208.600000000000364 ], [ 83.940434781834483, 28.682102439925075, 4208.600000000000364 ], [ 83.940423801541328, 28.682091375812888, 4208.600000000000364 ], [ 83.94042681902647, 28.682075785472989, 4208.600000000000364 ], [ 83.940416257828474, 28.682104283943772, 4208.600000000000364 ], [ 83.940421286970377, 28.682118197903037, 4208.600000000000364 ], [ 83.940421286970377, 28.682118197903037, 4208.600000000000364 ], [ 83.940421286970377, 28.682118197903037, 4208.600000000000364 ], [ 83.940418269485235, 28.682128172367811, 4208.600000000000364 ], [ 83.940405528992414, 28.682091291993856, 4208.600000000000364 ], [ 83.940395722165704, 28.682093219831582, 4208.600000000000364 ], [ 83.940375605598092, 28.682087436318401, 4208.600000000000364 ], [ 83.940277956426144, 28.682060111314058, 4209.199999999999818 ], [ 83.940144767984748, 28.68202893063426, 4209.399999999999636 ], [ 83.940050471574068, 28.682005377486348, 4209.399999999999636 ], [ 83.94004569388926, 28.682005796581507, 4209.399999999999636 ], [ 83.940022308379412, 28.682002192363143, 4209.800000000000182 ], [ 83.940004287287607, 28.68199716322124, 4210.199999999999818 ], [ 83.940000599250197, 28.681996408849955, 4210.399999999999636 ], [ 83.939996073022485, 28.681995067745447, 4210.600000000000364 ], [ 83.939986601471901, 28.681995319202542, 4212.0 ], [ 83.939994648098946, 28.681998671963811, 4212.399999999999636 ], [ 83.940005041658878, 28.682012921199203, 4212.399999999999636 ], [ 83.939997162669897, 28.681979477405548, 4212.800000000000182 ], [ 83.939998922869563, 28.68197956122458, 4213.0 ], [ 83.940001521259546, 28.681955421343449, 4213.0 ], [ 83.939992049708962, 28.681879732757807, 4213.0 ], [ 83.939989535138011, 28.681864561513063, 4213.600000000000364 ], [ 83.93998458981514, 28.681843103840947, 4214.199999999999818 ], [ 83.939974866807461, 28.681827262043953, 4215.0 ], [ 83.939964976161718, 28.681824747473001, 4215.399999999999636 ], [ 83.939946452155709, 28.681819634512067, 4215.800000000000182 ], [ 83.939938992261887, 28.681805972009897, 4216.399999999999636 ], [ 83.939932202920318, 28.681787280365825, 4216.600000000000364 ], [ 83.939966149628162, 28.68174260482192, 4217.199999999999818 ], [ 83.940000431612134, 28.68172843940556, 4217.399999999999636 ], [ 83.940013842657208, 28.681711424142119, 4218.199999999999818 ], [ 83.940023398026824, 28.681703880429268, 4218.399999999999636 ], [ 83.940027840435505, 28.681687954813238, 4218.800000000000182 ], [ 83.940037647262216, 28.681664988398552, 4219.600000000000364 ], [ 83.940041000023484, 28.681661551818252, 4220.0 ], [ 83.940048962831497, 28.681668592616916, 4220.199999999999818 ], [ 83.940045442432165, 28.681644033640623, 4220.399999999999636 ], [ 83.940044017508626, 28.6816365737468, 4220.800000000000182 ], [ 83.940052231773734, 28.68161897175014, 4221.800000000000182 ], [ 83.940040580928326, 28.681609081104401, 4222.600000000000364 ], [ 83.940037563443184, 28.68161503225565, 4223.0 ], [ 83.940060529857874, 28.681647134944797, 4224.0 ], [ 83.940061032772064, 28.681684182956815, 4224.0 ], [ 83.940060026943684, 28.681685943156481, 4224.199999999999818 ], [ 83.940046532079577, 28.681693067774177, 4224.600000000000364 ], [ 83.940037647262216, 28.681682087481025, 4225.0 ], [ 83.940021134912968, 28.681680159643292, 4225.199999999999818 ], [ 83.940008226782084, 28.681680243462324, 4225.199999999999818 ], [ 83.940008310601115, 28.681684602051973, 4225.199999999999818 ], [ 83.940007472410798, 28.681683680042624, 4226.0 ], [ 83.94000998698175, 28.681686110794544, 4226.199999999999818 ], [ 83.940000850707293, 28.681685943156481, 4226.399999999999636 ], [ 83.939978219568729, 28.68169373832643, 4226.600000000000364 ], [ 83.939951146021485, 28.681707484647632, 4227.0 ], [ 83.939948379993439, 28.681709915399551, 4227.399999999999636 ], [ 83.939936812967062, 28.681713435798883, 4228.0 ], [ 83.939901106059551, 28.681706311181188, 4228.399999999999636 ], [ 83.939906302839518, 28.68168787099421, 4229.600000000000364 ], [ 83.939918959513307, 28.681675046682361, 4230.199999999999818 ], [ 83.939925916492939, 28.68167320266366, 4230.600000000000364 ], [ 83.939935136586428, 28.681670688092709, 4230.600000000000364 ], [ 83.939930945634842, 28.681671107187867, 4230.800000000000182 ], [ 83.939939243718982, 28.681664653122425, 4231.0 ], [ 83.939949637278914, 28.681657360866662, 4231.399999999999636 ], [ 83.93995575606823, 28.681641267612576, 4231.800000000000182 ], [ 83.939959276467562, 28.681637495756149, 4232.600000000000364 ], [ 83.939958438277245, 28.681623246520761, 4232.800000000000182 ], [ 83.939968328922987, 28.681614780798551, 4233.199999999999818 ], [ 83.939980650320649, 28.681612350046635, 4233.800000000000182 ], [ 83.939984086900949, 28.681612014770508, 4234.0 ], [ 83.940000599250197, 28.681586030870676, 4234.600000000000364 ], [ 83.940002527087927, 28.681578654795885, 4234.800000000000182 ], [ 83.940000347793102, 28.681553089991212, 4235.800000000000182 ], [ 83.939996156841516, 28.681547306478024, 4236.0 ], [ 83.939990708604455, 28.681562310084701, 4236.800000000000182 ], [ 83.939991043880582, 28.68156893178821, 4237.0 ], [ 83.939974028617144, 28.681591060012579, 4237.399999999999636 ], [ 83.939958103001118, 28.681593239307404, 4238.199999999999818 ], [ 83.939949050545692, 28.681595670059323, 4238.399999999999636 ], [ 83.939906470477581, 28.681611595675349, 4239.199999999999818 ], [ 83.939880486577749, 28.681616960093379, 4239.800000000000182 ], [ 83.939873026683927, 28.681619726121426, 4240.199999999999818 ], [ 83.939843438565731, 28.681618552654982, 4241.399999999999636 ], [ 83.939830614253879, 28.681620564311743, 4241.800000000000182 ], [ 83.939829440787435, 28.681623330339789, 4242.0 ], [ 83.939813179895282, 28.681642105802897, 4242.0 ], [ 83.939791973680258, 28.681664653122425, 4242.399999999999636 ], [ 83.939781747758389, 28.681670520454645, 4242.800000000000182 ], [ 83.939769929274917, 28.681689463555813, 4243.600000000000364 ], [ 83.93976372666657, 28.681697510182858, 4243.800000000000182 ], [ 83.939740508794785, 28.681715363636613, 4244.600000000000364 ], [ 83.939736066386104, 28.681720225140452, 4244.600000000000364 ], [ 83.939724080264568, 28.681736569851637, 4245.0 ], [ 83.939712261781096, 28.681755512952805, 4245.600000000000364 ], [ 83.939650822430849, 28.681802367791533, 4245.600000000000364 ], [ 83.939593909308314, 28.681843774393201, 4245.600000000000364 ], [ 83.939576391130686, 28.681846372783184, 4245.600000000000364 ], [ 83.939577816054225, 28.681845450773835, 4245.600000000000364 ], [ 83.939593154937029, 28.681842852383852, 4245.800000000000182 ], [ 83.939593154937029, 28.681842852383852, 4245.800000000000182 ], [ 83.939587958157063, 28.681847713887691, 4246.0 ], [ 83.939519729465246, 28.681878559291363, 4246.0 ], [ 83.93947253935039, 28.681886019185185, 4246.0 ], [ 83.939417218789458, 28.681908315047622, 4246.0 ], [ 83.939346810802817, 28.68192826397717, 4246.199999999999818 ], [ 83.939323592931032, 28.681933712214231, 4246.800000000000182 ], [ 83.93930833786726, 28.681944189593196, 4247.0 ], [ 83.93927707336843, 28.681960366666317, 4247.399999999999636 ], [ 83.939261063933372, 28.6819629650563, 4247.800000000000182 ], [ 83.939243964850903, 28.681971011683345, 4248.399999999999636 ], [ 83.939226027578115, 28.681972268968821, 4248.800000000000182 ], [ 83.939209431409836, 28.681982578709722, 4249.0 ], [ 83.939190153032541, 28.681994816288352, 4249.0 ], [ 83.939140867441893, 28.682026667520404, 4249.0 ], [ 83.939063418656588, 28.682057345286012, 4249.399999999999636 ], [ 83.939005248248577, 28.682080311700702, 4249.399999999999636 ], [ 83.938924614340067, 28.682102859020233, 4249.600000000000364 ], [ 83.938866192474961, 28.682108642533422, 4250.0 ], [ 83.938856972381473, 28.682113504037261, 4250.0 ], [ 83.938785642385483, 28.68213152512908, 4250.600000000000364 ], [ 83.93870634958148, 28.682154323905703, 4251.0 ], [ 83.938697297126055, 28.68215549737215, 4251.199999999999818 ], [ 83.938649017363787, 28.682169243693352, 4251.800000000000182 ], [ 83.938597133383155, 28.682181313633919, 4252.199999999999818 ], [ 83.938557989895344, 28.682188941165805, 4252.600000000000364 ], [ 83.938498394563794, 28.68221333250403, 4253.199999999999818 ], [ 83.93849185667932, 28.682217355817556, 4253.399999999999636 ], [ 83.938419856131077, 28.682268317788839, 4253.399999999999636 ], [ 83.9383599255234, 28.682309053838253, 4253.600000000000364 ], [ 83.938331929966807, 28.682323135435581, 4253.600000000000364 ], [ 83.938248110935092, 28.682349538430572, 4253.600000000000364 ], [ 83.938162364065647, 28.682360434904695, 4254.199999999999818 ], [ 83.938153479248285, 28.682362781837583, 4254.399999999999636 ], [ 83.938062116503716, 28.682367727160457, 4254.399999999999636 ], [ 83.937988188117743, 28.68238172493875, 4254.600000000000364 ], [ 83.937916439026594, 28.682394800707694, 4254.800000000000182 ], [ 83.937835637480021, 28.682405864819884, 4254.800000000000182 ], [ 83.937787022441626, 28.682426400482655, 4254.800000000000182 ], [ 83.937762631103396, 28.682434279471636, 4254.800000000000182 ], [ 83.937732959166169, 28.682445092126727, 4254.800000000000182 ], [ 83.937681578099728, 28.682459173724055, 4254.800000000000182 ], [ 83.9375742059201, 28.682468477636576, 4254.800000000000182 ], [ 83.9374412689358, 28.682500412687659, 4254.800000000000182 ], [ 83.937324173748493, 28.6825155839324, 4255.0 ], [ 83.937294334173203, 28.682520110160112, 4255.0 ], [ 83.937280420213938, 28.68252539075911, 4255.0 ], [ 83.93726927228272, 28.682529162615538, 4255.0 ], [ 83.93724630586803, 28.68253025226295, 4255.0 ], [ 83.937148489058018, 28.682531593367457, 4255.199999999999818 ], [ 83.93710020929575, 28.682528072968125, 4255.199999999999818 ], [ 83.937056455761194, 28.682519188150764, 4255.199999999999818 ], [ 83.936965176835656, 28.682506363838911, 4255.399999999999636 ], [ 83.936876496300101, 28.682513069361448, 4255.399999999999636 ], [ 83.936821259558201, 28.682518349960446, 4255.399999999999636 ], [ 83.936799801886082, 28.682522792369127, 4255.399999999999636 ], [ 83.936779852956533, 28.682524971663952, 4255.600000000000364 ], [ 83.936718078330159, 28.682544501498342, 4255.800000000000182 ], [ 83.936641551554203, 28.682567551732063, 4255.800000000000182 ], [ 83.936580531299114, 28.682579705491666, 4256.399999999999636 ], [ 83.936555217951536, 28.682584566995502, 4256.600000000000364 ], [ 83.936484642326832, 28.682589177042249, 4256.800000000000182 ], [ 83.936380874365568, 28.68258398026228, 4257.0 ], [ 83.936276352033019, 28.682576352730393, 4257.199999999999818 ], [ 83.93623142503202, 28.6825708206743, 4257.199999999999818 ], [ 83.936169315129519, 28.682569647207856, 4257.600000000000364 ], [ 83.9361253939569, 28.68257325142622, 4258.0 ], [ 83.936047358438373, 28.682587165385485, 4258.600000000000364 ], [ 83.935960102826357, 28.682592529803511, 4259.399999999999636 ], [ 83.935908386483788, 28.682601079344749, 4259.600000000000364 ], [ 83.935881229117513, 28.682595966383815, 4259.600000000000364 ], [ 83.9358283393085, 28.682562690228224, 4260.0 ], [ 83.935800762847066, 28.6825449205935, 4260.199999999999818 ], [ 83.935783663764596, 28.682537209242582, 4260.399999999999636 ], [ 83.935771845281124, 28.682532934471965, 4260.600000000000364 ], [ 83.935754913836718, 28.682521702721715, 4260.600000000000364 ], [ 83.935748627409339, 28.682518349960446, 4260.600000000000364 ], [ 83.935674028471112, 28.682494042441249, 4260.600000000000364 ], [ 83.93559574149549, 28.682466549798846, 4260.600000000000364 ], [ 83.935513850301504, 28.682465795427561, 4260.600000000000364 ], [ 83.935413016006351, 28.682451378554106, 4259.800000000000182 ], [ 83.935402035713196, 28.682451378554106, 4259.600000000000364 ], [ 83.935301285237074, 28.68244182318449, 4258.800000000000182 ], [ 83.935278235003352, 28.682446768507361, 4258.800000000000182 ], [ 83.935227524489164, 28.682471746578813, 4258.800000000000182 ], [ 83.935146890580654, 28.682516757398844, 4258.800000000000182 ], [ 83.935058293864131, 28.682561935856938, 4258.800000000000182 ], [ 83.934989394620061, 28.682597475126386, 4258.800000000000182 ], [ 83.93492485396564, 28.682616837322712, 4258.800000000000182 ], [ 83.934821421280503, 28.682618094608188, 4258.800000000000182 ], [ 83.934785714372993, 28.682614071294665, 4258.800000000000182 ], [ 83.934721173718572, 28.682604935020208, 4258.800000000000182 ], [ 83.934578597545624, 28.682589428499341, 4258.800000000000182 ], [ 83.934513302519917, 28.682583058252931, 4258.800000000000182 ], [ 83.934483379125595, 28.682589177042249, 4258.600000000000364 ], [ 83.934404170140624, 28.68259571492672, 4258.600000000000364 ], [ 83.934358824044466, 28.682607030496001, 4258.600000000000364 ], [ 83.93428036943078, 28.682622788473964, 4258.600000000000364 ], [ 83.934269724413753, 28.682625722140074, 4258.600000000000364 ], [ 83.934229156002402, 28.682639468461275, 4258.600000000000364 ], [ 83.934227144345641, 28.682636450976133, 4258.800000000000182 ], [ 83.934188922867179, 28.682646844536063, 4259.600000000000364 ], [ 83.934180038049817, 28.682648772373796, 4259.800000000000182 ], [ 83.934139218181372, 28.682671738788489, 4260.0 ], [ 83.934128992259502, 28.682678695768121, 4260.0 ], [ 83.934071827679873, 28.682710211724043, 4260.199999999999818 ], [ 83.934012316167355, 28.682734435424209, 4261.0 ], [ 83.933970909565687, 28.68274767883122, 4262.0 ], [ 83.93393780104816, 28.68275874294341, 4262.800000000000182 ], [ 83.93390754237771, 28.682766119018197, 4263.0 ], [ 83.933883821591735, 28.68276628665626, 4263.600000000000364 ], [ 83.93384987488389, 28.682771567255259, 4264.199999999999818 ], [ 83.933812575414777, 28.682803837582469, 4264.800000000000182 ], [ 83.93379170447588, 28.682815488427877, 4265.199999999999818 ], [ 83.933776868507266, 28.682826384902, 4265.399999999999636 ], [ 83.933742083609104, 28.682862427085642, 4266.199999999999818 ], [ 83.933732947334647, 28.682867204770449, 4266.199999999999818 ], [ 83.93368030898273, 28.682885644957423, 4266.399999999999636 ], [ 83.933638818562031, 28.682918334379792, 4267.399999999999636 ], [ 83.933598250150681, 28.682950772345063, 4268.0 ], [ 83.933567740023136, 28.6829783488065, 4268.399999999999636 ], [ 83.933562375605106, 28.682987485080957, 4268.399999999999636 ], [ 83.933558939024806, 28.682992346584797, 4268.399999999999636 ], [ 83.93352784216404, 28.683034004643559, 4269.0 ], [ 83.933522058650851, 28.683054624125361, 4269.199999999999818 ], [ 83.933499427512288, 28.683086140081286, 4269.199999999999818 ], [ 83.933491632342339, 28.68314447812736, 4269.399999999999636 ], [ 83.933490542694926, 28.683148920536041, 4269.399999999999636 ], [ 83.933481825515628, 28.683150261640549, 4269.399999999999636 ], [ 83.933480987325311, 28.683148249983788, 4269.600000000000364 ], [ 83.933475790545344, 28.683149926364425, 4269.600000000000364 ], [ 83.933398677036166, 28.683162331581116, 4269.600000000000364 ], [ 83.933350564911962, 28.683127630501986, 4269.600000000000364 ], [ 83.933313768357038, 28.68310977704823, 4269.600000000000364 ], [ 83.933309493586421, 28.683106591925025, 4269.600000000000364 ], [ 83.933264231309295, 28.68309167213738, 4269.399999999999636 ], [ 83.933181753382087, 28.683096030727029, 4269.399999999999636 ], [ 83.93310078419745, 28.683088989928365, 4269.199999999999818 ], [ 83.933083768934011, 28.683084966614839, 4269.0 ], [ 83.933058120310307, 28.683084631338716, 4268.600000000000364 ], [ 83.93304755911231, 28.683081865310669, 4268.399999999999636 ], [ 83.933015204966068, 28.683073734864593, 4267.800000000000182 ], [ 83.932986371219158, 28.683063173666596, 4267.399999999999636 ], [ 83.932965751737356, 28.683045320212841, 4266.199999999999818 ], [ 83.932958040386438, 28.683039117604498, 4266.0 ], [ 83.932860642671585, 28.682982288300991, 4265.399999999999636 ], [ 83.932846309617162, 28.682976756244894, 4265.199999999999818 ], [ 83.932773387059569, 28.682948425412174, 4264.399999999999636 ], [ 83.932737512513995, 28.682944485917687, 4264.199999999999818 ], [ 83.932703481987119, 28.682945910841227, 4264.199999999999818 ], [ 83.932652687653899, 28.682922273874283, 4264.0 ], [ 83.932564426213503, 28.682887153699991, 4263.600000000000364 ], [ 83.932493347674608, 28.682869551703337, 4263.600000000000364 ], [ 83.932437859475613, 28.68286544457078, 4263.199999999999818 ], [ 83.932385891675949, 28.682840717956424, 4263.0 ], [ 83.932271394878626, 28.682776344940063, 4262.199999999999818 ], [ 83.932260498404503, 28.68276821449399, 4262.199999999999818 ], [ 83.932217583060265, 28.682730244472623, 4261.600000000000364 ], [ 83.932196963578463, 28.682716749608517, 4261.199999999999818 ], [ 83.932134350761771, 28.682674923911691, 4260.600000000000364 ], [ 83.93209227360785, 28.682618597522374, 4260.600000000000364 ], [ 83.932054303586483, 28.68258498609066, 4260.600000000000364 ], [ 83.931994205340743, 28.682532766833901, 4260.600000000000364 ], [ 83.931977190077305, 28.682518266141415, 4260.600000000000364 ], [ 83.931905860081315, 28.682466633617882, 4260.600000000000364 ], [ 83.931811479851604, 28.68242422118783, 4260.600000000000364 ], [ 83.931744676083326, 28.682436374947429, 4260.600000000000364 ], [ 83.931669574230909, 28.682470237836242, 4260.600000000000364 ], [ 83.931632861495018, 28.682497562840581, 4260.800000000000182 ], [ 83.931618444621563, 28.682511057704687, 4260.800000000000182 ], [ 83.931608889251947, 28.682516422122717, 4260.800000000000182 ], [ 83.931586341932416, 28.682515751570463, 4261.0 ], [ 83.931554825976491, 28.682505441829559, 4261.199999999999818 ], [ 83.931548371911049, 28.682503597810864, 4261.399999999999636 ], [ 83.931482322514057, 28.682520110160112, 4262.199999999999818 ], [ 83.931472515687346, 28.68252438493073, 4262.199999999999818 ], [ 83.931395821273327, 28.682510470971465, 4262.399999999999636 ], [ 83.931365478783846, 28.682475686073303, 4262.800000000000182 ], [ 83.931353157386184, 28.682443499565125, 4263.199999999999818 ], [ 83.931350307539105, 28.682436374947429, 4263.399999999999636 ], [ 83.931349385529757, 28.682389184832573, 4264.0 ], [ 83.931344607844949, 28.682323973625898, 4264.0 ], [ 83.931341171264648, 28.68231768719852, 4264.0 ], [ 83.931303536519408, 28.682245267555121, 4264.0 ], [ 83.931305129081011, 28.682173015549779, 4264.0 ], [ 83.931332370266318, 28.682126328349113, 4264.0 ], [ 83.931320970878005, 28.682072851806879, 4264.0 ], [ 83.93128895200789, 28.68202893063426, 4264.0 ], [ 83.931280067190528, 28.681980734691024, 4264.0 ], [ 83.931272020563483, 28.681950392201543, 4263.399999999999636 ], [ 83.931266739964485, 28.681939244270325, 4263.199999999999818 ], [ 83.931241426616907, 28.681865567341447, 4262.399999999999636 ], [ 83.931237906217575, 28.681855509057641, 4262.199999999999818 ], [ 83.931228183209896, 28.681838577613235, 4262.0 ], [ 83.931189123541117, 28.681832375004888, 4261.600000000000364 ], [ 83.931122738867998, 28.681833297014236, 4261.199999999999818 ], [ 83.93104512244463, 28.681844947859645, 4260.399999999999636 ], [ 83.931033806875348, 28.68184695951641, 4260.199999999999818 ], [ 83.930900366976857, 28.68183933198452, 4259.600000000000364 ], [ 83.930857619270682, 28.681826926767823, 4259.0 ], [ 83.930740272626281, 28.68179633282125, 4258.199999999999818 ], [ 83.930701548233628, 28.681787699460983, 4258.199999999999818 ], [ 83.930610185489058, 28.681754423305392, 4258.199999999999818 ], [ 83.930515386164188, 28.681715531274676, 4258.199999999999818 ], [ 83.930453276261687, 28.681668676435947, 4258.0 ], [ 83.930394602939487, 28.681595670059323, 4257.800000000000182 ], [ 83.930367529392242, 28.681575804948807, 4257.800000000000182 ], [ 83.930433997884393, 28.681631376966831, 4257.600000000000364 ], [ 83.930398961529136, 28.681597849354148, 4257.600000000000364 ], [ 83.930340455844998, 28.681578738614917, 4257.399999999999636 ], [ 83.930280860513449, 28.68157203309238, 4257.399999999999636 ], [ 83.93024230375886, 28.681562561541796, 4256.800000000000182 ], [ 83.930193521082401, 28.681553928181529, 4256.600000000000364 ], [ 83.930187989026308, 28.681546552106735, 4256.600000000000364 ], [ 83.930135434493423, 28.681534146890044, 4255.800000000000182 ], [ 83.93011967651546, 28.681532051414251, 4255.600000000000364 ], [ 83.930046670138836, 28.681504474952817, 4254.800000000000182 ], [ 83.930035438388586, 28.68149827234447, 4254.600000000000364 ], [ 83.929992858320475, 28.681471450254321, 4253.600000000000364 ], [ 83.929978189989924, 28.681462984532121, 4253.0 ], [ 83.929936531931162, 28.681465666741133, 4252.600000000000364 ], [ 83.929925719276071, 28.681472791358829, 4252.600000000000364 ], [ 83.92988464795053, 28.681490644812584, 4252.399999999999636 ], [ 83.929826645180583, 28.681505816057324, 4251.600000000000364 ], [ 83.929763277992606, 28.68152073584497, 4251.199999999999818 ], [ 83.929709549993277, 28.681532638147473, 4250.399999999999636 ], [ 83.929616594687104, 28.681561052799225, 4250.0 ], [ 83.929584324359894, 28.681572452187535, 4249.399999999999636 ], [ 83.929503690451384, 28.681599274277687, 4248.399999999999636 ], [ 83.929493464529514, 28.681602375581861, 4248.199999999999818 ], [ 83.929499248042703, 28.681611679494381, 4248.0 ], [ 83.929482148960233, 28.681627605110407, 4247.800000000000182 ], [ 83.929415345191956, 28.68163489736617, 4247.199999999999818 ], [ 83.929403526708484, 28.681640680879351, 4247.0 ], [ 83.929361281916499, 28.681657277047631, 4246.0 ], [ 83.929318953305483, 28.681663814932108, 4245.399999999999636 ], [ 83.929288946092129, 28.68166783824563, 4245.0 ], [ 83.929236643016338, 28.68168393149972, 4244.0 ], [ 83.929201941937208, 28.681711340323091, 4243.199999999999818 ], [ 83.929167743772268, 28.681726008653641, 4242.800000000000182 ], [ 83.92914779484272, 28.681730031967163, 4242.600000000000364 ], [ 83.929050648584962, 28.681697845458984, 4242.199999999999818 ], [ 83.929009828716516, 28.681694660335779, 4241.800000000000182 ], [ 83.928926764056087, 28.681677561253309, 4241.0 ], [ 83.928864235058427, 28.681659623980519, 4240.600000000000364 ], [ 83.928827019408345, 28.681656522676349, 4239.600000000000364 ], [ 83.928798688575625, 28.681655516847968, 4239.0 ], [ 83.928756611421704, 28.681646129116416, 4238.399999999999636 ], [ 83.928679497912526, 28.681620396673679, 4237.199999999999818 ], [ 83.928667092695832, 28.681617127731439, 4237.0 ], [ 83.928603390231729, 28.68161553516984, 4236.199999999999818 ], [ 83.928559133782983, 28.681626012548804, 4235.800000000000182 ], [ 83.928518649190664, 28.681627018377185, 4235.199999999999818 ], [ 83.928455030545592, 28.681635316461325, 4234.0 ], [ 83.928431393578649, 28.681649984791875, 4233.800000000000182 ], [ 83.928395938128233, 28.68169030174613, 4233.0 ], [ 83.92838261090219, 28.681742269545794, 4232.600000000000364 ], [ 83.928380012512207, 28.681802367791533, 4231.800000000000182 ], [ 83.928377917036414, 28.681828267872337, 4231.399999999999636 ], [ 83.928366266191006, 28.681860789656639, 4230.600000000000364 ], [ 83.928326703608036, 28.681903118267655, 4229.800000000000182 ], [ 83.928304994478822, 28.681922312825922, 4229.399999999999636 ], [ 83.928251601755619, 28.681987775489688, 4228.399999999999636 ], [ 83.928182953968644, 28.682037061080337, 4228.0 ], [ 83.928148336708546, 28.682061200961471, 4227.399999999999636 ], [ 83.928147833794355, 28.682058854028583, 4227.199999999999818 ], [ 83.92814414575696, 28.68205675855279, 4227.0 ], [ 83.928082790225744, 28.682103445753455, 4226.399999999999636 ], [ 83.928060494363308, 28.682121383026239, 4226.0 ], [ 83.928009951487184, 28.682185588404536, 4224.800000000000182 ], [ 83.928003497421741, 28.682198999449611, 4224.600000000000364 ], [ 83.927992265671492, 28.682233784347773, 4223.600000000000364 ], [ 83.927981955930591, 28.682293631136417, 4222.800000000000182 ], [ 83.927961252629757, 28.682312993332744, 4222.600000000000364 ], [ 83.927910877391696, 28.682350628077984, 4221.800000000000182 ], [ 83.927887827157974, 28.682365044951439, 4221.399999999999636 ], [ 83.927843067795038, 28.682415504008532, 4220.199999999999818 ], [ 83.92780065536499, 28.682434028014541, 4219.0 ], [ 83.927779113873839, 28.682436961680651, 4218.399999999999636 ], [ 83.927773330360651, 28.682422963902351, 4217.800000000000182 ], [ 83.927757069468498, 28.682408714666963, 4217.600000000000364 ], [ 83.927731169387698, 28.682382479310036, 4217.399999999999636 ], [ 83.927683224901557, 28.68233285844326, 4217.199999999999818 ], [ 83.927675429731607, 28.68232456035912, 4217.199999999999818 ], [ 83.927639722824097, 28.682247195392847, 4217.199999999999818 ], [ 83.927588006481528, 28.682187264785171, 4217.199999999999818 ], [ 83.927574511617422, 28.682184582576156, 4217.199999999999818 ], [ 83.927518855780363, 28.682098248973489, 4217.399999999999636 ], [ 83.927532434463501, 28.682049885392189, 4217.800000000000182 ], [ 83.927534865215421, 28.682043934240937, 4218.0 ], [ 83.927538888528943, 28.682005209848285, 4218.800000000000182 ], [ 83.927540229633451, 28.682000683620572, 4219.0 ], [ 83.927524052560329, 28.681975202634931, 4219.600000000000364 ], [ 83.927518185228109, 28.681969838216901, 4219.800000000000182 ], [ 83.927507204934955, 28.68196346797049, 4220.0 ], [ 83.927506282925606, 28.681963216513395, 4220.0 ], [ 83.927489267662168, 28.681951398029923, 4220.199999999999818 ], [ 83.927462110295892, 28.681929018348455, 4220.399999999999636 ], [ 83.927430426701903, 28.681901022791862, 4220.800000000000182 ], [ 83.927418859675527, 28.681892221793532, 4221.0 ], [ 83.927409974858165, 28.681875541806221, 4221.600000000000364 ], [ 83.927391869947314, 28.681846708059311, 4222.199999999999818 ], [ 83.92738189548254, 28.681838912889361, 4222.600000000000364 ], [ 83.927378710359335, 28.681832375004888, 4223.199999999999818 ], [ 83.927365550771356, 28.681825753301386, 4223.399999999999636 ], [ 83.927361778914928, 28.681821310892701, 4224.0 ], [ 83.927361276000738, 28.681819634512067, 4224.399999999999636 ], [ 83.927361443638802, 28.681820640340447, 4224.399999999999636 ], [ 83.927328502759337, 28.681829692795873, 4224.600000000000364 ], [ 83.927289359271526, 28.68184695951641, 4225.399999999999636 ], [ 83.927271254360676, 28.681875541806221, 4226.199999999999818 ], [ 83.927268823608756, 28.681875122711062, 4226.399999999999636 ], [ 83.927240995690227, 28.681892640888691, 4226.800000000000182 ], [ 83.927205037325621, 28.681927258148789, 4227.199999999999818 ], [ 83.927186010405421, 28.681934718042612, 4227.399999999999636 ], [ 83.927179053425789, 28.681939076632261, 4227.600000000000364 ], [ 83.927151644602418, 28.681957935914397, 4228.0 ], [ 83.927110740914941, 28.681978555396199, 4228.199999999999818 ], [ 83.927095737308264, 28.681989451870319, 4228.199999999999818 ], [ 83.927075704559684, 28.682002611458302, 4228.600000000000364 ], [ 83.927028765901923, 28.682025242596865, 4228.600000000000364 ], [ 83.926986521109939, 28.682064637541771, 4228.600000000000364 ], [ 83.926930949091911, 28.68210269138217, 4228.800000000000182 ], [ 83.926856936886907, 28.682142086327076, 4228.800000000000182 ], [ 83.926793402060866, 28.682164298370481, 4228.800000000000182 ], [ 83.926783679053187, 28.682164298370481, 4228.800000000000182 ], [ 83.926707822829485, 28.68218282237649, 4228.800000000000182 ], [ 83.926696674898267, 28.682185420766473, 4228.800000000000182 ], [ 83.926634564995766, 28.68218868970871, 4228.800000000000182 ], [ 83.926557283848524, 28.682220289483663, 4229.0 ], [ 83.92654680646956, 28.682222552597523, 4229.0 ], [ 83.926468938589096, 28.682269491255283, 4229.199999999999818 ], [ 83.926379336044192, 28.682313747704029, 4229.199999999999818 ], [ 83.926323680207133, 28.682328583672643, 4229.199999999999818 ], [ 83.926306581124663, 28.682335205376148, 4229.199999999999818 ], [ 83.926279926672578, 28.682349286973476, 4229.0 ], [ 83.926249919459224, 28.682368397712708, 4228.800000000000182 ], [ 83.92622091807425, 28.682399913668633, 4228.800000000000182 ], [ 83.926105499267578, 28.682405026629567, 4228.800000000000182 ], [ 83.926001563668251, 28.682393040508032, 4228.800000000000182 ], [ 83.925928473472595, 28.682356579229236, 4228.800000000000182 ], [ 83.92587591893971, 28.682294972240925, 4228.800000000000182 ], [ 83.925831494852901, 28.682216266170144, 4228.800000000000182 ], [ 83.925796458497643, 28.68216379545629, 4228.800000000000182 ], [ 83.925763349980116, 28.682126747444272, 4228.800000000000182 ], [ 83.925718674436212, 28.682062793523073, 4228.800000000000182 ], [ 83.925660420209169, 28.682038486003876, 4228.800000000000182 ], [ 83.925652205944061, 28.682036977261305, 4228.800000000000182 ], [ 83.925632005557418, 28.68203429505229, 4228.800000000000182 ], [ 83.925566794350743, 28.682007389143109, 4228.800000000000182 ], [ 83.925499068573117, 28.681993307545781, 4227.600000000000364 ], [ 83.925494123250246, 28.681989032775164, 4227.399999999999636 ], [ 83.92547769472003, 28.68197713047266, 4226.600000000000364 ], [ 83.925442658364773, 28.681938489899039, 4225.399999999999636 ], [ 83.925415333360434, 28.681916194036603, 4224.199999999999818 ], [ 83.925379542633891, 28.681892305612564, 4223.199999999999818 ], [ 83.925319444388151, 28.681844025850296, 4223.199999999999818 ], [ 83.92528323456645, 28.681791136041284, 4223.0 ], [ 83.9252426661551, 28.681725841015577, 4223.0 ], [ 83.925197068601847, 28.681682255119085, 4223.0 ], [ 83.925116015598178, 28.681653756648306, 4222.399999999999636 ], [ 83.92510780133307, 28.681648727506399, 4222.399999999999636 ], [ 83.92506186850369, 28.681597262620929, 4222.399999999999636 ], [ 83.925034124404192, 28.681566333398223, 4222.399999999999636 ], [ 83.924986179918051, 28.681512102484703, 4222.399999999999636 ], [ 83.924936223775148, 28.681453596800569, 4222.399999999999636 ], [ 83.924907054752111, 28.68142694234848, 4223.0 ], [ 83.924905126914382, 28.681424595415592, 4223.0 ], [ 83.92488987185061, 28.681386457756162, 4223.399999999999636 ], [ 83.924859361723065, 28.68135116994381, 4224.0 ], [ 83.924842765554786, 28.681330299004912, 4224.800000000000182 ], [ 83.924831869080663, 28.681320073083043, 4225.0 ], [ 83.924828935414553, 28.681311942636967, 4225.199999999999818 ], [ 83.92481217160821, 28.681290987879041, 4226.0 ], [ 83.92480781301856, 28.681285623461008, 4226.0 ], [ 83.924805214628577, 28.681285204365849, 4226.399999999999636 ], [ 83.924795240163803, 28.681278415024281, 4226.800000000000182 ], [ 83.924790965393186, 28.681274810805917, 4226.800000000000182 ], [ 83.924791049212217, 28.68126911111176, 4227.199999999999818 ], [ 83.92478384077549, 28.68125980719924, 4227.600000000000364 ], [ 83.924768250435591, 28.681248491629962, 4228.0 ], [ 83.92476330511272, 28.681250000372529, 4228.199999999999818 ], [ 83.924754839390516, 28.681245977059007, 4228.399999999999636 ], [ 83.92472080886364, 28.681234242394567, 4229.199999999999818 ], [ 83.924709996208549, 28.68122854270041, 4229.399999999999636 ], [ 83.924697674810886, 28.681219154968858, 4230.0 ], [ 83.924682587385178, 28.681214209645987, 4230.199999999999818 ], [ 83.92466900870204, 28.681205408647656, 4230.600000000000364 ], [ 83.924656268209219, 28.681197362020612, 4231.399999999999636 ], [ 83.924649143591523, 28.681194428354502, 4231.399999999999636 ], [ 83.924620226025581, 28.681182442232966, 4231.800000000000182 ], [ 83.924586195498705, 28.681169282644987, 4232.399999999999636 ], [ 83.924582339823246, 28.681164504960179, 4232.600000000000364 ], [ 83.924544621258974, 28.681152267381549, 4233.600000000000364 ], [ 83.924479326233268, 28.681143969297409, 4234.199999999999818 ], [ 83.9244638197124, 28.681140029802918, 4234.199999999999818 ], [ 83.9244638197124, 28.681140029802918, 4234.199999999999818 ], [ 83.924466082826257, 28.681140867993236, 4234.199999999999818 ], [ 83.9244638197124, 28.681140029802918, 4234.199999999999818 ], [ 83.9244638197124, 28.681140029802918, 4234.199999999999818 ], [ 83.924423083662987, 28.681156961247325, 4234.199999999999818 ], [ 83.924418389797211, 28.681161403656009, 4234.199999999999818 ], [ 83.924413779750466, 28.681158805266023, 4233.800000000000182 ], [ 83.924411097541451, 28.681158721446991, 4233.600000000000364 ], [ 83.924403050914407, 28.681158805266023, 4233.600000000000364 ], [ 83.924398608505726, 28.681155703961849, 4233.199999999999818 ], [ 83.924387795850635, 28.681148160248995, 4232.600000000000364 ], [ 83.924387460574508, 28.68114254437387, 4232.0 ], [ 83.924367344006896, 28.681128798052669, 4231.399999999999636 ], [ 83.924343455582857, 28.681104071438313, 4230.399999999999636 ], [ 83.924334235489368, 28.681095773354173, 4230.0 ], [ 83.924315543845296, 28.68108194321394, 4229.399999999999636 ], [ 83.924297858029604, 28.681066939607263, 4228.800000000000182 ], [ 83.924266425892711, 28.681053863838315, 4228.399999999999636 ], [ 83.924248404800892, 28.681030813604593, 4228.399999999999636 ], [ 83.924281261861324, 28.68103701621294, 4228.399999999999636 ], [ 83.924282183870673, 28.681044895201921, 4228.199999999999818 ], [ 83.924274304881692, 28.681043470278382, 4228.0 ], [ 83.924275897443295, 28.681050008162856, 4228.0 ], [ 83.924265000969172, 28.681022766977549, 4227.800000000000182 ], [ 83.924265000969172, 28.681022766977549, 4227.600000000000364 ], [ 83.924258546903729, 28.681029723957181, 4227.399999999999636 ], [ 83.924205070361495, 28.681028885766864, 4227.199999999999818 ], [ 83.924197275191545, 28.681029472500089, 4227.199999999999818 ], [ 83.92414421774447, 28.681051768362519, 4226.199999999999818 ], [ 83.924123430624604, 28.681048918515444, 4226.0 ], [ 83.924110354855657, 28.681030226871371, 4225.600000000000364 ], [ 83.924092752858996, 28.681032322347164, 4225.0 ], [ 83.924075150862336, 28.68102234788239, 4224.0 ], [ 83.924075067043304, 28.681019246578217, 4224.0 ], [ 83.924062829464674, 28.681019833311439, 4223.399999999999636 ], [ 83.924061488360167, 28.681018576025963, 4223.399999999999636 ], [ 83.924054699018598, 28.681006589904428, 4222.800000000000182 ], [ 83.92404992133379, 28.68099108338356, 4222.399999999999636 ], [ 83.924043551087379, 28.68096275255084, 4221.800000000000182 ], [ 83.924041455611587, 28.68096107617021, 4221.800000000000182 ], [ 83.924007592722774, 28.68092997930944, 4221.399999999999636 ], [ 83.924003066495061, 28.680908437818289, 4220.800000000000182 ], [ 83.924004239961505, 28.680910365656018, 4220.800000000000182 ], [ 83.924008514732122, 28.680877592414618, 4220.800000000000182 ], [ 83.92405092716217, 28.680838784202933, 4220.800000000000182 ], [ 83.924076072871685, 28.680817326530818, 4220.800000000000182 ], [ 83.924083197489381, 28.680774495005608, 4220.800000000000182 ], [ 83.924067690968513, 28.68071959353983, 4220.800000000000182 ], [ 83.924041790887713, 28.680679276585579, 4220.800000000000182 ], [ 83.924041204154491, 28.680674750357863, 4220.800000000000182 ], [ 83.924019997939467, 28.680629655718803, 4221.399999999999636 ], [ 83.92401086166501, 28.680615238845348, 4221.800000000000182 ], [ 83.923999797552824, 28.680597972124815, 4222.199999999999818 ], [ 83.923986805602908, 28.680573832243681, 4222.800000000000182 ], [ 83.923977501690388, 28.680543908849359, 4223.199999999999818 ], [ 83.923975406214595, 28.680498143658038, 4223.800000000000182 ], [ 83.923981860280037, 28.680494036525488, 4223.800000000000182 ], [ 83.923964845016599, 28.680467298254371, 4223.800000000000182 ], [ 83.923964845016599, 28.680472578853369, 4223.800000000000182 ], [ 83.923964845016599, 28.680472495034337, 4223.800000000000182 ], [ 83.923960151150823, 28.680425975471735, 4223.800000000000182 ], [ 83.923959983512759, 28.680311646312475, 4223.800000000000182 ], [ 83.923960402607918, 28.680221205577254, 4223.800000000000182 ], [ 83.923947662115097, 28.680165549740195, 4223.399999999999636 ], [ 83.923966102302074, 28.680096985772252, 4223.199999999999818 ], [ 83.923960654065013, 28.680075528100133, 4222.600000000000364 ], [ 83.923966102302074, 28.680060189217329, 4221.800000000000182 ], [ 83.923966605216265, 28.680067816749215, 4221.600000000000364 ], [ 83.923965180292726, 28.680067146196961, 4221.399999999999636 ], [ 83.923963671550155, 28.680049376562241, 4221.399999999999636 ], [ 83.923952858895063, 28.680034205317497, 4220.600000000000364 ], [ 83.923952942714095, 28.680029008537531, 4220.399999999999636 ], [ 83.923957636579871, 28.680008472874761, 4219.199999999999818 ], [ 83.923948584124446, 28.679967569187284, 4218.199999999999818 ], [ 83.923943554982543, 28.679962623864412, 4218.0 ], [ 83.92390189692378, 28.679932616651055, 4218.0 ], [ 83.923867531120777, 28.679901100695133, 4218.0 ], [ 83.923856718465686, 28.679882492870092, 4218.0 ], [ 83.92383836209774, 28.679848043248057, 4218.0 ], [ 83.923836015164852, 28.679842427372932, 4218.0 ], [ 83.923835344612598, 28.679834464564919, 4217.800000000000182 ], [ 83.92385789193213, 28.679802529513836, 4217.800000000000182 ], [ 83.923848755657673, 28.679803619161248, 4218.0 ], [ 83.923844816163182, 28.679780066013336, 4218.0 ], [ 83.923822939395905, 28.679708568379283, 4218.0 ], [ 83.923813803121448, 28.679699599742889, 4217.800000000000182 ], [ 83.92379142343998, 28.67968107573688, 4217.800000000000182 ], [ 83.923760326579213, 28.679700689390302, 4217.800000000000182 ], [ 83.923736605793238, 28.679698426276445, 4217.600000000000364 ], [ 83.92371816560626, 28.679695911705497, 4216.600000000000364 ], [ 83.923691846430302, 28.679685182869431, 4216.0 ], [ 83.923677681013942, 28.679656684398651, 4215.800000000000182 ], [ 83.923673322424293, 28.67965123616159, 4215.399999999999636 ], [ 83.923634849488735, 28.679675459861755, 4215.199999999999818 ], [ 83.923621606081724, 28.679681662470102, 4214.600000000000364 ], [ 83.923611044883728, 28.679685853421688, 4214.600000000000364 ], [ 83.92360283061862, 28.679694319143891, 4214.600000000000364 ], [ 83.923626551404595, 28.67968300357461, 4214.600000000000364 ], [ 83.923611380159855, 28.679669089615345, 4214.199999999999818 ], [ 83.923604423180223, 28.679658025503159, 4213.800000000000182 ], [ 83.923590593039989, 28.679649056866765, 4213.199999999999818 ], [ 83.923564525321126, 28.679630868136883, 4212.800000000000182 ], [ 83.923555556684732, 28.679615948349237, 4212.399999999999636 ], [ 83.923544576391578, 28.679612595587969, 4212.199999999999818 ], [ 83.923528231680393, 28.679614858701825, 4211.399999999999636 ], [ 83.923501912504435, 28.679612679407001, 4211.0 ], [ 83.923492273315787, 28.6796023696661, 4210.0 ], [ 83.923405269160867, 28.679619468748569, 4209.0 ], [ 83.923398396000266, 28.67961997166276, 4208.800000000000182 ], [ 83.923388086259365, 28.679622821509842, 4207.800000000000182 ], [ 83.923403341323137, 28.679614774882793, 4207.0 ], [ 83.923375178128481, 28.679616367444396, 4206.800000000000182 ], [ 83.923359252512455, 28.679612092673779, 4206.399999999999636 ], [ 83.923345170915127, 28.67960681207478, 4205.800000000000182 ], [ 83.923315331339836, 28.679599352180961, 4205.199999999999818 ], [ 83.923328323289752, 28.67960287258029, 4205.199999999999818 ], [ 83.92333016730845, 28.679601112380624, 4205.199999999999818 ], [ 83.923332598060369, 28.679609494283795, 4205.0 ], [ 83.923346009105444, 28.679618630558252, 4204.800000000000182 ], [ 83.923368472605944, 28.679658528417349, 4204.600000000000364 ], [ 83.923375345766544, 28.679654421284795, 4204.600000000000364 ], [ 83.923386242240667, 28.679650481790304, 4204.600000000000364 ], [ 83.92341717146337, 28.679618295282125, 4204.399999999999636 ], [ 83.923436030745506, 28.679629946127537, 4203.600000000000364 ], [ 83.92344449646771, 28.679626258090138, 4203.199999999999818 ], [ 83.923447178676724, 28.67961804382503, 4202.600000000000364 ], [ 83.923458661884069, 28.679618630558252, 4202.199999999999818 ], [ 83.923443239182234, 28.67962533608079, 4201.399999999999636 ], [ 83.92344743013382, 28.679625755175948, 4201.199999999999818 ], [ 83.92344600521028, 28.679624330252409, 4200.399999999999636 ], [ 83.9234518725425, 28.679623659700155, 4200.199999999999818 ], [ 83.923438293859363, 28.679613349959254, 4199.800000000000182 ], [ 83.923438796773553, 28.679602788761255, 4199.399999999999636 ], [ 83.92344206571579, 28.679598849266768, 4199.0 ], [ 83.923429492861032, 28.679602704942223, 4198.399999999999636 ], [ 83.92342010512948, 28.679590132087469, 4197.800000000000182 ], [ 83.92341323196888, 28.679580325260758, 4197.199999999999818 ], [ 83.923414070159197, 28.679573871195316, 4197.199999999999818 ], [ 83.923397306352854, 28.679540762677789, 4196.600000000000364 ], [ 83.923401664942503, 28.679534057155252, 4196.199999999999818 ], [ 83.923397893086076, 28.67952517233789, 4196.0 ], [ 83.92339906655252, 28.679519891738892, 4195.199999999999818 ], [ 83.9233966358006, 28.679521484300498, 4195.0 ], [ 83.923388421535492, 28.679499104619023, 4194.800000000000182 ], [ 83.923381213098764, 28.679469348862767, 4194.0 ], [ 83.923381632193923, 28.679467421025041, 4193.800000000000182 ], [ 83.923368975520134, 28.679450657218695, 4192.800000000000182 ], [ 83.92336780205369, 28.679450238123536, 4192.800000000000182 ], [ 83.9233189355582, 28.679379913955927, 4192.0 ], [ 83.923304518684745, 28.679356528446078, 4191.800000000000182 ], [ 83.923287838697433, 28.679321072995663, 4191.0 ], [ 83.923280462622643, 28.679309757426381, 4190.800000000000182 ], [ 83.923262106254697, 28.679290227591991, 4189.600000000000364 ], [ 83.923250455409288, 28.679276648908857, 4189.0 ], [ 83.923216173425317, 28.6792310513556, 4189.0 ], [ 83.923197733238339, 28.679205402731895, 4188.600000000000364 ], [ 83.923187339678407, 28.679183442145582, 4188.399999999999636 ], [ 83.923160769045353, 28.679142538458109, 4188.0 ], [ 83.923127828165889, 28.679066682234406, 4187.800000000000182 ], [ 83.923107879236341, 28.678988562896848, 4187.399999999999636 ], [ 83.92310444265604, 28.678980767726895, 4187.199999999999818 ], [ 83.923088684678078, 28.678941959515218, 4186.199999999999818 ], [ 83.923083823174238, 28.678929135203362, 4185.600000000000364 ], [ 83.923078123480082, 28.678911365568641, 4185.199999999999818 ], [ 83.923069909214973, 28.678890159353617, 4184.399999999999636 ], [ 83.923066724091768, 28.678876580670476, 4184.0 ], [ 83.923065969720483, 28.678806088864803, 4183.199999999999818 ], [ 83.923069657757878, 28.678794605657458, 4183.199999999999818 ], [ 83.923090528696775, 28.678719587624073, 4183.0 ], [ 83.923107124865055, 28.678647084161639, 4182.800000000000182 ], [ 83.923117434605956, 28.67863149382174, 4182.800000000000182 ], [ 83.923122212290764, 28.678595451638103, 4182.800000000000182 ], [ 83.923137467354536, 28.678547088056803, 4181.800000000000182 ], [ 83.923144256696105, 28.678524373099208, 4181.0 ], [ 83.923144843429327, 28.678519930690527, 4180.600000000000364 ], [ 83.923156661912799, 28.678498053923249, 4180.399999999999636 ], [ 83.923157416284084, 28.678483972325921, 4180.0 ], [ 83.923155069351196, 28.67847709916532, 4179.600000000000364 ], [ 83.923164959996939, 28.678448684513569, 4179.0 ], [ 83.923179460689425, 28.678436782211065, 4178.600000000000364 ], [ 83.923202510923147, 28.678447343409061, 4178.199999999999818 ], [ 83.923214832320809, 28.678478356450796, 4177.600000000000364 ], [ 83.923218687996268, 28.678481625393033, 4177.600000000000364 ], [ 83.923204187303782, 28.678492270410061, 4176.600000000000364 ], [ 83.923197649419308, 28.678486905992031, 4176.600000000000364 ], [ 83.923198068514466, 28.6784677952528, 4176.199999999999818 ], [ 83.923193877562881, 28.67844776250422, 4175.399999999999636 ], [ 83.923199158161879, 28.678437536582351, 4175.199999999999818 ], [ 83.923211898654699, 28.678429070860147, 4174.399999999999636 ], [ 83.923218352720141, 28.67843896150589, 4174.199999999999818 ], [ 83.923228746280074, 28.678439296782017, 4173.800000000000182 ], [ 83.923236038535833, 28.67843653075397, 4173.399999999999636 ], [ 83.923236960545182, 28.678435944020748, 4173.199999999999818 ], [ 83.923226315528154, 28.678423119708896, 4172.600000000000364 ], [ 83.923227153718472, 28.678415911272168, 4172.199999999999818 ], [ 83.923214916139841, 28.678406774997711, 4171.600000000000364 ], [ 83.923206198960543, 28.67839545942843, 4171.199999999999818 ], [ 83.923190608620644, 28.678378611803055, 4170.399999999999636 ], [ 83.923188680782914, 28.678376600146297, 4170.199999999999818 ], [ 83.923189854249358, 28.678376767784357, 4170.199999999999818 ], [ 83.923185579478741, 28.678361847996712, 4169.399999999999636 ], [ 83.92317920923233, 28.678354807198048, 4169.199999999999818 ], [ 83.9231635350734, 28.678344497457147, 4168.199999999999818 ], [ 83.923140736296773, 28.678332176059484, 4167.399999999999636 ], [ 83.923145597800612, 28.678322033956647, 4167.199999999999818 ], [ 83.923141155391932, 28.678297223523259, 4166.399999999999636 ], [ 83.923137802630663, 28.678285321220756, 4166.0 ], [ 83.923128163442016, 28.678253721445799, 4166.0 ], [ 83.923123553395271, 28.678245423361659, 4166.0 ], [ 83.923053313046694, 28.678195299580693, 4166.0 ], [ 83.923034705221653, 28.67820049636066, 4166.0 ], [ 83.923003021627665, 28.678198317065835, 4166.0 ], [ 83.922947365790606, 28.678185995668173, 4167.0 ], [ 83.922941163182259, 28.678184235468507, 4167.0 ], [ 83.922939067706466, 28.678179793059822, 4167.600000000000364 ], [ 83.922933032736182, 28.678176188841466, 4168.199999999999818 ], [ 83.922943342477083, 28.678181134164333, 4168.399999999999636 ], [ 83.922943593934178, 28.678181385621428, 4168.600000000000364 ], [ 83.922944683581591, 28.678182642906904, 4169.0 ], [ 83.922957926988602, 28.678169148042802, 4169.199999999999818 ], [ 83.922939486801624, 28.678141571581364, 4169.399999999999636 ], [ 83.922899002209306, 28.678109301254153, 4169.399999999999636 ], [ 83.922896320000291, 28.67810963653028, 4169.399999999999636 ], [ 83.92288701608777, 28.678096225485209, 4169.399999999999636 ], [ 83.922887183725834, 28.678057920187712, 4169.399999999999636 ], [ 83.922883998602629, 28.678042078390721, 4169.399999999999636 ], [ 83.922881064936519, 28.678031601011753, 4169.199999999999818 ], [ 83.922884752973914, 28.678045179694891, 4168.600000000000364 ], [ 83.92286011017859, 28.678044509142637, 4168.199999999999818 ], [ 83.922856589779258, 28.678042581304908, 4168.0 ], [ 83.922861367464066, 28.678050460293889, 4168.0 ], [ 83.922841418534517, 28.678029421716928, 4167.800000000000182 ], [ 83.922851141542196, 28.67802950553596, 4167.399999999999636 ], [ 83.922856841236353, 28.678024979308248, 4167.0 ], [ 83.922861451283097, 28.678015675395727, 4166.600000000000364 ], [ 83.922873353585601, 28.677998157218099, 4166.199999999999818 ], [ 83.922877293080091, 28.67799723520875, 4166.0 ], [ 83.922882070764899, 28.678003940731287, 4165.399999999999636 ], [ 83.922884250059724, 28.67799966596067, 4165.0 ], [ 83.922893805429339, 28.677988182753325, 4164.600000000000364 ], [ 83.922909228131175, 28.677965803071856, 4164.399999999999636 ], [ 83.922896487638354, 28.677958426997066, 4164.0 ], [ 83.922868575900793, 28.677954990416765, 4163.199999999999818 ], [ 83.922862121835351, 28.677951050922275, 4163.0 ], [ 83.922861702740192, 28.677948033437133, 4162.800000000000182 ], [ 83.922863714396954, 28.677938478067517, 4161.800000000000182 ], [ 83.922865055501461, 28.677932778373361, 4161.600000000000364 ], [ 83.922849548980594, 28.677913919091225, 4160.800000000000182 ], [ 83.922814512625337, 28.677886845543981, 4160.199999999999818 ], [ 83.922787439078093, 28.677867902442813, 4159.800000000000182 ], [ 83.922735471278429, 28.677834207192063, 4158.600000000000364 ], [ 83.922692639753222, 28.677800176665187, 4157.600000000000364 ], [ 83.922676211223006, 28.677780479192737, 4157.199999999999818 ], [ 83.922664141282439, 28.677759943529963, 4156.399999999999636 ], [ 83.922643437981606, 28.677733540534973, 4155.600000000000364 ], [ 83.922640923410654, 28.677727170288563, 4155.399999999999636 ], [ 83.922607563436031, 28.677689787000418, 4154.600000000000364 ], [ 83.922600438818336, 28.677679980173707, 4154.199999999999818 ], [ 83.922578226774931, 28.677660953253508, 4153.0 ], [ 83.922565570101142, 28.677642093971372, 4152.600000000000364 ], [ 83.922544196248055, 28.677623402327299, 4152.0 ], [ 83.922503711655736, 28.677592137828469, 4151.0 ], [ 83.922483511269093, 28.677568584680557, 4150.199999999999818 ], [ 83.922474710270762, 28.677558694034815, 4149.800000000000182 ], [ 83.922448810189962, 28.677530279383063, 4148.800000000000182 ], [ 83.922437829896808, 28.677508654072881, 4148.399999999999636 ], [ 83.92241888679564, 28.677473114803433, 4147.600000000000364 ], [ 83.922396507114172, 28.677442017942667, 4146.800000000000182 ], [ 83.922392819076777, 28.677434222772717, 4146.600000000000364 ], [ 83.922373540699482, 28.677397090941668, 4145.199999999999818 ], [ 83.92236121930182, 28.677375297993422, 4144.399999999999636 ], [ 83.922359207645059, 28.677372699603438, 4144.199999999999818 ], [ 83.92234068363905, 28.677343111485243, 4143.0 ], [ 83.922323333099484, 28.677317379042503, 4142.199999999999818 ], [ 83.922317884862423, 28.677303632721305, 4141.800000000000182 ], [ 83.922292487695813, 28.677271949127316, 4140.800000000000182 ], [ 83.922283183783293, 28.677270775660872, 4140.399999999999636 ], [ 83.922252003103495, 28.677256945520639, 4139.800000000000182 ], [ 83.922229539602995, 28.677251413464543, 4139.399999999999636 ], [ 83.922220738604665, 28.677240684628487, 4138.600000000000364 ], [ 83.922199448570609, 28.677228530868888, 4138.600000000000364 ], [ 83.922110265120864, 28.67721252143383, 4138.600000000000364 ], [ 83.922018483281136, 28.677184106782079, 4138.600000000000364 ], [ 83.921991493552923, 28.677200535312295, 4138.600000000000364 ], [ 83.921952685341239, 28.67720858193934, 4138.600000000000364 ], [ 83.92192929983139, 28.677200200036168, 4139.0 ], [ 83.921922594308853, 28.677194165065885, 4139.0 ], [ 83.921898873522878, 28.67717958055437, 4139.600000000000364 ], [ 83.921873895451427, 28.67717488668859, 4140.199999999999818 ], [ 83.921851934865117, 28.677164660766721, 4140.800000000000182 ], [ 83.921833746135235, 28.677158877253532, 4140.800000000000182 ], [ 83.921802900731564, 28.677148232236505, 4141.0 ], [ 83.92178462818265, 28.677138341590759, 4141.399999999999636 ], [ 83.921771803870797, 28.677115542814136, 4141.800000000000182 ], [ 83.921757889911532, 28.677105065435171, 4142.399999999999636 ], [ 83.921729307621717, 28.677096515893936, 4143.0 ], [ 83.921696366742253, 28.67708251811564, 4143.600000000000364 ], [ 83.921691253781319, 28.677077405154705, 4143.800000000000182 ], [ 83.921659151092172, 28.67703465744853, 4144.199999999999818 ], [ 83.921647248789668, 28.677011355757713, 4144.600000000000364 ], [ 83.92161849886179, 28.676986796781421, 4145.0 ], [ 83.921564184129238, 28.67694572545588, 4145.399999999999636 ], [ 83.921515988186002, 28.676912868395448, 4145.399999999999636 ], [ 83.921493105590343, 28.676903564482927, 4145.800000000000182 ], [ 83.921464523300529, 28.676884118467569, 4146.199999999999818 ], [ 83.921447088941932, 28.676865259185433, 4146.199999999999818 ], [ 83.921406352892518, 28.676839778199792, 4146.199999999999818 ], [ 83.921371065080166, 28.676832988858223, 4146.199999999999818 ], [ 83.921324042603374, 28.676791917532679, 4146.399999999999636 ], [ 83.921251706779003, 28.676744559779763, 4146.399999999999636 ], [ 83.921187920495868, 28.676687898114324, 4146.399999999999636 ], [ 83.921153387054801, 28.67662712931633, 4146.600000000000364 ], [ 83.921147519722581, 28.676621094346046, 4146.600000000000364 ], [ 83.921091193333268, 28.67656066082418, 4146.399999999999636 ], [ 83.921049116179347, 28.676515063270926, 4146.399999999999636 ], [ 83.920997316017747, 28.676464855670929, 4146.399999999999636 ], [ 83.920992789790034, 28.676461419090629, 4146.600000000000364 ], [ 83.920961692929268, 28.676400566473603, 4146.800000000000182 ], [ 83.920962698757648, 28.67636913433671, 4146.800000000000182 ], [ 83.92095691524446, 28.676304174587131, 4146.800000000000182 ], [ 83.920947443693876, 28.676296714693308, 4146.800000000000182 ], [ 83.92094761133194, 28.676296714693308, 4146.800000000000182 ], [ 83.920939397066832, 28.676298391073946, 4146.800000000000182 ], [ 83.920936463400722, 28.676298642531037, 4146.800000000000182 ], [ 83.92087728716433, 28.676262432709336, 4146.800000000000182 ], [ 83.920858260244131, 28.676272910088301, 4146.800000000000182 ], [ 83.920844430103898, 28.67623234167695, 4146.800000000000182 ], [ 83.920842250809073, 28.676217505708337, 4145.800000000000182 ], [ 83.920822134241462, 28.676203927025199, 4144.800000000000182 ], [ 83.920809393748641, 28.676196886226535, 4144.600000000000364 ], [ 83.92075952142477, 28.676160257309675, 4143.600000000000364 ], [ 83.920753486454487, 28.676154306158423, 4143.600000000000364 ], [ 83.920694645494223, 28.676087083294988, 4143.399999999999636 ], [ 83.920634128153324, 28.67600996978581, 4143.399999999999636 ], [ 83.920615939423442, 28.676001420244575, 4143.199999999999818 ], [ 83.920614430680871, 28.676003431901336, 4142.800000000000182 ], [ 83.920571766793728, 28.675965964794159, 4142.800000000000182 ], [ 83.920552991330624, 28.675908129662275, 4142.600000000000364 ], [ 83.920548465102911, 28.675901340320703, 4142.600000000000364 ], [ 83.920535137876868, 28.675842750817537, 4141.600000000000364 ], [ 83.92052885144949, 28.675835877656937, 4141.399999999999636 ], [ 83.920517954975367, 28.675812827423215, 4140.399999999999636 ], [ 83.920514853671193, 28.67580235004425, 4140.0 ], [ 83.920511836186051, 28.675784412771463, 4139.399999999999636 ], [ 83.920511249452829, 28.675776366144419, 4138.800000000000182 ], [ 83.92050739377737, 28.675748119130731, 4138.199999999999818 ], [ 83.920504627749324, 28.675728421658281, 4137.600000000000364 ], [ 83.920501274988055, 28.675711238756776, 4137.199999999999818 ], [ 83.920497670769691, 28.675699923187494, 4136.199999999999818 ], [ 83.920505801215768, 28.675662120804191, 4136.0 ], [ 83.920514937490225, 28.675637310370803, 4134.800000000000182 ], [ 83.920526169240475, 28.675619624555111, 4134.0 ], [ 83.92053279094398, 28.675591964274645, 4133.800000000000182 ], [ 83.920517787337303, 28.675544187426567, 4133.0 ], [ 83.920511333271861, 28.675523065030575, 4132.800000000000182 ], [ 83.920510495081544, 28.67548082023859, 4132.0 ], [ 83.920504124835134, 28.675478138029575, 4132.0 ], [ 83.920504041016102, 28.675477970391512, 4132.0 ], [ 83.920500939711928, 28.675421057268977, 4132.0 ], [ 83.920486187562346, 28.675395660102367, 4132.0 ], [ 83.92044628970325, 28.675392726436257, 4132.0 ], [ 83.920409493148327, 28.675379399210215, 4132.0 ], [ 83.920393316075206, 28.675358947366476, 4132.399999999999636 ], [ 83.920360459014773, 28.675326341763139, 4133.0 ], [ 83.92033095471561, 28.675300274044275, 4133.600000000000364 ], [ 83.920308072119951, 28.675283677875996, 4134.199999999999818 ], [ 83.920295499265194, 28.675267333164811, 4134.199999999999818 ], [ 83.920294996351004, 28.675268841907386, 4134.199999999999818 ], [ 83.920294996351004, 28.675268841907386, 4134.199999999999818 ], [ 83.920294912531972, 28.675268841907386, 4134.199999999999818 ], [ 83.920289045199752, 28.67526062764227, 4134.199999999999818 ], [ 83.920275550335646, 28.675233637914062, 4134.199999999999818 ], [ 83.920261301100254, 28.675196086987853, 4133.0 ], [ 83.920255349949002, 28.675168426707387, 4132.0 ], [ 83.920255517587066, 28.675157194957137, 4131.800000000000182 ], [ 83.920257445424795, 28.675092486664653, 4130.600000000000364 ], [ 83.920256858691573, 28.675080500543121, 4130.399999999999636 ], [ 83.920247722417116, 28.675044039264321, 4129.399999999999636 ], [ 83.920237915590405, 28.675013864412904, 4129.0 ], [ 83.920222325250506, 28.674956196919084, 4128.199999999999818 ], [ 83.920220397412777, 28.67489785887301, 4127.0 ], [ 83.920216206461191, 28.674808675423265, 4126.199999999999818 ], [ 83.920214362442493, 28.674797611311082, 4126.199999999999818 ], [ 83.920191647484899, 28.674729885533452, 4126.199999999999818 ], [ 83.920166250318289, 28.674711361527443, 4126.199999999999818 ], [ 83.920126436278224, 28.674659226089716, 4126.199999999999818 ], [ 83.920122580602765, 28.674654113128781, 4126.199999999999818 ], [ 83.92009349539876, 28.67461253888905, 4127.0 ], [ 83.920077988877892, 28.67458906956017, 4127.199999999999818 ], [ 83.920068684965372, 28.67456903681159, 4127.199999999999818 ], [ 83.920057369396091, 28.674534000456333, 4127.399999999999636 ], [ 83.920021075755358, 28.674454288557172, 4127.399999999999636 ], [ 83.919991906732321, 28.674405170604587, 4127.399999999999636 ], [ 83.919981764629483, 28.674386562779542, 4127.399999999999636 ], [ 83.91996843740344, 28.67436057887971, 4127.399999999999636 ], [ 83.919952092692256, 28.674311880022287, 4127.399999999999636 ], [ 83.919938849285245, 28.674239963293076, 4127.199999999999818 ], [ 83.91994446516037, 28.674200400710102, 4127.199999999999818 ], [ 83.919956870377064, 28.674182882532477, 4127.199999999999818 ], [ 83.919954942539334, 28.674189336597919, 4127.0 ], [ 83.919963324442506, 28.674187995493412, 4127.0 ], [ 83.919973885640502, 28.674182463437319, 4127.0 ], [ 83.919983357191086, 28.674159999936819, 4127.0 ], [ 83.919994169846177, 28.674107445403937, 4127.0 ], [ 83.920005485415459, 28.67402664385736, 4127.199999999999818 ], [ 83.919998779892921, 28.673964366316795, 4127.199999999999818 ], [ 83.919981932267547, 28.673937963321805, 4127.199999999999818 ], [ 83.919938178732991, 28.673894293606281, 4127.600000000000364 ], [ 83.919919738546014, 28.67387518286705, 4127.600000000000364 ], [ 83.919898951426148, 28.673828076571223, 4128.199999999999818 ], [ 83.919891659170389, 28.673810726031661, 4128.800000000000182 ], [ 83.919883277267218, 28.673802176490423, 4129.199999999999818 ], [ 83.919872213155031, 28.673794632777572, 4129.399999999999636 ], [ 83.919846815988421, 28.673784909769893, 4130.199999999999818 ], [ 83.91984379850328, 28.67378331720829, 4130.399999999999636 ], [ 83.919818988069892, 28.673762194812294, 4131.199999999999818 ], [ 83.919815132394433, 28.673753896728162, 4131.399999999999636 ], [ 83.919808678328991, 28.673727661371231, 4132.0 ], [ 83.919800296425819, 28.673703772947192, 4132.600000000000364 ], [ 83.919794009998441, 28.673691032454371, 4132.800000000000182 ], [ 83.919791579246521, 28.67370201274753, 4132.800000000000182 ], [ 83.919780347496271, 28.673683907836676, 4133.0 ], [ 83.919762494042516, 28.673658259212971, 4133.600000000000364 ], [ 83.919760482385755, 28.673647614195943, 4134.0 ], [ 83.919751513749361, 28.673628838732839, 4134.600000000000364 ], [ 83.919747155159712, 28.673624480143189, 4134.800000000000182 ], [ 83.919740617275238, 28.673598244786263, 4135.800000000000182 ], [ 83.919736258685589, 28.673588270321488, 4136.0 ], [ 83.919718069955707, 28.673558598384261, 4136.800000000000182 ], [ 83.91971773467958, 28.673554491251707, 4137.0 ], [ 83.919678507372737, 28.673521215096116, 4137.0 ], [ 83.91966450959444, 28.673506546765569, 4137.0 ], [ 83.91966157592833, 28.673498667776585, 4137.199999999999818 ], [ 83.919652355834842, 28.673493973910809, 4137.399999999999636 ], [ 83.919652104377747, 28.673498248681422, 4137.600000000000364 ], [ 83.919657552614808, 28.673526830971241, 4137.800000000000182 ], [ 83.919661995023489, 28.673520125448704, 4137.800000000000182 ], [ 83.919654283672571, 28.673515766859055, 4138.199999999999818 ], [ 83.919634334743023, 28.673466816544533, 4138.199999999999818 ], [ 83.91962394118309, 28.67342809215188, 4138.600000000000364 ], [ 83.91964053735137, 28.673368413001299, 4139.0 ], [ 83.9196493383497, 28.673337483778596, 4140.199999999999818 ], [ 83.919647997245193, 28.673333460465074, 4140.399999999999636 ], [ 83.919626120477915, 28.673310494050384, 4140.800000000000182 ], [ 83.919597705826163, 28.673291048035026, 4141.199999999999818 ], [ 83.919567866250873, 28.673262968659401, 4141.800000000000182 ], [ 83.919536182656884, 28.673237822949886, 4142.199999999999818 ], [ 83.919529225677252, 28.673237655311823, 4142.600000000000364 ], [ 83.919501481577754, 28.6732233222574, 4143.199999999999818 ], [ 83.919489327818155, 28.673218041658401, 4143.399999999999636 ], [ 83.919444233179092, 28.673188872635365, 4144.199999999999818 ], [ 83.919439790770411, 28.6731818318367, 4144.399999999999636 ], [ 83.919413723051548, 28.673179568722844, 4144.800000000000182 ], [ 83.919371645897627, 28.673158278688788, 4145.399999999999636 ], [ 83.919326132163405, 28.673138665035367, 4145.800000000000182 ], [ 83.919289754703641, 28.673114022240043, 4146.399999999999636 ], [ 83.919283216819167, 28.673111507669091, 4146.600000000000364 ], [ 83.919254131615162, 28.673087451606989, 4147.0 ], [ 83.919247342273593, 28.673079237341881, 4147.600000000000364 ], [ 83.919236110523343, 28.673078818246719, 4147.800000000000182 ], [ 83.919208282604814, 28.673078315332532, 4148.199999999999818 ], [ 83.919173330068588, 28.67306012660265, 4148.600000000000364 ], [ 83.919166876003146, 28.673059120774269, 4148.800000000000182 ], [ 83.919133516028523, 28.673037746921182, 4149.0 ], [ 83.919129325076938, 28.673036741092801, 4149.0 ], [ 83.919092109426856, 28.673011511564255, 4149.600000000000364 ], [ 83.919083476066589, 28.673007152974609, 4149.800000000000182 ], [ 83.919043829664588, 28.672987706959248, 4150.600000000000364 ], [ 83.919040057808161, 28.67298393510282, 4150.800000000000182 ], [ 83.919017510488629, 28.67294806055725, 4151.0 ], [ 83.918994963169098, 28.672925597056743, 4151.800000000000182 ], [ 83.918969985097647, 28.672905061393976, 4152.600000000000364 ], [ 83.918958501890302, 28.672887710854411, 4152.800000000000182 ], [ 83.918943498283625, 28.672875557094812, 4153.199999999999818 ], [ 83.918913574889302, 28.672855021432039, 4153.800000000000182 ], [ 83.918885830789804, 28.672820404171944, 4154.600000000000364 ], [ 83.918868815526366, 28.672794755548239, 4155.0 ], [ 83.918858505785465, 28.67278796620667, 4155.199999999999818 ], [ 83.918829001486301, 28.672756785526872, 4155.800000000000182 ], [ 83.918825397267938, 28.672752259299159, 4156.0 ], [ 83.918790277093649, 28.672734741121531, 4156.600000000000364 ], [ 83.918769406154752, 28.672719486057758, 4157.199999999999818 ], [ 83.918771669268608, 28.672723844647408, 4157.199999999999818 ], [ 83.918754402548075, 28.672712696716189, 4157.199999999999818 ], [ 83.918719617649913, 28.672675648704171, 4157.800000000000182 ], [ 83.918715678155422, 28.672666596248742, 4158.199999999999818 ], [ 83.918708134442568, 28.672656705603004, 4158.600000000000364 ], [ 83.918669577687979, 28.672638181596991, 4159.199999999999818 ], [ 83.91867108643055, 28.67263893596828, 4159.399999999999636 ], [ 83.918672343716025, 28.672646563500169, 4159.399999999999636 ], [ 83.918673265725374, 28.672646395862103, 4159.399999999999636 ], [ 83.918677708134055, 28.672649664804339, 4159.800000000000182 ], [ 83.918672343716025, 28.672646563500169, 4159.800000000000182 ], [ 83.918658597394824, 28.672623680904508, 4159.800000000000182 ], [ 83.918612664565444, 28.6725705396384, 4160.399999999999636 ], [ 83.918608976528049, 28.672565678134561, 4160.600000000000364 ], [ 83.91857729293406, 28.67255344055593, 4161.399999999999636 ], [ 83.918561367318034, 28.67255000397563, 4161.600000000000364 ], [ 83.918532785028219, 28.672536425292492, 4162.399999999999636 ], [ 83.918490540236235, 28.672524858266115, 4162.600000000000364 ], [ 83.918461203575134, 28.672536509111524, 4162.600000000000364 ], [ 83.918457012623549, 28.672536006197333, 4162.600000000000364 ], [ 83.918447708711028, 28.672537263482809, 4162.600000000000364 ], [ 83.918407307937741, 28.672553356736898, 4162.600000000000364 ], [ 83.91835399903357, 28.672566767781973, 4162.399999999999636 ], [ 83.918295996263623, 28.672582022845745, 4162.0 ], [ 83.918289290741086, 28.672583028674129, 4161.800000000000182 ], [ 83.918280741199851, 28.672583196312189, 4161.800000000000182 ], [ 83.918269593268633, 28.672582861036062, 4161.600000000000364 ], [ 83.918265653774142, 28.672582358121872, 4161.600000000000364 ], [ 83.918243944644928, 28.672581352293491, 4161.399999999999636 ], [ 83.918212680146098, 28.672577580437064, 4160.399999999999636 ], [ 83.918204884976149, 28.672572718933225, 4160.0 ], [ 83.918180242180824, 28.672559391707185, 4159.399999999999636 ], [ 83.918169429525733, 28.672569449990988, 4159.199999999999818 ], [ 83.918150654062629, 28.672581100836396, 4159.199999999999818 ], [ 83.91811553388834, 28.672594260424376, 4159.199999999999818 ], [ 83.918077982962132, 28.672599708661437, 4158.399999999999636 ], [ 83.918075636029243, 28.672597194090489, 4158.199999999999818 ], [ 83.91804470680654, 28.67257246747613, 4157.399999999999636 ], [ 83.918036995455623, 28.672573892399669, 4157.199999999999818 ], [ 83.918021321296692, 28.672561906278133, 4156.600000000000364 ], [ 83.918005814775825, 28.672546651214361, 4156.0 ], [ 83.91799533739686, 28.672548159956932, 4155.600000000000364 ], [ 83.917973292991519, 28.67255000397563, 4155.0 ], [ 83.91794010065496, 28.67254053242505, 4155.0 ], [ 83.917907411232591, 28.672524522989988, 4155.0 ], [ 83.917861562222242, 28.672503065317869, 4155.0 ], [ 83.917840775102377, 28.672512620687485, 4155.0 ], [ 83.917791489511728, 28.67251823656261, 4155.0 ], [ 83.917788891121745, 28.672521254047751, 4155.199999999999818 ], [ 83.917749160900712, 28.672536509111524, 4156.199999999999818 ], [ 83.917738180607557, 28.672533240169287, 4156.199999999999818 ], [ 83.917730636894703, 28.672530641779304, 4156.199999999999818 ], [ 83.917727116495371, 28.672530138865113, 4156.199999999999818 ], [ 83.917720997706056, 28.672534162178636, 4156.199999999999818 ], [ 83.917712112888694, 28.672533491626385, 4156.199999999999818 ], [ 83.917681183665991, 28.672548243775964, 4156.199999999999818 ], [ 83.917629132047296, 28.672501724213362, 4155.800000000000182 ], [ 83.917595688253641, 28.672467777505517, 4155.600000000000364 ], [ 83.917575739324093, 28.672466855496168, 4155.199999999999818 ], [ 83.917559646070004, 28.672480350360271, 4155.199999999999818 ], [ 83.917498541995883, 28.672532569617033, 4155.199999999999818 ], [ 83.917421093210578, 28.672541789710522, 4155.199999999999818 ], [ 83.917360994964838, 28.67255293764174, 4155.199999999999818 ], [ 83.917342806234956, 28.672562157735229, 4155.199999999999818 ], [ 83.9172921795398, 28.672566600143909, 4155.800000000000182 ], [ 83.917282540351152, 28.672557882964611, 4156.199999999999818 ], [ 83.917265692725778, 28.672541957348585, 4157.399999999999636 ], [ 83.917262591421604, 28.672538939863443, 4157.600000000000364 ], [ 83.917262339964509, 28.672539107501507, 4157.600000000000364 ], [ 83.917245492339134, 28.672541873529553, 4157.600000000000364 ], [ 83.917176006361842, 28.672548159956932, 4158.600000000000364 ], [ 83.917165528982878, 28.672543466091156, 4158.800000000000182 ], [ 83.917147507891059, 28.672536173835397, 4159.399999999999636 ], [ 83.917121775448322, 28.672527205199003, 4159.600000000000364 ], [ 83.91710652038455, 28.672517649829388, 4160.0 ], [ 83.917093276977539, 28.672508848831058, 4160.600000000000364 ], [ 83.917086822912097, 28.67250214330852, 4161.199999999999818 ], [ 83.917070729658008, 28.672468531876799, 4161.800000000000182 ], [ 83.917062096297741, 28.672454869374633, 4162.600000000000364 ], [ 83.917064359411597, 28.672460317611694, 4162.600000000000364 ], [ 83.917064862325788, 28.672461407259107, 4162.800000000000182 ], [ 83.91706109046936, 28.67247817106545, 4163.199999999999818 ], [ 83.917031837627292, 28.672495353966951, 4163.800000000000182 ], [ 83.917007781565189, 28.67250113748014, 4164.399999999999636 ], [ 83.916985737159848, 28.672514716163281, 4165.0 ], [ 83.91696285456419, 28.672522343695164, 4165.199999999999818 ], [ 83.916935948655009, 28.672530055046082, 4166.0 ], [ 83.916918179020286, 28.672533072531223, 4166.399999999999636 ], [ 83.916904013603926, 28.672530390322208, 4167.0 ], [ 83.916887501254678, 28.672531982883811, 4167.399999999999636 ], [ 83.916876772418618, 28.672534916549921, 4168.0 ], [ 83.916860595345497, 28.672547657042745, 4168.199999999999818 ], [ 83.916815919801593, 28.672545813024044, 4169.0 ], [ 83.91681139357388, 28.672541957348585, 4169.199999999999818 ], [ 83.916773423552513, 28.672520667314529, 4169.800000000000182 ], [ 83.916761605069041, 28.672516644001007, 4170.199999999999818 ], [ 83.916720869019628, 28.672504322603345, 4170.800000000000182 ], [ 83.916705949231982, 28.67249334231019, 4171.0 ], [ 83.916702093556523, 28.672492252662774, 4171.399999999999636 ], [ 83.916704021394253, 28.672491246834397, 4171.800000000000182 ], [ 83.916683150455356, 28.672483367845416, 4171.800000000000182 ], [ 83.916644677519798, 28.672463586553931, 4172.399999999999636 ], [ 83.916631266474724, 28.672437015920877, 4172.800000000000182 ], [ 83.9166169334203, 28.672368368133903, 4173.600000000000364 ], [ 83.916612826287746, 28.672353783622384, 4173.800000000000182 ], [ 83.916599079966545, 28.672345820814371, 4173.800000000000182 ], [ 83.916588183492422, 28.672344395890832, 4173.800000000000182 ], [ 83.916562534868717, 28.672354621812701, 4173.800000000000182 ], [ 83.916553566232324, 28.672370379790664, 4173.800000000000182 ], [ 83.916534539312124, 28.672389909625053, 4173.800000000000182 ], [ 83.916529510170221, 28.672393430024385, 4173.800000000000182 ], [ 83.916508220136166, 28.672390747815371, 4173.600000000000364 ], [ 83.916455581784248, 28.672402566298839, 4173.199999999999818 ], [ 83.916395315900445, 28.67241027764976, 4172.600000000000364 ], [ 83.916346449404955, 28.67240617051721, 4172.0 ], [ 83.916313089430332, 28.672394184395671, 4171.399999999999636 ], [ 83.916277633979917, 28.672383204102516, 4171.399999999999636 ], [ 83.916271682828665, 28.672386389225721, 4171.199999999999818 ], [ 83.916258104145527, 28.672400806099176, 4170.399999999999636 ], [ 83.916249554604292, 28.672408349812031, 4170.199999999999818 ], [ 83.91622893512249, 28.672430729493499, 4169.800000000000182 ], [ 83.91620060428977, 28.672458725050092, 4169.800000000000182 ], [ 83.916164310649037, 28.67249920964241, 4169.399999999999636 ], [ 83.91611066646874, 28.672528713941578, 4169.0 ], [ 83.916051909327507, 28.672514380887151, 4168.800000000000182 ], [ 83.916028859093785, 28.672508765012022, 4168.199999999999818 ], [ 83.915982339531183, 28.672500047832727, 4168.0 ], [ 83.915936574339867, 28.672507759183645, 4168.0 ], [ 83.915878487750888, 28.67252703756094, 4168.0 ], [ 83.91585610806942, 28.67257690988481, 4168.0 ], [ 83.915857700631022, 28.67261714302003, 4168.0 ], [ 83.915858287364244, 28.672626195475459, 4168.0 ], [ 83.915843116119504, 28.672686712816361, 4168.199999999999818 ], [ 83.915837584063411, 28.672696519643068, 4168.199999999999818 ], [ 83.915785951539874, 28.672748822718859, 4168.600000000000364 ], [ 83.915731301531196, 28.672782434150577, 4168.600000000000364 ], [ 83.915719483047724, 28.672787547111511, 4168.600000000000364 ], [ 83.915617559105158, 28.67282023653388, 4168.600000000000364 ], [ 83.915510354563594, 28.672831887379289, 4168.600000000000364 ], [ 83.915437012910843, 28.672858290374279, 4168.600000000000364 ], [ 83.915401054546237, 28.672914449125528, 4167.199999999999818 ], [ 83.915395773947239, 28.672920232638717, 4167.0 ], [ 83.915376160293818, 28.672936912626028, 4166.0 ], [ 83.915341710671782, 28.67296633310616, 4165.0 ], [ 83.915335591882467, 28.672973373904824, 4164.800000000000182 ], [ 83.915306758135557, 28.673002040013671, 4164.0 ], [ 83.915284126996994, 28.673015115782619, 4163.199999999999818 ], [ 83.915274068713188, 28.673018971458077, 4162.800000000000182 ], [ 83.915231823921204, 28.673035986721516, 4161.600000000000364 ], [ 83.915220089256763, 28.673052247613668, 4161.199999999999818 ], [ 83.91518765129149, 28.673101365566257, 4161.199999999999818 ], [ 83.915136270225048, 28.673164481297135, 4160.600000000000364 ], [ 83.915127133950591, 28.673172863200307, 4160.600000000000364 ], [ 83.915069047361612, 28.673244779929519, 4160.600000000000364 ], [ 83.915001656860113, 28.673304710537195, 4160.600000000000364 ], [ 83.91493359580636, 28.673380063846707, 4160.399999999999636 ], [ 83.914894619956613, 28.673423649743199, 4159.399999999999636 ], [ 83.91488472931087, 28.673435049131513, 4159.0 ], [ 83.914844412356615, 28.673453405499458, 4158.399999999999636 ], [ 83.914816249161959, 28.673465810716152, 4157.600000000000364 ], [ 83.914798647165298, 28.673481149598956, 4157.399999999999636 ], [ 83.914767717942595, 28.673513168469071, 4156.600000000000364 ], [ 83.914761850610375, 28.673517191782594, 4156.199999999999818 ], [ 83.91472932882607, 28.673527920618653, 4155.199999999999818 ], [ 83.914702255278826, 28.673538146540523, 4154.600000000000364 ], [ 83.9146863296628, 28.673565806820989, 4154.0 ], [ 83.91466923058033, 28.673573769629002, 4153.600000000000364 ], [ 83.914658334106207, 28.673572177067399, 4153.0 ], [ 83.914640648290515, 28.673573769629002, 4153.0 ], [ 83.914594296365976, 28.673609811812639, 4152.0 ], [ 83.914563870057464, 28.673644512891769, 4151.800000000000182 ], [ 83.914503771811724, 28.673697737976909, 4150.800000000000182 ], [ 83.91449430026114, 28.673706287518144, 4150.600000000000364 ], [ 83.914425736293197, 28.673761943355203, 4150.199999999999818 ], [ 83.91441366635263, 28.673777533695102, 4149.800000000000182 ], [ 83.914366224780679, 28.673816593363881, 4148.600000000000364 ], [ 83.914349125698209, 28.673846432939172, 4148.0 ], [ 83.914334708824754, 28.673862777650356, 4147.600000000000364 ], [ 83.914302857592702, 28.673895131796598, 4146.600000000000364 ], [ 83.914295230060816, 28.673900915309787, 4146.600000000000364 ], [ 83.91422457061708, 28.673961348831657, 4145.600000000000364 ], [ 83.914216691628098, 28.673965707421303, 4145.600000000000364 ], [ 83.914174111559987, 28.673996804282069, 4145.600000000000364 ], [ 83.914156593382359, 28.674022369086742, 4145.600000000000364 ], [ 83.914133794605732, 28.674094956368208, 4145.600000000000364 ], [ 83.914122814312577, 28.674122784286737, 4145.600000000000364 ], [ 83.914098590612411, 28.674156228080392, 4145.800000000000182 ], [ 83.914086604490876, 28.674211464822292, 4146.199999999999818 ], [ 83.914081491529942, 28.674233509227633, 4146.600000000000364 ], [ 83.914074199274182, 28.674254883080721, 4146.800000000000182 ], [ 83.914067912846804, 28.67426217533648, 4147.0 ], [ 83.914047628641129, 28.674287237226963, 4147.0 ], [ 83.914028182625771, 28.674310622736812, 4147.199999999999818 ], [ 83.914022818207741, 28.674311880022287, 4147.600000000000364 ], [ 83.914007060229778, 28.674321603029966, 4147.800000000000182 ], [ 83.913982082158327, 28.674338953569531, 4147.800000000000182 ], [ 83.913949811831117, 28.674398800358176, 4148.0 ], [ 83.913941849023104, 28.674446074292064, 4148.199999999999818 ], [ 83.913933718577027, 28.674482619389892, 4148.800000000000182 ], [ 83.913925504311919, 28.674496868625283, 4149.0 ], [ 83.913886109367013, 28.674556883051991, 4149.199999999999818 ], [ 83.91383757814765, 28.67463693022728, 4149.199999999999818 ], [ 83.913812432438135, 28.674684874713421, 4149.399999999999636 ], [ 83.913811342790723, 28.674688311293721, 4149.399999999999636 ], [ 83.913776138797402, 28.674745811149482, 4149.600000000000364 ], [ 83.913760967552662, 28.674812614917755, 4149.800000000000182 ], [ 83.913722159340978, 28.674885705113411, 4149.800000000000182 ], [ 83.913702545687556, 28.674932811409235, 4150.399999999999636 ], [ 83.913689386099577, 28.674956113100052, 4150.800000000000182 ], [ 83.913672287017107, 28.674988131970167, 4151.0 ], [ 83.913631970062852, 28.675056276842952, 4151.800000000000182 ], [ 83.913612272590399, 28.675084104761481, 4151.800000000000182 ], [ 83.91360498033464, 28.675093995407224, 4151.800000000000182 ], [ 83.913594419136643, 28.675115201622248, 4151.800000000000182 ], [ 83.913549156859517, 28.675185609608889, 4151.800000000000182 ], [ 83.913507666438818, 28.675260543823239, 4151.800000000000182 ], [ 83.913459721952677, 28.675325168296695, 4151.800000000000182 ], [ 83.913414124399424, 28.675416866317391, 4151.600000000000364 ], [ 83.913344386965036, 28.675531698390841, 4150.800000000000182 ], [ 83.913275822997093, 28.675633119419217, 4150.800000000000182 ], [ 83.913228129968047, 28.675678633153439, 4150.800000000000182 ], [ 83.913177670910954, 28.675731355324388, 4150.800000000000182 ], [ 83.913142718374729, 28.675790866836905, 4150.800000000000182 ], [ 83.91311195679009, 28.675866974517703, 4150.800000000000182 ], [ 83.913105502724648, 28.675873931497335, 4150.800000000000182 ], [ 83.913053115829825, 28.675930509343743, 4151.0 ], [ 83.913012044504285, 28.675985829904675, 4151.0 ], [ 83.91301229596138, 28.675987757742405, 4151.0 ], [ 83.913001231849194, 28.675997480750084, 4151.199999999999818 ], [ 83.912987317889929, 28.676016759127378, 4151.199999999999818 ], [ 83.912959489971399, 28.676051879301667, 4151.600000000000364 ], [ 83.912907941266894, 28.676117928698659, 4151.600000000000364 ], [ 83.912892267107964, 28.676131255924702, 4151.800000000000182 ], [ 83.912850441411138, 28.676175093278289, 4152.199999999999818 ], [ 83.912802329286933, 28.676224714145064, 4152.600000000000364 ], [ 83.912756061181426, 28.676276514306664, 4152.600000000000364 ], [ 83.912736531347036, 28.67631389759481, 4152.800000000000182 ], [ 83.912716330960393, 28.676345916464925, 4153.199999999999818 ], [ 83.912662602961063, 28.676419341936707, 4154.0 ], [ 83.912655478343368, 28.676429148763415, 4154.0 ], [ 83.91261993907392, 28.676478853449225, 4154.800000000000182 ], [ 83.912616670131683, 28.676486732438207, 4155.0 ], [ 83.912592194974422, 28.676521936431527, 4155.600000000000364 ], [ 83.912575766444206, 28.67654456757009, 4156.0 ], [ 83.912565540522337, 28.676552111282945, 4156.399999999999636 ], [ 83.912544250488281, 28.676569126546383, 4157.0 ], [ 83.912525391206145, 28.676590668037537, 4157.399999999999636 ], [ 83.912492282688618, 28.676618244498968, 4158.399999999999636 ], [ 83.912490019574761, 28.676617993041873, 4158.600000000000364 ], [ 83.912486582994461, 28.676617993041873, 4158.600000000000364 ], [ 83.912453474476933, 28.676637355238199, 4159.399999999999636 ], [ 83.912425227463245, 28.676654370501637, 4159.600000000000364 ], [ 83.912380551919341, 28.676703320816159, 4160.399999999999636 ], [ 83.912375271320343, 28.676709355786443, 4160.600000000000364 ], [ 83.91234777867794, 28.676723940297961, 4161.600000000000364 ], [ 83.91233554109931, 28.676734417676929, 4162.199999999999818 ], [ 83.912297403439879, 28.676763670518991, 4162.399999999999636 ], [ 83.912285668775439, 28.676767777651548, 4162.800000000000182 ], [ 83.912249961867929, 28.676788732409477, 4163.399999999999636 ], [ 83.912201430648565, 28.676815889775753, 4163.800000000000182 ], [ 83.912192294374108, 28.676817985251542, 4164.0 ], [ 83.912136051803827, 28.67685335688293, 4164.600000000000364 ], [ 83.912071427330375, 28.676887387409806, 4164.600000000000364 ], [ 83.912039492279291, 28.676913874223828, 4164.600000000000364 ], [ 83.912026584148407, 28.676920915022492, 4164.800000000000182 ], [ 83.912019543349743, 28.676930051296949, 4165.0 ], [ 83.91200864687562, 28.67694622837007, 4165.0 ], [ 83.911961624398828, 28.676986377686266, 4165.199999999999818 ], [ 83.911907142028213, 28.677045051008463, 4165.600000000000364 ], [ 83.911861125379801, 28.677110765129328, 4166.0 ], [ 83.911801613867283, 28.677178993821144, 4166.800000000000182 ], [ 83.911765906959772, 28.677231213077903, 4166.800000000000182 ], [ 83.911756603047252, 28.677244791761041, 4166.800000000000182 ], [ 83.911737659946084, 28.67726574651897, 4166.800000000000182 ], [ 83.91167932190001, 28.677296172827479, 4166.800000000000182 ], [ 83.911667419597507, 28.677299944683909, 4166.800000000000182 ], [ 83.91163095831871, 28.677314361557364, 4166.600000000000364 ], [ 83.91157379373908, 28.677330622449517, 4166.600000000000364 ], [ 83.911560298874974, 28.677334561944008, 4166.600000000000364 ], [ 83.911493076011539, 28.677368592470884, 4166.600000000000364 ], [ 83.911458877846599, 28.677388206124306, 4166.600000000000364 ], [ 83.911360390484333, 28.677419386804104, 4166.600000000000364 ], [ 83.911313870921731, 28.677443359047174, 4167.199999999999818 ], [ 83.911302136257291, 28.677454590797424, 4167.600000000000364 ], [ 83.911295514553785, 28.677455009892583, 4167.800000000000182 ], [ 83.911277744919062, 28.67746808566153, 4168.0 ], [ 83.911239523440599, 28.677476719021797, 4168.399999999999636 ], [ 83.911201888695359, 28.677492560818791, 4169.0 ], [ 83.911186633631587, 28.677512342110276, 4169.600000000000364 ], [ 83.911178335547447, 28.677521394565701, 4169.800000000000182 ], [ 83.911172719672322, 28.677528016269207, 4170.199999999999818 ], [ 83.911170121282339, 28.677525334060192, 4170.600000000000364 ], [ 83.911158218979836, 28.677534973248839, 4170.600000000000364 ], [ 83.911095689982176, 28.677582498639826, 4170.600000000000364 ], [ 83.91103039495647, 28.677606303244829, 4170.600000000000364 ], [ 83.911020588129759, 28.677612002938982, 4170.600000000000364 ], [ 83.910954706370831, 28.677667826414108, 4170.600000000000364 ], [ 83.910898296162486, 28.677720129489899, 4170.600000000000364 ], [ 83.910872228443623, 28.677738988772035, 4170.399999999999636 ], [ 83.91082763671875, 28.67775390855968, 4170.399999999999636 ], [ 83.910808693617582, 28.677765894681215, 4170.0 ], [ 83.910761838778853, 28.677806463092569, 4170.0 ], [ 83.910693107172847, 28.677838817238808, 4170.0 ], [ 83.910651784390211, 28.677857676520944, 4170.0 ], [ 83.910651113837957, 28.677855413407087, 4169.800000000000182 ], [ 83.910652874037623, 28.677859269082543, 4169.600000000000364 ], [ 83.910649018362164, 28.677861616015431, 4169.600000000000364 ], [ 83.910610377788544, 28.67787804454565, 4169.600000000000364 ], [ 83.910560002550483, 28.677885252982374, 4168.600000000000364 ], [ 83.91053888015449, 28.677898747846484, 4167.399999999999636 ], [ 83.910527564585209, 28.677911320701241, 4167.0 ], [ 83.910494036972523, 28.677928252145648, 4166.600000000000364 ], [ 83.91048414632678, 28.677931185811762, 4166.399999999999636 ], [ 83.910452965646982, 28.677940741181377, 4165.199999999999818 ], [ 83.910431675612926, 28.677946021780372, 4164.600000000000364 ], [ 83.910398399457335, 28.677957504987717, 4164.0 ], [ 83.910343749448657, 28.677978543564677, 4163.600000000000364 ], [ 83.910322124138474, 28.677989691495895, 4163.199999999999818 ], [ 83.910256829112768, 28.678009305149317, 4163.199999999999818 ], [ 83.9101826492697, 28.678032774478197, 4163.0 ], [ 83.910157755017281, 28.678051130846143, 4163.0 ], [ 83.910152725875378, 28.678061524406075, 4162.399999999999636 ], [ 83.910119701176882, 28.678124891594052, 4161.800000000000182 ], [ 83.910115091130137, 28.678130926564336, 4161.800000000000182 ], [ 83.910054992884398, 28.678171327337623, 4160.600000000000364 ], [ 83.910041749477386, 28.678177697584033, 4160.199999999999818 ], [ 83.910029679536819, 28.678186750039458, 4159.399999999999636 ], [ 83.909985926002264, 28.678212566301227, 4158.399999999999636 ], [ 83.909948458895087, 28.678237963467836, 4158.0 ], [ 83.909885594621301, 28.678288757801056, 4158.0 ], [ 83.909831279888749, 28.678340306505561, 4157.800000000000182 ], [ 83.909827005118132, 28.678347347304225, 4157.800000000000182 ], [ 83.909815941005945, 28.678354304283857, 4157.399999999999636 ], [ 83.909801356494427, 28.678354639559984, 4157.199999999999818 ], [ 83.909764979034662, 28.678388250991706, 4156.399999999999636 ], [ 83.909758692607284, 28.678397554904222, 4155.800000000000182 ], [ 83.909747712314129, 28.678418090566993, 4154.800000000000182 ], [ 83.909735474735498, 28.67842823266983, 4154.800000000000182 ], [ 83.909724913537502, 28.67842772975564, 4154.600000000000364 ], [ 83.909723488613963, 28.678427310660481, 4154.600000000000364 ], [ 83.909723404794931, 28.678430411964655, 4154.199999999999818 ], [ 83.90972432680428, 28.678427981212735, 4154.0 ], [ 83.909720974043012, 28.678440134972337, 4153.600000000000364 ], [ 83.909707311540842, 28.678471650928259, 4153.399999999999636 ], [ 83.909711753949523, 28.678460586816072, 4153.0 ], [ 83.909674538299441, 28.678501741960645, 4152.399999999999636 ], [ 83.909670682623982, 28.678513392806053, 4152.199999999999818 ], [ 83.909652661532164, 28.678548512980345, 4151.0 ], [ 83.909637574106455, 28.678574580699205, 4150.0 ], [ 83.909624749794602, 28.678583381697536, 4149.800000000000182 ], [ 83.909598765894771, 28.678607186302543, 4148.800000000000182 ], [ 83.909571105614305, 28.678637444972992, 4148.600000000000364 ], [ 83.909559119492769, 28.678648676723238, 4148.399999999999636 ], [ 83.909505475312471, 28.678697207942605, 4148.399999999999636 ], [ 83.909489968791604, 28.678713133558631, 4148.199999999999818 ], [ 83.909445879980922, 28.678762000054121, 4148.199999999999818 ], [ 83.909439761191607, 28.678770298138261, 4148.0 ], [ 83.909416291862726, 28.678792761638761, 4148.0 ], [ 83.909398606047034, 28.67880935780704, 4148.0 ], [ 83.909315457567573, 28.678866103291512, 4147.800000000000182 ], [ 83.909303555265069, 28.678870545700192, 4147.800000000000182 ], [ 83.909209426492453, 28.678916562348604, 4147.399999999999636 ], [ 83.909160559996963, 28.67895889095962, 4147.0 ], [ 83.909147987142205, 28.678992837667465, 4146.600000000000364 ], [ 83.90909886918962, 28.67906634695828, 4146.0 ], [ 83.90906073153019, 28.67909618653357, 4145.600000000000364 ], [ 83.909007422626019, 28.679124936461449, 4145.199999999999818 ], [ 83.908909354358912, 28.679174222052097, 4144.399999999999636 ], [ 83.908864594995975, 28.679182520136237, 4144.399999999999636 ], [ 83.908829726278782, 28.679199451580644, 4143.800000000000182 ], [ 83.90883257612586, 28.679198864847422, 4143.800000000000182 ], [ 83.908823858946562, 28.679208252578977, 4143.399999999999636 ], [ 83.908815812319517, 28.679215293377641, 4143.399999999999636 ], [ 83.908747499808669, 28.679252425208688, 4143.399999999999636 ], [ 83.908687401562929, 28.679291903972626, 4143.199999999999818 ], [ 83.908621435984969, 28.679325180128217, 4143.0 ], [ 83.908537281677127, 28.679367173463103, 4142.800000000000182 ], [ 83.908443404361606, 28.679415201768279, 4142.600000000000364 ], [ 83.908376432955265, 28.679425343871117, 4142.600000000000364 ], [ 83.908296218141913, 28.679442023858428, 4142.600000000000364 ], [ 83.908269815146923, 28.679453255608681, 4142.600000000000364 ], [ 83.908243495970964, 28.679469516500831, 4142.600000000000364 ], [ 83.908224049955606, 28.679483849555258, 4142.600000000000364 ], [ 83.908171914517879, 28.679520646110177, 4142.600000000000364 ], [ 83.908145930618048, 28.679517041891813, 4142.600000000000364 ], [ 83.908123299479485, 28.679533889517188, 4142.600000000000364 ], [ 83.908089268952608, 28.679554928094149, 4142.800000000000182 ], [ 83.908052472397685, 28.679569428786635, 4142.800000000000182 ], [ 83.908039983361959, 28.679583678022027, 4142.800000000000182 ], [ 83.907972844317555, 28.679633885622025, 4142.800000000000182 ], [ 83.90795691870153, 28.679643357172608, 4142.800000000000182 ], [ 83.90792129561305, 28.67966347374022, 4142.800000000000182 ], [ 83.907871171832085, 28.679694570600983, 4142.800000000000182 ], [ 83.907804619520903, 28.679735977202657, 4142.800000000000182 ], [ 83.907760782167315, 28.679777551442385, 4142.800000000000182 ] ] } }
]
}
