{
"type": "FeatureCollection",
"name": "day02",
"crs": { "type": "name", "properties": { "name": "urn:ogc:def:crs:OGC:1.3:CRS84" } },
"features": [
{ "type": "Feature", "properties": { "name": "day02" }, "geometry": { "type": "LineString", "coordinates": [ [ 84.241764452308416, 28.552122255787253, 2672.199999999999818 ], [ 84.241853635758162, 28.55220029130578, 2672.199999999999818 ], [ 84.241835698485374, 28.552218060940504, 2672.199999999999818 ], [ 84.241742072626948, 28.552249995991588, 2672.199999999999818 ], [ 84.241617349907756, 28.552273130044341, 2672.0 ], [ 84.24151056446135, 28.552309926599264, 2672.0 ], [ 84.241403359919786, 28.552372623234987, 2672.0 ], [ 84.241298837587237, 28.552398942410942, 2672.199999999999818 ], [ 84.241198590025306, 28.552419561892748, 2672.199999999999818 ], [ 84.241097001358867, 28.552460046485063, 2672.4 ], [ 84.241024749353528, 28.552505224943161, 2672.6 ], [ 84.240985689684749, 28.552525173872709, 2673.199999999999818 ], [ 84.240943361073732, 28.552538333460689, 2673.800000000000182 ], [ 84.24090857617557, 28.552550571039319, 2674.199999999999818 ], [ 84.240888794884086, 28.55254671536386, 2675.199999999999818 ], [ 84.240885777398944, 28.552546883001924, 2675.199999999999818 ], [ 84.240844203159213, 28.552547637373209, 2676.4 ], [ 84.240798689424992, 28.552564065903425, 2677.800000000000182 ], [ 84.240798689424992, 28.552567586302757, 2678.199999999999818 ], [ 84.240744961425662, 28.5525843501091, 2678.6 ], [ 84.240717468783259, 28.552594240754843, 2679.0 ], [ 84.240698106586933, 28.552597593516111, 2679.199999999999818 ], [ 84.240655526518822, 28.55261318385601, 2680.0 ], [ 84.240627530962229, 28.552620895206928, 2680.199999999999818 ], [ 84.240589393302798, 28.552642185240984, 2681.0 ], [ 84.240559972822666, 28.552655428647995, 2681.199999999999818 ], [ 84.240495348349214, 28.552674036473036, 2681.800000000000182 ], [ 84.240453522652388, 28.552691973745823, 2682.199999999999818 ], [ 84.240430220961571, 28.552713766694069, 2682.4 ], [ 84.240381438285112, 28.552763555198908, 2683.0 ], [ 84.240365009754896, 28.552789874374863, 2683.4 ], [ 84.240309689193964, 28.552855085581541, 2683.4 ], [ 84.240258559584618, 28.552927002310753, 2683.6 ], [ 84.240249674767256, 28.552936725318432, 2683.6 ], [ 84.240241460502148, 28.552945107221603, 2683.800000000000182 ], [ 84.240220673382282, 28.552982239052653, 2684.0 ], [ 84.240240873768926, 28.552978048101068, 2684.199999999999818 ], [ 84.240257386118174, 28.552986346185207, 2684.199999999999818 ], [ 84.240251602604985, 28.552991794422269, 2684.199999999999818 ], [ 84.240157306194305, 28.553031608462337, 2684.199999999999818 ], [ 84.240103997290134, 28.553059352561831, 2684.4 ], [ 84.240057393908501, 28.553084498271343, 2684.6 ], [ 84.240028141066432, 28.553098998963833, 2684.6 ], [ 84.240019591525197, 28.55310226790607, 2684.800000000000182 ], [ 84.239977849647403, 28.553121713921428, 2684.800000000000182 ], [ 84.239967539906502, 28.553128251805902, 2685.199999999999818 ], [ 84.239874165505171, 28.553171418607235, 2685.4 ], [ 84.239786826074123, 28.553204946219921, 2686.199999999999818 ], [ 84.23977299593389, 28.553210729733109, 2686.199999999999818 ], [ 84.239703007042408, 28.553244508802891, 2687.4 ], [ 84.239658834412694, 28.553255740553141, 2687.800000000000182 ], [ 84.239636873826385, 28.553266385570168, 2688.0 ], [ 84.239616338163614, 28.553274180740122, 2688.4 ], [ 84.239606196060777, 28.553276192396879, 2688.6 ], [ 84.239558083936572, 28.553302846848965, 2689.4 ], [ 84.239535620436072, 28.553314497694373, 2689.800000000000182 ], [ 84.239484239369631, 28.553336123004556, 2690.4 ], [ 84.239447275176644, 28.553349450230598, 2690.6 ], [ 84.239357421174645, 28.553367052227259, 2691.4 ], [ 84.239343591034412, 28.553370488807559, 2691.4 ], [ 84.239304028451443, 28.553377110511065, 2691.4 ], [ 84.239252060651779, 28.553376356139779, 2691.800000000000182 ], [ 84.239177713170648, 28.553385157138109, 2692.6 ], [ 84.239157596603036, 28.553396221250296, 2692.6 ], [ 84.239072352647781, 28.553427066653967, 2693.0 ], [ 84.238969003781676, 28.553453888744116, 2693.800000000000182 ], [ 84.238883340731263, 28.55348196811974, 2694.4 ], [ 84.238824835047126, 28.55350149795413, 2694.6 ], [ 84.238788038492203, 28.553492864593863, 2695.199999999999818 ], [ 84.23877420835197, 28.553484901785851, 2695.4 ], [ 84.238788457587361, 28.55349462479353, 2695.6 ], [ 84.238759707659483, 28.553495965898037, 2695.6 ], [ 84.238734981045127, 28.553498312830925, 2695.800000000000182 ], [ 84.23865057528019, 28.553516250103712, 2695.800000000000182 ], [ 84.238618388772011, 28.553527565672994, 2696.199999999999818 ], [ 84.238558877259493, 28.553555309772491, 2696.199999999999818 ], [ 84.238546639680862, 28.553561260923743, 2696.6 ], [ 84.238538341596723, 28.553562685847279, 2696.6 ], [ 84.238526271656156, 28.553558327257633, 2697.0 ], [ 84.238540604710579, 28.553549610078335, 2697.0 ], [ 84.23853037878871, 28.55355103500187, 2697.6 ], [ 84.238480506464839, 28.553563859313726, 2697.6 ], [ 84.238446056842804, 28.553576851263639, 2697.6 ], [ 84.238443877547979, 28.553570900112391, 2697.6 ], [ 84.238447397947311, 28.553565954789519, 2697.6 ], [ 84.23844731412828, 28.55356989428401, 2697.6 ], [ 84.238395346328616, 28.553597554564476, 2697.6 ], [ 84.238365506753325, 28.553613731637597, 2697.6 ], [ 84.238280011340976, 28.553640637546778, 2698.0 ], [ 84.238272048532963, 28.5536446608603, 2698.0 ], [ 84.238214548677206, 28.553660502657294, 2698.199999999999818 ], [ 84.238176913931966, 28.553662765771151, 2698.4 ], [ 84.238128634169698, 28.553675003349781, 2699.0 ], [ 84.238093933090568, 28.553685564547777, 2699.6 ], [ 84.238037187606096, 28.553708866238591, 2699.800000000000182 ], [ 84.238026207312942, 28.553712135180831, 2699.800000000000182 ], [ 84.238012293353677, 28.553714649751782, 2699.800000000000182 ], [ 84.237917074933648, 28.553739208728075, 2699.800000000000182 ], [ 84.23789519816637, 28.553748764097691, 2700.199999999999818 ], [ 84.237898718565702, 28.553746165707707, 2700.4 ], [ 84.237922020256519, 28.55373719707131, 2700.4 ], [ 84.237866699695587, 28.553761085495353, 2700.4 ], [ 84.237783551216125, 28.553781369701028, 2700.4 ], [ 84.237666623666883, 28.553815148770809, 2700.4 ], [ 84.237612057477236, 28.553843731060624, 2700.4 ], [ 84.237523963674903, 28.553865775465965, 2700.4 ], [ 84.237419441342354, 28.553864685818553, 2700.4 ], [ 84.237420782446861, 28.553831744939089, 2700.4 ], [ 84.237424805760384, 28.553827637806535, 2701.0 ], [ 84.237416842952371, 28.553817747160792, 2701.0 ], [ 84.237411478534341, 28.553802659735084, 2701.0 ], [ 84.237411394715309, 28.553805509582158, 2701.0 ], [ 84.237404856830835, 28.553809868171811, 2701.0 ], [ 84.237411729991436, 28.553801905363802, 2701.0 ], [ 84.237419692799449, 28.553790003061295, 2701.0 ], [ 84.237397899851203, 28.553813975304365, 2701.0 ], [ 84.237316930666566, 28.553860494866967, 2701.199999999999818 ], [ 84.237206373363733, 28.553888825699687, 2701.199999999999818 ], [ 84.237096989527345, 28.553911624476314, 2701.199999999999818 ], [ 84.237023983150721, 28.553914725780487, 2701.199999999999818 ], [ 84.236941169947386, 28.553901314735413, 2701.199999999999818 ], [ 84.23687101341784, 28.553895698860288, 2701.199999999999818 ], [ 84.236843520775437, 28.553858064115047, 2701.199999999999818 ], [ 84.236843688413501, 28.553852951154113, 2701.4 ], [ 84.236845532432199, 28.55384892784059, 2701.4 ], [ 84.236842514947057, 28.553817328065634, 2701.4 ], [ 84.236842347308993, 28.553811963647604, 2701.4 ], [ 84.236833043396473, 28.553776675835252, 2701.4 ], [ 84.236837150529027, 28.553854795172811, 2701.199999999999818 ], [ 84.236840168014169, 28.553835600614548, 2701.199999999999818 ], [ 84.236827259883285, 28.553838282823563, 2701.0 ], [ 84.236746961250901, 28.553851610049605, 2700.800000000000182 ], [ 84.236676301807165, 28.5538674518466, 2700.199999999999818 ], [ 84.236644366756082, 28.55387725867331, 2699.6 ], [ 84.236590974032879, 28.553880946710706, 2699.199999999999818 ], [ 84.236509250476956, 28.553885724395514, 2698.4 ], [ 84.236483266577125, 28.553892765194178, 2698.0 ], [ 84.236416295170784, 28.55391095392406, 2697.6 ], [ 84.236394753679633, 28.553916485980153, 2697.6 ], [ 84.236345803365111, 28.553921012207866, 2696.6 ], [ 84.236258380115032, 28.553916569799185, 2696.6 ], [ 84.236185709014535, 28.553906846791502, 2695.800000000000182 ], [ 84.236159054562449, 28.553911121562123, 2695.800000000000182 ], [ 84.236052520573139, 28.553918246179819, 2695.199999999999818 ], [ 84.236036594957113, 28.553923107683659, 2694.6 ], [ 84.235979933291674, 28.553948756307364, 2694.6 ], [ 84.235907681286335, 28.553979182615876, 2694.6 ], [ 84.235883038491011, 28.55398865416646, 2694.6 ], [ 84.235831322148442, 28.553997287526727, 2694.6 ], [ 84.235816653817892, 28.553998293355107, 2694.6 ], [ 84.235694110393524, 28.553993348032236, 2695.199999999999818 ], [ 84.235620433464646, 28.55399502441287, 2695.6 ], [ 84.235613560304046, 28.553992593660951, 2696.0 ], [ 84.235620936378837, 28.553998712450262, 2696.0 ], [ 84.235572321340442, 28.554042130708694, 2696.199999999999818 ], [ 84.235484395176172, 28.554112873971462, 2696.199999999999818 ], [ 84.235435277223587, 28.554142462089654, 2696.6 ], [ 84.235453801229596, 28.554126201197505, 2697.0 ], [ 84.235448939725757, 28.554109437391158, 2697.0 ], [ 84.235449275001884, 28.554098373278975, 2697.199999999999818 ], [ 84.235450951382518, 28.554092170670629, 2697.199999999999818 ], [ 84.235446089878678, 28.554096864536405, 2697.199999999999818 ], [ 84.235407868400216, 28.554119076579809, 2697.199999999999818 ], [ 84.235385823994875, 28.554127793759108, 2697.4 ], [ 84.235288677737117, 28.554131062701344, 2697.4 ], [ 84.235225562006235, 28.554083872586489, 2697.4 ], [ 84.235211312770844, 28.554079765453935, 2697.4 ], [ 84.23518524505198, 28.554074820131063, 2697.4 ], [ 84.235162865370512, 28.554072808474302, 2697.6 ], [ 84.235088853165507, 28.554076412692663, 2698.0 ], [ 84.235075190663338, 28.554081441834569, 2698.199999999999818 ], [ 84.235072173178196, 28.554072808474302, 2698.199999999999818 ], [ 84.235081057995558, 28.554091500118375, 2698.199999999999818 ], [ 84.235047698020935, 28.554112454876304, 2698.199999999999818 ], [ 84.235029928386211, 28.554127709940076, 2698.199999999999818 ], [ 84.234943762421608, 28.55417431332171, 2698.199999999999818 ], [ 84.234928172081709, 28.554180515930057, 2698.4 ], [ 84.234875869005919, 28.554205242544413, 2698.4 ], [ 84.234862038865685, 28.554211277514696, 2698.4 ], [ 84.234797582030296, 28.554221838712692, 2698.4 ], [ 84.234745781868696, 28.554235165938735, 2698.4 ], [ 84.234672607854009, 28.554270453751087, 2699.0 ], [ 84.234634889289737, 28.554274393245574, 2699.4 ], [ 84.234561547636986, 28.554280931130052, 2700.199999999999818 ], [ 84.234523745253682, 28.554282020777464, 2700.4 ], [ 84.234440261498094, 28.55426844209433, 2700.4 ], [ 84.234311012551188, 28.554261401295665, 2700.4 ], [ 84.23427639529109, 28.55426425114274, 2701.199999999999818 ], [ 84.234267007559538, 28.554267603904009, 2701.6 ], [ 84.234226774424314, 28.554300963878632, 2701.6 ], [ 84.234162988141179, 28.554340358823534, 2701.800000000000182 ], [ 84.234123844653368, 28.554372964426875, 2702.4 ], [ 84.234107416123152, 28.55438495054841, 2703.6 ], [ 84.234101548790932, 28.554388890042901, 2703.800000000000182 ], [ 84.234040696173906, 28.554400121793151, 2704.199999999999818 ], [ 84.234032146632671, 28.554400792345405, 2704.4 ], [ 84.233943466097116, 28.554414119571447, 2704.800000000000182 ], [ 84.233920332044363, 28.554415879771113, 2704.800000000000182 ], [ 84.23390356823802, 28.554434319958091, 2705.4 ], [ 84.23385176807642, 28.554460890591145, 2705.4 ], [ 84.233772810548544, 28.554472457617521, 2706.0 ], [ 84.233708269894123, 28.554486958310008, 2706.4 ], [ 84.233662588521838, 28.55450640432537, 2707.0 ], [ 84.233654458075762, 28.554509086534381, 2707.199999999999818 ], [ 84.233619086444378, 28.554523419588804, 2708.199999999999818 ], [ 84.233595281839371, 28.554534064605832, 2708.6 ], [ 84.233577009290457, 28.554557450115681, 2709.199999999999818 ], [ 84.233554126694798, 28.554602293297648, 2709.800000000000182 ], [ 84.233541637659073, 28.554621655493975, 2709.800000000000182 ], [ 84.233495872467756, 28.554646549746391, 2709.800000000000182 ], [ 84.233469888567924, 28.554660882800817, 2709.800000000000182 ], [ 84.233463937416673, 28.554662307724357, 2709.800000000000182 ], [ 84.23337877728045, 28.554671443998817, 2709.800000000000182 ], [ 84.233367377892137, 28.554669348523021, 2709.800000000000182 ], [ 84.233318846672773, 28.55466197244823, 2708.6 ], [ 84.233283558860421, 28.554667504504323, 2708.199999999999818 ], [ 84.233264699578285, 28.55466884560883, 2707.4 ], [ 84.23322924412787, 28.554673539474607, 2707.0 ], [ 84.233208708465099, 28.55467370711267, 2706.800000000000182 ], [ 84.233197644352913, 28.554673539474607, 2706.4 ], [ 84.233130505308509, 28.554664989933372, 2706.0 ], [ 84.233119273558259, 28.55466440320015, 2706.0 ], [ 84.233099156990647, 28.554665241390467, 2706.0 ], [ 84.233045177534223, 28.554677562788129, 2705.800000000000182 ], [ 84.232945935800672, 28.554712515324351, 2705.800000000000182 ], [ 84.232875360175967, 28.554706731811169, 2705.800000000000182 ], [ 84.232804365456104, 28.554701954126362, 2706.0 ], [ 84.232708811759949, 28.554699691012502, 2706.0 ], [ 84.232618035748601, 28.554700948297977, 2706.0 ], [ 84.232554668560624, 28.554721064865589, 2706.199999999999818 ], [ 84.232512172311544, 28.554724249988791, 2706.4 ], [ 84.232423827052116, 28.554709916934371, 2706.4 ], [ 84.232411757111549, 28.554686531424519, 2706.4 ], [ 84.232462635263801, 28.55468200519681, 2706.4 ], [ 84.232496665790677, 28.554702121764421, 2706.4 ], [ 84.232450481504202, 28.554620062932372, 2706.4 ], [ 84.232452157884836, 28.554614782333378, 2706.800000000000182 ], [ 84.232452157884836, 28.554613525047898, 2706.800000000000182 ], [ 84.232413098216057, 28.55464898049831, 2706.800000000000182 ], [ 84.232345372438431, 28.554698098450899, 2707.0 ], [ 84.232309749349952, 28.55474017560482, 2707.0 ], [ 84.232286782935262, 28.554764566943049, 2707.4 ], [ 84.232223080471158, 28.55477437376976, 2707.4 ], [ 84.232171280309558, 28.554770853370428, 2707.6 ], [ 84.232104476541281, 28.554764315485951, 2707.6 ], [ 84.232073882594705, 28.554737744852901, 2707.6 ], [ 84.232072290033102, 28.55473380535841, 2707.6 ], [ 84.232067679986358, 28.55473036877811, 2707.6 ], [ 84.23206390812993, 28.55471963994205, 2707.6 ], [ 84.232066087424755, 28.554722992703319, 2707.4 ], [ 84.232089389115572, 28.554725758731365, 2707.4 ], [ 84.232091400772333, 28.554729362949729, 2707.4 ], [ 84.232046976685524, 28.554718634113669, 2707.4 ], [ 84.232047814875841, 28.554720729589462, 2707.4 ], [ 84.232032811269164, 28.554728105664253, 2707.4 ], [ 84.231975730508566, 28.554750317707654, 2707.4 ], [ 84.231964917853475, 28.554752329364419, 2708.199999999999818 ], [ 84.231935497373343, 28.554752664640542, 2708.6 ], [ 84.231890654191375, 28.554753419011831, 2709.199999999999818 ], [ 84.231864754110575, 28.554756520316005, 2709.6 ], [ 84.231856120750308, 28.554756939411163, 2709.800000000000182 ], [ 84.231820749118924, 28.554761717095971, 2710.6 ], [ 84.231802225112915, 28.55476557277143, 2710.800000000000182 ], [ 84.231775989755988, 28.554768925532699, 2710.800000000000182 ], [ 84.231768026947975, 28.554770098999143, 2710.800000000000182 ], [ 84.231760399416089, 28.554774541407824, 2710.800000000000182 ], [ 84.231750592589378, 28.554783510044217, 2711.199999999999818 ], [ 84.231729051098228, 28.554790634661913, 2711.199999999999818 ], [ 84.231648165732622, 28.554806895554066, 2711.4 ], [ 84.231629893183708, 28.554808320477605, 2711.6 ], [ 84.231600305065513, 28.554819133132696, 2712.0 ], [ 84.231554036960006, 28.554838830605149, 2712.199999999999818 ], [ 84.231528388336301, 28.554852409288287, 2712.800000000000182 ], [ 84.23151514492929, 28.554857773706317, 2713.199999999999818 ], [ 84.231472229585052, 28.554862635210156, 2713.199999999999818 ], [ 84.23146334476769, 28.554864143952727, 2713.4 ], [ 84.231436355039477, 28.554863976314664, 2713.800000000000182 ], [ 84.231414059177041, 28.554866155609488, 2713.800000000000182 ], [ 84.231393607333302, 28.554868837818503, 2713.800000000000182 ], [ 84.231345159932971, 28.55488233268261, 2713.800000000000182 ], [ 84.231345327571034, 28.554882081225511, 2714.0 ], [ 84.231324959546328, 28.554907478392124, 2714.0 ], [ 84.23130651935935, 28.554934384301305, 2714.4 ], [ 84.231301909312606, 28.554938826709986, 2714.4 ], [ 84.231254635378718, 28.554963637143373, 2714.4 ], [ 84.231229405850172, 28.554975371807817, 2714.4 ], [ 84.231219766661525, 28.554973946884271, 2714.4 ], [ 84.231209540739655, 28.554972521960735, 2714.4 ], [ 84.231174839660525, 28.554979395121336, 2715.199999999999818 ], [ 84.231159668415785, 28.554984927177429, 2715.6 ], [ 84.231080543249846, 28.555011749267575, 2715.6 ], [ 84.231002675369382, 28.555005630478263, 2715.6 ], [ 84.230988007038832, 28.555006803944707, 2715.6 ], [ 84.230921203270555, 28.555020717903972, 2715.6 ], [ 84.230893375352025, 28.555023148655891, 2715.6 ], [ 84.230857500806451, 28.555021053180099, 2715.199999999999818 ], [ 84.230850795283914, 28.55502306483686, 2715.199999999999818 ], [ 84.230771083384752, 28.555011413991451, 2715.199999999999818 ], [ 84.230732275173068, 28.555000517517328, 2715.199999999999818 ], [ 84.230715930461884, 28.554994566366076, 2715.0 ], [ 84.230677289888263, 28.554982496425509, 2714.6 ], [ 84.230651389807463, 28.554982077330351, 2714.6 ], [ 84.23064392991364, 28.554984088987112, 2714.6 ], [ 84.230636972934008, 28.554990291595459, 2714.4 ], [ 84.230640409514308, 28.554993057623506, 2714.4 ], [ 84.230622472241521, 28.555004121735692, 2714.0 ], [ 84.230598080903292, 28.555004289373755, 2713.800000000000182 ], [ 84.230568408966064, 28.555010072886944, 2713.199999999999818 ], [ 84.230540581047535, 28.555017784237862, 2712.800000000000182 ], [ 84.230528008192778, 28.555016862228513, 2712.6 ], [ 84.230504790320992, 28.55501476675272, 2712.6 ], [ 84.230470927432179, 28.555021388456225, 2712.4 ], [ 84.230419462546706, 28.555020969361067, 2712.199999999999818 ], [ 84.230419127270579, 28.555022059008479, 2712.0 ], [ 84.230380151420832, 28.555031027644873, 2712.0 ], [ 84.230359615758061, 28.555033374577761, 2712.0 ], [ 84.230358693748713, 28.55503429658711, 2712.0 ], [ 84.23041183501482, 28.555024573579431, 2712.0 ], [ 84.230408314615488, 28.555024489760399, 2712.0 ], [ 84.230347042903304, 28.555043181404471, 2712.0 ], [ 84.230311922729015, 28.555051060393453, 2712.0 ], [ 84.230266828089952, 28.555062124505639, 2712.0 ], [ 84.230193737894297, 28.555074278265241, 2712.0 ], [ 84.230112098157406, 28.555061789229512, 2712.199999999999818 ], [ 84.230106649920344, 28.555059777572751, 2712.4 ], [ 84.230062309652567, 28.555059861391783, 2712.6 ], [ 84.230040265247226, 28.555070841684937, 2712.6 ], [ 84.230006150901318, 28.555102441459898, 2712.6 ], [ 84.229986369609833, 28.555138986557719, 2712.800000000000182 ], [ 84.229963067919016, 28.555148458108302, 2712.800000000000182 ], [ 84.229952758178115, 28.555142423138022, 2713.199999999999818 ], [ 84.229944963008165, 28.555113673210144, 2713.199999999999818 ], [ 84.229948986321688, 28.555104536935687, 2713.4 ], [ 84.229952171444893, 28.555100681260228, 2713.4 ], [ 84.229935156181455, 28.555126916617155, 2713.4 ], [ 84.229877069592476, 28.555133622139692, 2713.4 ], [ 84.229842117056251, 28.555137393996119, 2713.4 ], [ 84.229810852557421, 28.555137813091282, 2713.4 ], [ 84.229813115671277, 28.555146614089608, 2714.0 ], [ 84.229818480089307, 28.555152397602797, 2714.0 ], [ 84.229812193661928, 28.555154241621494, 2714.4 ], [ 84.229776570573449, 28.555162036791444, 2715.6 ], [ 84.229765757918358, 28.555159689858556, 2716.199999999999818 ], [ 84.229710185900331, 28.555172681808472, 2716.4 ], [ 84.22970431856811, 28.555175196379423, 2716.4 ], [ 84.229690907523036, 28.555180728435516, 2716.6 ], [ 84.229614967480302, 28.555178884416819, 2716.6 ], [ 84.229556461796165, 28.555159186944369, 2716.800000000000182 ], [ 84.229520838707685, 28.555154409259561, 2717.199999999999818 ], [ 84.229452190920711, 28.55515843257308, 2717.199999999999818 ], [ 84.229436852037907, 28.555151978507642, 2717.6 ], [ 84.229357894510031, 28.555120881646872, 2718.0 ], [ 84.229346243664622, 28.55510713532567, 2718.4 ], [ 84.229346495121717, 28.555104620754719, 2718.6 ], [ 84.229347333312035, 28.555098418146372, 2718.6 ], [ 84.229318499565125, 28.555085929110646, 2718.6 ], [ 84.229306764900684, 28.555081570520997, 2718.6 ], [ 84.229289581999183, 28.555081067606807, 2718.6 ], [ 84.22920978628099, 28.55505826883018, 2718.6 ], [ 84.229203499853611, 28.555058017373085, 2718.6 ], [ 84.22918975353241, 28.555065393447876, 2718.6 ], [ 84.229181120172143, 28.555069584399462, 2718.6 ], [ 84.229120938107371, 28.555055502802137, 2718.6 ], [ 84.22905832529068, 28.555059107020497, 2718.6 ], [ 84.229016415774822, 28.555071763694286, 2718.0 ], [ 84.228956317529082, 28.555056005716324, 2718.0 ], [ 84.228930249810219, 28.55504603125155, 2718.0 ], [ 84.228902505710721, 28.555030608549711, 2718.0 ], [ 84.228885238990188, 28.555059777572751, 2718.0 ], [ 84.228884233161807, 28.555072685703635, 2718.0 ], [ 84.228864200413227, 28.555084420368075, 2718.0 ], [ 84.228786416351795, 28.555074613541365, 2718.0 ], [ 84.228742159903049, 28.555085258558393, 2718.0 ], [ 84.22872556373477, 28.555097915232182, 2718.4 ], [ 84.228685749694705, 28.555113086476918, 2718.6 ], [ 84.22862489707768, 28.555146530270576, 2718.6 ], [ 84.228603690862656, 28.555152732878923, 2718.6 ], [ 84.228590279817581, 28.555152900516987, 2718.6 ], [ 84.228587262332439, 28.55515256524086, 2719.0 ], [ 84.228535881265998, 28.555168574675921, 2719.800000000000182 ], [ 84.228511154651642, 28.55518726631999, 2720.800000000000182 ], [ 84.228499755263329, 28.555201180279255, 2720.800000000000182 ], [ 84.228485589846969, 28.55516136623919, 2720.800000000000182 ], [ 84.22847687266767, 28.555143428966403, 2720.800000000000182 ], [ 84.228478968143463, 28.555182237178087, 2720.800000000000182 ], [ 84.2284563370049, 28.555190619081259, 2720.800000000000182 ], [ 84.228414846584201, 28.555174777284265, 2720.0 ], [ 84.228398920968175, 28.555181818082929, 2719.800000000000182 ], [ 84.228404117748141, 28.555187517777085, 2719.800000000000182 ], [ 84.22840403392911, 28.555187853053212, 2719.800000000000182 ], [ 84.228404285386205, 28.555188104510307, 2719.800000000000182 ], [ 84.228403028100729, 28.555190451443195, 2719.800000000000182 ], [ 84.228390790522099, 28.555190032348037, 2719.800000000000182 ], [ 84.228375954553485, 28.555168071761727, 2719.6 ], [ 84.228369165211916, 28.555162958800793, 2719.0 ], [ 84.228370422497392, 28.555174609646201, 2719.0 ], [ 84.228365309536457, 28.555177459493279, 2719.0 ], [ 84.228357430547476, 28.5551677364856, 2719.0 ], [ 84.228340331465006, 28.555162958800793, 2719.0 ], [ 84.228326333686709, 28.555159270763397, 2719.0 ], [ 84.228323819115758, 28.5551677364856, 2719.0 ], [ 84.228323316201568, 28.555169915780425, 2719.0 ], [ 84.228308731690049, 28.555199084803466, 2719.4 ], [ 84.228284256532788, 28.555218446999788, 2719.4 ], [ 84.228271851316094, 28.555220207199454, 2719.4 ], [ 84.228254081681371, 28.555213082581758, 2719.4 ], [ 84.228251902386546, 28.555205371230841, 2719.4 ], [ 84.228253914043307, 28.555223140865564, 2719.4 ], [ 84.228213597089052, 28.555241581052542, 2719.4 ], [ 84.228166993707418, 28.555249543860555, 2719.4 ], [ 84.228165401145816, 28.55525373481214, 2719.4 ], [ 84.228165317326784, 28.555259183049198, 2719.4 ], [ 84.22814360819757, 28.555274857208133, 2719.4 ], [ 84.228138159960508, 28.555275527760383, 2719.4 ], [ 84.228133130818605, 28.555277204141021, 2718.6 ], [ 84.228121815249324, 28.555281814187765, 2718.6 ], [ 84.228122653439641, 28.555277707055211, 2718.6 ], [ 84.228123994544148, 28.555272929370403, 2718.6 ], [ 84.228125838562846, 28.555251136422157, 2718.6 ], [ 84.228125419467688, 28.555251555517316, 2718.0 ], [ 84.228099351748824, 28.555270582437515, 2717.800000000000182 ], [ 84.228076804429293, 28.555280137807131, 2717.800000000000182 ], [ 84.228029195219278, 28.555296147242188, 2717.800000000000182 ], [ 84.227966163307428, 28.555329842492934, 2717.800000000000182 ], [ 84.227895336225629, 28.555354233831167, 2717.800000000000182 ], [ 84.227862982079387, 28.555365381762385, 2717.800000000000182 ], [ 84.227849235758185, 28.55537929572165, 2718.6 ], [ 84.227842697873712, 28.555379379540678, 2718.6 ], [ 84.227800788357854, 28.555370159447193, 2718.6 ], [ 84.227790227159858, 28.555368734523658, 2719.0 ], [ 84.227758543565869, 28.555379211902618, 2719.0 ], [ 84.227726357057691, 28.555377535521984, 2719.800000000000182 ], [ 84.227647483348846, 28.555379128083587, 2719.800000000000182 ], [ 84.227636670693755, 28.555373260751367, 2719.800000000000182 ], [ 84.227572800591588, 28.555338894948363, 2719.800000000000182 ], [ 84.227561820298433, 28.555330345407128, 2719.800000000000182 ], [ 84.227509349584579, 28.5553128272295, 2721.0 ], [ 84.227487305179238, 28.555308468639851, 2721.0 ], [ 84.227432822808623, 28.55528273619711, 2721.0 ], [ 84.227416981011629, 28.555283742025495, 2721.199999999999818 ], [ 84.227374820038676, 28.555296398699284, 2721.199999999999818 ], [ 84.227339196950197, 28.555311821401119, 2721.800000000000182 ], [ 84.227317906916142, 28.555337218567729, 2722.800000000000182 ], [ 84.22727725468576, 28.555354317650199, 2723.800000000000182 ], [ 84.227270632982254, 28.55534995906055, 2723.800000000000182 ], [ 84.227269124239683, 28.555343002080917, 2723.800000000000182 ], [ 84.227271052077413, 28.555338559672236, 2723.800000000000182 ], [ 84.227273399010301, 28.555336464196444, 2724.199999999999818 ], [ 84.227270716801286, 28.555335877463222, 2724.199999999999818 ], [ 84.227270046249032, 28.555343588814139, 2724.199999999999818 ], [ 84.227263676002622, 28.555349875241522, 2724.800000000000182 ], [ 84.22726359218359, 28.555349372327328, 2724.800000000000182 ], [ 84.227262670174241, 28.555332608520985, 2724.800000000000182 ], [ 84.227255461737514, 28.555325400084257, 2724.800000000000182 ], [ 84.227270716801286, 28.555295811966062, 2725.0 ], [ 84.227280775085092, 28.555305283516645, 2725.4 ], [ 84.227287648245692, 28.555306205525991, 2725.4 ], [ 84.227321930229664, 28.555314755067229, 2725.4 ], [ 84.227320505306125, 28.555324142798781, 2725.4 ], [ 84.227328803390265, 28.555342582985759, 2725.4 ], [ 84.227322349324822, 28.555356916040186, 2725.800000000000182 ], [ 84.227299047634006, 28.555354904383421, 2725.800000000000182 ], [ 84.227296868339181, 28.555371416732669, 2725.800000000000182 ], [ 84.227310949936509, 28.555370243266225, 2725.800000000000182 ], [ 84.227316565811634, 28.55536269955337, 2725.800000000000182 ], [ 84.22732318751514, 28.555361777544022, 2726.199999999999818 ], [ 84.227355122566223, 28.555354652926329, 2726.199999999999818 ], [ 84.227359732612967, 28.55535289272666, 2726.199999999999818 ], [ 84.227366605773568, 28.555351300165057, 2726.199999999999818 ], [ 84.227379765361547, 28.555370159447193, 2726.199999999999818 ], [ 84.227400552481413, 28.555373512208462, 2726.199999999999818 ], [ 84.227404408156872, 28.555370327085257, 2727.0 ], [ 84.227410778403282, 28.555368818342689, 2727.4 ], [ 84.227449083700776, 28.555365465581417, 2728.199999999999818 ], [ 84.227455956861377, 28.555376026779413, 2728.199999999999818 ], [ 84.227446904405951, 28.555387929081917, 2728.4 ], [ 84.227447407320142, 28.555404944345355, 2728.4 ], [ 84.22744388692081, 28.555398909375072, 2728.4 ], [ 84.227438941597939, 28.555396310985088, 2728.800000000000182 ], [ 84.227434163913131, 28.555392120033503, 2728.800000000000182 ], [ 84.227422345429659, 28.5553870908916, 2728.800000000000182 ], [ 84.22745855525136, 28.555416511371732, 2728.800000000000182 ], [ 84.22746391966939, 28.555415254086256, 2729.0 ], [ 84.227484287694097, 28.555403184145689, 2729.0 ], [ 84.22746785916388, 28.555399915203452, 2729.0 ], [ 84.227468613535166, 28.555407542735335, 2729.6 ], [ 84.227470206096768, 28.55541056022048, 2729.6 ], [ 84.227454364299774, 28.55542765930295, 2730.199999999999818 ], [ 84.227450676262379, 28.555429251864552, 2730.6 ], [ 84.227457214146852, 28.555433107540011, 2731.199999999999818 ], [ 84.227471631020308, 28.555454984307289, 2731.800000000000182 ], [ 84.227460734546185, 28.555457582697272, 2732.800000000000182 ], [ 84.227462746202946, 28.555455487221479, 2733.199999999999818 ], [ 84.227460315451026, 28.555481806397442, 2733.800000000000182 ], [ 84.227462746202946, 28.55547308921814, 2734.0 ], [ 84.227463332936168, 28.555469065904617, 2735.0 ], [ 84.227467942982912, 28.555469317361712, 2735.199999999999818 ], [ 84.227474732324481, 28.555480800569057, 2736.0 ], [ 84.227474229410291, 28.555472418665889, 2736.0 ], [ 84.227474480867386, 28.555472334846858, 2736.199999999999818 ], [ 84.22750105150044, 28.555490355938673, 2736.6 ], [ 84.227509601041675, 28.555491780862212, 2737.199999999999818 ], [ 84.227515133097768, 28.555493541061882, 2738.0 ], [ 84.227517480030656, 28.555493708699942, 2738.199999999999818 ], [ 84.227521168068051, 28.555494211614132, 2738.199999999999818 ], [ 84.227522425353527, 28.555489182472229, 2738.4 ], [ 84.227524269372225, 28.555487673729655, 2738.6 ], [ 84.227531058713794, 28.555481387302279, 2738.800000000000182 ], [ 84.227512199431658, 28.555485997349024, 2739.0 ], [ 84.227505829185247, 28.555487841367722, 2739.0 ], [ 84.227506164461374, 28.555489014834169, 2739.199999999999818 ], [ 84.227528544142842, 28.555485913529992, 2739.800000000000182 ], [ 84.227552935481071, 28.555495468899608, 2740.6 ], [ 84.227583697065711, 28.555496642366052, 2741.4 ], [ 84.227595683187246, 28.555498234927654, 2741.800000000000182 ], [ 84.227566178888083, 28.555514914914969, 2741.800000000000182 ], [ 84.22752795740962, 28.555525811389089, 2741.800000000000182 ], [ 84.227523263543844, 28.555532684549689, 2741.800000000000182 ], [ 84.227559389546514, 28.555539306253195, 2741.800000000000182 ], [ 84.227588977664709, 28.555536540225148, 2741.800000000000182 ], [ 84.227581433951855, 28.555532852187753, 2741.800000000000182 ], [ 84.227575566619635, 28.555528996512297, 2741.800000000000182 ], [ 84.227569699287415, 28.555522793903947, 2741.800000000000182 ], [ 84.227565927430987, 28.555518770590425, 2741.800000000000182 ], [ 84.227576656267047, 28.555511310696598, 2741.800000000000182 ], [ 84.227588558569551, 28.555507874116302, 2741.800000000000182 ], [ 84.227587888017297, 28.555492786690593, 2741.800000000000182 ], [ 84.227566681802273, 28.555490858852863, 2741.6 ], [ 84.227562490850687, 28.555501168593764, 2741.4 ], [ 84.227566262707114, 28.555505191907287, 2741.4 ], [ 84.227537345141172, 28.555500581860542, 2741.4 ], [ 84.227530136704445, 28.555493457242846, 2741.199999999999818 ], [ 84.227527622133493, 28.555509969592094, 2741.199999999999818 ], [ 84.227528041228652, 28.555511562153697, 2741.199999999999818 ], [ 84.227533154189587, 28.555508712306619, 2741.4 ], [ 84.227544721215963, 28.555502509698272, 2741.4 ], [ 84.227566514164209, 28.555516172200441, 2741.4 ], [ 84.227571710944176, 28.555509215220809, 2741.4 ], [ 84.227583445608616, 28.555504269897938, 2741.800000000000182 ], [ 84.227585960179567, 28.555506030097604, 2742.199999999999818 ], [ 84.227577578276396, 28.555509466677904, 2742.4 ], [ 84.227571878582239, 28.555511143058538, 2742.6 ], [ 84.227567352354527, 28.555516339838505, 2743.0 ], [ 84.227562826126814, 28.555515753105283, 2743.6 ], [ 84.227562574669719, 28.555530505254865, 2743.6 ], [ 84.227568944916129, 28.555517513304949, 2744.199999999999818 ], [ 84.22756995074451, 28.555518267676231, 2744.6 ], [ 84.227575734257698, 28.55551365762949, 2744.800000000000182 ], [ 84.227585541084409, 28.555513573810455, 2744.800000000000182 ], [ 84.227583529427648, 28.555522710084915, 2744.800000000000182 ], [ 84.227588390931487, 28.555538551881909, 2745.4 ], [ 84.22759392298758, 28.555539222434163, 2745.6 ], [ 84.22762124799192, 28.555544838309288, 2745.6 ], [ 84.22762418165803, 28.555552214384079, 2746.6 ], [ 84.227616135030985, 28.555537546053529, 2747.0 ], [ 84.227632228285074, 28.555524973198771, 2747.0 ], [ 84.227629294618964, 28.55551365762949, 2747.199999999999818 ], [ 84.227608842775226, 28.555518100038171, 2747.199999999999818 ], [ 84.227610770612955, 28.555524973198771, 2747.6 ], [ 84.22761051915586, 28.555523296818137, 2747.800000000000182 ], [ 84.227597359567881, 28.555522626265883, 2748.0 ], [ 84.227579841390252, 28.55553486384451, 2749.0 ], [ 84.227568777278066, 28.555539473891258, 2749.0 ], [ 84.227554779499769, 28.555570989847183, 2749.6 ], [ 84.227545727044344, 28.555580042302608, 2750.0 ], [ 84.227538434788585, 28.5555908549577, 2750.199999999999818 ], [ 84.227536004036665, 28.555596470832825, 2750.4 ], [ 84.227559892460704, 28.555599823594093, 2751.199999999999818 ], [ 84.227561904117465, 28.555586999282241, 2751.199999999999818 ], [ 84.227556623518467, 28.555583646520972, 2751.4 ], [ 84.227539775893092, 28.555599236860871, 2751.4 ], [ 84.227525275200605, 28.555595297366381, 2752.6 ], [ 84.227518737316132, 28.555590268224481, 2753.0 ], [ 84.227506499737501, 28.555601332336664, 2753.4 ], [ 84.227490238845348, 28.555625891312957, 2753.4 ], [ 84.227493172511458, 28.555625723674893, 2753.4 ], [ 84.227490071207285, 28.555626226589084, 2753.6 ], [ 84.227478252723813, 28.555623712018132, 2753.6 ], [ 84.227428128942847, 28.555647097527981, 2753.6 ], [ 84.227412287145853, 28.555652126669884, 2753.800000000000182 ], [ 84.227410443127155, 28.555647935718294, 2754.0 ], [ 84.227410443127155, 28.555663106963038, 2754.199999999999818 ], [ 84.227400049567223, 28.555660592392087, 2754.800000000000182 ], [ 84.227397702634335, 28.555669225752354, 2755.0 ], [ 84.227398373186588, 28.555670483037829, 2755.0 ], [ 84.227435505017638, 28.555675512179732, 2756.0 ], [ 84.227438690140843, 28.555674757808447, 2756.0 ], [ 84.227421758696437, 28.555677775293589, 2756.800000000000182 ], [ 84.227435756474733, 28.555672327056527, 2756.800000000000182 ], [ 84.227405581623316, 28.55568615719676, 2756.800000000000182 ], [ 84.227427961304784, 28.555691437795758, 2756.800000000000182 ], [ 84.227419076487422, 28.555685402825475, 2757.0 ], [ 84.227415220811963, 28.555696299299601, 2757.0 ], [ 84.227418070659041, 28.555704429745671, 2757.0 ], [ 84.227414214983582, 28.555684480816129, 2757.0 ], [ 84.227409353479743, 28.555687917396423, 2757.0 ], [ 84.227440115064383, 28.555678362026811, 2757.6 ], [ 84.227449586614966, 28.55567785911262, 2757.6 ], [ 84.22744682058692, 28.555691353976727, 2757.6 ], [ 84.227418238297105, 28.555699232965708, 2757.6 ], [ 84.227389991283417, 28.555696047842503, 2757.6 ], [ 84.227375071495771, 28.555675931274891, 2757.800000000000182 ], [ 84.227376580238342, 28.555675176903605, 2757.800000000000182 ], [ 84.227380184456706, 28.555675931274891, 2757.800000000000182 ], [ 84.22738722525537, 28.555676518008113, 2757.800000000000182 ], [ 84.227386889979243, 28.555679703131322, 2757.800000000000182 ], [ 84.227396612986922, 28.555702501907945, 2757.800000000000182 ], [ 84.227373562753201, 28.555696466937661, 2758.199999999999818 ], [ 84.227374317124486, 28.555699735879895, 2758.199999999999818 ], [ 84.227375155314803, 28.555701328441501, 2758.199999999999818 ], [ 84.227377502247691, 28.555703507736325, 2758.199999999999818 ], [ 84.227400133386254, 28.555698227137327, 2758.199999999999818 ], [ 84.227366605773568, 28.555679451674223, 2758.199999999999818 ], [ 84.227371215820312, 28.555679032579064, 2758.4 ], [ 84.227362917736173, 28.5556685552001, 2758.800000000000182 ], [ 84.227338023483753, 28.555650701746345, 2758.800000000000182 ], [ 84.227339783683419, 28.555644834414124, 2758.800000000000182 ], [ 84.227389236912131, 28.555660927668217, 2758.800000000000182 ], [ 84.227411951869726, 28.555650031194091, 2758.800000000000182 ], [ 84.227392338216305, 28.555653383955359, 2758.800000000000182 ], [ 84.227390913292766, 28.55565614998341, 2758.6 ], [ 84.227388314902782, 28.555665537714962, 2758.4 ], [ 84.22738772816956, 28.555662771686912, 2758.4 ], [ 84.227394685149193, 28.555651707574725, 2758.4 ], [ 84.227400803938508, 28.555652461946011, 2758.4 ], [ 84.22740189358592, 28.555650115013123, 2758.4 ], [ 84.227402564138174, 28.555653216317296, 2758.4 ], [ 84.227405749261379, 28.555664615705609, 2758.4 ], [ 84.22740432433784, 28.555672410875559, 2758.4 ], [ 84.227389236912131, 28.555663106963038, 2759.0 ], [ 84.227382615208626, 28.555648857727647, 2759.199999999999818 ], [ 84.227367946878076, 28.555652545765039, 2759.4 ], [ 84.22736912034452, 28.555654808878899, 2759.6 ], [ 84.227366941049695, 28.555657155811787, 2759.800000000000182 ], [ 84.22734665684402, 28.555660340934992, 2760.0 ], [ 84.227344896644354, 28.555683558806777, 2760.0 ], [ 84.227350177243352, 28.55571792460978, 2760.0 ], [ 84.227349003776908, 28.555712895467877, 2760.0 ], [ 84.227336598560214, 28.555709039792418, 2760.4 ], [ 84.227359732612967, 28.555675931274891, 2760.4 ], [ 84.227362833917141, 28.555681798607111, 2760.6 ], [ 84.227348165586591, 28.555694120004773, 2760.800000000000182 ], [ 84.227330395951867, 28.555685905739665, 2760.800000000000182 ], [ 84.227325115352869, 28.555683139711618, 2760.800000000000182 ], [ 84.227330479770899, 28.555693617090583, 2761.0 ], [ 84.227338777855039, 28.55570225045085, 2761.199999999999818 ], [ 84.227378591895103, 28.555719517171383, 2761.199999999999818 ], [ 84.227422429248691, 28.555730329826471, 2761.800000000000182 ], [ 84.227430978789926, 28.555724043399096, 2762.4 ], [ 84.227437516674399, 28.555719349533319, 2762.800000000000182 ], [ 84.227457549422979, 28.555729743093252, 2763.4 ], [ 84.227453609928489, 28.555739047005773, 2763.800000000000182 ], [ 84.22744975425303, 28.555746339261532, 2764.0 ], [ 84.227434331551194, 28.555789086967707, 2765.199999999999818 ], [ 84.227431146427989, 28.55579269118607, 2765.199999999999818 ], [ 84.227416142821312, 28.555798474699259, 2765.199999999999818 ], [ 84.227411281317472, 28.555811382830143, 2765.4 ], [ 84.22740968875587, 28.555813729763031, 2765.4 ], [ 84.22741019167006, 28.555815992876887, 2766.199999999999818 ], [ 84.227412035688758, 28.555816411972049, 2766.199999999999818 ], [ 84.227412873879075, 28.555819261819124, 2766.4 ], [ 84.227412203326821, 28.555820602923632, 2766.4 ], [ 84.227411616593599, 28.555822195485231, 2766.6 ], [ 84.227398624643683, 28.555832337588072, 2767.199999999999818 ], [ 84.227405581623316, 28.555836109444499, 2768.0 ], [ 84.227418908849359, 28.555834349244833, 2768.4 ], [ 84.227429972961545, 28.555834349244833, 2768.4 ], [ 84.227436510846019, 28.555825296789408, 2769.0 ], [ 84.227436007931828, 28.555839043110609, 2769.4 ], [ 84.227434834465384, 28.555849017575383, 2770.800000000000182 ], [ 84.227456375956535, 28.555875504389405, 2771.6 ], [ 84.227454531937838, 28.555875336751345, 2771.6 ], [ 84.227449502795935, 28.555874917656183, 2771.6 ], [ 84.227438187226653, 28.555871229618788, 2771.800000000000182 ], [ 84.22741211950779, 28.555888077244163, 2772.6 ], [ 84.227380016818643, 28.55590065009892, 2773.0 ], [ 84.227365516126156, 28.555913306772709, 2773.4 ], [ 84.227343387901783, 28.555932249873877, 2774.199999999999818 ], [ 84.227329306304455, 28.555938033387065, 2775.0 ], [ 84.227328719571233, 28.555937530472875, 2775.199999999999818 ], [ 84.227312207221985, 28.555947253480554, 2776.4 ], [ 84.227319750934839, 28.555944403633475, 2776.800000000000182 ], [ 84.227377669885755, 28.55592361651361, 2777.199999999999818 ], [ 84.227414298802614, 28.555926298722625, 2777.6 ], [ 84.227478336542845, 28.55592604726553, 2778.6 ], [ 84.22753969207406, 28.555885227397084, 2779.199999999999818 ], [ 84.227576740086079, 28.555860836058855, 2779.800000000000182 ], [ 84.227629965171218, 28.555856477469209, 2781.0 ], [ 84.227675898000598, 28.555883970111609, 2782.0 ], [ 84.227680424228311, 28.555902577936649, 2782.4 ], [ 84.227659050375223, 28.555934680625796, 2782.4 ], [ 84.22763055190444, 28.555935183539987, 2782.6 ], [ 84.227608339861035, 28.555943565443162, 2782.6 ], [ 84.227612027898431, 28.555950857698917, 2782.800000000000182 ], [ 84.227630970999599, 28.555946918204427, 2783.0 ], [ 84.227633569389582, 28.555921521037817, 2783.0 ], [ 84.227634407579899, 28.555918419733644, 2783.0 ], [ 84.227630803361535, 28.555884892120957, 2783.199999999999818 ], [ 84.227655027061701, 28.55592462234199, 2788.0 ], [ 84.227646980434656, 28.555926131084561, 2788.0 ], [ 84.227623008191586, 28.555938871577386, 2788.199999999999818 ], [ 84.227588893845677, 28.555965693667531, 2788.4 ], [ 84.227549498900771, 28.555982373654839, 2788.4 ], [ 84.227500967681408, 28.555993773043156, 2789.0 ], [ 84.227462075650692, 28.556017661467195, 2789.199999999999818 ], [ 84.227448077872396, 28.556021684780717, 2789.199999999999818 ], [ 84.227448413148522, 28.556020930409431, 2789.199999999999818 ], [ 84.227454448118806, 28.556019337847829, 2789.199999999999818 ], [ 84.227445060387254, 28.556020678952336, 2789.0 ], [ 84.227396780624986, 28.556034592911601, 2789.0 ], [ 84.227274488657713, 28.556079352274537, 2789.0 ], [ 84.227212043479085, 28.556114137172699, 2789.0 ], [ 84.227121099829674, 28.556173229590058, 2788.800000000000182 ], [ 84.227102492004633, 28.556194687262177, 2788.6 ], [ 84.227093355730176, 28.556205499917269, 2788.6 ], [ 84.227087153121829, 28.55622167699039, 2788.6 ], [ 84.227090757340193, 28.55621974915266, 2787.0 ], [ 84.2270852252841, 28.556223185732961, 2787.0 ], [ 84.227026971057057, 28.556219162419438, 2787.0 ], [ 84.226964190602303, 28.556233076378703, 2787.0 ], [ 84.226935775950551, 28.556239446625113, 2787.0 ], [ 84.226839719340205, 28.556276662275195, 2787.0 ], [ 84.226757157593966, 28.556342041119933, 2787.199999999999818 ], [ 84.226687839254737, 28.556379424408082, 2787.800000000000182 ], [ 84.226676188409328, 28.556383699178696, 2788.0 ], [ 84.226603601127863, 28.556415634229779, 2788.800000000000182 ], [ 84.226580383256078, 28.5564249381423, 2789.0 ], [ 84.226555237546563, 28.556433655321602, 2789.4 ], [ 84.226519279181957, 28.556452933698893, 2790.0 ], [ 84.226507628336549, 28.556458884850144, 2790.0 ], [ 84.226497653871775, 28.556470368057489, 2790.0 ], [ 84.226496648043394, 28.556469613686204, 2790.199999999999818 ], [ 84.226449960842729, 28.556494591757655, 2790.4 ], [ 84.226443255320191, 28.556510014459491, 2790.6 ], [ 84.226449877023697, 28.556504314765338, 2790.6 ], [ 84.226455660536885, 28.556505488231775, 2790.6 ], [ 84.226468484848738, 28.556515630334616, 2790.6 ], [ 84.226471921429038, 28.556510098278519, 2790.6 ], [ 84.22646664083004, 28.556499117985368, 2790.6 ], [ 84.226440656930208, 28.556537171825767, 2790.6 ], [ 84.226370248943567, 28.556595258414745, 2790.6 ], [ 84.226282993331552, 28.556668180972338, 2790.0 ], [ 84.226184254512191, 28.556727776303887, 2789.6 ], [ 84.226100435480475, 28.556799273937941, 2789.199999999999818 ], [ 84.225998762995005, 28.556866245344281, 2789.199999999999818 ], [ 84.225930953398347, 28.556929528713223, 2789.199999999999818 ], [ 84.225846631452441, 28.556993147358298, 2789.0 ], [ 84.22577328979969, 28.557042935863137, 2788.800000000000182 ], [ 84.225684693083167, 28.557095909491181, 2788.199999999999818 ], [ 84.225596180185676, 28.557163551449776, 2787.199999999999818 ], [ 84.225555025041103, 28.557200180366635, 2787.199999999999818 ], [ 84.225527448579669, 28.557223314419389, 2787.199999999999818 ], [ 84.225474055856466, 28.557257764041424, 2787.199999999999818 ], [ 84.225437343120575, 28.557275366038084, 2787.199999999999818 ], [ 84.225402055308223, 28.557297745719552, 2787.199999999999818 ], [ 84.225358217954636, 28.557316521182656, 2787.199999999999818 ], [ 84.225350003689528, 28.557319454848766, 2787.4 ], [ 84.225334245711565, 28.55732842348516, 2787.4 ], [ 84.225294515490532, 28.557354407384992, 2787.800000000000182 ], [ 84.225270710885525, 28.557366309687495, 2787.800000000000182 ], [ 84.225218491628766, 28.557406039908528, 2787.800000000000182 ], [ 84.225206170231104, 28.557412745431066, 2788.199999999999818 ], [ 84.22516250051558, 28.557438226416707, 2788.4 ], [ 84.225124111399055, 28.557460941374305, 2788.4 ], [ 84.225029144436121, 28.557534534484148, 2788.6 ], [ 84.224981451407075, 28.557574767619371, 2788.6 ], [ 84.224938955157995, 28.557609720155597, 2788.6 ], [ 84.22489914111793, 28.557636123150587, 2788.6 ], [ 84.224865110591054, 28.557659341022372, 2788.800000000000182 ], [ 84.224808532744646, 28.557693874463439, 2789.199999999999818 ], [ 84.224764527752995, 28.557732095941901, 2789.199999999999818 ], [ 84.224679199978709, 28.557804934680465, 2789.199999999999818 ], [ 84.22457518056035, 28.557862937450409, 2789.4 ], [ 84.22450628131628, 28.557885065674785, 2789.6 ], [ 84.224480716511607, 28.557893699035048, 2789.6 ], [ 84.224382983520627, 28.557923957705498, 2790.0 ], [ 84.224313581362367, 28.557947091758251, 2790.6 ], [ 84.224273851141334, 28.557958072051409, 2791.0 ], [ 84.224192881956697, 28.557960838079453, 2791.4 ], [ 84.224093221127987, 28.557980787009001, 2791.4 ], [ 84.223998757079244, 28.557986654341221, 2791.4 ], [ 84.223986268043518, 28.557985983788967, 2791.4 ], [ 84.223900521174073, 28.557964358478785, 2791.4 ], [ 84.223784180358052, 28.557933680713177, 2791.4 ], [ 84.223676221445203, 28.557920604944229, 2791.199999999999818 ], [ 84.223615871742368, 28.55791138485074, 2790.6 ], [ 84.223563652485609, 28.557918341830373, 2790.4 ], [ 84.223514031618834, 28.557905182242393, 2790.4 ], [ 84.223483437672257, 28.557905098423358, 2790.4 ], [ 84.223358547315001, 28.557884814217687, 2790.4 ], [ 84.223264418542385, 28.557877186685801, 2790.199999999999818 ], [ 84.223165344446898, 28.557871906086799, 2790.0 ], [ 84.223139695823193, 28.557872073724862, 2790.0 ], [ 84.223098121583462, 28.557865535840392, 2790.0 ], [ 84.22307557426393, 28.557864613831043, 2790.0 ], [ 84.22303257510066, 28.557860590517521, 2789.6 ], [ 84.222934590652585, 28.557860758155584, 2789.199999999999818 ], [ 84.222810370847583, 28.557885736227036, 2789.199999999999818 ], [ 84.222696209326386, 28.557917336001992, 2788.800000000000182 ], [ 84.222616916522384, 28.557932674884796, 2788.6 ], [ 84.222592609003186, 28.557937117293477, 2788.6 ], [ 84.222514070570469, 28.557967375963926, 2788.199999999999818 ], [ 84.222478196024895, 28.557997802272439, 2787.4 ], [ 84.222458582371473, 28.558047087863088, 2787.0 ], [ 84.222423210740089, 28.558095702901483, 2786.199999999999818 ], [ 84.22239881940186, 28.558122022077441, 2785.6 ], [ 84.222370907664299, 28.5581449046731, 2785.199999999999818 ], [ 84.222344420850277, 28.55816787108779, 2784.800000000000182 ], [ 84.222292117774487, 28.558211792260408, 2784.0 ], [ 84.222235707566142, 28.558263843879104, 2783.199999999999818 ], [ 84.222228499129415, 28.558273063972592, 2783.0 ], [ 84.222172172740102, 28.558337185531855, 2782.0 ], [ 84.222166305407882, 28.558340622112155, 2781.800000000000182 ], [ 84.222102770581841, 28.558385130017996, 2780.800000000000182 ], [ 84.222072847187519, 28.558404995128512, 2780.6 ], [ 84.2220289260149, 28.558427039533857, 2779.800000000000182 ], [ 84.221985591575503, 28.558455538004637, 2779.199999999999818 ], [ 84.221926499158144, 28.558471882715821, 2778.6 ], [ 84.221898671239614, 28.558478504419327, 2778.4 ], [ 84.221851900219917, 28.558489652350545, 2777.6 ], [ 84.221790879964828, 28.558510690927505, 2776.4 ], [ 84.221723321825266, 28.558543045073748, 2775.4 ], [ 84.221681077033281, 28.558545727282763, 2774.800000000000182 ], [ 84.221642436459661, 28.558542709797621, 2774.4 ], [ 84.221591474488378, 28.558542374521497, 2774.0 ], [ 84.221475385129452, 28.558568526059389, 2773.4 ], [ 84.221463985741138, 28.558570705354217, 2773.199999999999818 ], [ 84.22141226939857, 28.558584367856383, 2772.0 ], [ 84.221379077062011, 28.558593671768904, 2771.6 ], [ 84.221293581649661, 28.558622673153877, 2771.0 ], [ 84.221283355727792, 28.558628456667066, 2770.800000000000182 ], [ 84.221195178106427, 28.558677323162556, 2770.0 ], [ 84.221184449270368, 28.558682184666395, 2769.6 ], [ 84.221143713220954, 28.558701546862721, 2768.6 ], [ 84.221085794270039, 28.55873859487474, 2767.800000000000182 ], [ 84.221072215586901, 28.558749407529831, 2767.6 ], [ 84.220988480374217, 28.558787712827325, 2766.6 ], [ 84.220885382965207, 28.558835908770561, 2765.4 ], [ 84.220777926966548, 28.558883182704449, 2764.800000000000182 ], [ 84.220740711316466, 28.558891648426652, 2764.4 ], [ 84.22066904604435, 28.558905981481075, 2764.0 ], [ 84.220590842887759, 28.558923248201609, 2763.4 ], [ 84.22056888230145, 28.55892919935286, 2763.0 ], [ 84.220469808205962, 28.558943700045347, 2762.6 ], [ 84.220417086035013, 28.558954345062375, 2762.4 ], [ 84.220360508188605, 28.558959038928151, 2762.0 ], [ 84.220247184857726, 28.558964654803276, 2761.800000000000182 ], [ 84.220167472958565, 28.559005474671721, 2761.0 ], [ 84.220152217894793, 28.55901469476521, 2760.6 ], [ 84.220069404691458, 28.559084599837661, 2760.199999999999818 ], [ 84.22005582600832, 28.559089628979564, 2760.0 ], [ 84.219976868480444, 28.559137657284737, 2759.4 ], [ 84.219964379444718, 28.559143776074052, 2759.199999999999818 ], [ 84.219952980056405, 28.559149391949177, 2759.0 ], [ 84.21986036002636, 28.559187445789576, 2757.800000000000182 ], [ 84.219848290085793, 28.559189708903432, 2757.800000000000182 ], [ 84.21975139528513, 28.559219967573881, 2757.800000000000182 ], [ 84.219710407778621, 28.559236899018288, 2757.800000000000182 ], [ 84.219615021720529, 28.55926212854683, 2757.800000000000182 ], [ 84.21950563788414, 28.559286184608936, 2757.800000000000182 ], [ 84.219458196312189, 28.559285262599587, 2757.4 ], [ 84.219410754740238, 28.559280065819621, 2756.800000000000182 ], [ 84.219355685636401, 28.55926631949842, 2756.800000000000182 ], [ 84.219317128881812, 28.559260871261358, 2756.800000000000182 ], [ 84.219201039522886, 28.559250896796584, 2756.800000000000182 ], [ 84.219188969582319, 28.55924729257822, 2756.800000000000182 ], [ 84.219146557152271, 28.559240084141493, 2756.6 ], [ 84.219101713970304, 28.559235474094748, 2756.6 ], [ 84.219072796404362, 28.559238407760859, 2756.6 ], [ 84.218955617398024, 28.559257267042991, 2756.199999999999818 ], [ 84.218902895227075, 28.559265732765201, 2755.800000000000182 ], [ 84.218819914385676, 28.559275288134813, 2755.800000000000182 ], [ 84.218713296577334, 28.559333793818951, 2755.800000000000182 ], [ 84.218637188896537, 28.559378972277045, 2755.800000000000182 ], [ 84.218556303530931, 28.559441920369864, 2755.800000000000182 ], [ 84.218483464792371, 28.559511909261342, 2755.800000000000182 ], [ 84.2184076923877, 28.55957075022161, 2756.199999999999818 ], [ 84.218378104269505, 28.559594303369519, 2756.6 ], [ 84.218361843377352, 28.559609893709421, 2757.0 ], [ 84.218330159783363, 28.559638727456331, 2757.4 ], [ 84.21830702573061, 28.559655910357833, 2758.199999999999818 ], [ 84.218287914991379, 28.559665717184544, 2758.199999999999818 ], [ 84.218246508389711, 28.559700082987547, 2758.800000000000182 ], [ 84.218238210305572, 28.559706956148148, 2759.0 ], [ 84.218210801482201, 28.559730928391215, 2759.6 ], [ 84.218181213364005, 28.559749284759164, 2760.199999999999818 ], [ 84.218162018805742, 28.559768814593554, 2760.6 ], [ 84.218118684366345, 28.559825476258993, 2761.199999999999818 ], [ 84.218109715729952, 28.559835869818929, 2761.4 ], [ 84.218057915568352, 28.559882557019591, 2762.0 ], [ 84.218047186732292, 28.559908540919423, 2762.4 ], [ 84.218034697696567, 28.559933770447969, 2762.800000000000182 ], [ 84.218025645241141, 28.559949779883027, 2762.800000000000182 ], [ 84.217976359650493, 28.56000954285264, 2763.6 ], [ 84.217968564480543, 28.560020104050636, 2763.6 ], [ 84.217917351052165, 28.560106940567493, 2764.199999999999818 ], [ 84.217902179807425, 28.560142563655972, 2764.6 ], [ 84.217888517305255, 28.560180701315403, 2764.800000000000182 ], [ 84.217861276119947, 28.56022504158318, 2765.4 ], [ 84.217850547283888, 28.560239039361477, 2765.6 ], [ 84.217827497050166, 28.560274662449956, 2766.0 ], [ 84.217814421281219, 28.560326797887683, 2766.6 ], [ 84.217795645818114, 28.560371221974492, 2767.0 ], [ 84.217742085456848, 28.560426123440266, 2767.4 ], [ 84.217720711603761, 28.560452694073319, 2767.6 ], [ 84.21769087202847, 28.560496531426907, 2768.0 ], [ 84.217640999704599, 28.560549169778824, 2768.0 ], [ 84.217630438506603, 28.560551097616553, 2768.0 ], [ 84.217526335269213, 28.560593342408534, 2768.0 ], [ 84.217498507350683, 28.56060516089201, 2768.0 ], [ 84.217455927282572, 28.560627372935414, 2768.0 ], [ 84.217397002503276, 28.560688560828567, 2767.6 ], [ 84.217391135171056, 28.560695350170135, 2767.6 ], [ 84.217377891764045, 28.560712784528732, 2767.6 ], [ 84.217371437698603, 28.560720328241587, 2767.6 ], [ 84.21733271330595, 28.560803728178144, 2767.6 ], [ 84.217330031096935, 28.560828035697341, 2767.6 ], [ 84.217327265068889, 28.560813702642921, 2767.6 ], [ 84.217318464070559, 28.560811942443252, 2767.6 ], [ 84.217311255633831, 28.560818564146757, 2767.6 ], [ 84.217314776033163, 28.560827448964119, 2767.6 ], [ 84.217318380251527, 28.560829628258944, 2767.6 ], [ 84.217331372201443, 28.560825940221548, 2767.6 ], [ 84.217331539839506, 28.560826191678643, 2767.6 ], [ 84.217331204563379, 28.560829544439912, 2767.6 ], [ 84.217332545667887, 28.560834741219882, 2767.6 ], [ 84.217333719134331, 28.560824934393167, 2767.4 ], [ 84.217323325574398, 28.560817390680313, 2767.4 ], [ 84.217323074117303, 28.560818564146757, 2767.199999999999818 ], [ 84.217317877337337, 28.560817642137408, 2767.0 ], [ 84.217326510697603, 28.560825856402516, 2766.800000000000182 ], [ 84.217321984469891, 28.560817055404183, 2766.800000000000182 ], [ 84.217297425493598, 28.560823509469628, 2766.6 ], [ 84.217232884839177, 28.560907412320375, 2765.4 ], [ 84.217201787978411, 28.560955692082644, 2765.0 ], [ 84.217157363891602, 28.561036409810185, 2764.6 ], [ 84.217142695561051, 28.561068596318364, 2764.4 ], [ 84.217113694176078, 28.5611133556813, 2764.0 ], [ 84.217044543474913, 28.561194073408839, 2763.6 ], [ 84.216961394995451, 28.561269594356418, 2763.4 ], [ 84.216948486864567, 28.561279065907001, 2763.4 ], [ 84.216860141605139, 28.561328770592809, 2763.4 ], [ 84.21678252518177, 28.561380989849567, 2763.199999999999818 ], [ 84.216707004234195, 28.561440082266927, 2762.6 ], [ 84.216684708371758, 28.561460115015507, 2762.4 ], [ 84.216671632602811, 28.561473777517676, 2762.0 ], [ 84.21660759486258, 28.561529852449898, 2761.800000000000182 ], [ 84.216531068086624, 28.561584670096636, 2761.800000000000182 ], [ 84.216453954577446, 28.561644516885281, 2761.800000000000182 ], [ 84.21639259904623, 28.56171584688127, 2761.6 ], [ 84.216384217143059, 28.561724731698632, 2761.6 ], [ 84.216302745044231, 28.56180913746357, 2761.6 ], [ 84.216211047023535, 28.561864290386438, 2761.6 ], [ 84.216118091717362, 28.561927657574415, 2761.800000000000182 ], [ 84.216044414788485, 28.561985911801457, 2761.800000000000182 ], [ 84.215955901890993, 28.562022540718317, 2761.800000000000182 ], [ 84.215914998203516, 28.562021115794774, 2761.800000000000182 ], [ 84.215886667370796, 28.562030671164393, 2761.800000000000182 ], [ 84.215880883857608, 28.56203050352633, 2761.800000000000182 ], [ 84.215889852494001, 28.562031928449869, 2761.800000000000182 ], [ 84.215897144749761, 28.562040645629168, 2761.800000000000182 ], [ 84.2158985696733, 28.562041400000453, 2761.800000000000182 ], [ 84.21589957550168, 28.562040310353041, 2761.800000000000182 ], [ 84.215864120051265, 28.562038885429502, 2762.0 ], [ 84.215876441448927, 28.562022875994444, 2762.199999999999818 ], [ 84.215868143364787, 28.562006196007133, 2762.0 ], [ 84.215860012918711, 28.562006950378414, 2762.0 ], [ 84.215873256325722, 28.562013655900955, 2761.800000000000182 ], [ 84.21587317250669, 28.562013739719987, 2761.800000000000182 ], [ 84.215871328487992, 28.562011057510972, 2761.800000000000182 ], [ 84.215869233012199, 28.562007369473577, 2761.800000000000182 ], [ 84.21587023884058, 28.56200510635972, 2761.800000000000182 ], [ 84.215871915221214, 28.562007620930672, 2761.4 ], [ 84.215876441448927, 28.562028827145696, 2761.0 ], [ 84.215818857774138, 28.562067300081253, 2760.6 ], [ 84.21580427326262, 28.562075095251203, 2760.6 ], [ 84.215729925781488, 28.562106108292937, 2760.6 ], [ 84.21561568044126, 28.562164697796103, 2760.6 ], [ 84.215554995462298, 28.562218844890591, 2760.6 ], [ 84.215468158945441, 28.562238039448857, 2760.6 ], [ 84.215473439544439, 28.562226556241512, 2760.6 ], [ 84.215473439544439, 28.562226640060544, 2761.0 ], [ 84.215473439544439, 28.562226640060544, 2761.4 ], [ 84.215473439544439, 28.562226640060544, 2761.6 ], [ 84.215473439544439, 28.562226640060544, 2761.800000000000182 ], [ 84.215447790920734, 28.562252623960376, 2761.800000000000182 ], [ 84.215369671583176, 28.562312889844179, 2761.800000000000182 ], [ 84.215293815359473, 28.562337951734666, 2761.800000000000182 ], [ 84.215262467041612, 28.562352955341339, 2762.0 ], [ 84.215241596102715, 28.56236033141613, 2762.4 ], [ 84.215215193107724, 28.562365360558033, 2762.4 ], [ 84.215142019093037, 28.562386650592089, 2763.0 ], [ 84.215100025758147, 28.562405593693256, 2763.4 ], [ 84.215062223374844, 28.562419256195422, 2764.0 ], [ 84.215030372142792, 28.562430487945676, 2764.6 ], [ 84.214987372979522, 28.56244976632297, 2765.4 ], [ 84.21497019007802, 28.562460159882903, 2765.6 ], [ 84.214913360774517, 28.562492430210114, 2766.800000000000182 ], [ 84.214882934466004, 28.562502739951015, 2767.199999999999818 ], [ 84.214835241436958, 28.562533082440495, 2767.800000000000182 ], [ 84.214801546186209, 28.562542051076889, 2768.0 ], [ 84.214743124321103, 28.562586475163695, 2769.0 ], [ 84.214735077694058, 28.562590917572379, 2769.0 ], [ 84.214666849002242, 28.562606340274215, 2770.0 ], [ 84.214655533432961, 28.562608603388071, 2770.0 ], [ 84.214590741321445, 28.562623439356685, 2770.800000000000182 ], [ 84.214570624753833, 28.562627881765369, 2771.0 ], [ 84.21452309936285, 28.562661996111274, 2771.800000000000182 ], [ 84.214500719681382, 28.562680520117283, 2772.199999999999818 ], [ 84.214471215382218, 28.562695859000087, 2772.6 ], [ 84.214433580636978, 28.562711784616113, 2773.199999999999818 ], [ 84.21440533362329, 28.562728129327297, 2773.6 ], [ 84.214367112144828, 28.562766686081886, 2774.199999999999818 ], [ 84.214341379702091, 28.562794262543321, 2774.800000000000182 ], [ 84.214300895109773, 28.56284111738205, 2775.4 ], [ 84.214283963665366, 28.562854528427124, 2775.4 ], [ 84.214233420789242, 28.562917644158009, 2775.6 ], [ 84.214217830449343, 28.562945891171697, 2775.800000000000182 ], [ 84.214204670861363, 28.562949076294899, 2776.0 ], [ 84.214195869863033, 28.562933821231127, 2776.0 ], [ 84.214195283129811, 28.562931977212429, 2776.199999999999818 ], [ 84.214196372777224, 28.562935497611761, 2776.199999999999818 ], [ 84.214193942025304, 28.562942370772362, 2776.199999999999818 ], [ 84.214199390262365, 28.56293885037303, 2776.199999999999818 ], [ 84.214199390262365, 28.56293885037303, 2776.199999999999818 ], [ 84.214199474081397, 28.562945388257504, 2776.199999999999818 ], [ 84.214196372777224, 28.562951339408755, 2776.199999999999818 ], [ 84.214194696396589, 28.562951674684879, 2776.199999999999818 ], [ 84.21419377438724, 28.56295351870358, 2776.199999999999818 ], [ 84.214165695011616, 28.562987130135298, 2776.199999999999818 ], [ 84.214149685576558, 28.563004145398736, 2776.199999999999818 ], [ 84.214076595380902, 28.563057202845812, 2776.0 ], [ 84.21399881131947, 28.563099363818765, 2776.0 ], [ 84.213929576799273, 28.563175722956657, 2776.0 ], [ 84.213902670890093, 28.56319441460073, 2776.0 ], [ 84.213894288986921, 28.563202125951648, 2776.0 ], [ 84.213885320350528, 28.563213106244799, 2776.0 ], [ 84.213860845193267, 28.563234731554985, 2776.0 ], [ 84.213796136900783, 28.563307654112577, 2776.0 ], [ 84.213752970099449, 28.563396921381351, 2776.6 ], [ 84.213692452758551, 28.563445452600721, 2777.0 ], [ 84.21369144693017, 28.563440591096882, 2777.199999999999818 ], [ 84.213686501607299, 28.563417289406061, 2777.199999999999818 ], [ 84.213674599304795, 28.563426425680522, 2777.4 ], [ 84.213677449151874, 28.563429359346628, 2777.4 ], [ 84.213673006743193, 28.563437657430768, 2777.6 ], [ 84.213666804134846, 28.563445704057813, 2777.6 ], [ 84.213646939024329, 28.563469592481852, 2777.800000000000182 ], [ 84.213632857427001, 28.563479818403721, 2777.800000000000182 ], [ 84.213587259873748, 28.563526421785355, 2778.0 ], [ 84.213567394763231, 28.563544526696205, 2778.0 ], [ 84.213551050052047, 28.563558692112565, 2778.0 ], [ 84.213507045060396, 28.563590375706553, 2778.4 ], [ 84.21344761736691, 28.563650390133262, 2779.4 ], [ 84.213417777791619, 28.563678553327922, 2779.800000000000182 ], [ 84.213389195501804, 28.563699927181005, 2780.4 ], [ 84.213370168581605, 28.563709147274498, 2780.4 ], [ 84.213351979851723, 28.563717026263475, 2780.4 ], [ 84.21333228237927, 28.563724989071488, 2780.6 ], [ 84.213285092264414, 28.563750637695193, 2781.4 ], [ 84.213254665955901, 28.563778717070814, 2781.4 ], [ 84.213233878836036, 28.563801012933254, 2781.4 ], [ 84.213223988190293, 28.563807886093855, 2781.4 ], [ 84.213217701762915, 28.563821883872151, 2781.4 ], [ 84.213208397850394, 28.56383747421205, 2781.4 ], [ 84.213166991248727, 28.563900254666805, 2781.199999999999818 ], [ 84.213134050369263, 28.56392833404243, 2780.6 ], [ 84.213079735636711, 28.563973009586334, 2779.6 ], [ 84.213070767000318, 28.563981475308537, 2779.4 ], [ 84.213010165840387, 28.564033275470138, 2779.199999999999818 ], [ 84.212941015139222, 28.564088763669133, 2778.800000000000182 ], [ 84.212884353473783, 28.564171912148595, 2778.6 ], [ 84.212834648787975, 28.564271237701178, 2778.6 ], [ 84.212799277156591, 28.564326642081141, 2778.4 ], [ 84.212780250236392, 28.56433929875493, 2778.0 ], [ 84.212742783129215, 28.564371904358268, 2777.199999999999818 ], [ 84.212699197232723, 28.564403252676129, 2776.199999999999818 ], [ 84.212668435648084, 28.564426386728883, 2775.6 ], [ 84.21264236792922, 28.564448095858097, 2775.0 ], [ 84.212571708485484, 28.564488831907511, 2774.0 ], [ 84.212559973821044, 28.564496207982302, 2773.800000000000182 ], [ 84.212510688230395, 28.564531411975626, 2772.800000000000182 ], [ 84.212473724037409, 28.564553456380963, 2771.800000000000182 ], [ 84.212461905553937, 28.564560916274782, 2771.800000000000182 ], [ 84.212416391819715, 28.564591007307172, 2771.800000000000182 ], [ 84.212370878085494, 28.56461925432086, 2771.800000000000182 ], [ 84.212314300239086, 28.56466518715024, 2771.800000000000182 ], [ 84.212273396551609, 28.564717657864097, 2771.800000000000182 ], [ 84.212267026305199, 28.564725955948234, 2771.800000000000182 ], [ 84.212246993556619, 28.564762836322188, 2772.800000000000182 ], [ 84.212237522006035, 28.564779683947563, 2773.4 ], [ 84.212213130667806, 28.564811870455745, 2773.800000000000182 ], [ 84.212190499529243, 28.56483064591885, 2774.199999999999818 ], [ 84.212183291092515, 28.564836177974939, 2774.4 ], [ 84.212166192010045, 28.56485771946609, 2774.800000000000182 ], [ 84.212160240858793, 28.564865933731198, 2775.0 ], [ 84.21213174238801, 28.564909268170595, 2776.199999999999818 ], [ 84.212089162319899, 28.564946232363582, 2776.199999999999818 ], [ 84.212069800123572, 28.564963834360238, 2776.199999999999818 ], [ 84.212034847587347, 28.564980598166585, 2776.199999999999818 ], [ 84.212017832323909, 28.56499090790749, 2776.199999999999818 ], [ 84.211918255314231, 28.565070955082778, 2776.199999999999818 ], [ 84.211868634447455, 28.565119402483106, 2776.199999999999818 ], [ 84.211847092956305, 28.565135579556227, 2776.0 ], [ 84.211782971397042, 28.565196013078097, 2775.199999999999818 ], [ 84.211776349693537, 28.565205149352551, 2775.199999999999818 ], [ 84.211743911728263, 28.565252088010311, 2774.800000000000182 ], [ 84.211734607815742, 28.565265582874417, 2774.800000000000182 ], [ 84.211692279204726, 28.565339092165232, 2774.199999999999818 ], [ 84.211668306961656, 28.565374882891778, 2774.199999999999818 ], [ 84.211643328890204, 28.565408578142524, 2774.199999999999818 ], [ 84.211633773520589, 28.565420648083091, 2774.199999999999818 ], [ 84.211608460173011, 28.565441854298115, 2774.199999999999818 ], [ 84.211571495980024, 28.565479321405292, 2774.0 ], [ 84.21153268776834, 28.565541850402951, 2773.6 ], [ 84.211506033316255, 28.565577054396272, 2773.6 ], [ 84.211479797959328, 28.565607899799943, 2773.6 ], [ 84.211458340287209, 28.565637404099107, 2773.6 ], [ 84.211434535682201, 28.565679229795933, 2773.6 ], [ 84.211390698328614, 28.56574603356421, 2773.6 ], [ 84.211344597861171, 28.565826918929815, 2773.6 ], [ 84.211286678910255, 28.565911743789911, 2774.0 ], [ 84.211259689182043, 28.565945941954851, 2774.199999999999818 ], [ 84.211232531815767, 28.565987600013617, 2774.800000000000182 ], [ 84.211178636178374, 28.566079214215279, 2774.800000000000182 ], [ 84.211161118000746, 28.56610419228673, 2775.4 ], [ 84.211147287860513, 28.566131684929132, 2775.4 ], [ 84.211129937320948, 28.566163955256343, 2775.6 ], [ 84.211111748591065, 28.566183401271701, 2776.0 ], [ 84.211073946207762, 28.566243080422279, 2776.4 ], [ 84.211045950651169, 28.566299239173532, 2776.4 ], [ 84.211042346432805, 28.566306699067351, 2776.6 ], [ 84.211036982014775, 28.566364785656333, 2777.800000000000182 ], [ 84.21103379689157, 28.566376436501741, 2778.0 ], [ 84.211031114682555, 28.566399905830622, 2778.800000000000182 ], [ 84.211031533777714, 28.566405437886715, 2779.0 ], [ 84.211023487150669, 28.566410383209583, 2779.199999999999818 ], [ 84.211019380018115, 28.566421279683709, 2779.4 ], [ 84.211015524342656, 28.566430080682039, 2779.6 ], [ 84.211009070277214, 28.566440306603909, 2779.800000000000182 ], [ 84.210996413603425, 28.566454136744142, 2780.199999999999818 ], [ 84.210974453017116, 28.566484814509749, 2780.6 ], [ 84.210965652018785, 28.566502332687374, 2780.800000000000182 ], [ 84.210915695875883, 28.566585313528776, 2781.0 ], [ 84.210899602621794, 28.566625798121095, 2781.199999999999818 ], [ 84.210872109979391, 28.566689249128103, 2782.199999999999818 ], [ 84.210863895714283, 28.566741468384865, 2783.4 ], [ 84.210842605680227, 28.566809361800551, 2784.4 ], [ 84.210829949006438, 28.566822856664658, 2785.0 ], [ 84.210801282897592, 28.566856971010569, 2785.6 ], [ 84.210776221007109, 28.566883290186524, 2786.4 ], [ 84.210771946236491, 28.566887229681015, 2786.6 ], [ 84.210730036720634, 28.566929139196873, 2787.800000000000182 ], [ 84.210687205195427, 28.566997954621911, 2788.6 ], [ 84.210678152740002, 28.567009856924415, 2788.800000000000182 ], [ 84.210632387548685, 28.567074481397867, 2789.6 ], [ 84.210617048665881, 28.567093508318067, 2789.6 ], [ 84.210556196048856, 28.567175064235929, 2789.6 ], [ 84.210535828024149, 28.567176405340433, 2789.6 ], [ 84.210492074489594, 28.56720800511539, 2789.6 ], [ 84.210444632917643, 28.567242370918393, 2789.6 ], [ 84.210366010665894, 28.567290650680661, 2789.6 ], [ 84.210310522466898, 28.567338930442929, 2789.6 ], [ 84.210283448919654, 28.567362064495683, 2789.6 ], [ 84.210212789475918, 28.567441189661626, 2789.6 ], [ 84.210113631561399, 28.56755493208766, 2789.6 ], [ 84.210013719275594, 28.567637242376804, 2790.6 ], [ 84.209983544424176, 28.567652748897672, 2791.0 ], [ 84.209971474483609, 28.567652581259608, 2791.800000000000182 ], [ 84.209961164742708, 28.567652832716703, 2792.199999999999818 ], [ 84.209951609373093, 28.567668842151761, 2792.800000000000182 ], [ 84.209943227469921, 28.567714439705014, 2793.199999999999818 ], [ 84.209947334602475, 28.567717038094997, 2793.4 ], [ 84.209949765354395, 28.567721396684647, 2793.6 ], [ 84.209950268268585, 28.567710584029555, 2793.800000000000182 ], [ 84.209889667108655, 28.567746374756094, 2793.800000000000182 ], [ 84.20979998074472, 28.567829858511686, 2794.0 ], [ 84.209708031266928, 28.567878473550081, 2794.0 ], [ 84.209638712927699, 28.567917617037892, 2794.6 ], [ 84.20961482450366, 28.567932369187471, 2794.800000000000182 ], [ 84.209561012685299, 28.567955000326037, 2795.0 ], [ 84.209521450102329, 28.567975871264935, 2795.4 ], [ 84.209454646334052, 28.567999172955751, 2795.6 ], [ 84.209392284974456, 28.568012164905667, 2796.4 ], [ 84.209349872544408, 28.568006046116352, 2796.6 ], [ 84.209269490092993, 28.568002693355083, 2797.199999999999818 ], [ 84.209189107641578, 28.5680191218853, 2797.800000000000182 ], [ 84.209170751273632, 28.568022307008505, 2797.800000000000182 ], [ 84.209123225882649, 28.567996742203832, 2798.0 ], [ 84.208997413516045, 28.567974613979459, 2798.800000000000182 ], [ 84.208981320261955, 28.567971009761095, 2799.0 ], [ 84.208877384662628, 28.567933375015855, 2799.4 ], [ 84.208783339709044, 28.567885095253587, 2800.0 ], [ 84.20876950956881, 28.567878641188145, 2800.0 ], [ 84.208704382181168, 28.567875456064939, 2800.0 ], [ 84.208629112690687, 28.567933039739728, 2800.0 ], [ 84.208607571199536, 28.567968662828207, 2800.0 ], [ 84.208556273952127, 28.568022139370441, 2800.0 ], [ 84.208464156836271, 28.568078381940719, 2800.0 ], [ 84.208373129367828, 28.568148873746395, 2800.0 ], [ 84.208348486572504, 28.568162871524692, 2799.6 ], [ 84.20832778327167, 28.568173097446561, 2799.0 ], [ 84.208258716389537, 28.568209894001484, 2797.800000000000182 ], [ 84.208249496296048, 28.56821509078145, 2797.6 ], [ 84.208181099966168, 28.56825465336442, 2796.800000000000182 ], [ 84.20814941637218, 28.568268483504653, 2796.199999999999818 ], [ 84.208076745271683, 28.568290444090959, 2795.6 ], [ 84.208052018657327, 28.568296562880281, 2795.4 ], [ 84.208029638975859, 28.568293293938041, 2795.199999999999818 ], [ 84.207983873784542, 28.568295557051897, 2794.6 ], [ 84.207950932905078, 28.568300250917673, 2794.4 ], [ 84.207869376987219, 28.568313326686621, 2793.6 ], [ 84.207832580432296, 28.568323636427522, 2793.0 ], [ 84.207714898511767, 28.568358840420839, 2793.0 ], [ 84.207679023966193, 28.568368563428521, 2793.0 ], [ 84.207644239068031, 28.568382058292627, 2793.0 ], [ 84.207636779174209, 28.568369904533029, 2793.0 ], [ 84.207637617364526, 28.568367138504986, 2793.0 ], [ 84.207616243511438, 28.568368311971422, 2793.199999999999818 ], [ 84.207531334832311, 28.568389685824513, 2793.4 ], [ 84.207515995949507, 28.568396475166079, 2793.800000000000182 ], [ 84.207481378689408, 28.568412819877267, 2794.0 ], [ 84.207475176081061, 28.568417932838202, 2794.0 ], [ 84.207471152767539, 28.568401923403144, 2794.199999999999818 ], [ 84.207474505528808, 28.568387757986784, 2794.199999999999818 ], [ 84.207474505528808, 28.568387757986784, 2794.199999999999818 ], [ 84.207474505528808, 28.568387757986784, 2794.199999999999818 ], [ 84.207446426153183, 28.568384069949389, 2794.199999999999818 ], [ 84.207424717023969, 28.568398403003812, 2794.199999999999818 ], [ 84.207363445311785, 28.56840368360281, 2794.199999999999818 ], [ 84.207297395914793, 28.568410389125347, 2794.6 ], [ 84.20724886469543, 28.568440480157733, 2795.4 ], [ 84.207242829725146, 28.568444335833192, 2795.4 ], [ 84.207200417295098, 28.568476522341371, 2796.6 ], [ 84.207133529707789, 28.568485071882609, 2797.6 ], [ 84.207122214138508, 28.568479707464576, 2797.800000000000182 ], [ 84.207062367349863, 28.568449281156063, 2798.199999999999818 ], [ 84.207036467269063, 28.568436792120337, 2798.4 ], [ 84.20702607370913, 28.568433774635196, 2798.6 ], [ 84.20701970346272, 28.568431343883276, 2798.6 ], [ 84.206987516954541, 28.568425811827183, 2799.199999999999818 ], [ 84.206914594396949, 28.568417429924011, 2799.4 ], [ 84.206891627982259, 28.568416927009821, 2799.4 ], [ 84.206819208338857, 28.568421034142375, 2799.800000000000182 ], [ 84.206736898049712, 28.568439139053226, 2800.800000000000182 ], [ 84.206678224727511, 28.568493956699967, 2801.800000000000182 ], [ 84.20662491582334, 28.568523209542036, 2802.6 ], [ 84.206617958843708, 28.568523544818163, 2802.800000000000182 ], [ 84.206558195874095, 28.568512396886945, 2803.800000000000182 ], [ 84.206548221409321, 28.568510971963409, 2804.0 ], [ 84.206480579450727, 28.568496219813824, 2805.199999999999818 ], [ 84.206475298851728, 28.568495130166411, 2805.4 ], [ 84.20642064884305, 28.568487418815497, 2806.4 ], [ 84.206406315788627, 28.568488592281938, 2806.6 ], [ 84.206345630809665, 28.568492447957397, 2807.4 ], [ 84.206309840083122, 28.56849194504321, 2807.800000000000182 ], [ 84.206267846748233, 28.568492950871587, 2808.4 ], [ 84.20623792335391, 28.568492196500301, 2808.800000000000182 ], [ 84.206168688833714, 28.568479875102639, 2809.4 ], [ 84.206162989139557, 28.568470068275928, 2809.6 ], [ 84.206172209233046, 28.568471241742373, 2810.199999999999818 ], [ 84.206173717975616, 28.568476941436529, 2810.4 ], [ 84.20617489144206, 28.568474343046542, 2810.4 ], [ 84.20618025586009, 28.568470403552055, 2810.800000000000182 ], [ 84.206173969432712, 28.568480461835861, 2810.800000000000182 ], [ 84.206203892827034, 28.568495800718665, 2810.800000000000182 ], [ 84.206215711310506, 28.568532345816493, 2811.0 ], [ 84.206214286386967, 28.568534357473258, 2811.4 ], [ 84.20621051453054, 28.568533519282937, 2811.4 ], [ 84.206204647198319, 28.568525053560737, 2811.6 ], [ 84.206170281395316, 28.568485490977764, 2811.6 ], [ 84.206113955006003, 28.56846964918077, 2811.6 ], [ 84.206090569496155, 28.568473588675261, 2811.6 ], [ 84.206078834831715, 28.568477779626846, 2811.6 ], [ 84.206057963892817, 28.568459590896964, 2812.0 ], [ 84.205987136811018, 28.568446347489953, 2812.0 ], [ 84.205974983051419, 28.568438552320004, 2812.0 ], [ 84.205948831513524, 28.568444587290287, 2812.0 ], [ 84.205914214253426, 28.56844324618578, 2812.0 ], [ 84.205854535102844, 28.568443162366748, 2812.4 ], [ 84.20580793172121, 28.568453807383776, 2812.6 ], [ 84.205771805718541, 28.568459087982777, 2812.800000000000182 ], [ 84.205697374418378, 28.568493621423841, 2813.199999999999818 ], [ 84.205603832378983, 28.568495968356729, 2813.6 ], [ 84.205587990581989, 28.568489430472255, 2813.6 ], [ 84.205495957285166, 28.568488508462902, 2814.199999999999818 ], [ 84.205388249829412, 28.56850627809763, 2814.199999999999818 ], [ 84.205283811315894, 28.56853905133903, 2814.6 ], [ 84.205174259841442, 28.568568974733353, 2815.0 ], [ 84.205017182976007, 28.568570734933019, 2815.199999999999818 ], [ 84.204944344237447, 28.568579033017159, 2815.6 ], [ 84.204923808574677, 28.568579284474257, 2815.800000000000182 ], [ 84.204803528264165, 28.568594874814153, 2816.6 ], [ 84.204789781942964, 28.568598227575421, 2816.800000000000182 ], [ 84.20468014664948, 28.56858154758811, 2816.800000000000182 ], [ 84.204583168029785, 28.568581212311983, 2817.199999999999818 ], [ 84.204466994851828, 28.568561598658562, 2817.4 ], [ 84.204441513866186, 28.568555982783437, 2817.6 ], [ 84.204349145293236, 28.568535279482603, 2817.800000000000182 ], [ 84.204227104783058, 28.568523628637195, 2817.800000000000182 ], [ 84.204096850007772, 28.568500578403473, 2817.800000000000182 ], [ 84.204004146158695, 28.56848775409162, 2817.800000000000182 ], [ 84.203911190852523, 28.568499321117997, 2817.800000000000182 ], [ 84.203818319365382, 28.56852438300848, 2817.6 ], [ 84.203727459535003, 28.568552546203136, 2817.6 ], [ 84.20365453697741, 28.568565705791116, 2817.0 ], [ 84.203633079305291, 28.56856788508594, 2816.800000000000182 ], [ 84.20359100215137, 28.568570064380765, 2816.800000000000182 ], [ 84.203501483425498, 28.56855682097375, 2816.800000000000182 ], [ 84.203353626653552, 28.568536620587111, 2816.800000000000182 ], [ 84.203266873955727, 28.568522455170751, 2816.800000000000182 ], [ 84.203252289444208, 28.568520862609148, 2817.0 ], [ 84.203132009133697, 28.568512899801135, 2817.0 ], [ 84.203017260879278, 28.568463446572423, 2817.0 ], [ 84.202948696911335, 28.568441988900304, 2817.6 ], [ 84.202935118228197, 28.568448023870587, 2817.6 ], [ 84.202886587008834, 28.568442072719336, 2817.800000000000182 ], [ 84.202878959476948, 28.568442407995462, 2817.800000000000182 ], [ 84.202838139608502, 28.5684266500175, 2818.4 ], [ 84.202784495428205, 28.568405108526349, 2819.0 ], [ 84.202775442972779, 28.56840024702251, 2819.0 ], [ 84.202726744115353, 28.568375101312995, 2819.800000000000182 ], [ 84.202718697488308, 28.568370323628187, 2820.0 ], [ 84.202685505151749, 28.568357834592462, 2820.6 ], [ 84.202676117420197, 28.568353559821844, 2820.800000000000182 ], [ 84.202654324471951, 28.568341825157404, 2821.0 ], [ 84.202645942568779, 28.568336796015501, 2821.6 ], [ 84.20265281572938, 28.568339226767421, 2821.800000000000182 ], [ 84.202621215954423, 28.568325731903315, 2821.800000000000182 ], [ 84.202584335580468, 28.568309471011158, 2822.0 ], [ 84.202532786875963, 28.568279799073935, 2823.0 ], [ 84.202514430508018, 28.568268483504653, 2823.199999999999818 ], [ 84.202464139088988, 28.568236716091633, 2823.800000000000182 ], [ 84.202453996986151, 28.568229842931032, 2824.0 ], [ 84.202436897903681, 28.568219868466254, 2824.199999999999818 ], [ 84.20236598700285, 28.56818575412035, 2825.199999999999818 ], [ 84.202345283702016, 28.5681745223701, 2825.4 ], [ 84.20230446383357, 28.568158848211169, 2825.800000000000182 ], [ 84.202289544045925, 28.568160776048899, 2826.0 ], [ 84.202241096645594, 28.568151723593473, 2826.4 ], [ 84.202184854075313, 28.568147951737046, 2826.800000000000182 ], [ 84.20209726318717, 28.568123057484627, 2827.199999999999818 ], [ 84.202061975374818, 28.568113250657916, 2827.6 ], [ 84.202021826058626, 28.568110149353743, 2828.0 ], [ 84.202009085565805, 28.568108975887299, 2828.199999999999818 ], [ 84.201986286789179, 28.56810562312603, 2828.6 ], [ 84.201963320374489, 28.568101013079289, 2829.6 ], [ 84.201963152736425, 28.56810218654573, 2829.6 ], [ 84.201960638165474, 28.568109897896647, 2829.800000000000182 ], [ 84.201949154958129, 28.568116100504991, 2829.800000000000182 ], [ 84.201882854104042, 28.568138144910336, 2831.0 ], [ 84.201858127489686, 28.568137977272272, 2831.199999999999818 ], [ 84.201754108071327, 28.568154824897647, 2831.4 ], [ 84.201680682599545, 28.568170918151736, 2832.0 ], [ 84.201666936278343, 28.568171756342053, 2832.199999999999818 ], [ 84.201577752828598, 28.568189106881618, 2833.199999999999818 ], [ 84.201475577428937, 28.568204110488296, 2834.199999999999818 ], [ 84.201365020126104, 28.568200506269932, 2835.199999999999818 ], [ 84.201235016807914, 28.568191537633538, 2836.4 ], [ 84.201164357364178, 28.568186592310667, 2837.199999999999818 ], [ 84.201118256896734, 28.568193130195141, 2837.4 ], [ 84.201109372079372, 28.568196231499311, 2837.4 ], [ 84.201069055125117, 28.568200170993805, 2837.6 ], [ 84.201073497533798, 28.568202685564756, 2837.6 ], [ 84.20107358135283, 28.568202685564756, 2837.6 ], [ 84.201055392622948, 28.568206373602152, 2837.6 ], [ 84.201027564704418, 28.56820578686893, 2837.4 ], [ 84.201011555269361, 28.568203942850232, 2837.4 ], [ 84.201030498370528, 28.568187011405826, 2837.4 ], [ 84.20101004652679, 28.568191453814507, 2837.199999999999818 ], [ 84.200990265235305, 28.568194387480617, 2837.199999999999818 ], [ 84.200972244143486, 28.568201595917344, 2837.0 ], [ 84.20095874927938, 28.568213582038879, 2836.6 ], [ 84.200946763157845, 28.56822238303721, 2836.199999999999818 ], [ 84.200862692669034, 28.568279799073935, 2835.199999999999818 ], [ 84.200841234996915, 28.568297317251563, 2834.800000000000182 ], [ 84.200797900557518, 28.56833721511066, 2834.0 ], [ 84.200762277469039, 28.568380801007152, 2833.199999999999818 ], [ 84.200744507834315, 28.568400666117668, 2833.0 ], [ 84.200686756521463, 28.568461434915665, 2831.800000000000182 ], [ 84.200657000765204, 28.568545756861567, 2830.800000000000182 ], [ 84.200638141483068, 28.568591857329011, 2830.0 ], [ 84.200617102906108, 28.568629408255219, 2829.800000000000182 ], [ 84.200566308572888, 28.568671820685267, 2828.800000000000182 ], [ 84.200540659949183, 28.568685399368405, 2828.800000000000182 ], [ 84.200416188687086, 28.568735020235181, 2828.800000000000182 ], [ 84.200329938903451, 28.568697301670909, 2828.800000000000182 ], [ 84.200316360220313, 28.568659080192447, 2828.800000000000182 ], [ 84.200285347178578, 28.568609543144703, 2828.800000000000182 ], [ 84.200289119035006, 28.568595126271248, 2828.800000000000182 ], [ 84.200299009680748, 28.568584145978093, 2828.800000000000182 ], [ 84.20030202716589, 28.568583307787776, 2829.199999999999818 ], [ 84.20029322616756, 28.568574255332351, 2829.4 ], [ 84.200261291116476, 28.568571405485272, 2829.4 ], [ 84.200234469026327, 28.568580709397793, 2829.4 ], [ 84.200193816795945, 28.568594790995121, 2829.4 ], [ 84.200120810419321, 28.568628737702969, 2829.4 ], [ 84.200069094076753, 28.568623876199126, 2829.199999999999818 ], [ 84.200023747980595, 28.568620355799791, 2829.199999999999818 ], [ 84.199969097971916, 28.568625887855887, 2829.0 ], [ 84.199909502640367, 28.568625552579761, 2828.800000000000182 ], [ 84.199796598404646, 28.568602837622169, 2828.6 ], [ 84.199699033051729, 28.568595126271248, 2828.6 ], [ 84.199599036946893, 28.56861331500113, 2827.800000000000182 ], [ 84.199589481577277, 28.568622283637524, 2827.800000000000182 ], [ 84.199521336704493, 28.568660505115982, 2826.6 ], [ 84.199477666988969, 28.568666623905301, 2826.6 ], [ 84.199409186840057, 28.568673832342029, 2825.4 ], [ 84.199372055009007, 28.56868875212967, 2824.800000000000182 ], [ 84.199335929006338, 28.568705096840858, 2824.6 ], [ 84.199310028925538, 28.568728482350707, 2824.4 ], [ 84.199265018105507, 28.568743653595448, 2823.199999999999818 ], [ 84.199252529069781, 28.568748012185097, 2823.0 ], [ 84.199212295934558, 28.568765027448535, 2823.0 ], [ 84.199173739179969, 28.568789502605796, 2822.4 ], [ 84.19916795566678, 28.568792184814811, 2822.4 ], [ 84.199136858806014, 28.568804757669568, 2821.0 ], [ 84.199105594307184, 28.568821186199784, 2819.800000000000182 ], [ 84.19908438809216, 28.568837195634838, 2819.4 ], [ 84.199065109714866, 28.56885127723217, 2818.800000000000182 ], [ 84.198997719213367, 28.568901652470231, 2817.800000000000182 ], [ 84.198973830789328, 28.56891606934369, 2817.4 ], [ 84.198902500793338, 28.568952782079577, 2817.0 ], [ 84.198889592662454, 28.568958481773738, 2816.800000000000182 ], [ 84.198830667883158, 28.56899100355804, 2815.6 ], [ 84.198819268494844, 28.568994523957372, 2815.4 ], [ 84.198719104751945, 28.569004917517304, 2815.4 ], [ 84.198620030656457, 28.569058394059539, 2815.4 ], [ 84.198549538850784, 28.56909804046154, 2815.4 ], [ 84.198531936854124, 28.56911120004952, 2815.4 ], [ 84.198441663756967, 28.569149589166045, 2815.4 ], [ 84.198387013748288, 28.569218823686239, 2815.4 ], [ 84.198354240506887, 28.569254195317622, 2815.6 ], [ 84.198359437286854, 28.569242376834151, 2816.6 ], [ 84.198360778391361, 28.569224020466208, 2816.6 ], [ 84.198360191658139, 28.569224942475557, 2816.800000000000182 ], [ 84.198358012363315, 28.569230223074555, 2816.800000000000182 ], [ 84.198360107839108, 28.569224691018466, 2817.0 ], [ 84.198321048170328, 28.569283448159695, 2817.0 ], [ 84.198300428688526, 28.569350335747004, 2817.199999999999818 ], [ 84.198291795328259, 28.569380594417453, 2817.199999999999818 ], [ 84.198234463110566, 28.569476399570704, 2817.199999999999818 ], [ 84.198179142549634, 28.569570109248161, 2817.199999999999818 ], [ 84.198144944384694, 28.569645127281547, 2817.0 ], [ 84.198099430650473, 28.569735903292894, 2817.0 ], [ 84.198043523356318, 28.569839503616095, 2817.0 ], [ 84.19800060801208, 28.56991401873529, 2817.0 ], [ 84.197919890284538, 28.569983672350645, 2817.0 ], [ 84.19788577593863, 28.570047542452812, 2817.0 ], [ 84.197883093729615, 28.570059360936284, 2817.0 ], [ 84.197855601087213, 28.570156255736947, 2817.0 ], [ 84.197825593873858, 28.570231441408396, 2817.0 ], [ 84.197806064039469, 28.570244768634439, 2817.0 ], [ 84.19774211011827, 28.570307632908225, 2817.0 ], [ 84.197672288864851, 28.570388434454799, 2817.199999999999818 ], [ 84.197598109021783, 28.570458926260471, 2817.4 ], [ 84.197516217827797, 28.570501422509551, 2817.6 ], [ 84.197505321353674, 28.570504607632756, 2817.6 ], [ 84.197419490665197, 28.570512989535928, 2818.199999999999818 ], [ 84.197377245873213, 28.57051650993526, 2818.4 ], [ 84.197363331913948, 28.570516677573323, 2818.6 ], [ 84.197334665805101, 28.570522628724575, 2818.6 ], [ 84.197224611416459, 28.570548947900537, 2818.6 ], [ 84.197188736870885, 28.570573255419731, 2818.6 ], [ 84.197152610868216, 28.570601837709543, 2819.0 ], [ 84.197081867605448, 28.570656236261129, 2819.800000000000182 ], [ 84.197072144597769, 28.570665623992682, 2819.800000000000182 ], [ 84.197020092979074, 28.570700408890843, 2821.0 ], [ 84.197011878713965, 28.570706276223063, 2821.199999999999818 ], [ 84.19695982709527, 28.570738295093179, 2822.0 ], [ 84.196951445192099, 28.570741396397352, 2822.4 ], [ 84.196894615888596, 28.570766458287835, 2823.0 ], [ 84.196883216500282, 28.570771068334579, 2823.199999999999818 ], [ 84.196807695552707, 28.570801913738251, 2824.0 ], [ 84.196796379983425, 28.570809792727232, 2824.199999999999818 ], [ 84.196735695004463, 28.570879362523556, 2824.4 ], [ 84.196701077744365, 28.570934096351262, 2825.199999999999818 ], [ 84.196697389706969, 28.570938622578979, 2825.199999999999818 ], [ 84.196632010862231, 28.570985477417707, 2826.199999999999818 ], [ 84.196621952578425, 28.570990087464452, 2826.4 ], [ 84.19656747020781, 28.571013724431396, 2827.199999999999818 ], [ 84.196553723886609, 28.571015987545252, 2827.4 ], [ 84.196511479094625, 28.571022525429729, 2828.4 ], [ 84.196504605934024, 28.571026716381311, 2828.6 ], [ 84.196453643962741, 28.571041887626052, 2829.6 ], [ 84.196433527395129, 28.571054209023711, 2830.0 ], [ 84.196372674778104, 28.571077845990654, 2830.800000000000182 ], [ 84.196356916800141, 28.571079522371292, 2831.199999999999818 ], [ 84.1963055357337, 28.571094777435064, 2831.800000000000182 ], [ 84.196298411116004, 28.571097543463111, 2832.0 ], [ 84.196243090555072, 28.571106595918536, 2833.0 ], [ 84.196231355890632, 28.571107601746917, 2833.199999999999818 ], [ 84.196173185482621, 28.571114055812359, 2834.0 ], [ 84.196163294836879, 28.571116486564279, 2834.0 ], [ 84.196151057258248, 28.571119671687484, 2834.199999999999818 ], [ 84.196136221289635, 28.571124700829387, 2834.4 ], [ 84.196100179105997, 28.571142805740237, 2834.800000000000182 ], [ 84.196080984547734, 28.57114682905376, 2835.199999999999818 ], [ 84.196051312610507, 28.571152780205011, 2835.800000000000182 ], [ 84.19603337533772, 28.571154121309519, 2836.199999999999818 ], [ 84.195980234071612, 28.571157306432724, 2837.4 ], [ 84.195964056998491, 28.57115663588047, 2837.800000000000182 ], [ 84.195937318727374, 28.571154288947582, 2838.4 ], [ 84.195903455838561, 28.571157222613692, 2838.800000000000182 ], [ 84.195854254066944, 28.571153869852424, 2839.199999999999818 ], [ 84.195817122235894, 28.571148924529552, 2839.4 ], [ 84.195755766704679, 28.571142051368952, 2840.199999999999818 ], [ 84.195734979584813, 28.57114146463573, 2840.6 ], [ 84.195683179423213, 28.571135010570288, 2841.199999999999818 ], [ 84.195648310706019, 28.571126125752929, 2841.6 ], [ 84.195590475574136, 28.57110827229917, 2842.199999999999818 ], [ 84.195559546351433, 28.571103075519204, 2842.6 ], [ 84.195515038445592, 28.571098716929555, 2843.199999999999818 ], [ 84.195476146414876, 28.571095196530223, 2843.800000000000182 ], [ 84.195440523326397, 28.57109653763473, 2844.199999999999818 ], [ 84.19541185721755, 28.571110283955932, 2844.800000000000182 ], [ 84.195365253835917, 28.571114726364613, 2845.4 ], [ 84.195333570241928, 28.571124197915196, 2846.0 ], [ 84.195307418704033, 28.57113366946578, 2847.0 ], [ 84.195313202217221, 28.571122186258435, 2848.0 ], [ 84.195310603827238, 28.57110843993723, 2848.0 ], [ 84.195295348763466, 28.571117157116532, 2848.4 ], [ 84.195293337106705, 28.571127718314528, 2848.4 ], [ 84.195292331278324, 28.571131573989987, 2848.4 ], [ 84.195292331278324, 28.571133250370622, 2848.4 ], [ 84.195292331278324, 28.571133250370622, 2848.4 ], [ 84.195299707353115, 28.57110726647079, 2848.4 ], [ 84.195302138105035, 28.571102740243077, 2848.4 ], [ 84.195325188338757, 28.571145739406347, 2848.4 ], [ 84.195332229137421, 28.571148840710521, 2848.800000000000182 ], [ 84.19534295797348, 28.571145823225379, 2848.800000000000182 ], [ 84.195365672931075, 28.571146661415696, 2848.800000000000182 ], [ 84.195380508899689, 28.571146577596664, 2849.199999999999818 ], [ 84.195412276312709, 28.571151187643409, 2849.6 ], [ 84.195441193878651, 28.571170633658767, 2850.199999999999818 ], [ 84.195468937978148, 28.571180859580636, 2850.6 ], [ 84.195514703169465, 28.57118496671319, 2850.6 ], [ 84.195601874962449, 28.57121279463172, 2851.0 ], [ 84.195612352341413, 28.571216566488147, 2851.0 ], [ 84.195643700659275, 28.571235341951251, 2851.199999999999818 ], [ 84.195677563548088, 28.571255961433053, 2851.4 ], [ 84.195687538012862, 28.57125286012888, 2851.6 ], [ 84.195720981806517, 28.571266941726208, 2852.199999999999818 ], [ 84.195745373144746, 28.571318490430713, 2852.6 ], [ 84.195739170536399, 28.571333577856421, 2852.800000000000182 ], [ 84.195722574368119, 28.571358472108841, 2853.6 ], [ 84.195698853582144, 28.571379007771611, 2854.0 ], [ 84.195610759779811, 28.571391748264432, 2854.199999999999818 ], [ 84.195569269359112, 28.571393089368939, 2854.800000000000182 ], [ 84.195522246882319, 28.571390826255083, 2855.4 ], [ 84.195484779775143, 28.571389568969607, 2855.800000000000182 ], [ 84.195465669035912, 28.571388563141227, 2856.0 ], [ 84.195434572175145, 28.571397950872779, 2856.800000000000182 ], [ 84.195369696244597, 28.571408428251743, 2857.800000000000182 ], [ 84.19536198489368, 28.571412535384297, 2857.800000000000182 ], [ 84.195332732051611, 28.571430137380961, 2858.6 ], [ 84.1953160520643, 28.571445560082793, 2859.0 ], [ 84.19523592106998, 28.571520410478115, 2859.800000000000182 ], [ 84.195218989625573, 28.571529127657413, 2860.199999999999818 ], [ 84.195186719298363, 28.571550501510501, 2861.0 ], [ 84.195165848359466, 28.571570869535208, 2861.0 ], [ 84.195143720135093, 28.571602469310164, 2861.199999999999818 ], [ 84.195111365988851, 28.57167975045741, 2862.0 ], [ 84.19507859274745, 28.57172635383904, 2862.199999999999818 ], [ 84.195078173652291, 28.571721324697137, 2862.199999999999818 ], [ 84.19507909566164, 28.571706572547555, 2862.199999999999818 ], [ 84.195075910538435, 28.571700034663081, 2862.4 ], [ 84.195071216672659, 28.571691317483783, 2862.4 ], [ 84.195068199187517, 28.571708584204316, 2862.4 ], [ 84.19504732824862, 28.571740183979273, 2862.4 ], [ 84.194976333528757, 28.571767928078771, 2862.4 ], [ 84.194910954684019, 28.571828110143542, 2862.800000000000182 ], [ 84.194879857823253, 28.571858536452055, 2863.0 ], [ 84.194841971620917, 28.571890303865075, 2863.199999999999818 ], [ 84.194805594161153, 28.571919891983271, 2863.4 ], [ 84.194763349369168, 28.57195015065372, 2864.199999999999818 ], [ 84.194753123447299, 28.571957107633352, 2864.4 ], [ 84.194743735715747, 28.571964232251048, 2864.6 ], [ 84.194656983017921, 28.572023827582601, 2864.800000000000182 ], [ 84.194596046581864, 28.572063390165567, 2865.6 ], [ 84.194577438756824, 28.572077974677089, 2866.199999999999818 ], [ 84.194556819275022, 28.572095660492774, 2866.800000000000182 ], [ 84.194512395188212, 28.572129271924496, 2867.6 ], [ 84.194500744342804, 28.57213924638927, 2867.800000000000182 ], [ 84.194456404075027, 28.572162296622992, 2868.4 ], [ 84.194406699389219, 28.572181910276413, 2868.800000000000182 ], [ 84.194371327757835, 28.572182413190603, 2869.199999999999818 ], [ 84.194304775446653, 28.572191800922155, 2869.800000000000182 ], [ 84.194294046610594, 28.572193644940853, 2870.0 ], [ 84.194216430187225, 28.572215102612972, 2871.199999999999818 ], [ 84.194198828190565, 28.572202948853377, 2871.6 ], [ 84.194172006100416, 28.572207223623991, 2871.800000000000182 ], [ 84.194143507629633, 28.572221472859383, 2872.0 ], [ 84.19413261115551, 28.572226921096444, 2872.199999999999818 ], [ 84.194066813215613, 28.572256341576576, 2873.199999999999818 ], [ 84.194059856235981, 28.572258688509464, 2873.6 ], [ 84.19404024258256, 28.572297496721148, 2874.4 ], [ 84.194021299481392, 28.572304034605622, 2874.6 ], [ 84.193983329460025, 28.572285259142522, 2875.0 ], [ 84.193965895101428, 28.572278721258044, 2875.0 ], [ 84.19390537776053, 28.572260867804289, 2875.0 ], [ 84.193894229829311, 28.572252988815308, 2875.4 ], [ 84.193904120475054, 28.572264555841684, 2875.800000000000182 ], [ 84.193885596469045, 28.572263214737177, 2875.800000000000182 ], [ 84.193833628669381, 28.572268160060048, 2876.199999999999818 ], [ 84.193824492394924, 28.57226824387908, 2876.199999999999818 ], [ 84.193765735253692, 28.572273775935173, 2876.4 ], [ 84.193745870143175, 28.572280146181583, 2876.6 ], [ 84.193688537925482, 28.57228877954185, 2876.800000000000182 ], [ 84.193664062768221, 28.572291126474735, 2877.0 ], [ 84.193653585389256, 28.572292719036341, 2877.6 ], [ 84.193653082475066, 28.572292383760217, 2877.800000000000182 ], [ 84.193653082475066, 28.572292383760217, 2877.800000000000182 ], [ 84.193653082475066, 28.572292383760217, 2877.800000000000182 ], [ 84.193653082475066, 28.572292383760217, 2877.800000000000182 ], [ 84.193653082475066, 28.572292383760217, 2877.800000000000182 ], [ 84.193653082475066, 28.572292383760217, 2877.800000000000182 ], [ 84.193658279255033, 28.57229121029377, 2877.4 ], [ 84.193623913452029, 28.572290372103453, 2877.4 ], [ 84.193576807156205, 28.572303280234337, 2877.4 ], [ 84.193519642576575, 28.572312332689759, 2877.4 ], [ 84.193415120244026, 28.572338484227657, 2877.4 ], [ 84.193307999521494, 28.572365809231997, 2877.4 ], [ 84.19322619214654, 28.572378885000944, 2877.4 ], [ 84.193126866593957, 28.572395145893097, 2877.800000000000182 ], [ 84.193026032298803, 28.572416435927153, 2878.199999999999818 ], [ 84.192975824698806, 28.572428841143847, 2878.199999999999818 ], [ 84.192918492481112, 28.572445269674063, 2878.4 ], [ 84.192814137786627, 28.572476115077738, 2878.4 ], [ 84.192755715921521, 28.572494052350521, 2878.6 ], [ 84.192704083397985, 28.572511235252023, 2878.800000000000182 ], [ 84.192646248266101, 28.572530597448349, 2879.0 ], [ 84.192568631842732, 28.57255456969142, 2879.4 ], [ 84.192535355687141, 28.572561275213957, 2879.6 ], [ 84.192510796710849, 28.572562616318464, 2880.0 ], [ 84.19251867569983, 28.5725521389395, 2880.4 ], [ 84.19251867569983, 28.572552222758532, 2880.4 ], [ 84.19252747669816, 28.572553396224976, 2880.4 ], [ 84.192543402314186, 28.572553060948849, 2880.6 ], [ 84.192548431456089, 28.572556246072057, 2880.6 ], [ 84.192550024017692, 28.572553563863039, 2880.800000000000182 ], [ 84.192541893571615, 28.572548367083073, 2880.800000000000182 ], [ 84.192538876086473, 28.572543170303103, 2880.800000000000182 ], [ 84.192513059824705, 28.57256680727005, 2880.800000000000182 ], [ 84.192425049841404, 28.572610476985577, 2880.800000000000182 ], [ 84.192329831421375, 28.572649201378223, 2880.800000000000182 ], [ 84.19225531630218, 28.572674933820963, 2881.4 ], [ 84.192269146442413, 28.572671581059694, 2881.6 ], [ 84.192277360707521, 28.572670659050345, 2881.800000000000182 ], [ 84.192280629649758, 28.572671245783567, 2881.800000000000182 ], [ 84.192281886935234, 28.572677029296756, 2881.800000000000182 ], [ 84.192286748439074, 28.572678118944168, 2881.800000000000182 ], [ 84.19228607788682, 28.572676191106439, 2882.199999999999818 ], [ 84.192276606336236, 28.572664959356189, 2882.6 ], [ 84.192226398736238, 28.572659175843, 2882.800000000000182 ], [ 84.192214915528893, 28.572648195549849, 2882.800000000000182 ], [ 84.192213574424386, 28.572650207206607, 2882.800000000000182 ], [ 84.19215221889317, 28.572655823081732, 2883.199999999999818 ], [ 84.192098155617714, 28.572668228298426, 2883.4 ], [ 84.192047026008368, 28.572670994326472, 2884.0 ], [ 84.192060688510537, 28.572674095630649, 2884.199999999999818 ], [ 84.192037051543593, 28.572683734819293, 2884.4 ], [ 84.191936636343598, 28.572716005146503, 2884.4 ], [ 84.191880645230412, 28.572733188048005, 2885.199999999999818 ], [ 84.191828928887844, 28.57274366542697, 2885.6 ], [ 84.191757682710886, 28.572751292958856, 2885.800000000000182 ], [ 84.191710576415062, 28.572752550244331, 2886.199999999999818 ], [ 84.191704709082842, 28.572754561901093, 2886.6 ], [ 84.191615525633097, 28.572769900783896, 2886.6 ], [ 84.191515194252133, 28.572785407304764, 2887.199999999999818 ], [ 84.191455682739615, 28.572794962674379, 2887.6 ], [ 84.191423077136278, 28.572805859148502, 2888.0 ], [ 84.191376222297549, 28.572827149182562, 2888.6 ], [ 84.191319979727268, 28.572841649875045, 2888.6 ], [ 84.191260552033782, 28.572849612683054, 2889.199999999999818 ], [ 84.191236579790711, 28.572849528864023, 2889.199999999999818 ], [ 84.191138679161668, 28.572851037606597, 2889.800000000000182 ], [ 84.191034324467182, 28.572875764220953, 2890.4 ], [ 84.190945224836469, 28.57289956882596, 2890.800000000000182 ], [ 84.190932149067521, 28.572900155559186, 2890.800000000000182 ], [ 84.190831733867526, 28.572912812232971, 2891.4 ], [ 84.190725116059184, 28.572919350117445, 2891.6 ], [ 84.190622856840491, 28.572920355945826, 2891.800000000000182 ], [ 84.190608523786068, 28.572919769212604, 2891.800000000000182 ], [ 84.190558232367039, 28.572915829718113, 2892.199999999999818 ], [ 84.19049478136003, 28.572927732020617, 2892.4 ], [ 84.190423283725977, 28.57293963432312, 2892.800000000000182 ], [ 84.19037651270628, 28.57294726185501, 2892.800000000000182 ], [ 84.190358156338334, 28.572954135015607, 2893.0 ], [ 84.190302332863212, 28.57297332957387, 2893.4 ], [ 84.190202252939343, 28.572978526353836, 2894.0 ], [ 84.190188925713301, 28.572983304038644, 2894.4 ], [ 84.190154476091266, 28.57299922965467, 2895.0 ], [ 84.190128408372402, 28.573005180805922, 2895.4 ], [ 84.190047774463892, 28.573008952662349, 2895.6 ], [ 84.190014163032174, 28.573004677891731, 2896.199999999999818 ], [ 84.18993528932333, 28.573011383414268, 2897.0 ], [ 84.189886255189776, 28.573032673448324, 2897.199999999999818 ], [ 84.189890781417489, 28.573030745610595, 2897.4 ], [ 84.189896145835519, 28.57304155826569, 2897.6 ], [ 84.189895559102297, 28.573022866621617, 2898.0 ], [ 84.189918274059892, 28.573009539395571, 2898.199999999999818 ], [ 84.189930595457554, 28.572999648749828, 2898.6 ], [ 84.189864713698626, 28.573022112250328, 2898.6 ], [ 84.189812410622835, 28.573026470839977, 2898.6 ], [ 84.189769495278597, 28.573029320687056, 2898.6 ], [ 84.189740158617496, 28.573058238252997, 2898.800000000000182 ], [ 84.189741080626845, 28.573065530508757, 2899.0 ], [ 84.189720712602139, 28.573068464174867, 2899.0 ], [ 84.189658351242542, 28.57307810336351, 2899.0 ], [ 84.189629266038537, 28.573081539943814, 2899.0 ], [ 84.189647370949388, 28.573069386184216, 2899.199999999999818 ], [ 84.189734123647213, 28.573022447526455, 2899.4 ], [ 84.189741751179099, 28.573010712862015, 2899.4 ], [ 84.189727166667581, 28.573013730347157, 2899.4 ], [ 84.1896743606776, 28.573050862178206, 2899.800000000000182 ], [ 84.189602360129356, 28.573070392012596, 2899.800000000000182 ], [ 84.189519295468926, 28.573106937110424, 2900.0 ], [ 84.189468417316675, 28.573123198002577, 2900.6 ], [ 84.189429776743054, 28.573132669553161, 2900.800000000000182 ], [ 84.189370600506663, 28.57314339838922, 2901.800000000000182 ], [ 84.189332546666265, 28.573152115568519, 2902.4 ], [ 84.189288793131709, 28.573152367025617, 2903.0 ], [ 84.189255181699991, 28.573154043406248, 2903.6 ], [ 84.189211847260594, 28.573166113346815, 2904.199999999999818 ], [ 84.189178152009845, 28.573189750313759, 2904.4 ], [ 84.189157364889979, 28.573203915730119, 2905.199999999999818 ], [ 84.189166584983468, 28.573202406987548, 2905.6 ], [ 84.189165160059929, 28.57320299372077, 2906.199999999999818 ], [ 84.189165662974119, 28.573198467493057, 2906.199999999999818 ], [ 84.189163567498326, 28.573202574625611, 2906.4 ], [ 84.189166082069278, 28.573206597939137, 2906.4 ], [ 84.18912710621953, 28.573209699243307, 2906.4 ], [ 84.189018309116364, 28.573216572403908, 2906.6 ], [ 84.188917055726051, 28.573216404765844, 2907.0 ], [ 84.188806163147092, 28.573229229077697, 2907.0 ], [ 84.188782190904021, 28.573231492191553, 2907.199999999999818 ], [ 84.188714129850268, 28.573243394494057, 2907.199999999999818 ], [ 84.188697533681989, 28.57324356213212, 2907.4 ], [ 84.18858764693141, 28.573241969570521, 2908.0 ], [ 84.18852511793375, 28.573245322331783, 2908.0 ], [ 84.188491506502032, 28.573243394494057, 2908.199999999999818 ], [ 84.188443310558796, 28.573239119723439, 2908.199999999999818 ], [ 84.188417494297028, 28.57324062846601, 2908.4 ], [ 84.188379105180502, 28.573240377008915, 2908.4 ], [ 84.188286401331425, 28.573244148865346, 2908.800000000000182 ], [ 84.188208784908056, 28.573278766125441, 2909.4 ], [ 84.188200235366821, 28.573291674256325, 2909.4 ], [ 84.188160505145788, 28.573350515216589, 2910.4 ], [ 84.188144495710731, 28.573409607633948, 2910.800000000000182 ], [ 84.18813175521791, 28.57345755212009, 2911.0 ], [ 84.188125468790531, 28.57346341945231, 2911.4 ], [ 84.188124546781182, 28.573462497442961, 2911.6 ], [ 84.188111387193203, 28.573499042540789, 2912.199999999999818 ], [ 84.188106274232268, 28.573511699214578, 2912.4 ], [ 84.188102250918746, 28.573521673679352, 2912.4 ], [ 84.188100071623921, 28.57352812774479, 2912.6 ], [ 84.188092863187194, 28.573593590408564, 2912.6 ], [ 84.188061514869332, 28.573658550158143, 2913.4 ], [ 84.1880511213094, 28.573680343106389, 2913.800000000000182 ], [ 84.188020946457982, 28.5737419500947, 2914.6 ], [ 84.188010217621922, 28.573761815205216, 2914.800000000000182 ], [ 84.187961854040623, 28.573836581781507, 2915.6 ], [ 84.187937965616584, 28.573885364457965, 2915.800000000000182 ], [ 84.187930002808571, 28.573907576501369, 2916.199999999999818 ], [ 84.187902761623263, 28.57400514185429, 2916.6 ], [ 84.187883315607905, 28.57404537498951, 2917.0 ], [ 84.187869569286704, 28.574064988642931, 2917.199999999999818 ], [ 84.187842328101397, 28.574089463800192, 2918.0 ], [ 84.187826570123434, 28.574106730520725, 2918.4 ], [ 84.187781475484371, 28.574162302538753, 2918.4 ], [ 84.187746774405241, 28.574217455461621, 2918.800000000000182 ], [ 84.187735123559833, 28.574237739667296, 2919.199999999999818 ], [ 84.187706205993891, 28.574277553707361, 2919.6 ], [ 84.187685502693057, 28.57433564029634, 2920.199999999999818 ], [ 84.187677036970854, 28.574355589225888, 2920.4 ], [ 84.187645772472024, 28.574430858716369, 2920.800000000000182 ], [ 84.187601432204247, 28.574484921991825, 2921.4 ], [ 84.187591541558504, 28.574503362178799, 2921.6 ], [ 84.187572430819273, 28.574589276686311, 2922.199999999999818 ], [ 84.187570419162512, 28.574605118483305, 2922.4 ], [ 84.187539573758841, 28.57465473935008, 2923.0 ], [ 84.187505040317774, 28.57474610209465, 2923.199999999999818 ], [ 84.187500430271029, 28.57475800439715, 2923.4 ], [ 84.18748090043664, 28.574835872277617, 2923.6 ], [ 84.18747310526669, 28.574935533106327, 2923.6 ], [ 84.187446786090732, 28.575015999376777, 2923.800000000000182 ], [ 84.187397668138146, 28.575105518102649, 2924.0 ], [ 84.187357099726796, 28.575155306607485, 2924.4 ], [ 84.187343269586563, 28.57517609372735, 2924.6 ], [ 84.187286524102092, 28.575265528634191, 2925.4 ], [ 84.187267916277051, 28.575281957164407, 2925.6 ], [ 84.187217876315117, 28.575331242755055, 2925.800000000000182 ], [ 84.187184600159526, 28.575418079271913, 2925.800000000000182 ], [ 84.187163226306438, 28.575486140325665, 2926.0 ], [ 84.187104469165206, 28.575596697628495, 2926.0 ], [ 84.18707923963666, 28.575674565508962, 2926.0 ], [ 84.187054093927145, 28.575758133083585, 2926.4 ], [ 84.187017465010285, 28.575832145288587, 2926.6 ], [ 84.186989720910788, 28.575895177200437, 2927.6 ], [ 84.186985194683075, 28.575902217999101, 2927.6 ], [ 84.186961222440004, 28.575936248525977, 2927.6 ], [ 84.186943452805281, 28.575970446690917, 2927.800000000000182 ], [ 84.186892658472061, 28.576076393947005, 2928.6 ], [ 84.186862232163548, 28.576181922107935, 2928.800000000000182 ], [ 84.186836751177907, 28.576225005090237, 2928.800000000000182 ], [ 84.186830213293433, 28.576235482469201, 2928.800000000000182 ], [ 84.186800373718143, 28.576315110549331, 2928.800000000000182 ], [ 84.18677531182766, 28.576380154117945, 2928.800000000000182 ], [ 84.186747567728162, 28.576458608731627, 2928.800000000000182 ], [ 84.186726696789265, 28.576529184356332, 2928.800000000000182 ], [ 84.186698282137513, 28.576615685597066, 2928.800000000000182 ], [ 84.186671040952206, 28.576666060835123, 2928.4 ], [ 84.186652852222323, 28.57668299227953, 2928.199999999999818 ], [ 84.186579762026668, 28.576746610924602, 2928.0 ], [ 84.186533326283097, 28.576777540147305, 2928.0 ], [ 84.186497032642365, 28.576808469370008, 2928.0 ], [ 84.186458811163902, 28.5768330283463, 2928.0 ], [ 84.186451183632016, 28.57683839276433, 2928.0 ], [ 84.186419248580933, 28.5768589284271, 2928.0 ], [ 84.186407681554556, 28.576867645606399, 2928.199999999999818 ], [ 84.186289999634027, 28.57690779492259, 2928.6 ], [ 84.186185142025352, 28.57694735750556, 2928.6 ], [ 84.186141975224018, 28.576977029442787, 2928.800000000000182 ], [ 84.186132838949561, 28.576980046927929, 2929.199999999999818 ], [ 84.186156140640378, 28.57696839608252, 2929.199999999999818 ], [ 84.186169132590294, 28.576963283121582, 2929.4 ], [ 84.186138790100813, 28.576967138797045, 2929.4 ], [ 84.186141304671764, 28.576972251757979, 2929.6 ], [ 84.186116494238377, 28.577014161273837, 2929.800000000000182 ], [ 84.186071315780282, 28.577092532068491, 2929.800000000000182 ], [ 84.186017503961921, 28.577176434919242, 2929.800000000000182 ], [ 84.186009876430035, 28.577186744660139, 2929.800000000000182 ], [ 84.185953717678785, 28.577258829027414, 2930.0 ], [ 84.185920525342226, 28.577318089082837, 2930.4 ], [ 84.185908455401659, 28.57734851539135, 2931.0 ], [ 84.185921112075448, 28.577359328046441, 2931.0 ], [ 84.185921531170607, 28.577360920608044, 2931.199999999999818 ], [ 84.18592513538897, 28.577369470149279, 2931.4 ], [ 84.185915747657418, 28.577376594766974, 2931.800000000000182 ], [ 84.185918513685465, 28.577380366623402, 2931.800000000000182 ], [ 84.185912478715181, 28.577411463484168, 2932.0 ], [ 84.185899738222361, 28.577424287796021, 2932.0 ], [ 84.185870233923197, 28.577436776831743, 2932.0 ], [ 84.185789013281465, 28.577494109049439, 2932.0 ], [ 84.185756240040064, 28.577528307214379, 2932.199999999999818 ], [ 84.185725646093488, 28.577543897554278, 2932.199999999999818 ], [ 84.185711899772286, 28.57755177654326, 2932.4 ], [ 84.18569153174758, 28.577561834827065, 2932.6 ], [ 84.185654483735561, 28.577591506764293, 2932.800000000000182 ], [ 84.185609389096498, 28.577619669958949, 2932.800000000000182 ], [ 84.185573179274797, 28.577644480392337, 2933.199999999999818 ], [ 84.185552224516869, 28.577660825103521, 2933.4 ], [ 84.185519032180309, 28.577702483162284, 2934.4 ], [ 84.185513248667121, 28.577716313302517, 2934.4 ], [ 84.185477374121547, 28.57776534743607, 2934.800000000000182 ], [ 84.185455832630396, 28.577800635248423, 2935.0 ], [ 84.18544921092689, 28.577807508409023, 2935.4 ], [ 84.185466980561614, 28.577812202274799, 2935.6 ], [ 84.185437140986323, 28.577854027971625, 2936.199999999999818 ], [ 84.185423646122217, 28.577872971072793, 2936.6 ], [ 84.185397746041417, 28.577917143702507, 2937.0 ], [ 84.185357680544257, 28.577968440949917, 2937.0 ], [ 84.18530261144042, 28.578025186434388, 2937.6 ], [ 84.185286769643426, 28.578063324093819, 2938.0 ], [ 84.185266653075814, 28.578112777322531, 2938.4 ], [ 84.185253912582994, 28.578157452866435, 2938.6 ], [ 84.185250392183661, 28.578164577484131, 2938.800000000000182 ], [ 84.185233796015382, 28.578207828104496, 2939.6 ], [ 84.185222899541259, 28.578234063461423, 2939.6 ], [ 84.185208734124899, 28.578270860016342, 2940.0 ], [ 84.185191970318556, 28.578308746218681, 2940.6 ], [ 84.185202782973647, 28.578329533338547, 2940.6 ], [ 84.185200436040759, 28.578368509188294, 2940.6 ], [ 84.185202112421393, 28.57837923802435, 2940.800000000000182 ], [ 84.185173949226737, 28.578445874154568, 2941.0 ], [ 84.18511301279068, 28.578508151695132, 2941.199999999999818 ], [ 84.185069594532251, 28.578551486134529, 2941.199999999999818 ], [ 84.185023996978998, 28.578585097566247, 2941.6 ], [ 84.185019554570317, 28.578592808917165, 2942.0 ], [ 84.184986110776663, 28.578648380935192, 2942.199999999999818 ], [ 84.184960797429085, 28.57867143116891, 2942.800000000000182 ], [ 84.184946296736598, 28.578686015680432, 2943.199999999999818 ], [ 84.184916457161307, 28.578727338463068, 2943.4 ], [ 84.184854933992028, 28.578781317919493, 2943.800000000000182 ], [ 84.184762816876173, 28.578842589631677, 2944.0 ], [ 84.18471671640873, 28.578938813880089, 2944.4 ], [ 84.184695007279515, 28.578983657062057, 2944.800000000000182 ], [ 84.184692241251469, 28.578989859670401, 2944.800000000000182 ], [ 84.18468352407217, 28.579028081148863, 2945.0 ], [ 84.184670951217413, 28.579061105847359, 2945.6 ], [ 84.184655696153641, 28.579087760299444, 2946.0 ], [ 84.184645218774676, 28.57910611666739, 2946.0 ], [ 84.184643542394042, 28.579139979556203, 2946.800000000000182 ], [ 84.184640273451805, 28.579144338145852, 2947.199999999999818 ], [ 84.184623928740621, 28.579169902950525, 2947.800000000000182 ], [ 84.184619067236781, 28.579188343137503, 2948.199999999999818 ], [ 84.184605991467834, 28.579206615686417, 2948.4 ], [ 84.184573050588369, 28.579229582101107, 2949.4 ], [ 84.184550503268838, 28.579263193532825, 2950.199999999999818 ], [ 84.184549078345299, 28.579272078350183, 2950.199999999999818 ], [ 84.184552766382694, 28.579269982874393, 2950.4 ], [ 84.18455402366817, 28.579280124977231, 2950.800000000000182 ], [ 84.184557795524597, 28.579281382262707, 2951.0 ], [ 84.184570703655481, 28.579282639548182, 2951.0 ], [ 84.18459165841341, 28.579280292615294, 2951.4 ], [ 84.184600040316582, 28.579315999522805, 2951.4 ], [ 84.184607584029436, 28.579352125525475, 2951.4 ], [ 84.184627952054143, 28.579394202679396, 2951.4 ], [ 84.184632394462824, 28.579413816332817, 2951.199999999999818 ], [ 84.18463465757668, 28.579424628987908, 2951.0 ], [ 84.184633065015078, 28.579511800780892, 2951.0 ], [ 84.184618145227432, 28.579567624256015, 2951.199999999999818 ], [ 84.184583779424429, 28.579638618975881, 2951.4 ], [ 84.184561399742961, 28.57969393953681, 2951.4 ], [ 84.184550000354648, 28.579744063317776, 2951.4 ], [ 84.184536840766668, 28.579809945076704, 2951.6 ], [ 84.184537176042795, 28.579864175990224, 2952.199999999999818 ], [ 84.184537008404732, 28.579889740794897, 2952.4 ], [ 84.184531979262829, 28.579918825998902, 2952.6 ], [ 84.184538852423429, 28.579934667795897, 2953.0 ], [ 84.184537176042795, 28.579986970871687, 2953.0 ], [ 84.184540780261159, 28.580011613667011, 2953.199999999999818 ], [ 84.184548491612077, 28.580051762983203, 2953.6 ], [ 84.184544384479523, 28.580065174028277, 2953.800000000000182 ], [ 84.184541115537286, 28.580115549266338, 2954.199999999999818 ], [ 84.184533571824431, 28.580166762694716, 2954.6 ], [ 84.184527704492211, 28.580176988616586, 2954.6 ], [ 84.184494009241462, 28.58013859950006, 2954.6 ], [ 84.184471629559994, 28.58013859950006, 2954.6 ], [ 84.1844367608428, 28.580145975574851, 2954.6 ], [ 84.184420499950647, 28.580144383013248, 2954.6 ], [ 84.184402897953987, 28.580159218981866, 2954.6 ], [ 84.184404574334621, 28.580187046900392, 2954.4 ], [ 84.184396862983704, 28.580204984173179, 2954.199999999999818 ], [ 84.184383703395724, 28.58021697029471, 2954.199999999999818 ], [ 84.184350511059165, 28.580236081033945, 2954.0 ], [ 84.184344979003072, 28.580235494300723, 2954.0 ], [ 84.184343051165342, 28.580234488472342, 2954.0 ], [ 84.184345146641135, 28.580231303349137, 2954.0 ], [ 84.184345817193389, 28.580225519835949, 2954.0 ], [ 84.184352187439799, 28.580217054113746, 2954.0 ], [ 84.184392504394054, 28.58019283041358, 2954.0 ], [ 84.184461571276188, 28.580123679712415, 2954.199999999999818 ], [ 84.184470539912581, 28.580113705247641, 2954.199999999999818 ], [ 84.184477161616087, 28.58011269941926, 2954.4 ], [ 84.184467019513249, 28.580098953098059, 2954.4 ], [ 84.184459140524268, 28.580115716904398, 2954.6 ], [ 84.184459391981363, 28.580116974189881, 2954.6 ], [ 84.184482945129275, 28.580118985846639, 2954.6 ], [ 84.184492751955986, 28.580127786844969, 2954.6 ], [ 84.184489063918591, 28.580145221203569, 2954.800000000000182 ], [ 84.184483364224434, 28.580150837078691, 2954.800000000000182 ], [ 84.184483783319592, 28.580158045515414, 2954.800000000000182 ], [ 84.184486381709576, 28.580182772129778, 2954.800000000000182 ], [ 84.184486800804734, 28.580239182338119, 2955.0 ], [ 84.184487806633115, 28.580301878973842, 2955.800000000000182 ], [ 84.184497026726604, 28.580375136807561, 2956.4 ], [ 84.184498116374016, 28.580406149849296, 2956.800000000000182 ], [ 84.184486297890544, 28.58043255284429, 2957.4 ], [ 84.184470875188708, 28.580471109598875, 2958.0 ], [ 84.184451093897223, 28.580507403239608, 2958.6 ], [ 84.18442209251225, 28.580542523413897, 2959.0 ], [ 84.184406753629446, 28.580556269735094, 2959.199999999999818 ], [ 84.18435269035399, 28.580575799569488, 2960.0 ], [ 84.18434246443212, 28.580581918358803, 2960.199999999999818 ], [ 84.1843106970191, 28.580576805397868, 2960.6 ], [ 84.184265350922942, 28.580585438758135, 2961.199999999999818 ], [ 84.184239199385047, 28.580592898651961, 2961.6 ], [ 84.184178095310926, 28.580600693821907, 2962.199999999999818 ], [ 84.184167785570025, 28.58060228638351, 2962.4 ], [ 84.18413182720542, 28.580613853409886, 2963.199999999999818 ], [ 84.184122607111931, 28.58061402104795, 2963.4 ], [ 84.184084385633469, 28.580620475113392, 2964.4 ], [ 84.184050355106592, 28.580622151494023, 2965.4 ], [ 84.184040715917945, 28.580621229484677, 2965.6 ], [ 84.184003081172705, 28.580624330788851, 2966.199999999999818 ], [ 84.184000985696912, 28.580630868673325, 2966.4 ], [ 84.183995788916945, 28.580646542832255, 2966.6 ], [ 84.183991430327296, 28.580652913078666, 2966.800000000000182 ], [ 84.183987574651837, 28.580675795674324, 2967.0 ], [ 84.183963602408767, 28.580717034637928, 2967.4 ], [ 84.183960082009435, 28.580734888091683, 2967.6 ], [ 84.183963434770703, 28.580755842849612, 2968.0 ], [ 84.183968715369701, 28.580807894468307, 2968.6 ], [ 84.183967793360353, 28.580812253057957, 2968.6 ], [ 84.183967709541321, 28.580856509506702, 2968.800000000000182 ], [ 84.183947090059519, 28.580930102616549, 2969.4 ], [ 84.183906940743327, 28.580958601087332, 2969.800000000000182 ], [ 84.183871233835816, 28.580988859757781, 2970.0 ], [ 84.183844244107604, 28.581009143963456, 2970.199999999999818 ], [ 84.183814823627472, 28.581034289672971, 2970.800000000000182 ], [ 84.18380887247622, 28.581042001023889, 2970.800000000000182 ], [ 84.183796131983399, 28.581068906933069, 2971.0 ], [ 84.183756066486239, 28.581117941066623, 2971.6 ], [ 84.183743577450514, 28.581138979643583, 2971.800000000000182 ], [ 84.183722790330648, 28.581163873896003, 2972.199999999999818 ], [ 84.183690687641501, 28.581194886937737, 2972.6 ], [ 84.183682389557362, 28.581210393458605, 2973.0 ], [ 84.183665877208114, 28.581233024597168, 2973.199999999999818 ], [ 84.18363737873733, 28.581248614937067, 2974.199999999999818 ], [ 84.183618267998099, 28.581264708191156, 2974.800000000000182 ], [ 84.183596558868885, 28.581304606050253, 2975.199999999999818 ], [ 84.18357920832932, 28.581333942711353, 2975.4 ], [ 84.183577951043844, 28.581355484202504, 2975.6 ], [ 84.183573424816132, 28.58138264156878, 2976.0 ], [ 84.183576945215464, 28.581401249393821, 2976.4 ], [ 84.183577029034495, 28.581405440345407, 2976.6 ], [ 84.183577867224813, 28.581429496407509, 2977.6 ], [ 84.183581136167049, 28.581430166959763, 2977.800000000000182 ], [ 84.183603599667549, 28.581469897180796, 2978.4 ], [ 84.183611143380404, 28.581476183608174, 2978.6 ], [ 84.183658501133323, 28.581503676250577, 2979.800000000000182 ], [ 84.183663446456194, 28.581508118659254, 2979.800000000000182 ], [ 84.183694459497929, 28.581529157236218, 2980.4 ], [ 84.183714743703604, 28.581537874415517, 2980.800000000000182 ], [ 84.183746427297592, 28.581535443663597, 2981.800000000000182 ], [ 84.183768723160028, 28.581521697342396, 2981.800000000000182 ], [ 84.183808621019125, 28.581487666815519, 2982.6 ], [ 84.183829659596086, 28.581468556076288, 2983.0 ], [ 84.18387827463448, 28.581455396488309, 2983.800000000000182 ], [ 84.183887662366033, 28.581458916887641, 2984.0 ], [ 84.183947257697582, 28.581473920494322, 2985.199999999999818 ], [ 84.183933008462191, 28.581504346802831, 2985.199999999999818 ], [ 84.183937283232808, 28.581504514440898, 2985.4 ], [ 84.183946335688233, 28.58151281252503, 2985.6 ], [ 84.183918172493577, 28.581497138366103, 2985.6 ], [ 84.183934517204762, 28.581532342359424, 2986.199999999999818 ], [ 84.183912053704262, 28.581572407856584, 2987.4 ], [ 84.183905264362693, 28.58159470371902, 2987.800000000000182 ], [ 84.183892356231809, 28.581602834165096, 2988.0 ], [ 84.18387676589191, 28.581612892448906, 2988.6 ], [ 84.183861846104264, 28.581642145290971, 2989.6 ], [ 84.183850781992078, 28.581714397296309, 2989.6 ], [ 84.183850195258856, 28.581721438094977, 2989.800000000000182 ], [ 84.183842735365033, 28.581750020384789, 2990.4 ], [ 84.18383133597672, 28.581772735342383, 2990.800000000000182 ], [ 84.183817338198423, 28.581803413107991, 2991.6 ], [ 84.183813063427806, 28.581810034811497, 2991.800000000000182 ], [ 84.183795126155019, 28.581826630979776, 2992.6 ], [ 84.183766124770045, 28.581841047853231, 2992.800000000000182 ], [ 84.183754473924637, 28.581840125843883, 2993.0 ], [ 84.183652298524976, 28.581858398392797, 2993.4 ], [ 84.183611311018467, 28.581917490810156, 2993.800000000000182 ], [ 84.183607036247849, 28.581930650398135, 2994.0 ], [ 84.183588596060872, 28.58198270201683, 2994.4 ], [ 84.183561271056533, 28.581996113061905, 2995.0 ], [ 84.183557583019137, 28.582012290135022, 2995.199999999999818 ], [ 84.183592367917299, 28.582004830241203, 2995.4 ], [ 84.183577783405781, 28.582007680088282, 2996.0 ], [ 84.183577448129654, 28.582009440287948, 2996.199999999999818 ], [ 84.183580130338669, 28.582023940980431, 2996.199999999999818 ], [ 84.183589098975062, 28.582112034782767, 2996.6 ], [ 84.183593792840838, 28.582133408635855, 2997.199999999999818 ], [ 84.183595217764378, 28.582149920985103, 2997.6 ], [ 84.183592703193426, 28.582157883793116, 2997.800000000000182 ], [ 84.183589098975062, 28.582141790539023, 2998.0 ], [ 84.183604270219803, 28.582098456099629, 2998.199999999999818 ], [ 84.183607371523976, 28.582100216299295, 2998.199999999999818 ], [ 84.183600749820471, 28.582141790539023, 2998.6 ], [ 84.183600917458534, 28.582184119150043, 2998.800000000000182 ], [ 84.18360753916204, 28.582250000908971, 2999.199999999999818 ], [ 84.183589853346348, 28.582286965101957, 3000.4 ], [ 84.183592619374394, 28.582290569320321, 3000.4 ], [ 84.18359873816371, 28.582305237650871, 3000.6 ], [ 84.183618184179068, 28.582348907366395, 3000.800000000000182 ], [ 84.183622542768717, 28.582363408058882, 3000.800000000000182 ], [ 84.183622039854527, 28.582367515191436, 3001.6 ], [ 84.183626901358366, 28.582391319796443, 3002.199999999999818 ], [ 84.183629835024476, 28.582377070561051, 3002.6 ], [ 84.183635199442506, 28.582393499091268, 3003.0 ], [ 84.183650454506278, 28.582474132999774, 3003.800000000000182 ], [ 84.18366520665586, 28.582537835463881, 3003.800000000000182 ], [ 84.183673001825809, 28.582560131326321, 3004.4 ], [ 84.183694124221802, 28.582603465765715, 3004.800000000000182 ], [ 84.183697979897261, 28.582607237622145, 3004.800000000000182 ], [ 84.183705188333988, 28.582625845447183, 3005.6 ], [ 84.183704266324639, 28.582642776891589, 3006.0 ], [ 84.183710301294923, 28.582675801590085, 3006.800000000000182 ], [ 84.183715498074889, 28.582693906500936, 3007.199999999999818 ], [ 84.183718431740999, 28.582702791318297, 3007.4 ], [ 84.183731004595757, 28.582720644772053, 3008.4 ], [ 84.183744248002768, 28.582728691399097, 3009.4 ], [ 84.183747516945004, 28.582731960341334, 3009.6 ], [ 84.183781882748008, 28.582764146849513, 3010.199999999999818 ], [ 84.183796970173717, 28.582760877907276, 3010.800000000000182 ], [ 84.183797473087907, 28.582754507660862, 3011.199999999999818 ], [ 84.183800239115953, 28.582748472690582, 3011.4 ], [ 84.183800993487239, 28.582731373608112, 3011.800000000000182 ], [ 84.183801244944334, 28.582698935642838, 3013.0 ], [ 84.183808285742998, 28.582693319767714, 3013.4 ], [ 84.183855894953012, 28.582696923986077, 3013.6 ], [ 84.183872658759356, 28.582698684185743, 3013.6 ], [ 84.183897553011775, 28.582699438557029, 3013.6 ], [ 84.183895206078887, 28.582719303667545, 3013.800000000000182 ], [ 84.183911215513945, 28.582769008353353, 3014.0 ], [ 84.183924458920956, 28.582830196246505, 3014.0 ], [ 84.183921357616782, 28.582840086892247, 3014.0 ], [ 84.18391540646553, 28.582860119640827, 3014.199999999999818 ], [ 84.183906856924295, 28.582881661131974, 3015.199999999999818 ], [ 84.183883974328637, 28.582882164046168, 3015.6 ], [ 84.183882717043161, 28.582879984751344, 3015.6 ], [ 84.183885734528303, 28.582902951166034, 3015.800000000000182 ], [ 84.183868719264865, 28.582945195958018, 3015.800000000000182 ], [ 84.183857403695583, 28.582973442971703, 3016.199999999999818 ], [ 84.183851620182395, 28.582982579246163, 3016.4 ], [ 84.183838041499257, 28.582979561761022, 3017.199999999999818 ], [ 84.183836448937654, 28.582990458235145, 3017.6 ], [ 84.183837119489908, 28.583002863451838, 3018.6 ], [ 84.183838125318289, 28.583017364144325, 3019.800000000000182 ], [ 84.183840220794082, 28.583021387457848, 3020.199999999999818 ], [ 84.183845669031143, 28.583032283931971, 3021.199999999999818 ], [ 84.183854637667537, 28.583044521510601, 3021.4 ], [ 84.183871066197753, 28.583094393834472, 3022.0 ], [ 84.183872239664197, 28.583099842071533, 3022.4 ], [ 84.18389730155468, 28.583116354420781, 3023.6 ], [ 84.183904761448503, 28.583118533715609, 3024.0 ], [ 84.18390559963882, 28.583122389391065, 3024.4 ], [ 84.183947760611773, 28.583183409646153, 3024.6 ], [ 84.183952203020453, 28.583184834569693, 3024.800000000000182 ], [ 84.1839843057096, 28.58320570550859, 3025.199999999999818 ], [ 84.183992436155677, 28.583210231736302, 3025.199999999999818 ], [ 84.184039374813437, 28.583237808197737, 3025.800000000000182 ], [ 84.184074830263853, 28.583258930593729, 3026.0 ], [ 84.184135934337974, 28.583297319710255, 3026.0 ], [ 84.184174742549658, 28.583346353843808, 3026.0 ], [ 84.184241630136967, 28.583403099328279, 3026.0 ], [ 84.184297118335962, 28.583443332463503, 3026.0 ], [ 84.184366939589381, 28.583499155938625, 3026.0 ], [ 84.184383871033788, 28.583530588075519, 3024.6 ], [ 84.184396108612418, 28.583560008555651, 3024.4 ], [ 84.184401389211416, 28.583571240305901, 3024.4 ], [ 84.184452518820763, 28.583623040467501, 3024.199999999999818 ], [ 84.18447632342577, 28.583638966083527, 3024.0 ], [ 84.184535415843129, 28.583687413483855, 3023.6 ], [ 84.184583192691207, 28.583717336878181, 3023.6 ], [ 84.184632729738951, 28.583735106512904, 3023.4 ], [ 84.184704311192036, 28.583792774006724, 3023.199999999999818 ], [ 84.184720320627093, 28.583866953849792, 3023.199999999999818 ], [ 84.184714453294873, 28.583880281075835, 3023.199999999999818 ], [ 84.1847113519907, 28.583867289125919, 3023.199999999999818 ], [ 84.184712441638112, 28.583867708221081, 3023.199999999999818 ], [ 84.184741945937276, 28.583892853930593, 3023.199999999999818 ], [ 84.184749573469162, 28.583903666585684, 3023.199999999999818 ], [ 84.184776898473501, 28.583950018510222, 3023.199999999999818 ], [ 84.184784274548292, 28.583968793973327, 3022.800000000000182 ], [ 84.184799026697874, 28.583970805630088, 3022.6 ], [ 84.184822663664818, 28.583987234160304, 3022.6 ], [ 84.184860801324248, 28.584057642146945, 3022.6 ], [ 84.184861723333597, 28.584088822826743, 3022.4 ], [ 84.184854682534933, 28.584096366539601, 3022.199999999999818 ], [ 84.184879073873162, 28.584131486713886, 3021.6 ], [ 84.184886952862144, 28.584143053740263, 3021.4 ], [ 84.184892736375332, 28.584144478663799, 3021.0 ], [ 84.184911008924246, 28.584198961034417, 3020.800000000000182 ], [ 84.184928359463811, 28.5842499230057, 3020.800000000000182 ], [ 84.184928862378001, 28.584249168634415, 3020.199999999999818 ], [ 84.184919642284513, 28.584257215261459, 3020.199999999999818 ], [ 84.184930622577667, 28.584265932440761, 3020.0 ], [ 84.184942357242107, 28.584269620478153, 3020.0 ], [ 84.184934478253126, 28.584250928834081, 3019.800000000000182 ], [ 84.184926515445113, 28.584250509738919, 3019.800000000000182 ], [ 84.184925425797701, 28.584262998774648, 3019.800000000000182 ], [ 84.184945207089186, 28.584286971017718, 3019.6 ], [ 84.18497622013092, 28.584325695410371, 3019.6 ], [ 84.184979991987348, 28.584329048171639, 3019.6 ], [ 84.185013771057129, 28.584367521107197, 3019.6 ], [ 84.185005556792021, 28.584360145032409, 3019.6 ], [ 84.184990637004375, 28.584355199709535, 3019.4 ], [ 84.185006394982338, 28.584360312670469, 3019.4 ], [ 84.185003796592355, 28.584361737594008, 3019.6 ], [ 84.185017375275493, 28.584400964900851, 3019.6 ], [ 84.185043778270483, 28.584481263533235, 3020.0 ], [ 84.185051070526242, 28.584484197199345, 3020.0 ], [ 84.185060290619731, 28.584553180262446, 3020.0 ], [ 84.185051321983337, 28.584648817777634, 3020.199999999999818 ], [ 84.184989295899868, 28.584717130288482, 3020.199999999999818 ], [ 84.18489558622241, 28.584771864116192, 3020.4 ], [ 84.184893742203712, 28.584781922400001, 3021.0 ], [ 84.184927688911557, 28.584779994562268, 3021.800000000000182 ], [ 84.184933137148619, 28.584781419485807, 3022.199999999999818 ], [ 84.184960797429085, 28.584810588508844, 3022.800000000000182 ], [ 84.184968341141939, 28.584826933220029, 3023.199999999999818 ], [ 84.184951828792691, 28.584880577400327, 3024.0 ], [ 84.184948056936264, 28.584899436682463, 3024.199999999999818 ], [ 84.184944955632091, 28.584935646504164, 3025.0 ], [ 84.184940680861473, 28.58496330678463, 3025.4 ], [ 84.184903800487518, 28.585013430565596, 3025.6 ], [ 84.184899358078837, 28.585022315382957, 3025.6 ], [ 84.18489214964211, 28.585042934864759, 3025.6 ], [ 84.184888293966651, 28.585072858259078, 3025.6 ], [ 84.184904722496867, 28.585131112486124, 3025.800000000000182 ], [ 84.18495174497366, 28.58519347384572, 3025.800000000000182 ], [ 84.184968676418066, 28.585204789414998, 3026.4 ], [ 84.185009831562638, 28.585220882669091, 3026.4 ], [ 84.185039419680834, 28.585228845477104, 3027.0 ], [ 84.185126507654786, 28.585261618718505, 3027.199999999999818 ], [ 84.185193059965968, 28.585303612053391, 3027.4 ], [ 84.18525910936296, 28.585384581238031, 3027.800000000000182 ], [ 84.185278471559286, 28.585403524339199, 3028.4 ], [ 84.185289116576314, 28.585409810766578, 3028.6 ], [ 84.185333959758282, 28.585472088307142, 3028.6 ], [ 84.185356255620718, 28.585516596212983, 3028.800000000000182 ], [ 84.185445439070463, 28.58555062673986, 3029.0 ], [ 84.185499418526888, 28.585570491850376, 3029.6 ], [ 84.185525570064783, 28.585590105503801, 3030.0 ], [ 84.185551637783647, 28.585602845996618, 3030.4 ], [ 84.185655154287815, 28.585642660036683, 3030.6 ], [ 84.185722628608346, 28.585642157122493, 3031.0 ], [ 84.185794377699494, 28.58561466448009, 3031.0 ], [ 84.185821199789643, 28.58561122789979, 3031.800000000000182 ], [ 84.185891272500157, 28.585615502670407, 3032.6 ], [ 84.185903845354915, 28.585623800754547, 3033.0 ], [ 84.185944329947233, 28.585635451599956, 3033.4 ], [ 84.185946928337216, 28.585638469085097, 3034.0 ], [ 84.185934523120522, 28.58565179631114, 3034.800000000000182 ], [ 84.185933265835047, 28.585653891786933, 3035.199999999999818 ], [ 84.185933852568269, 28.585653975605965, 3035.4 ], [ 84.185930499807, 28.585668141022325, 3036.4 ], [ 84.185932176187634, 28.585689598694444, 3037.0 ], [ 84.185930332168937, 28.585714912042022, 3037.4 ], [ 84.185923710465431, 28.585738716647029, 3038.0 ], [ 84.185921112075448, 28.585740057751536, 3038.0 ], [ 84.185920692980289, 28.585741650313139, 3038.0 ], [ 84.185916250571609, 28.585733771324161, 3038.199999999999818 ], [ 84.185898397117853, 28.58574265614152, 3038.4 ], [ 84.185898983851075, 28.585755312815309, 3038.4 ], [ 84.18591532856226, 28.585767382755876, 3038.4 ], [ 84.185926308855414, 28.585796887055039, 3039.199999999999818 ], [ 84.18592999689281, 28.585806274786592, 3039.6 ], [ 84.185976181179285, 28.585836868733168, 3040.199999999999818 ], [ 84.186019264161587, 28.585851956158876, 3040.6 ], [ 84.186052540317178, 28.585861679166555, 3041.4 ], [ 84.186066705733538, 28.585860840976238, 3041.6 ], [ 84.186102915555239, 28.585850950330496, 3042.800000000000182 ], [ 84.186106519773602, 28.585849357768893, 3043.199999999999818 ], [ 84.186101155355573, 28.585839886218309, 3043.800000000000182 ], [ 84.186072237789631, 28.585835779085755, 3044.199999999999818 ], [ 84.18605706654489, 28.585838293656707, 3044.199999999999818 ], [ 84.186054468154907, 28.585840556770563, 3044.199999999999818 ], [ 84.186066286638379, 28.585873330011964, 3045.800000000000182 ], [ 84.186106435954571, 28.585877101868391, 3046.0 ], [ 84.186124289408326, 28.585902666673064, 3046.0 ], [ 84.186156475916505, 28.585928902029991, 3046.0 ], [ 84.186175251379609, 28.585932841524482, 3046.0 ], [ 84.186258735135198, 28.585978522896767, 3046.199999999999818 ], [ 84.186319168657064, 28.586020851507783, 3046.199999999999818 ], [ 84.186398042365909, 28.586037447676063, 3046.6 ], [ 84.18647431768477, 28.586058234795928, 3047.199999999999818 ], [ 84.186499463394284, 28.586064353585243, 3047.6 ], [ 84.186524944379926, 28.586071729660031, 3048.0 ], [ 84.186588563024998, 28.586089499294761, 3048.800000000000182 ], [ 84.186598369851708, 28.586094947531819, 3049.0 ], [ 84.186639860272408, 28.586123613640662, 3049.199999999999818 ], [ 84.186698701232672, 28.586156470701098, 3049.6 ], [ 84.186735497787595, 28.586171725764871, 3049.800000000000182 ], [ 84.186762319877744, 28.586210450157523, 3049.800000000000182 ], [ 84.186747819185257, 28.586215060204268, 3049.800000000000182 ], [ 84.186750585213304, 28.586224531754851, 3049.800000000000182 ], [ 84.186780592426658, 28.586233500391245, 3049.800000000000182 ], [ 84.186790902167559, 28.586238361895084, 3049.800000000000182 ], [ 84.186798948794603, 28.586242971941829, 3049.800000000000182 ], [ 84.186829207465053, 28.586257304996252, 3049.800000000000182 ], [ 84.186835996806622, 28.586260406300426, 3049.6 ], [ 84.186854101717472, 28.586272560060024, 3049.6 ], [ 84.186866842210293, 28.586281025782228, 3049.6 ], [ 84.186926018446684, 28.586337016895413, 3049.6 ], [ 84.186962312087417, 28.586369371041656, 3049.6 ], [ 84.186979327350855, 28.586383620277047, 3049.800000000000182 ], [ 84.187044957652688, 28.586412370204929, 3050.0 ], [ 84.187110420316458, 28.586456375196576, 3050.6 ], [ 84.187182085588574, 28.586485544219613, 3050.6 ], [ 84.187204549089074, 28.586498452350497, 3051.0 ], [ 84.187242183834314, 28.586527956649661, 3051.6 ], [ 84.187254253774881, 28.586565675213933, 3052.199999999999818 ], [ 84.187251403927803, 28.586605656892061, 3052.800000000000182 ], [ 84.187248051166534, 28.586617475375533, 3052.800000000000182 ], [ 84.187243776395917, 28.586617140099406, 3052.800000000000182 ], [ 84.187215864658356, 28.586624348536137, 3053.0 ], [ 84.187206141650677, 28.586623594164848, 3053.0 ], [ 84.187200693413615, 28.586624683812261, 3053.0 ], [ 84.187203962355852, 28.586633317172527, 3053.0 ], [ 84.187218295410275, 28.58663541264832, 3052.800000000000182 ], [ 84.187212763354182, 28.586642621085048, 3052.800000000000182 ], [ 84.18720874004066, 28.586646476760507, 3052.800000000000182 ], [ 84.187208823859692, 28.586646476760507, 3052.800000000000182 ], [ 84.187208907678723, 28.58664664439857, 3052.800000000000182 ], [ 84.187208991497755, 28.58664907515049, 3052.800000000000182 ], [ 84.187204968184233, 28.586648153141141, 3052.800000000000182 ], [ 84.187210164964199, 28.586654523387551, 3052.800000000000182 ], [ 84.187205387279391, 28.586644716560841, 3052.800000000000182 ], [ 84.187175715342164, 28.586649494245648, 3052.800000000000182 ], [ 84.187168842181563, 28.58664664439857, 3052.800000000000182 ], [ 84.187182001769543, 28.58664547093213, 3052.800000000000182 ], [ 84.187169931828976, 28.586631221696734, 3052.800000000000182 ], [ 84.187184516340494, 28.586639184504747, 3052.6 ], [ 84.18718233704567, 28.586642453446984, 3052.6 ], [ 84.187181163579226, 28.586640525609255, 3052.6 ], [ 84.187178816646338, 28.586642537266016, 3052.6 ], [ 84.187178984284401, 28.586642453446984, 3052.6 ], [ 84.187179068103433, 28.586612110957503, 3052.6 ], [ 84.187171440571547, 28.586622672155499, 3052.4 ], [ 84.187136571854353, 28.58664907515049, 3052.199999999999818 ], [ 84.187015872448683, 28.586728954687715, 3052.4 ], [ 84.187006903812289, 28.586734319105744, 3052.4 ], [ 84.186972202733159, 28.586766589432955, 3052.4 ], [ 84.186918810009956, 28.58680933713913, 3052.4 ], [ 84.18684764765203, 28.586843619123101, 3052.4 ], [ 84.186822418123484, 28.586888127028946, 3053.0 ], [ 84.186825016513467, 28.586875721812248, 3053.0 ], [ 84.186825687065721, 28.586872117593884, 3053.0 ], [ 84.186864495277405, 28.586889049038291, 3053.0 ], [ 84.186862986534834, 28.586888965219259, 3053.0 ], [ 84.186785705387592, 28.586902040988207, 3053.0 ], [ 84.186772042885423, 28.586913859471679, 3052.199999999999818 ], [ 84.186768773943186, 28.586941184476014, 3050.800000000000182 ], [ 84.18676751665771, 28.58695006929338, 3050.800000000000182 ], [ 84.186788471415639, 28.586992146447301, 3050.800000000000182 ], [ 84.186823759227991, 28.587026428431273, 3050.800000000000182 ], [ 84.186892407014966, 28.587079318240285, 3050.800000000000182 ], [ 84.186946051195264, 28.587087700143456, 3050.800000000000182 ], [ 84.186967760324478, 28.587115947157145, 3050.800000000000182 ], [ 84.186973962932825, 28.587141595780849, 3051.4 ], [ 84.186958037316799, 28.587161712348461, 3052.0 ], [ 84.186950996518135, 28.587165232747793, 3052.199999999999818 ], [ 84.186926269903779, 28.587172776460648, 3052.4 ], [ 84.186897436156869, 28.587171351537108, 3052.6 ], [ 84.186883103102446, 28.587174117565155, 3053.0 ], [ 84.186876900494099, 28.58717730268836, 3053.0 ], [ 84.186849826946855, 28.587185433134437, 3053.800000000000182 ], [ 84.186843456700444, 28.587186187505718, 3053.800000000000182 ], [ 84.186826022341847, 28.587190378457308, 3054.199999999999818 ], [ 84.186807917430997, 28.587204627692699, 3054.6 ], [ 84.186801463365555, 28.587217032909393, 3055.0 ], [ 84.186807498335838, 28.587220553308725, 3055.199999999999818 ], [ 84.186835661530495, 28.587228013202548, 3056.0 ], [ 84.186837840825319, 28.587226336821914, 3056.199999999999818 ], [ 84.186851419508457, 28.587225833907723, 3056.6 ], [ 84.186911685392261, 28.5872408375144, 3057.4 ], [ 84.186918810009956, 28.587242597714067, 3057.6 ], [ 84.186925515532494, 28.587266067042947, 3058.4 ], [ 84.186915457248688, 28.587266150861979, 3058.6 ], [ 84.186885701492429, 28.587266737595201, 3059.199999999999818 ], [ 84.186858292669058, 28.587278723716736, 3059.199999999999818 ], [ 84.186849910765886, 28.587279729545116, 3059.4 ], [ 84.186841528862715, 28.587283417582512, 3059.6 ], [ 84.186800541356206, 28.587289452552795, 3060.6 ], [ 84.186795512214303, 28.587289368733764, 3060.800000000000182 ], [ 84.186764163896441, 28.587277801707387, 3061.800000000000182 ], [ 84.18675234541297, 28.587276879698042, 3061.800000000000182 ], [ 84.186720661818981, 28.587274448946118, 3062.6 ], [ 84.18671328574419, 28.58727746643126, 3063.0 ], [ 84.186675315722823, 28.587287440896031, 3063.800000000000182 ], [ 84.18667908757925, 28.587287692353129, 3064.0 ], [ 84.186673471704125, 28.587284758687019, 3064.199999999999818 ], [ 84.186656456440687, 28.587299259379503, 3064.6 ], [ 84.186647655442357, 28.587302193045616, 3065.0 ], [ 84.186638686805964, 28.587302109226584, 3065.199999999999818 ], [ 84.186628544703126, 28.587303450331092, 3065.4 ], [ 84.186616474762559, 28.587297080084682, 3065.800000000000182 ], [ 84.186602644622326, 28.587289620190859, 3066.0 ], [ 84.186596525833011, 28.587276125326753, 3067.0 ], [ 84.1865901555866, 28.587272437289357, 3067.0 ], [ 84.186607338488102, 28.587282244116068, 3067.0 ], [ 84.186578588560224, 28.587291883304715, 3067.0 ], [ 84.186578253284097, 28.587291296571493, 3067.199999999999818 ], [ 84.186583533883095, 28.587287776172161, 3067.6 ], [ 84.186584539711475, 28.587287608534098, 3067.6 ], [ 84.186569452285767, 28.587288111448288, 3067.6 ], [ 84.18657791800797, 28.587259193882343, 3067.6 ], [ 84.186587305739522, 28.587270760908723, 3067.6 ], [ 84.186582779511809, 28.587286854162812, 3067.6 ], [ 84.186581270769238, 28.587308311834931, 3067.6 ], [ 84.186590407043695, 28.587318873032928, 3067.6 ], [ 84.186611277982593, 28.58732339926064, 3068.0 ], [ 84.186647990718484, 28.587338151410226, 3069.199999999999818 ], [ 84.186660312116146, 28.587340917438269, 3070.199999999999818 ], [ 84.186662826687098, 28.587342342361808, 3070.199999999999818 ], [ 84.186667772009969, 28.587340833619237, 3071.0 ], [ 84.186723679304123, 28.587360698729753, 3071.0 ], [ 84.186731642112136, 28.5873669013381, 3071.4 ], [ 84.186765169724822, 28.587381485849619, 3072.199999999999818 ], [ 84.186799367889762, 28.58739179559052, 3072.4 ], [ 84.186820238828659, 28.587402524426579, 3073.0 ], [ 84.186849743127823, 28.587423730641603, 3073.4 ], [ 84.186861729249358, 28.587430855259299, 3074.0 ], [ 84.186880839988589, 28.587442003190517, 3074.4 ], [ 84.186927946284413, 28.58745122328401, 3075.800000000000182 ], [ 84.186968263238668, 28.587461784481999, 3076.800000000000182 ], [ 84.186969604343176, 28.58746312558651, 3077.0 ], [ 84.186970610171556, 28.587477626278996, 3077.4 ], [ 84.186940602958202, 28.587490282952785, 3077.4 ], [ 84.186925766989589, 28.587491204962134, 3077.6 ], [ 84.186906907707453, 28.5874929651618, 3077.800000000000182 ], [ 84.186860052868724, 28.587503526359797, 3078.4 ], [ 84.186850748956203, 28.587506292387843, 3078.6 ], [ 84.186784280464053, 28.587504113093019, 3078.800000000000182 ], [ 84.186770701780915, 28.587503274902701, 3079.4 ], [ 84.186757123097777, 28.587504951283336, 3079.800000000000182 ], [ 84.186754776164889, 28.587495144456625, 3081.199999999999818 ], [ 84.18674748390913, 28.58748776838183, 3081.6 ], [ 84.186721835285425, 28.58748123049736, 3082.0 ], [ 84.186718482524157, 28.58748072758317, 3082.199999999999818 ], [ 84.186698198318481, 28.587484080344439, 3083.199999999999818 ], [ 84.186694426462054, 28.587485756725073, 3083.6 ], [ 84.18667514808476, 28.58748416416347, 3084.199999999999818 ], [ 84.186656707897782, 28.587464718148112, 3084.199999999999818 ], [ 84.186626197770238, 28.587462371215224, 3085.4 ], [ 84.186586467549205, 28.587461113929749, 3086.199999999999818 ], [ 84.186529135331511, 28.587469747290015, 3086.6 ], [ 84.186497116461396, 28.587485421448942, 3087.800000000000182 ], [ 84.186473060399294, 28.587517775595188, 3088.199999999999818 ], [ 84.186507929116488, 28.587512830272317, 3089.0 ], [ 84.186518993228674, 28.587503358721733, 3089.199999999999818 ], [ 84.186532739549875, 28.587482823058963, 3089.6 ], [ 84.186530979350209, 28.587480308488011, 3089.6 ], [ 84.186507510021329, 28.587490115314719, 3089.6 ], [ 84.186504827812314, 28.587493887171149, 3089.800000000000182 ], [ 84.186505666002631, 28.587495060637593, 3089.800000000000182 ], [ 84.186506420373917, 28.587487516924739, 3089.800000000000182 ], [ 84.186504408717155, 28.58748416416347, 3089.800000000000182 ], [ 84.186506168916821, 28.587479637935761, 3089.800000000000182 ], [ 84.186506420373917, 28.587481817230582, 3089.6 ], [ 84.186488231644034, 28.587461784481999, 3089.800000000000182 ], [ 84.186495440080762, 28.587466310709715, 3089.800000000000182 ], [ 84.186523351818323, 28.587474608793855, 3089.800000000000182 ], [ 84.186525782570243, 28.58746605925262, 3089.800000000000182 ], [ 84.186538020148873, 28.58748659491539, 3090.0 ], [ 84.186564506962895, 28.587544346228238, 3090.0 ], [ 84.186573894694448, 28.587556583806872, 3090.0 ], [ 84.186581438407302, 28.587563456967473, 3090.199999999999818 ], [ 84.186630891636014, 28.587600840255615, 3091.199999999999818 ], [ 84.186633657664061, 28.58760385774076, 3091.4 ], [ 84.186643632128835, 28.587617101147771, 3092.4 ], [ 84.186649918556213, 28.587646689265966, 3093.4 ], [ 84.186651427298784, 28.587646605446935, 3093.6 ], [ 84.186662742868066, 28.587674768641591, 3094.0 ], [ 84.186669699847698, 28.587684743106365, 3094.199999999999818 ], [ 84.186677662655711, 28.587696896865964, 3094.800000000000182 ], [ 84.186700712889433, 28.587731849402189, 3095.800000000000182 ], [ 84.18670398183167, 28.587740231305361, 3095.800000000000182 ], [ 84.186700964346528, 28.587750205770135, 3096.199999999999818 ], [ 84.186650756746531, 28.587787337601185, 3096.199999999999818 ], [ 84.186641788110137, 28.587839137762785, 3097.0 ], [ 84.186634579673409, 28.587872749194503, 3098.199999999999818 ], [ 84.186625862494111, 28.587911389768124, 3099.0 ], [ 84.186624689027667, 28.587903929874301, 3099.0 ], [ 84.186614463105798, 28.587906528264284, 3099.0 ], [ 84.186598118394613, 28.587912563234568, 3099.0 ], [ 84.186583701521158, 28.587905941531066, 3099.0 ], [ 84.186571463942528, 28.587900493294001, 3099.199999999999818 ], [ 84.186570709571242, 28.587904516607523, 3099.199999999999818 ], [ 84.186574397608638, 28.587908372282985, 3099.199999999999818 ], [ 84.186594933271408, 28.587929410859942, 3099.199999999999818 ], [ 84.186607673764229, 28.587957574054599, 3099.199999999999818 ], [ 84.186615468934178, 28.587960256263617, 3099.199999999999818 ], [ 84.186619240790606, 28.587949443608519, 3099.800000000000182 ], [ 84.186630137264729, 28.588008703663945, 3099.800000000000182 ], [ 84.186626868322492, 28.588020270690318, 3100.199999999999818 ], [ 84.186624269932508, 28.588030496612191, 3100.4 ], [ 84.186576912179589, 28.588070394471288, 3101.0 ], [ 84.18655252084136, 28.588092271238565, 3101.4 ], [ 84.186520166695118, 28.588138036429878, 3102.4 ], [ 84.186517065390944, 28.588147927075624, 3102.6 ], [ 84.186504073441029, 28.588191596791148, 3103.0 ], [ 84.186505582183599, 28.588200900703669, 3103.800000000000182 ], [ 84.186484543606639, 28.588222861289974, 3105.0 ], [ 84.186478592455387, 28.588227555155751, 3105.0 ], [ 84.186449088156223, 28.588249096646905, 3106.199999999999818 ], [ 84.186445316299796, 28.588262088596821, 3106.6 ], [ 84.186437772586942, 28.588282288983464, 3107.199999999999818 ], [ 84.186442634090781, 28.588315481320024, 3108.0 ], [ 84.186446154490113, 28.588331406936049, 3108.4 ], [ 84.186459314078093, 28.588362922891974, 3109.0 ], [ 84.186453698202968, 28.588382871821523, 3109.6 ], [ 84.186439197510481, 28.58840717934072, 3110.199999999999818 ], [ 84.186429809778929, 28.588416315615177, 3110.4 ], [ 84.186422768980265, 28.588433666154742, 3110.6 ], [ 84.186416147276759, 28.588444646447897, 3110.6 ], [ 84.186411034315825, 28.588452776893973, 3110.6 ], [ 84.186403322964907, 28.588480520993471, 3111.4 ], [ 84.186390247195959, 28.588502230122685, 3111.800000000000182 ], [ 84.186382871121168, 28.588511785492301, 3112.0 ], [ 84.186330316588283, 28.588566184043884, 3112.800000000000182 ], [ 84.186318498104811, 28.588574733585119, 3113.0 ], [ 84.186266278848052, 28.588644806295633, 3113.800000000000182 ], [ 84.18625789694488, 28.588671209290624, 3114.199999999999818 ], [ 84.186261082068086, 28.588741784915328, 3115.0 ], [ 84.186266362667084, 28.588789561763409, 3116.199999999999818 ], [ 84.18626518920064, 28.588798446580768, 3116.4 ], [ 84.18626225553453, 28.588834572583437, 3117.199999999999818 ], [ 84.186258064582944, 28.588849240913987, 3117.6 ], [ 84.186194613575935, 28.588870950043201, 3118.0 ], [ 84.18618212454021, 28.588870950043201, 3118.0 ], [ 84.186165612190962, 28.588867345824841, 3118.0 ], [ 84.186142142862082, 28.588858880102631, 3118.0 ], [ 84.186143483966589, 28.588858125731349, 3118.199999999999818 ], [ 84.186152117326856, 28.58884957619011, 3118.4 ], [ 84.186143567785621, 28.58878587372601, 3118.6 ], [ 84.18614155612886, 28.58880246989429, 3118.800000000000182 ], [ 84.186148345470428, 28.588864160701632, 3118.800000000000182 ], [ 84.186131497845054, 28.58891922980547, 3119.0 ], [ 84.186107274144888, 28.588967509567738, 3119.4 ], [ 84.186106519773602, 28.588972790166736, 3119.4 ], [ 84.186084475368261, 28.589018806815147, 3120.4 ], [ 84.186082631349564, 28.58902283012867, 3120.6 ], [ 84.186068549752235, 28.58904923312366, 3121.199999999999818 ], [ 84.186064777895808, 28.589055016636848, 3121.4 ], [ 84.186061257496476, 28.589062141254544, 3121.800000000000182 ], [ 84.186049690470099, 28.58909466303885, 3122.6 ], [ 84.186045080423355, 28.589099859818816, 3122.800000000000182 ], [ 84.186022616922855, 28.589109415188432, 3124.0 ], [ 84.185977438464761, 28.589163729920983, 3125.0 ], [ 84.185962853953242, 28.589216116815805, 3125.6 ], [ 84.185951706022024, 28.589237490668893, 3126.0 ], [ 84.185942402109504, 28.589258277788758, 3126.6 ], [ 84.185925051569939, 28.589288620278239, 3127.199999999999818 ], [ 84.185896888375282, 28.589308653026819, 3128.199999999999818 ], [ 84.185886578634381, 28.589315107092261, 3128.4 ], [ 84.18584793806076, 28.589341510087252, 3129.199999999999818 ], [ 84.185835449025035, 28.589353747665879, 3129.4 ], [ 84.185806280001998, 28.589382078498598, 3130.0 ], [ 84.18578683398664, 28.589409906417131, 3130.4 ], [ 84.185775686055422, 28.589423820376396, 3131.0 ], [ 84.185769064351916, 28.589431447908279, 3131.4 ], [ 84.185762610286474, 28.589437482878569, 3131.6 ], [ 84.185720281675458, 28.589472351595759, 3132.6 ], [ 84.185701422393322, 28.58948266133666, 3133.199999999999818 ], [ 84.185686921700835, 28.589490037411451, 3133.6 ], [ 84.185670744627714, 28.589517781510949, 3134.199999999999818 ], [ 84.185670660808682, 28.589540747925639, 3134.6 ], [ 84.18568080291152, 28.58957058750093, 3135.199999999999818 ], [ 84.185687592253089, 28.589585842564706, 3135.4 ], [ 84.185689771547914, 28.589589782059193, 3135.6 ], [ 84.185690777376294, 28.589598163962364, 3135.800000000000182 ], [ 84.18569153174758, 28.589607886970043, 3136.0 ], [ 84.18567786924541, 28.589644180610776, 3136.0 ], [ 84.185672588646412, 28.589653149247169, 3136.199999999999818 ], [ 84.185650711879134, 28.589703273028135, 3136.4 ], [ 84.185650292783976, 28.589727412909269, 3137.0 ], [ 84.185637552291155, 28.589747780933976, 3137.4 ], [ 84.185597067698836, 28.589768148958683, 3138.0 ], [ 84.185582399368286, 28.589779632166028, 3138.4 ], [ 84.185561528429389, 28.589850962162014, 3139.0 ], [ 84.185558678582311, 28.589859679341316, 3139.0 ], [ 84.185554319992661, 28.589877113699913, 3140.0 ], [ 84.185538729652762, 28.589890860021111, 3140.6 ], [ 84.185529174283147, 28.589898319914937, 3141.199999999999818 ], [ 84.185514505952597, 28.589905612170696, 3141.6 ], [ 84.185510901734233, 28.589908797293901, 3141.6 ], [ 84.185514338314533, 28.589918855577707, 3141.6 ], [ 84.185512578114867, 28.58992271125317, 3141.6 ], [ 84.185486007481813, 28.589966548606753, 3142.0 ], [ 84.185479301959276, 28.589978870004416, 3142.4 ], [ 84.185477877035737, 28.590008039027452, 3143.199999999999818 ], [ 84.185476033017039, 28.590017091482881, 3143.4 ], [ 84.185465220361948, 28.590071657672524, 3144.4 ], [ 84.185462705790997, 28.590084565803409, 3144.6 ], [ 84.18543454259634, 28.590132426470522, 3144.800000000000182 ], [ 84.185424065217376, 28.590196464210749, 3145.4 ], [ 84.185423646122217, 28.590205935761333, 3145.6 ], [ 84.185409313067794, 28.590300232172012, 3146.4 ], [ 84.185400595888495, 28.590313978493217, 3146.800000000000182 ], [ 84.185360698029399, 28.590347757562995, 3147.6 ], [ 84.185352483764291, 28.590355133637782, 3147.800000000000182 ], [ 84.185326499864459, 28.590402994304895, 3148.800000000000182 ], [ 84.185324655845761, 28.590414645150304, 3148.800000000000182 ], [ 84.185314010828733, 28.590465942397714, 3149.4 ], [ 84.185270173475146, 28.590530902147293, 3149.800000000000182 ], [ 84.185262462124228, 28.590538781136271, 3150.0 ], [ 84.185223989188671, 28.590585300698876, 3150.6 ], [ 84.185226084664464, 28.590588066726923, 3150.6 ], [ 84.185227006673813, 28.590642884373665, 3150.800000000000182 ], [ 84.185223905369639, 28.590652272105217, 3151.199999999999818 ], [ 84.185204794630408, 28.590692253783345, 3152.199999999999818 ], [ 84.185191718861461, 28.590694768354297, 3152.199999999999818 ], [ 84.185149976983666, 28.590752938762307, 3152.199999999999818 ], [ 84.185167578980327, 28.590830722823739, 3152.800000000000182 ], [ 84.185174200683832, 28.59087699092925, 3153.199999999999818 ], [ 84.185166992247105, 28.590894425287843, 3153.4 ], [ 84.185150563716888, 28.590957624837756, 3153.4 ], [ 84.185147630050778, 28.59097883105278, 3153.4 ], [ 84.185156347230077, 28.591009341180325, 3154.199999999999818 ], [ 84.185173027217388, 28.591042617335916, 3154.800000000000182 ], [ 84.185198592022061, 28.591063236817721, 3155.199999999999818 ], [ 84.185205632820725, 28.591067092493176, 3155.199999999999818 ], [ 84.185187863186002, 28.591087711974978, 3155.199999999999818 ], [ 84.185207979753613, 28.59112685546279, 3156.0 ], [ 84.18523027561605, 28.591187624260783, 3156.0 ], [ 84.185235556215048, 28.591193407773972, 3156.4 ], [ 84.185259444639087, 28.591254344210029, 3157.199999999999818 ], [ 84.185275286436081, 28.591273371130228, 3157.4 ], [ 84.185283752158284, 28.59130329452455, 3158.4 ], [ 84.185283584520221, 28.591310922056437, 3158.6 ], [ 84.185289284214377, 28.591372109949589, 3159.6 ], [ 84.185291882604361, 28.591382754966617, 3159.6 ], [ 84.185305209830403, 28.591459114104509, 3160.0 ], [ 84.18532901443541, 28.591518457978964, 3160.4 ], [ 84.185336474329233, 28.591530360281467, 3160.6 ], [ 84.185337899252772, 28.591555757448077, 3161.199999999999818 ], [ 84.185352399945259, 28.591595571488146, 3161.800000000000182 ], [ 84.18536907993257, 28.591622645035383, 3162.199999999999818 ], [ 84.185399757698178, 28.591689951717857, 3162.6 ], [ 84.185400847345591, 28.591695567592978, 3162.800000000000182 ], [ 84.185407888144255, 28.591720294207335, 3163.4 ], [ 84.185397829860449, 28.591727251186967, 3163.4 ], [ 84.185399757698178, 28.591774860396981, 3164.0 ], [ 84.185394560918212, 28.591794474050403, 3164.4 ], [ 84.185401434078813, 28.591835796833038, 3165.199999999999818 ], [ 84.185402607545257, 28.591841915622354, 3165.4 ], [ 84.185413001105189, 28.591870497912169, 3166.4 ], [ 84.185425993055105, 28.59190134331584, 3166.4 ], [ 84.185449881479144, 28.591930763795972, 3166.4 ], [ 84.185457173734903, 28.591935290023685, 3166.6 ], [ 84.185499586164951, 28.591959765180945, 3166.800000000000182 ], [ 84.185494305565953, 28.591975020244721, 3167.4 ], [ 84.185464382171631, 28.592034112662077, 3167.4 ], [ 84.185452060773969, 28.592052301391959, 3167.4 ], [ 84.185454323887825, 28.592074764892459, 3168.199999999999818 ], [ 84.185460945591331, 28.592082979157567, 3168.199999999999818 ], [ 84.185497993603349, 28.59212220646441, 3168.6 ], [ 84.185502855107188, 28.592133102938533, 3168.800000000000182 ], [ 84.185497406870127, 28.592164367437363, 3169.6 ], [ 84.185498831793666, 28.592172916978601, 3169.800000000000182 ], [ 84.185510650277138, 28.59222874045372, 3170.6 ], [ 84.185514086857438, 28.592237709090114, 3170.800000000000182 ], [ 84.185529677197337, 28.592267548665404, 3171.800000000000182 ], [ 84.185535544529557, 28.592277523130178, 3172.0 ], [ 84.185538394376636, 28.592283306643367, 3172.199999999999818 ], [ 84.185536885634065, 28.592288754880428, 3172.6 ], [ 84.185537304729223, 28.592298896983262, 3172.800000000000182 ], [ 84.185539903119206, 28.592322114855051, 3173.199999999999818 ], [ 84.185553062707186, 28.592357905581594, 3174.199999999999818 ], [ 84.185560187324882, 28.59238556586206, 3174.800000000000182 ], [ 84.18557183817029, 28.592410963028669, 3175.199999999999818 ], [ 84.185587931424379, 28.592433929443359, 3175.800000000000182 ], [ 84.185589775443077, 28.592440551146865, 3176.199999999999818 ], [ 84.185585752129555, 28.592443317174911, 3176.4 ], [ 84.185572676360607, 28.592438288033009, 3176.6 ], [ 84.185487516224384, 28.592367544770241, 3177.199999999999818 ], [ 84.185495646670461, 28.592376848682761, 3177.6 ], [ 84.185497993603349, 28.59238849952817, 3177.6 ], [ 84.185570748522878, 28.592455890029669, 3177.6 ], [ 84.185577789321542, 28.592516658827662, 3178.199999999999818 ], [ 84.185581058263779, 28.592531746253371, 3178.800000000000182 ], [ 84.185578459873796, 28.592528393492103, 3179.4 ], [ 84.185585752129555, 28.59252437017858, 3179.800000000000182 ], [ 84.18561777099967, 28.592530656605959, 3179.800000000000182 ], [ 84.185647275298834, 28.592559909448028, 3180.0 ], [ 84.185658171772957, 28.592612463980913, 3180.6 ], [ 84.185658423230052, 28.592617493122816, 3181.0 ], [ 84.18565733358264, 28.592635681852698, 3182.0 ], [ 84.185644090175629, 28.592668455094099, 3182.800000000000182 ], [ 84.185644341632724, 28.592673484235998, 3183.199999999999818 ], [ 84.185636630281806, 28.592691924422979, 3184.0 ], [ 84.185633864253759, 28.592694103717804, 3184.199999999999818 ], [ 84.185627661645412, 28.592701395973563, 3184.800000000000182 ], [ 84.185619698837399, 28.592730313539505, 3185.199999999999818 ], [ 84.18561726808548, 28.592751687392592, 3185.4 ], [ 84.18561726808548, 28.592790998518467, 3185.800000000000182 ], [ 84.185616178438067, 28.592798206955191, 3185.800000000000182 ], [ 84.1855972353369, 28.592808851972222, 3186.6 ], [ 84.185576615855098, 28.592827459797263, 3186.800000000000182 ], [ 84.185572173446417, 28.592851683497429, 3187.4 ], [ 84.185571754351258, 28.592851767316461, 3187.4 ], [ 84.185573849827051, 28.592851180583239, 3187.4 ], [ 84.185589943081141, 28.592879008501768, 3187.6 ], [ 84.185591619461775, 28.592890659347177, 3187.800000000000182 ], [ 84.185584662482142, 28.592961486428976, 3188.800000000000182 ], [ 84.185578124597669, 28.592972215265036, 3189.0 ], [ 84.185554655268788, 28.59300909563899, 3189.800000000000182 ], [ 84.18555524200201, 28.593020159751177, 3190.0 ], [ 84.185555325821042, 28.593058465048671, 3190.0 ], [ 84.185554571449757, 28.593061650171876, 3190.0 ], [ 84.18554107658565, 28.593116635456681, 3190.4 ], [ 84.185535795986652, 28.593124262988567, 3191.0 ], [ 84.185536047443748, 28.593172375112772, 3191.800000000000182 ], [ 84.185534790158272, 28.593181176111106, 3192.0 ], [ 84.185533029958606, 28.593199951574206, 3193.199999999999818 ], [ 84.185530683025718, 28.593211686238647, 3194.199999999999818 ], [ 84.185514422133565, 28.593264743685719, 3194.4 ], [ 84.185519115999341, 28.593320986256003, 3195.199999999999818 ], [ 84.185519618913531, 28.593331044539809, 3195.199999999999818 ], [ 84.185501765459776, 28.593390556052327, 3195.6 ], [ 84.185485169291496, 28.593439003452659, 3196.199999999999818 ], [ 84.185489863157272, 28.593442188575864, 3196.6 ], [ 84.185490282252431, 28.593458700925112, 3197.199999999999818 ], [ 84.185489863157272, 28.593468256294727, 3197.6 ], [ 84.185483660548925, 28.593482002615929, 3198.6 ], [ 84.185480391606688, 28.59347688965499, 3198.800000000000182 ], [ 84.185471590608358, 28.593477057293057, 3198.800000000000182 ], [ 84.185470836237073, 28.593494324013591, 3199.0 ], [ 84.185461783781648, 28.593545285984874, 3199.199999999999818 ], [ 84.185497323051095, 28.593591470271349, 3199.199999999999818 ], [ 84.185508470982313, 28.59359691850841, 3199.199999999999818 ], [ 84.185538981109858, 28.593648970127106, 3199.199999999999818 ], [ 84.18555666692555, 28.593691047281027, 3199.6 ], [ 84.185569658875465, 28.59375617466867, 3199.6 ], [ 84.185604611411691, 28.593847621232271, 3199.6 ], [ 84.185610646381974, 28.593919621780515, 3200.0 ], [ 84.185605701059103, 28.59393990598619, 3200.199999999999818 ], [ 84.185588853433728, 28.593988101929423, 3200.4 ], [ 84.185577370226383, 28.594009056687355, 3200.6 ], [ 84.185555409640074, 28.594057923182845, 3201.0 ], [ 84.18552246876061, 28.594104442745447, 3201.199999999999818 ], [ 84.185511153191328, 28.59412120655179, 3201.800000000000182 ], [ 84.185462202876806, 28.594190943986177, 3201.800000000000182 ], [ 84.185423897579312, 28.594234865158796, 3202.199999999999818 ], [ 84.185379138216376, 28.594294963404536, 3202.4 ], [ 84.185374695807695, 28.594314074143767, 3202.800000000000182 ], [ 84.185365559533238, 28.59433033503592, 3203.4 ], [ 84.185344437137246, 28.594358246773481, 3204.0 ], [ 84.185345359146595, 28.594395965337753, 3204.6 ], [ 84.185364050790668, 28.594403089955449, 3205.0 ], [ 84.185360614210367, 28.594441311433911, 3205.800000000000182 ], [ 84.185364553704858, 28.594467043876648, 3206.199999999999818 ], [ 84.185361620038748, 28.594511300325394, 3206.6 ], [ 84.185349717736244, 28.59454239718616, 3207.199999999999818 ], [ 84.18533974327147, 28.594570644199848, 3207.800000000000182 ], [ 84.185336474329233, 28.594584390521049, 3208.199999999999818 ], [ 84.185345442965627, 28.594604171812534, 3208.4 ], [ 84.185356507077813, 28.594641974195842, 3209.0 ], [ 84.185353070497513, 28.594642225652933, 3209.0 ], [ 84.185338402166963, 28.594639711081982, 3209.0 ], [ 84.185332534834743, 28.594630910083652, 3209.199999999999818 ], [ 84.185332534834743, 28.594630910083652, 3209.199999999999818 ], [ 84.185308730229735, 28.594644572585821, 3209.199999999999818 ], [ 84.185294816270471, 28.594644404947761, 3209.199999999999818 ], [ 84.185294900089502, 28.594648512080312, 3209.199999999999818 ], [ 84.185335636138916, 28.594654211774468, 3209.199999999999818 ], [ 84.185302192345262, 28.594626216217875, 3209.199999999999818 ], [ 84.185338066890836, 28.594640549272299, 3209.4 ], [ 84.185348208993673, 28.594640381634235, 3209.6 ], [ 84.185337731614709, 28.594682710245252, 3209.800000000000182 ], [ 84.185320800170302, 28.594754878431559, 3209.800000000000182 ], [ 84.185311663895845, 28.594797542318702, 3210.4 ], [ 84.185295654460788, 28.594813467934728, 3210.6 ], [ 84.185271514579654, 28.594842636957765, 3211.4 ], [ 84.18527377769351, 28.594841295853257, 3211.6 ], [ 84.185275118798018, 28.594888485968113, 3211.6 ], [ 84.185263551771641, 28.594920756295323, 3212.4 ], [ 84.18526547960937, 28.594930479302999, 3212.800000000000182 ], [ 84.185259025543928, 28.594940537586808, 3213.4 ], [ 84.185260618105531, 28.59494355507195, 3213.6 ], [ 84.185266653075814, 28.594993343576789, 3213.800000000000182 ], [ 84.185290038585663, 28.595040030777454, 3214.6 ], [ 84.185320800170302, 28.595033492892981, 3214.800000000000182 ], [ 84.1853260807693, 28.595043551176783, 3214.800000000000182 ], [ 84.185304790735245, 28.595043970271945, 3215.0 ], [ 84.185272520408034, 28.595083449035883, 3215.800000000000182 ], [ 84.185268832370639, 28.595092250034213, 3215.800000000000182 ], [ 84.185264054685831, 28.595139440149069, 3216.199999999999818 ], [ 84.185255588963628, 28.595132818445563, 3216.6 ], [ 84.185248296707869, 28.595118569210172, 3216.6 ], [ 84.185202866792679, 28.59510624781251, 3217.0 ], [ 84.185202699154615, 28.595106331631541, 3217.0 ], [ 84.185198759660125, 28.595107840374112, 3217.0 ], [ 84.185198927298188, 28.59510775655508, 3217.199999999999818 ], [ 84.185202699154615, 28.595106331631541, 3217.199999999999818 ], [ 84.185225749388337, 28.595109600573775, 3217.4 ], [ 84.185227593407035, 28.59511504881084, 3217.4 ], [ 84.185243099927902, 28.595134494826201, 3217.4 ], [ 84.18522784486413, 28.595146648585796, 3217.4 ], [ 84.185223486274481, 28.595149666070935, 3217.4 ], [ 84.185224995017052, 28.595152935013175, 3217.4 ], [ 84.185229185968637, 28.595168190076947, 3217.4 ], [ 84.185230024158955, 28.595195095986128, 3217.6 ], [ 84.18522541411221, 28.595221415162086, 3217.6 ], [ 84.185219965875149, 28.595283189788461, 3217.6 ], [ 84.18521317653358, 28.595308251678944, 3217.4 ], [ 84.185203872621059, 28.595333648845553, 3217.4 ], [ 84.185198675841093, 28.595341276377439, 3217.4 ], [ 84.185170093551278, 28.595353178679943, 3217.4 ], [ 84.185166908428073, 28.595348065719008, 3217.199999999999818 ], [ 84.185163052752614, 28.595335157588124, 3217.0 ], [ 84.185163052752614, 28.595335157588124, 3217.0 ], [ 84.185163052752614, 28.595335492864251, 3217.0 ], [ 84.185161041095853, 28.595340438187119, 3217.0 ], [ 84.185154419392347, 28.595360219478607, 3217.0 ], [ 84.185136817395687, 28.595415120944381, 3217.0 ], [ 84.1850929800421, 28.595508327707648, 3217.0 ], [ 84.185043442994356, 28.595549315214157, 3217.199999999999818 ], [ 84.18503045104444, 28.595600109547377, 3218.199999999999818 ], [ 84.185022991150618, 28.595650317147378, 3218.800000000000182 ], [ 84.185018548741937, 28.595665656030175, 3219.4 ], [ 84.185014693066478, 28.595678647980098, 3220.0 ], [ 84.185003796592355, 28.595704715698957, 3220.4 ], [ 84.184994157403708, 28.595760120078921, 3221.0 ], [ 84.184979824349284, 28.595791049301624, 3221.199999999999818 ], [ 84.184971190989017, 28.595809070393443, 3221.4 ], [ 84.18495275080204, 28.595863971859217, 3221.800000000000182 ], [ 84.18494688346982, 28.595883836969733, 3222.4 ], [ 84.184932885691524, 28.595907473936677, 3222.6 ], [ 84.184922492131591, 28.595924321562052, 3223.199999999999818 ], [ 84.184920312836766, 28.595933374017477, 3223.6 ], [ 84.184891982004046, 28.595982324331999, 3225.0 ], [ 84.184890054166317, 28.595991209149361, 3226.0 ], [ 84.184903632849455, 28.596029262989759, 3226.4 ], [ 84.184909667819738, 28.596053402870893, 3227.199999999999818 ], [ 84.184901537373662, 28.596049882471561, 3227.199999999999818 ], [ 84.184900196269155, 28.596058683469892, 3227.6 ], [ 84.184900196269155, 28.596058683469892, 3227.800000000000182 ], [ 84.184900196269155, 28.596058683469892, 3227.800000000000182 ], [ 84.184925844892859, 28.596081482246522, 3227.800000000000182 ], [ 84.184925677254796, 28.596090702340007, 3228.4 ], [ 84.184899860993028, 28.596051055938005, 3229.0 ], [ 84.184907739982009, 28.59605809673667, 3229.0 ], [ 84.184903632849455, 28.596066227182742, 3229.199999999999818 ], [ 84.18492441996932, 28.596106795594096, 3229.199999999999818 ], [ 84.184914026409388, 28.596107214689255, 3229.4 ], [ 84.184904051944613, 28.596109980717301, 3229.6 ], [ 84.184885192662477, 28.596105957403779, 3229.800000000000182 ], [ 84.184903297573328, 28.596112746745348, 3230.0 ], [ 84.184908075258136, 28.596117272973061, 3230.0 ], [ 84.184929113835096, 28.596150213852525, 3230.6 ], [ 84.184945458546281, 28.596183322370052, 3230.6 ], [ 84.184956522658467, 28.596199918538332, 3231.0 ], [ 84.184974795207381, 28.596233446151015, 3231.800000000000182 ], [ 84.184984350576997, 28.596262950450186, 3232.6 ], [ 84.184993822127581, 28.596296980977058, 3232.6 ], [ 84.184987116605043, 28.596331514418125, 3232.6 ], [ 84.184970688074827, 28.596361521631479, 3232.6 ], [ 84.184948476031423, 28.596401000395417, 3232.6 ], [ 84.184943614527583, 28.596438551321626, 3232.6 ], [ 84.184942189604044, 28.596448358148336, 3232.6 ], [ 84.184926180168986, 28.596509294584394, 3232.6 ], [ 84.184924336150289, 28.596544330939651, 3231.4 ], [ 84.184916540980339, 28.596570482477546, 3230.4 ], [ 84.184913272038102, 28.59657408669591, 3230.199999999999818 ], [ 84.184919390827417, 28.596564866602421, 3229.800000000000182 ], [ 84.184917965903878, 28.596569560468197, 3229.6 ], [ 84.184903968125582, 28.596584815531969, 3229.4 ], [ 84.184877062216401, 28.596609709784389, 3228.6 ], [ 84.184865579009056, 28.596618929877877, 3228.4 ], [ 84.184845462441444, 28.59665472060442, 3227.4 ], [ 84.184840936213732, 28.59666058793664, 3227.199999999999818 ], [ 84.1848115157336, 28.596683470532295, 3226.199999999999818 ], [ 84.184790309518576, 28.596694869920611, 3225.800000000000182 ], [ 84.184775641188025, 28.5967075265944, 3225.199999999999818 ], [ 84.184729624539614, 28.596743401139975, 3224.4 ], [ 84.184712274000049, 28.596758740022779, 3224.199999999999818 ], [ 84.184659216552973, 28.596811965107921, 3223.0 ], [ 84.184654941782355, 28.596817748621103, 3222.800000000000182 ], [ 84.184646643698215, 28.596824957057834, 3222.0 ], [ 84.184614373371005, 28.596860831603408, 3221.0 ], [ 84.184597190469503, 28.596879187971354, 3220.6 ], [ 84.184584869071841, 28.596923695877191, 3219.800000000000182 ], [ 84.184583863243461, 28.596944315358996, 3219.199999999999818 ], [ 84.184583025053144, 28.596962001174688, 3218.800000000000182 ], [ 84.184570452198386, 28.597011538222432, 3217.800000000000182 ], [ 84.184566680341959, 28.59702461399138, 3217.6 ], [ 84.184537678956985, 28.597083454951644, 3216.6 ], [ 84.1845334880054, 28.597086220979691, 3216.4 ], [ 84.184523848816752, 28.597125532105565, 3215.199999999999818 ], [ 84.184510689228773, 28.597167944535613, 3214.199999999999818 ], [ 84.184497445821762, 28.597227623686191, 3213.0 ], [ 84.184508007019758, 28.597254110500216, 3212.4 ], [ 84.184531811624765, 28.597307251766324, 3212.0 ], [ 84.184566009789705, 28.597355615347624, 3211.800000000000182 ], [ 84.184592831879854, 28.597423760220408, 3211.4 ], [ 84.184589479118586, 28.597484948113561, 3211.4 ], [ 84.18459408916533, 28.597520152106881, 3211.0 ], [ 84.184605488553643, 28.597584357485175, 3210.800000000000182 ], [ 84.184644045308232, 28.597660968080163, 3210.800000000000182 ], [ 84.184687128290534, 28.597712265327573, 3210.800000000000182 ], [ 84.184717973694205, 28.597740931436419, 3210.4 ], [ 84.184741107746959, 28.597794072702527, 3210.4 ], [ 84.184755021706223, 28.597840173169971, 3210.4 ], [ 84.184755440801382, 28.597853751853108, 3210.4 ], [ 84.184754015877843, 28.597851572558284, 3210.199999999999818 ], [ 84.184794332832098, 28.597875125706196, 3210.199999999999818 ], [ 84.184797182679176, 28.597889374941587, 3209.800000000000182 ], [ 84.184782011434436, 28.597920052707195, 3209.0 ], [ 84.184772120788693, 28.597943354398012, 3208.4 ], [ 84.18475728482008, 28.597975121811032, 3207.199999999999818 ], [ 84.184753680601716, 28.597982497885823, 3206.800000000000182 ], [ 84.184742448851466, 28.598000351339579, 3206.199999999999818 ], [ 84.184734988957644, 28.598021054640412, 3205.199999999999818 ], [ 84.184737419709563, 28.598025748506188, 3205.0 ], [ 84.184736497700214, 28.598072100430727, 3204.0 ], [ 84.184745047241449, 28.598099509254094, 3203.800000000000182 ], [ 84.184755943715572, 28.598126163706183, 3203.0 ], [ 84.184742867946625, 28.598192213103175, 3201.800000000000182 ], [ 84.184689475223422, 28.598280139267445, 3201.4 ], [ 84.184687547385693, 28.598306709900498, 3200.800000000000182 ], [ 84.184690816327929, 28.598363036289811, 3199.6 ], [ 84.184691403061152, 28.598373932763938, 3199.4 ], [ 84.184692744165659, 28.598419362679124, 3198.6 ], [ 84.18468939140439, 28.598479460924864, 3198.6 ], [ 84.184689726680517, 28.59851935878396, 3198.199999999999818 ], [ 84.18469475582242, 28.598546013236049, 3198.0 ], [ 84.18469425290823, 28.598546348512173, 3197.6 ], [ 84.184681009501219, 28.598570069298148, 3197.6 ], [ 84.184667179360986, 28.59859781339765, 3197.4 ], [ 84.184642871841788, 28.598654055967927, 3197.4 ], [ 84.184630801901221, 28.598704934120175, 3196.4 ], [ 84.184625688940287, 28.598744412884116, 3195.199999999999818 ], [ 84.184602973982692, 28.598804846405983, 3194.199999999999818 ], [ 84.1845921613276, 28.598840804770589, 3194.0 ], [ 84.184563076123595, 28.598926803097129, 3193.199999999999818 ], [ 84.184559136629105, 28.598938621580601, 3193.199999999999818 ], [ 84.184521501883864, 28.599006347358227, 3193.0 ], [ 84.184493673965335, 28.599043060094122, 3192.0 ], [ 84.184478418901563, 28.599056387320161, 3191.6 ], [ 84.184445226565003, 28.5990802757442, 3191.0 ], [ 84.184403652325273, 28.599117659032345, 3189.800000000000182 ], [ 84.184394599869847, 28.599127801135182, 3189.6 ], [ 84.184378255158663, 28.599148839712143, 3188.800000000000182 ], [ 84.184356210753322, 28.59917733818293, 3188.0 ], [ 84.184350008144975, 28.599185636267062, 3187.6 ], [ 84.184301057830453, 28.599223271012303, 3186.4 ], [ 84.184286389499903, 28.599253864958879, 3185.4 ], [ 84.184267865493894, 28.599273646250367, 3184.199999999999818 ], [ 84.184247832745314, 28.599296612665057, 3183.199999999999818 ], [ 84.18423593044281, 28.599313879385591, 3182.6 ], [ 84.18422419577837, 28.599333493039012, 3182.0 ], [ 84.184197960421443, 28.599366853013635, 3180.800000000000182 ], [ 84.184154961258173, 28.599398704245687, 3179.800000000000182 ], [ 84.184133419767022, 28.599415216594934, 3179.4 ], [ 84.184105591848493, 28.599441787227988, 3178.6 ], [ 84.184078518301249, 28.599472213536501, 3177.800000000000182 ], [ 84.18407466262579, 28.599474979564548, 3177.800000000000182 ], [ 84.184083547443151, 28.599471794441342, 3177.6 ], [ 84.184096707031131, 28.599463999271393, 3177.6 ], [ 84.184100646525621, 28.599473470821977, 3177.4 ], [ 84.184102322906256, 28.599483696743849, 3177.199999999999818 ], [ 84.184102239087224, 28.599485289305449, 3176.6 ], [ 84.184099053964019, 28.599488642066717, 3176.6 ], [ 84.184064604341984, 28.599511357024312, 3176.6 ], [ 84.184044906869531, 28.599522169679403, 3176.199999999999818 ], [ 84.184016492217779, 28.599537927657369, 3175.4 ], [ 84.183974415063858, 28.599568773061037, 3174.199999999999818 ], [ 84.183970391750336, 28.599573383107781, 3173.800000000000182 ], [ 84.18396326713264, 28.599590733647343, 3173.0 ], [ 84.183937534689903, 28.599629709497098, 3171.800000000000182 ], [ 84.183910712599754, 28.599663823842999, 3170.800000000000182 ], [ 84.183879196643829, 28.599704978987575, 3169.6 ], [ 84.183838963508606, 28.599735237658024, 3168.4 ], [ 84.183802586048841, 28.599755940958858, 3167.800000000000182 ], [ 84.183781463652849, 28.599767172709107, 3167.4 ], [ 84.18372580781579, 28.599792821332812, 3166.4 ], [ 84.18370233848691, 28.599802544340491, 3166.0 ], [ 84.183655064553022, 28.599833054468036, 3165.199999999999818 ], [ 84.183624135330319, 28.599856020882729, 3164.6 ], [ 84.183581722900271, 28.599907904863361, 3164.4 ], [ 84.183510560542345, 28.599962554872036, 3164.4 ], [ 84.183498825877905, 28.599969763308764, 3164.199999999999818 ], [ 84.183422885835171, 28.600011924281716, 3164.199999999999818 ], [ 84.183335043489933, 28.600060623139143, 3164.0 ], [ 84.183255918323994, 28.600109070539471, 3164.0 ], [ 84.183196490630507, 28.600146537646651, 3164.0 ], [ 84.183193640783429, 28.600158356130123, 3164.0 ], [ 84.183189701288939, 28.60016212798655, 3164.0 ], [ 84.183167992159724, 28.600171850994229, 3164.0 ], [ 84.183143517002463, 28.600173192098737, 3164.0 ], [ 84.18307838961482, 28.600198170170188, 3164.0 ], [ 84.183048130944371, 28.600206132978201, 3164.0 ], [ 84.183025918900967, 28.600208563730121, 3164.0 ], [ 84.183012675493956, 28.600195655599236, 3164.0 ], [ 84.183010328561068, 28.600193727761507, 3164.0 ], [ 84.183013178408146, 28.600214766338468, 3164.0 ], [ 84.183010328561068, 28.600239492952824, 3164.0 ], [ 84.182996163144708, 28.600249635055661, 3164.0 ], [ 84.18299188837409, 28.600257514044639, 3164.0 ], [ 84.182941680774093, 28.600317277014256, 3164.199999999999818 ], [ 84.182922570034862, 28.600353738293052, 3164.4 ], [ 84.18286825530231, 28.600423727184538, 3164.4 ], [ 84.182838248088956, 28.600457338616252, 3164.800000000000182 ], [ 84.182807402685285, 28.600480891764164, 3164.800000000000182 ], [ 84.182717800140381, 28.600556245073676, 3164.800000000000182 ], [ 84.182669017463923, 28.600615002214909, 3164.800000000000182 ], [ 84.18263859115541, 28.600658839568496, 3164.800000000000182 ], [ 84.18262685649097, 28.600672669708729, 3164.800000000000182 ], [ 84.182586036622524, 28.600739892572165, 3164.800000000000182 ], [ 84.182540103793144, 28.600808707997203, 3164.800000000000182 ], [ 84.182482603937387, 28.600861933082346, 3164.800000000000182 ], [ 84.182416303083301, 28.600944578647617, 3164.800000000000182 ], [ 84.182382691651583, 28.601019512861967, 3164.800000000000182 ], [ 84.182302057743073, 28.601065948605537, 3164.800000000000182 ], [ 84.182229470461607, 28.601127052679654, 3164.800000000000182 ], [ 84.182181358337402, 28.601174661889672, 3164.800000000000182 ], [ 84.18215093202889, 28.601223444566131, 3165.0 ], [ 84.18211723677814, 28.601254960522056, 3165.0 ], [ 84.182121511548758, 28.601255463436249, 3165.199999999999818 ], [ 84.182087732478976, 28.601282704621553, 3166.4 ], [ 84.182087816298008, 28.601297121495008, 3166.4 ], [ 84.182093935087323, 28.601293433457613, 3166.6 ], [ 84.182087061926723, 28.601308520883322, 3166.6 ], [ 84.182028053328395, 28.601343976333737, 3166.6 ], [ 84.181911963969469, 28.601363087072968, 3166.6 ], [ 84.181861756369472, 28.601381359621879, 3166.6 ], [ 84.181845495477319, 28.601367780938745, 3166.6 ], [ 84.181828564032912, 28.601370463147759, 3166.6 ], [ 84.181720856577158, 28.601428214460611, 3166.800000000000182 ], [ 84.181662518531084, 28.601493593305349, 3167.4 ], [ 84.181573670357466, 28.601559475064281, 3167.4 ], [ 84.181535867974162, 28.601596523076296, 3168.0 ], [ 84.181519523262978, 28.601608593016863, 3168.199999999999818 ], [ 84.181479373946786, 28.601649245247245, 3168.4 ], [ 84.181456491351128, 28.601668272167444, 3168.6 ], [ 84.181435704231262, 28.601683778688312, 3169.0 ], [ 84.181420113891363, 28.601695345714688, 3169.4 ], [ 84.18138331733644, 28.601722167804837, 3170.0 ], [ 84.181348280981183, 28.601749828085303, 3171.4 ], [ 84.181323302909732, 28.601769441738725, 3172.199999999999818 ], [ 84.181316932663321, 28.601772040128708, 3172.6 ], [ 84.18125775642693, 28.60178436152637, 3173.6 ], [ 84.181194975972176, 28.601789139211174, 3174.800000000000182 ], [ 84.181194473057985, 28.601786876097322, 3174.800000000000182 ], [ 84.181197825819254, 28.601785702630877, 3174.800000000000182 ], [ 84.181197825819254, 28.601785702630877, 3175.0 ], [ 84.181167064234614, 28.601801376789808, 3175.199999999999818 ], [ 84.181099757552147, 28.601837586611509, 3175.800000000000182 ], [ 84.181077377870679, 28.601847141981125, 3176.199999999999818 ], [ 84.181009735912085, 28.601891146972775, 3176.800000000000182 ], [ 84.180994648486376, 28.601895421743393, 3176.800000000000182 ], [ 84.180924911051989, 28.601938588544726, 3176.800000000000182 ], [ 84.180802535265684, 28.601994579657912, 3177.0 ], [ 84.180718213319778, 28.602046631276608, 3177.0 ], [ 84.180622324347496, 28.602081583812833, 3177.0 ], [ 84.180535320192575, 28.602096252143383, 3177.4 ], [ 84.180459966883063, 28.602100275456905, 3177.4 ], [ 84.180431133136153, 28.602106561884284, 3177.4 ], [ 84.180414201691747, 28.602093402296305, 3177.800000000000182 ], [ 84.180409507825971, 28.602092228829861, 3178.0 ], [ 84.180411854758859, 28.602093486115336, 3178.0 ], [ 84.180412441492081, 28.602093234658241, 3178.0 ], [ 84.180428618565202, 28.602092731744051, 3178.0 ], [ 84.180420823395252, 28.602068005129695, 3178.199999999999818 ], [ 84.180417638272047, 28.602060377597809, 3178.800000000000182 ], [ 84.180378830060363, 28.602021401748061, 3179.0 ], [ 84.18036550283432, 28.602016707882285, 3179.199999999999818 ], [ 84.180344715714455, 28.60200715251267, 3180.4 ], [ 84.180325604975224, 28.601996339857578, 3181.4 ], [ 84.18031663633883, 28.601989634335041, 3181.6 ], [ 84.180292915552855, 28.601987035945054, 3182.4 ], [ 84.180294089019299, 28.602004637941722, 3182.800000000000182 ], [ 84.180280175060034, 28.602009415626529, 3182.800000000000182 ], [ 84.180175736546516, 28.60206825658679, 3182.800000000000182 ], [ 84.180156541988254, 28.602090468630195, 3182.800000000000182 ], [ 84.180116476491094, 28.602121397852898, 3182.800000000000182 ], [ 84.18004154227674, 28.602176634594802, 3183.0 ], [ 84.179967446252704, 28.602225920185447, 3183.0 ], [ 84.179904162883759, 28.60226615332067, 3183.0 ], [ 84.179898044094443, 28.602289874106649, 3183.0 ], [ 84.179904414340854, 28.602302363142371, 3183.0 ], [ 84.179919669404626, 28.60232625156641, 3183.4 ], [ 84.179926794022322, 28.602326419204473, 3183.800000000000182 ], [ 84.179899552837014, 28.602306470274925, 3186.6 ], [ 84.179841466248035, 28.602301692590117, 3186.6 ], [ 84.179811626672745, 28.60232574865222, 3186.6 ], [ 84.179726298898458, 28.602352570742369, 3186.6 ], [ 84.17960911989212, 28.602374782785773, 3186.800000000000182 ], [ 84.17949135415256, 28.602386517450213, 3186.800000000000182 ], [ 84.179365122690797, 28.602390876039863, 3186.800000000000182 ], [ 84.179233610630035, 28.602382494136691, 3186.800000000000182 ], [ 84.17910679243505, 28.602357851341367, 3187.0 ], [ 84.17898952960968, 28.602351061999801, 3187.199999999999818 ], [ 84.178868159651756, 28.60235558822751, 3187.4 ], [ 84.178736731410027, 28.60237578861415, 3187.6 ], [ 84.178590383380651, 28.602379728108644, 3188.0 ], [ 84.178489968180656, 28.602388361468911, 3188.0 ], [ 84.178480412811041, 28.602388026192784, 3188.0 ], [ 84.178402377292514, 28.602389451116323, 3188.0 ], [ 84.178362563252449, 28.602392468601465, 3188.0 ], [ 84.178272122517228, 28.602401604875919, 3188.0 ], [ 84.178158966824412, 28.602422056719661, 3188.199999999999818 ], [ 84.178046984598041, 28.602430941537023, 3188.199999999999818 ], [ 84.177946737036109, 28.602445106953382, 3188.199999999999818 ], [ 84.177839700132608, 28.602471593767405, 3188.199999999999818 ], [ 84.177730064839125, 28.602492045611143, 3188.199999999999818 ], [ 84.177626296877861, 28.602534793317322, 3188.4 ], [ 84.177564773708582, 28.602567482739687, 3188.4 ], [ 84.17745815590024, 28.602593969553709, 3188.4 ], [ 84.177364530041814, 28.602620372548699, 3188.4 ], [ 84.177327565848827, 28.602621546015143, 3188.4 ], [ 84.177253386005759, 28.602617103606462, 3188.4 ], [ 84.177167387679219, 28.602643506601453, 3188.4 ], [ 84.177167387679219, 28.602643506601453, 3188.4 ], [ 84.177167387679219, 28.602643506601453, 3188.4 ], [ 84.177153641358018, 28.602646859362721, 3188.199999999999818 ], [ 84.177126316353679, 28.602661276236176, 3188.199999999999818 ], [ 84.177086669951677, 28.60269321128726, 3187.6 ], [ 84.17707703076303, 28.602697569876909, 3187.4 ], [ 84.177000168710947, 28.602715842425823, 3187.0 ], [ 84.1769680660218, 28.602722464129329, 3186.6 ], [ 84.176874356344342, 28.60273034311831, 3185.4 ], [ 84.176787016913295, 28.602739898487929, 3185.199999999999818 ], [ 84.176775868982077, 28.602743502706289, 3185.0 ], [ 84.176726164296269, 28.602755991742015, 3184.4 ], [ 84.176681488752365, 28.602759009227157, 3183.199999999999818 ], [ 84.176620552316308, 28.602773007005453, 3182.199999999999818 ], [ 84.176588281989098, 28.60278700478375, 3181.6 ], [ 84.176556011661887, 28.60280267894268, 3181.0 ], [ 84.176499098539352, 28.602823968976736, 3180.0 ], [ 84.176490632817149, 28.602825477719307, 3179.800000000000182 ], [ 84.176449812948704, 28.602840648964047, 3178.800000000000182 ], [ 84.17639097198844, 28.60286763869226, 3178.4 ], [ 84.17632794007659, 28.602886414155364, 3177.4 ], [ 84.176287036389112, 28.602894125506278, 3176.4 ], [ 84.176272703334689, 28.602896807715297, 3176.4 ], [ 84.176182262599468, 28.602925557643175, 3176.0 ], [ 84.1760528460145, 28.602959923446178, 3175.800000000000182 ], [ 84.175968104973435, 28.602994540706277, 3175.4 ], [ 84.175926363095641, 28.603001246228818, 3175.199999999999818 ], [ 84.175884705036879, 28.60299470834434, 3175.199999999999818 ], [ 84.175886549055576, 28.602952882647511, 3175.199999999999818 ], [ 84.175907336175442, 28.602993283420801, 3174.199999999999818 ], [ 84.175885459408164, 28.60301717184484, 3174.0 ], [ 84.175803903490305, 28.603045754134655, 3173.199999999999818 ], [ 84.175773477181792, 28.603061679750681, 3173.0 ], [ 84.175688233226538, 28.603098979219791, 3172.6 ], [ 84.175635175779462, 28.603122029453516, 3172.0 ], [ 84.175598127767444, 28.603135859593749, 3171.6 ], [ 84.175538029521704, 28.60316033475101, 3171.0 ], [ 84.175518583506346, 28.603167543187737, 3171.0 ], [ 84.175487402826548, 28.603185815736651, 3170.800000000000182 ], [ 84.175422610715032, 28.603227809071541, 3169.800000000000182 ], [ 84.175387658178806, 28.603247925639153, 3169.4 ], [ 84.175319513306022, 28.603280279785395, 3168.6 ], [ 84.175278441980481, 28.603300312533975, 3168.199999999999818 ], [ 84.175267294049263, 28.603307856246829, 3168.0 ], [ 84.175205351784825, 28.603340378031135, 3167.800000000000182 ], [ 84.175163442268968, 28.603362590074539, 3167.6 ], [ 84.175131423398852, 28.603373905643821, 3167.199999999999818 ], [ 84.175063027068973, 28.603398213163018, 3166.6 ], [ 84.175039390102029, 28.603406511247162, 3166.4 ], [ 84.17491190135479, 28.603463424369693, 3165.800000000000182 ], [ 84.174838894978166, 28.603511452674866, 3165.4 ], [ 84.174813162535429, 28.603537604212761, 3165.199999999999818 ], [ 84.174740239977837, 28.603589404374361, 3164.6 ], [ 84.174732360988855, 28.603598289191723, 3164.4 ], [ 84.174670586362481, 28.60365922562778, 3163.6 ], [ 84.174620378762484, 28.603718150407076, 3163.199999999999818 ], [ 84.174615517258644, 28.603726448491216, 3163.199999999999818 ], [ 84.174543935805559, 28.603798449039459, 3162.4 ], [ 84.174532368779182, 28.603808423504233, 3162.199999999999818 ], [ 84.174451399594545, 28.603875730186701, 3162.0 ], [ 84.174380153417587, 28.60392945818603, 3161.800000000000182 ], [ 84.174292143434286, 28.603987796232104, 3161.4 ], [ 84.174257609993219, 28.603996764868494, 3161.4 ], [ 84.174186196178198, 28.604027191177011, 3161.4 ], [ 84.174090391024947, 28.604066418483853, 3161.4 ], [ 84.173992741852999, 28.604107908904552, 3161.4 ], [ 84.173883944749832, 28.604157026857138, 3161.4 ], [ 84.173745978623629, 28.604198098182682, 3161.6 ], [ 84.173646233975887, 28.604227602481838, 3161.6 ], [ 84.173537939786911, 28.604259453713897, 3161.800000000000182 ], [ 84.173435596749187, 28.60430127941072, 3161.800000000000182 ], [ 84.17334632948041, 28.60435014590621, 3162.0 ], [ 84.173235269263387, 28.604369759559631, 3162.0 ], [ 84.173135608434677, 28.604370597749949, 3162.199999999999818 ], [ 84.173040892928839, 28.604388367384672, 3162.199999999999818 ], [ 84.17293393984437, 28.604405885562301, 3162.4 ], [ 84.17283084243536, 28.604419631883506, 3162.4 ], [ 84.172714166343212, 28.604428684338927, 3162.6 ], [ 84.172671167179942, 28.604445951059461, 3163.4 ], [ 84.172616181895137, 28.604463636875153, 3163.800000000000182 ], [ 84.172548623755574, 28.604482663795352, 3164.4 ], [ 84.172511911019683, 28.604493644088507, 3164.800000000000182 ], [ 84.172436222434044, 28.604516526684165, 3165.199999999999818 ], [ 84.172424739226699, 28.60451853834093, 3165.4 ], [ 84.172397498041391, 28.604524238035083, 3165.4 ], [ 84.17235198430717, 28.604546533897519, 3165.4 ], [ 84.172265063971281, 28.604589365422729, 3165.4 ], [ 84.172137826681137, 28.60463161021471, 3165.4 ], [ 84.172061299905181, 28.604660360142589, 3165.4 ], [ 84.171956442296505, 28.604694474488497, 3165.4 ], [ 84.171882094815373, 28.604710986837745, 3165.199999999999818 ], [ 84.171841191127896, 28.604723894968629, 3165.199999999999818 ], [ 84.171774806454778, 28.604747531935573, 3164.4 ], [ 84.17172409594059, 28.604768570512533, 3163.800000000000182 ], [ 84.171712780371308, 28.60478550195694, 3163.4 ], [ 84.171705907210708, 28.60484560020268, 3163.4 ], [ 84.171711523085833, 28.604884576052427, 3163.4 ], [ 84.171732058748603, 28.604951128363609, 3163.4 ], [ 84.17174069210887, 28.605023128911853, 3163.4 ], [ 84.17170699685812, 28.605108121410012, 3163.4 ], [ 84.171678414568305, 28.60512513667345, 3163.4 ], [ 84.171645976603031, 28.605149611830711, 3163.800000000000182 ], [ 84.171614795923233, 28.605166962370276, 3164.6 ], [ 84.171588979661465, 28.605189509689808, 3165.4 ], [ 84.171585459262133, 28.605214906856418, 3165.6 ], [ 84.171577915549278, 28.605253966525197, 3166.0 ], [ 84.171558385714889, 28.605293361470103, 3166.800000000000182 ], [ 84.171544723212719, 28.605322865769267, 3167.199999999999818 ], [ 84.171511111781001, 28.605347173288465, 3167.800000000000182 ], [ 84.171474818140268, 28.605363517999649, 3168.6 ], [ 84.171406757086515, 28.605391765013337, 3168.6 ], [ 84.171370044350624, 28.605405511334538, 3168.800000000000182 ], [ 84.171284716576338, 28.605446666479111, 3168.800000000000182 ], [ 84.171253284439445, 28.60552771948278, 3168.800000000000182 ], [ 84.171224199235439, 28.605613801628351, 3169.0 ], [ 84.171221517026424, 28.605678845196959, 3169.0 ], [ 84.171231491491199, 28.605763167142868, 3169.4 ], [ 84.171199388802052, 28.605849584564567, 3170.0 ], [ 84.17116753757, 28.605902558192611, 3170.4 ], [ 84.171151695773005, 28.605930050835013, 3170.800000000000182 ], [ 84.171104589477181, 28.605978917330503, 3170.800000000000182 ], [ 84.171061841771007, 28.606039183214307, 3171.0 ], [ 84.171006437391043, 28.606099532917145, 3171.0 ], [ 84.170922450721264, 28.606177652254701, 3171.0 ], [ 84.170879954472184, 28.606211850419641, 3171.0 ], [ 84.170819185674191, 28.606249820441008, 3171.4 ], [ 84.170774174854159, 28.606284270063043, 3171.6 ], [ 84.170735199004412, 28.60631863586605, 3172.199999999999818 ], [ 84.170638304203749, 28.606396000832319, 3172.199999999999818 ], [ 84.170515425503254, 28.606455679982901, 3172.199999999999818 ], [ 84.170439820736647, 28.606491889804602, 3172.199999999999818 ], [ 84.170332364737988, 28.606538074091077, 3172.4 ], [ 84.170220382511616, 28.606605296954513, 3172.4 ], [ 84.170137569308281, 28.606649972498417, 3172.4 ], [ 84.170115608721972, 28.60666019842029, 3172.4 ], [ 84.17004662565887, 28.606734462082382, 3172.4 ], [ 84.169982001185417, 28.606788441538811, 3172.4 ], [ 84.169931877404451, 28.606850216165185, 3172.4 ], [ 84.169883262366056, 28.60691349953413, 3172.800000000000182 ], [ 84.169820230454206, 28.606981979683042, 3173.0 ], [ 84.169749738648534, 28.60704836435616, 3173.4 ], [ 84.169740434736013, 28.607055488973856, 3173.4 ], [ 84.169680587947369, 28.607115671038628, 3174.6 ], [ 84.169654520228505, 28.607147522270679, 3175.4 ], [ 84.16964890435338, 28.607152970507741, 3175.6 ], [ 84.16963423602283, 28.607168979942799, 3176.0 ], [ 84.169606911018491, 28.607190772891045, 3176.800000000000182 ], [ 84.169572796672583, 28.607200160622597, 3177.199999999999818 ], [ 84.169543208554387, 28.607206530869007, 3177.800000000000182 ], [ 84.16947883553803, 28.607215583324432, 3178.6 ], [ 84.16945637203753, 28.607218181714416, 3178.800000000000182 ], [ 84.169381186366081, 28.607214158400893, 3179.4 ], [ 84.169313125312328, 28.607211392372847, 3179.6 ], [ 84.169278256595135, 28.607206111773849, 3179.6 ], [ 84.169233497232199, 28.607207955792543, 3179.6 ], [ 84.16918077506125, 28.607241315767169, 3179.6 ], [ 84.169149594381452, 28.607301078736786, 3180.0 ], [ 84.169141966849566, 28.607320692390203, 3180.0 ], [ 84.169089999049902, 28.607392441481352, 3180.199999999999818 ], [ 84.16902587749064, 28.607424292713404, 3180.800000000000182 ], [ 84.169017244130373, 28.607425633817911, 3181.0 ], [ 84.168936861678958, 28.607423035427928, 3182.199999999999818 ], [ 84.168869638815522, 28.607418928295377, 3182.800000000000182 ], [ 84.168853126466274, 28.607415156438947, 3183.199999999999818 ], [ 84.168758243322372, 28.607409372925758, 3184.199999999999818 ], [ 84.168748017400503, 28.607410043478012, 3184.199999999999818 ], [ 84.168684398755431, 28.607424208894372, 3185.199999999999818 ], [ 84.168675178661942, 28.607427561655641, 3185.4 ], [ 84.168595131486654, 28.60747299157083, 3186.0 ], [ 84.168524388223886, 28.607529485598207, 3186.4 ], [ 84.168512905016541, 28.607535436749458, 3186.4 ], [ 84.168514665216208, 28.607520768418908, 3186.6 ], [ 84.16851039044559, 28.607557313516736, 3186.800000000000182 ], [ 84.168454650789499, 28.607596457004547, 3187.199999999999818 ], [ 84.16838089004159, 28.607639707624912, 3187.199999999999818 ], [ 84.16835599578917, 28.607652615755796, 3187.4 ], [ 84.168273014947772, 28.607682706788182, 3188.6 ], [ 84.168200343847275, 28.607707852497697, 3189.0 ], [ 84.168162457644939, 28.607723610475659, 3189.4 ], [ 84.16810336522758, 28.607739033177495, 3189.4 ], [ 84.168058354407549, 28.607764430344105, 3189.6 ], [ 84.167940840125084, 28.607808100059628, 3190.199999999999818 ], [ 84.16785174049437, 28.607833832502365, 3190.6 ], [ 84.167826343327761, 28.607836766168475, 3190.800000000000182 ], [ 84.167716708034277, 28.60786417499185, 3191.199999999999818 ], [ 84.167604809626937, 28.607893511652943, 3191.4 ], [ 84.167570946738124, 28.607902061194181, 3191.800000000000182 ], [ 84.167510513216257, 28.607927123084664, 3192.199999999999818 ], [ 84.167441111057997, 28.607955789193511, 3192.800000000000182 ], [ 84.167415797710419, 28.607968110591173, 3193.0 ], [ 84.167323429137468, 28.608026448637247, 3193.4 ], [ 84.167255619540811, 28.608075482770801, 3193.6 ], [ 84.16722871363163, 28.608088307082653, 3194.0 ], [ 84.16717448271811, 28.608106328174472, 3195.0 ], [ 84.167162831872702, 28.608110435307022, 3195.199999999999818 ], [ 84.167110361158848, 28.608128624036908, 3196.199999999999818 ], [ 84.16707624681294, 28.608144633471969, 3196.800000000000182 ], [ 84.167056465521455, 28.608161648735404, 3197.4 ], [ 84.167004246264696, 28.608172545209527, 3198.199999999999818 ], [ 84.166996702551842, 28.608177322894335, 3198.4 ], [ 84.166936604306102, 28.608188387006521, 3199.199999999999818 ], [ 84.166906094178557, 28.608192494139075, 3199.4 ], [ 84.166849013417959, 28.608200624585152, 3200.0 ], [ 84.166824454441667, 28.60820464789867, 3200.4 ], [ 84.166772738099098, 28.608219064772129, 3201.6 ], [ 84.166715322062373, 28.60822937451303, 3202.6 ], [ 84.166690343990922, 28.608237924054265, 3203.4 ], [ 84.166680118069053, 28.608240438625216, 3203.6 ], [ 84.166614403948188, 28.608245719224215, 3204.4 ], [ 84.166608536615968, 28.6082464735955, 3204.6 ], [ 84.166525388136506, 28.608249071985483, 3204.6 ], [ 84.166464367881417, 28.60824890434742, 3205.0 ], [ 84.166421117261052, 28.608278911560777, 3205.0 ], [ 84.166397312656045, 28.608309254050255, 3205.0 ], [ 84.166390439495444, 28.608314283192161, 3205.0 ], [ 84.166390439495444, 28.608314283192161, 3205.0 ], [ 84.166390439495444, 28.608314283192161, 3204.800000000000182 ], [ 84.166390439495444, 28.608314283192161, 3204.800000000000182 ], [ 84.166390439495444, 28.608314283192161, 3204.800000000000182 ], [ 84.166390439495444, 28.608314283192161, 3204.800000000000182 ], [ 84.166391780599952, 28.60831243917346, 3204.800000000000182 ], [ 84.166337717324495, 28.608342194929719, 3204.6 ], [ 84.166267141699791, 28.608391061425209, 3203.6 ], [ 84.166232775896788, 28.608413692563772, 3202.800000000000182 ], [ 84.166205786168575, 28.608437413349748, 3202.4 ], [ 84.166157254949212, 28.60849373973906, 3201.199999999999818 ], [ 84.16605306789279, 28.608536822721359, 3200.199999999999818 ], [ 84.165976289659739, 28.608552329242229, 3199.0 ], [ 84.165956676006317, 28.60855819657445, 3198.6 ], [ 84.165930189192295, 28.608563309535384, 3198.199999999999818 ], [ 84.165842682123184, 28.608580157160759, 3198.0 ], [ 84.165800856426358, 28.608585437759757, 3198.0 ], [ 84.165715947747231, 28.608595998957753, 3198.0 ], [ 84.165621483698487, 28.608618043363094, 3198.0 ], [ 84.165606563910842, 28.608623156324029, 3198.0 ], [ 84.165509333834052, 28.608640590682626, 3198.0 ], [ 84.165425933897495, 28.608671436086297, 3198.0 ], [ 84.165337085723877, 28.608730109408494, 3198.0 ], [ 84.165228875353932, 28.608761373907328, 3198.0 ], [ 84.165202639997005, 28.60876590013504, 3198.0 ], [ 84.165122592821717, 28.608776209875941, 3198.0 ], [ 84.165111947804689, 28.608778556808829, 3198.0 ], [ 84.16501522064209, 28.608819795772433, 3197.800000000000182 ], [ 84.164917152374983, 28.608865896239877, 3197.800000000000182 ], [ 84.164827633649111, 28.608922138810161, 3197.6 ], [ 84.16473719291389, 28.608969831839204, 3197.6 ], [ 84.164666030555964, 28.60900386236608, 3197.6 ], [ 84.164624540135264, 28.60902682878077, 3197.6 ], [ 84.164527896791697, 28.609056165441871, 3197.6 ], [ 84.164407448843122, 28.609109641984105, 3197.4 ], [ 84.164323043078184, 28.609144007787108, 3197.4 ], [ 84.164219526574016, 28.609163453802463, 3197.199999999999818 ], [ 84.16417770087719, 28.60917485319078, 3197.199999999999818 ], [ 84.164064461365342, 28.609205111861229, 3197.199999999999818 ], [ 84.163975613191724, 28.609239058569074, 3197.199999999999818 ], [ 84.163885843008757, 28.609275938943028, 3196.4 ], [ 84.163810405880213, 28.609300246462222, 3195.6 ], [ 84.163770088925958, 28.609319273382425, 3195.199999999999818 ], [ 84.163758186623454, 28.609324218705297, 3195.199999999999818 ], [ 84.163644025102258, 28.60936252400279, 3195.0 ], [ 84.163552913814783, 28.609422706067559, 3195.0 ], [ 84.163415869697928, 28.609498394653201, 3195.0 ], [ 84.163322495296597, 28.609551033005118, 3195.0 ], [ 84.163218140602112, 28.609598809853196, 3195.0 ], [ 84.163138680160046, 28.609636779874563, 3195.199999999999818 ], [ 84.163045641034842, 28.609682628884912, 3195.4 ], [ 84.162943800911307, 28.609719006344676, 3195.4 ], [ 84.162904573604465, 28.609740883111954, 3195.4 ], [ 84.16285403072834, 28.609765945002437, 3195.4 ], [ 84.1627386957407, 28.609820427373052, 3195.4 ], [ 84.162630150094628, 28.609850518405437, 3195.4 ], [ 84.162535518407822, 28.609896786510944, 3195.4 ], [ 84.162433678284287, 28.609948921948671, 3194.6 ], [ 84.16231457144022, 28.609986305236816, 3194.6 ], [ 84.162244498729706, 28.610001979395747, 3194.4 ], [ 84.162141736596823, 28.610040117055178, 3194.4 ], [ 84.162038723006845, 28.610042296349999, 3194.4 ], [ 84.161941912025213, 28.610056964680552, 3194.4 ], [ 84.16184158064425, 28.610093174502257, 3194.4 ], [ 84.161762036383152, 28.610160481184721, 3194.4 ], [ 84.161688359454274, 28.610225189477205, 3194.4 ], [ 84.161615520715714, 28.610257795080543, 3194.4 ], [ 84.16147411800921, 28.610314121469855, 3194.199999999999818 ], [ 84.161375043913722, 28.610364329069853, 3194.199999999999818 ], [ 84.161311592906713, 28.61040053889155, 3194.199999999999818 ], [ 84.161233389750123, 28.610463067889217, 3194.4 ], [ 84.161194665357471, 28.610509671270847, 3194.4 ], [ 84.161171447485685, 28.610531883314252, 3194.0 ], [ 84.161077737808228, 28.610574128106236, 3194.0 ], [ 84.161009257659316, 28.61061260104179, 3193.800000000000182 ], [ 84.160968773066998, 28.610644284635782, 3193.800000000000182 ], [ 84.160919990390539, 28.610683176666495, 3194.0 ], [ 84.160891072824597, 28.610722152516249, 3194.0 ], [ 84.160884702578187, 28.61073162406683, 3194.0 ], [ 84.160812366753817, 28.610797170549631, 3194.199999999999818 ], [ 84.160710694268346, 28.610839499160647, 3194.199999999999818 ], [ 84.160606004297733, 28.61089825630188, 3194.199999999999818 ], [ 84.160509025678039, 28.610977632924911, 3194.199999999999818 ], [ 84.160450771450996, 28.611007053405046, 3194.6 ], [ 84.160433672368526, 28.611014345660809, 3194.800000000000182 ], [ 84.16039620526135, 28.611025661230087, 3195.6 ], [ 84.160359157249331, 28.611037312075496, 3196.4 ], [ 84.160331664606929, 28.611046280711889, 3196.800000000000182 ], [ 84.160299394279718, 28.61106832511723, 3197.199999999999818 ], [ 84.160297717899084, 28.611075198277831, 3197.4 ], [ 84.160249941051006, 28.611092381179333, 3197.4 ], [ 84.160176599398255, 28.611111408099532, 3197.6 ], [ 84.160165870562196, 28.611115263774991, 3197.800000000000182 ], [ 84.160079201683402, 28.611148539930586, 3198.4 ], [ 84.160064617171884, 28.6111596878618, 3199.0 ], [ 84.160045422613621, 28.611169662326574, 3199.800000000000182 ], [ 84.160023545846343, 28.611175362020731, 3200.0 ], [ 84.15999848395586, 28.611219534650445, 3200.4 ], [ 84.159980798140168, 28.611256079748273, 3200.4 ], [ 84.159947605803609, 28.611280135810375, 3201.199999999999818 ], [ 84.159943414852023, 28.611282734200358, 3201.199999999999818 ], [ 84.159878958016634, 28.611282985657457, 3202.199999999999818 ], [ 84.159827325493097, 28.611282482743263, 3202.199999999999818 ], [ 84.15975515730679, 28.611306454986337, 3202.199999999999818 ], [ 84.159744177013636, 28.611313998699188, 3202.199999999999818 ], [ 84.159735962748528, 28.61129061318934, 3202.4 ], [ 84.159731771796942, 28.611289355903864, 3202.4 ], [ 84.159708051010966, 28.611298575997353, 3202.800000000000182 ], [ 84.15963051840663, 28.611339228227735, 3203.199999999999818 ], [ 84.159588189795613, 28.611365044489503, 3203.199999999999818 ], [ 84.159565391018987, 28.611373007297516, 3203.6 ], [ 84.159492971375585, 28.611396895721555, 3204.199999999999818 ], [ 84.15948299691081, 28.611400751397017, 3204.4 ], [ 84.15943413041532, 28.611423214897513, 3205.199999999999818 ], [ 84.159417198970914, 28.611431261524562, 3205.4 ], [ 84.159407475963235, 28.611436793580651, 3205.4 ], [ 84.159364560618997, 28.611479876562953, 3206.199999999999818 ], [ 84.159358609467745, 28.611493203788996, 3206.6 ], [ 84.159352406859398, 28.611504016444087, 3206.800000000000182 ], [ 84.159335056319833, 28.611540645360947, 3207.0 ], [ 84.15932659059763, 28.611572161316872, 3207.199999999999818 ], [ 84.159314353018999, 28.611615914851427, 3207.6 ], [ 84.159304294735193, 28.611655477434397, 3208.4 ], [ 84.159300941973925, 28.611676683649421, 3208.800000000000182 ], [ 84.159288452938199, 28.611739128828049, 3210.0 ], [ 84.159275544807315, 28.611755892634392, 3210.4 ], [ 84.159236736595631, 28.611794952303171, 3211.0 ], [ 84.159217374399304, 28.611805429682136, 3211.4 ], [ 84.159176554530859, 28.611819511279464, 3212.0 ], [ 84.159143697470427, 28.611825630068779, 3212.800000000000182 ], [ 84.159123999997973, 28.611836275085807, 3213.199999999999818 ], [ 84.159091310575604, 28.611861756071448, 3213.800000000000182 ], [ 84.159026015549898, 28.611887488514185, 3214.0 ], [ 84.158965162932873, 28.611917579546571, 3214.4 ], [ 84.158945633098483, 28.611920429393649, 3214.800000000000182 ], [ 84.158887378871441, 28.611955298110843, 3214.800000000000182 ], [ 84.158868351951241, 28.61197080463171, 3215.6 ], [ 84.158831974491477, 28.612002655863758, 3216.4 ], [ 84.158827951177955, 28.612007517367601, 3216.6 ], [ 84.158778917044401, 28.612038195133209, 3217.800000000000182 ], [ 84.158769445493817, 28.61204314045608, 3217.800000000000182 ], [ 84.158687051385641, 28.61206610687077, 3218.800000000000182 ], [ 84.158629383891821, 28.612090749666095, 3218.800000000000182 ], [ 84.158620415255427, 28.612095192074776, 3219.0 ], [ 84.15853844024241, 28.612132323905826, 3219.199999999999818 ], [ 84.158513881266117, 28.612140119075775, 3219.800000000000182 ], [ 84.158501056954265, 28.61214623786509, 3220.0 ], [ 84.158459231257439, 28.612170461565256, 3220.800000000000182 ], [ 84.158439701423049, 28.612183285877109, 3221.199999999999818 ], [ 84.158419920131564, 28.612189488485456, 3222.0 ], [ 84.158386224880815, 28.612205665558577, 3223.0 ], [ 84.158366527408361, 28.612214298918843, 3223.199999999999818 ], [ 84.158331239596009, 28.612227793782949, 3223.800000000000182 ], [ 84.158319337293506, 28.612232487648729, 3224.0 ], [ 84.158307015895844, 28.612236427143216, 3224.199999999999818 ], [ 84.158295700326562, 28.61223810352385, 3224.199999999999818 ], [ 84.158265693113208, 28.612253358587623, 3224.4 ], [ 84.158176509663463, 28.612283952534199, 3224.6 ], [ 84.158069975674152, 28.612287724390622, 3225.0 ], [ 84.15803711861372, 28.6122976988554, 3225.199999999999818 ], [ 84.157997472211719, 28.612318150699139, 3226.0 ], [ 84.157982049509883, 28.612326364964247, 3226.199999999999818 ], [ 84.157937625423074, 28.612360060214996, 3226.199999999999818 ], [ 84.157863864675164, 28.612395850941539, 3226.800000000000182 ], [ 84.157826984301209, 28.612412614747878, 3227.199999999999818 ], [ 84.157806783914566, 28.612426025792956, 3227.6 ], [ 84.1577566601336, 28.612461900338531, 3228.4 ], [ 84.157748697325587, 28.612467348575592, 3228.4 ], [ 84.1577082965523, 28.612501127645373, 3229.199999999999818 ], [ 84.157694466412067, 28.612513532862067, 3229.4 ], [ 84.157651970162988, 28.612539349123836, 3230.199999999999818 ], [ 84.157634787261486, 28.612544713541865, 3230.6 ], [ 84.157594554126263, 28.612559214234352, 3231.800000000000182 ], [ 84.157584579661489, 28.612561477348208, 3232.0 ], [ 84.157528337091208, 28.612582683563232, 3233.199999999999818 ], [ 84.157530516386032, 28.612582767382264, 3233.4 ], [ 84.157500425353646, 28.612588131800297, 3233.4 ], [ 84.157449463382363, 28.612605733796951, 3233.6 ], [ 84.157366314902902, 28.612651582807302, 3233.6 ], [ 84.157307306304574, 28.612685445696115, 3233.6 ], [ 84.157237987965345, 28.612739676609635, 3234.0 ], [ 84.157230276614428, 28.612748058512807, 3234.199999999999818 ], [ 84.157163724303246, 28.612784519791603, 3235.4 ], [ 84.157153246924281, 28.61279021948576, 3235.6 ], [ 84.157119300216436, 28.612801032140851, 3236.0 ], [ 84.157086275517941, 28.612804803997282, 3236.0 ], [ 84.157042019069195, 28.612818885594606, 3236.0 ], [ 84.157010251656175, 28.612827099859715, 3236.4 ], [ 84.156975466758013, 28.612856604158878, 3236.800000000000182 ], [ 84.156930958852172, 28.612892981618643, 3237.199999999999818 ], [ 84.156923498958349, 28.612898681312799, 3237.4 ], [ 84.156915452331305, 28.612914690747857, 3237.4 ], [ 84.156899945810437, 28.612932795658708, 3237.6 ], [ 84.156890977174044, 28.61293975263834, 3237.6 ], [ 84.156866418197751, 28.612969508394599, 3238.4 ], [ 84.156835153698921, 28.613012507557869, 3239.199999999999818 ], [ 84.156830962747335, 28.613021979108453, 3239.4 ], [ 84.156820317730308, 28.61304092220962, 3240.0 ], [ 84.156808750703931, 28.613072941079736, 3240.6 ], [ 84.156802799552679, 28.613088866695762, 3241.0 ], [ 84.156790226697922, 28.613111497834325, 3241.800000000000182 ], [ 84.156752759590745, 28.613135805353519, 3242.6 ], [ 84.156745467334986, 28.613143935799599, 3242.800000000000182 ], [ 84.156721662729979, 28.613164974376559, 3243.800000000000182 ], [ 84.156718393787742, 28.613165142014623, 3244.0 ], [ 84.156716549769044, 28.613163297995925, 3244.4 ], [ 84.156700372695923, 28.61318307928741, 3244.6 ], [ 84.156677909195423, 28.613208057358861, 3245.0 ], [ 84.156663157045841, 28.613219708204269, 3245.4 ], [ 84.156635664403439, 28.613241501152515, 3246.199999999999818 ], [ 84.156613703817129, 28.613276286050677, 3247.0 ], [ 84.156610267236829, 28.613280979916453, 3247.199999999999818 ], [ 84.156560394912958, 28.613308556377888, 3248.199999999999818 ], [ 84.156544469296932, 28.613319201394916, 3248.6 ], [ 84.156503397971392, 28.613349795341492, 3249.199999999999818 ], [ 84.156496776267886, 28.613355830311775, 3249.4 ], [ 84.15648864582181, 28.61336337402463, 3249.4 ], [ 84.156464254483581, 28.613389357924461, 3250.199999999999818 ], [ 84.156443299725652, 28.613406205549836, 3250.4 ], [ 84.156413041055202, 28.613420287147164, 3250.4 ], [ 84.156350260600448, 28.613447360694408, 3250.4 ], [ 84.156337603926659, 28.613456077873707, 3250.4 ], [ 84.156337603926659, 28.613456077873707, 3250.4 ], [ 84.156309943646193, 28.61347233876586, 3250.4 ], [ 84.156260406598449, 28.61349237151444, 3250.4 ], [ 84.15625068359077, 28.613497400656343, 3250.4 ], [ 84.156213719397783, 28.613529168069363, 3250.4 ], [ 84.156188322231174, 28.613547859713435, 3250.4 ], [ 84.156114310026169, 28.613572167232633, 3250.4 ], [ 84.156043566763401, 28.6135842371732, 3250.4 ], [ 84.15599025785923, 28.613601252436641, 3251.0 ], [ 84.155944408848882, 28.613620446994901, 3251.199999999999818 ], [ 84.155926220118999, 28.613626398146152, 3251.199999999999818 ], [ 84.155913228169084, 28.613635534420609, 3251.4 ], [ 84.155877521261573, 28.613664032891393, 3252.199999999999818 ], [ 84.155822452157736, 28.613699153065681, 3252.199999999999818 ], [ 84.155793115496635, 28.61372136510909, 3252.6 ], [ 84.155755983665586, 28.613738045096397, 3253.4 ], [ 84.155746763572097, 28.613742319867015, 3253.6 ], [ 84.155671074986458, 28.613783558830619, 3253.800000000000182 ], [ 84.155604103580117, 28.613795796409249, 3254.0 ], [ 84.155520871281624, 28.613818008452657, 3254.4 ], [ 84.155509555712342, 28.613823959603906, 3254.6 ], [ 84.155469406396151, 28.61383913084865, 3255.4 ], [ 84.155468568205833, 28.613824965432286, 3256.800000000000182 ], [ 84.155455827713013, 28.613817756995559, 3257.199999999999818 ], [ 84.155442919582129, 28.61383100040257, 3257.199999999999818 ], [ 84.155432945117354, 28.613838460296392, 3257.4 ], [ 84.155390784144402, 28.613882465288043, 3257.4 ], [ 84.155390532687306, 28.613878777250648, 3257.6 ], [ 84.155390784144402, 28.61387643031776, 3257.6 ], [ 84.155395729467273, 28.613879447802901, 3257.6 ], [ 84.155398160219193, 28.613876095041633, 3257.6 ], [ 84.155391622334719, 28.613875592127439, 3258.0 ], [ 84.155389107763767, 28.61387793906033, 3258.0 ], [ 84.155361615121365, 28.61388866789639, 3258.0 ], [ 84.155332278460264, 28.613905180245641, 3257.800000000000182 ], [ 84.155325070023537, 28.613907862454653, 3257.800000000000182 ], [ 84.155327752232552, 28.613908365368843, 3257.800000000000182 ], [ 84.155301097780466, 28.613920183852315, 3257.800000000000182 ], [ 84.155259523540735, 28.613939797505736, 3258.6 ], [ 84.155186349526048, 28.61397810280323, 3258.800000000000182 ], [ 84.155146535485983, 28.61398883163929, 3258.800000000000182 ], [ 84.155137734487653, 28.613987490534782, 3259.0 ], [ 84.155110158026218, 28.613996375352144, 3259.800000000000182 ], [ 84.155076798051596, 28.614013725891709, 3260.4 ], [ 84.155011251568794, 28.614062508568168, 3260.6 ], [ 84.154952326789498, 28.614087654277679, 3261.0 ], [ 84.154920391738415, 28.614096371456981, 3261.4 ], [ 84.154888372868299, 28.61410659737885, 3262.0 ], [ 84.154850654304028, 28.614117577672005, 3262.6 ], [ 84.154834812507033, 28.614123528823256, 3263.199999999999818 ], [ 84.154744790866971, 28.61414305865765, 3263.800000000000182 ], [ 84.154699109494686, 28.61416912637651, 3264.0 ], [ 84.154681004583836, 28.614181196317077, 3264.199999999999818 ], [ 84.154626354575157, 28.614218831062317, 3265.0 ], [ 84.154616044834256, 28.614231068640947, 3265.4 ], [ 84.154569525271654, 28.614255962893367, 3265.800000000000182 ], [ 84.154487047344446, 28.614279935136437, 3266.199999999999818 ], [ 84.15446232073009, 28.614283790811896, 3266.4 ], [ 84.154403144493699, 28.614310696721077, 3266.800000000000182 ], [ 84.154373724013567, 28.614332070574164, 3267.6 ], [ 84.154343381524086, 28.614338357001543, 3268.800000000000182 ], [ 84.154346901923418, 28.614338105544448, 3269.4 ], [ 84.154343549162149, 28.614338776096702, 3269.6 ], [ 84.154326869174838, 28.614341374486685, 3269.800000000000182 ], [ 84.154251515865326, 28.614349169656631, 3270.0 ], [ 84.154249839484692, 28.614348750561476, 3270.199999999999818 ], [ 84.154238691553473, 28.614343218505383, 3271.199999999999818 ], [ 84.154236260801554, 28.614342380315065, 3271.4 ], [ 84.154196865856647, 28.614349002018571, 3271.6 ], [ 84.15418328717351, 28.614356713369489, 3271.800000000000182 ], [ 84.154119333252311, 28.614359814673666, 3272.0 ], [ 84.154073065146804, 28.61436459235847, 3272.199999999999818 ], [ 84.153998298570514, 28.614377249032259, 3272.199999999999818 ], [ 84.153992598876357, 28.614381942898035, 3272.6 ], [ 84.153995448723435, 28.614387726411223, 3273.0 ], [ 84.153987318277359, 28.614390324801207, 3273.0 ], [ 84.153974074870348, 28.614388732239604, 3273.0 ], [ 84.153886651620269, 28.614393342286348, 3273.0 ], [ 84.153879527002573, 28.614396443590518, 3273.0 ], [ 84.153855387121439, 28.614402059465647, 3273.0 ], [ 84.153793444857001, 28.614427791908383, 3272.6 ], [ 84.153742901980877, 28.614457128569484, 3272.4 ], [ 84.153735945001245, 28.614461487159133, 3272.4 ], [ 84.153673835098743, 28.614496439695358, 3272.199999999999818 ], [ 84.153620190918446, 28.614537343382835, 3272.0 ], [ 84.153549447655678, 28.614592496305704, 3272.0 ], [ 84.153495971113443, 28.614654606208205, 3272.0 ], [ 84.153443081304431, 28.614728366956115, 3272.0 ], [ 84.153367979452014, 28.61478528007865, 3272.0 ], [ 84.153294553980231, 28.614835990592837, 3272.0 ], [ 84.153214925900102, 28.614866668358445, 3272.0 ], [ 84.153134291991591, 28.614902291446924, 3272.6 ], [ 84.15310294367373, 28.614912601187825, 3272.800000000000182 ], [ 84.153067488223314, 28.614929197356105, 3272.800000000000182 ], [ 84.153033709153533, 28.614937998354435, 3273.199999999999818 ], [ 84.153016023337841, 28.614940345287323, 3273.4 ], [ 84.152957098558545, 28.61494411714375, 3274.6 ], [ 84.152943016961217, 28.614945458248258, 3275.0 ], [ 84.152931617572904, 28.614949062466621, 3275.6 ], [ 84.152898676693439, 28.614968592301011, 3276.4 ], [ 84.152883002534509, 28.614974711090326, 3276.800000000000182 ], [ 84.152850061655045, 28.614985523745418, 3277.800000000000182 ], [ 84.15283614769578, 28.614989714697003, 3278.199999999999818 ], [ 84.152826173231006, 28.615006478503343, 3278.6 ], [ 84.152827430516481, 28.615015279501677, 3278.6 ], [ 84.152826089411974, 28.61501368694007, 3278.800000000000182 ], [ 84.152823742479086, 28.61501301638782, 3278.800000000000182 ], [ 84.152824077755213, 28.615013351663947, 3278.800000000000182 ], [ 84.152824077755213, 28.615013351663947, 3279.0 ], [ 84.152824077755213, 28.615013351663947, 3279.0 ], [ 84.152820724993944, 28.615018548443913, 3279.199999999999818 ], [ 84.152815528213978, 28.615031875669956, 3280.0 ], [ 84.152797926217318, 28.615042436867952, 3280.800000000000182 ], [ 84.152791304513812, 28.615049058571454, 3281.199999999999818 ], [ 84.15277848020196, 28.61506674438715, 3281.800000000000182 ], [ 84.152773367241025, 28.615078562870622, 3282.4 ], [ 84.152775881811976, 28.615085603669289, 3283.199999999999818 ], [ 84.152777139097452, 28.61508677713573, 3283.4 ], [ 84.152775881811976, 28.615087950602177, 3283.4 ], [ 84.15277068503201, 28.615085352212191, 3283.4 ], [ 84.152732715010643, 28.615092560648922, 3283.4 ], [ 84.152756435796618, 28.615078898146749, 3283.4 ], [ 84.152759369462729, 28.615071438252929, 3283.4 ], [ 84.152766661718488, 28.615067834034559, 3283.4 ], [ 84.152800273150206, 28.61502374522388, 3283.4 ], [ 84.152797171846032, 28.61503011547029, 3283.4 ], [ 84.152765991166234, 28.615068504586816, 3283.6 ], [ 84.152750819921494, 28.615080574527383, 3283.6 ], [ 84.152729278430343, 28.615100523456931, 3284.0 ], [ 84.152704048901796, 28.615136398002505, 3285.0 ], [ 84.152700779959559, 28.615157604217529, 3285.4 ], [ 84.152698516845703, 28.615185851231217, 3286.0 ], [ 84.152703462168574, 28.615193143486977, 3286.199999999999818 ], [ 84.152720728889108, 28.615218373015523, 3287.199999999999818 ], [ 84.152717459946871, 28.61522801220417, 3287.800000000000182 ], [ 84.152705473825336, 28.615266652777791, 3288.4 ], [ 84.152701031416655, 28.615272687748075, 3288.6 ], [ 84.152679657563567, 28.61528710462153, 3289.4 ], [ 84.152662558481097, 28.615310741588473, 3289.800000000000182 ], [ 84.15266515687108, 28.615338485687971, 3290.4 ], [ 84.1526641510427, 28.615343850106001, 3290.6 ], [ 84.152653757482767, 28.615387855097651, 3291.6 ], [ 84.152642693370581, 28.615424735471606, 3291.6 ], [ 84.152629030868411, 28.615444516763091, 3291.800000000000182 ], [ 84.152622995898128, 28.615451054647565, 3291.800000000000182 ], [ 84.152616541832685, 28.615454155951738, 3291.800000000000182 ], [ 84.152619056403637, 28.615456838160753, 3291.800000000000182 ], [ 84.15262458845973, 28.615458011627197, 3291.800000000000182 ], [ 84.152625845745206, 28.615455580875281, 3291.800000000000182 ], [ 84.152648393064737, 28.615415850654244, 3291.6 ], [ 84.152653757482767, 28.615407049655911, 3291.4 ], [ 84.152653338387609, 28.615379305556417, 3290.800000000000182 ], [ 84.152648560702801, 28.615349549800161, 3290.4 ], [ 84.152652667835355, 28.615302611142397, 3289.4 ], [ 84.152676472440362, 28.615270927548409, 3288.4 ], [ 84.152680495753884, 28.615266820415854, 3288.199999999999818 ], [ 84.152691811323166, 28.615249050781131, 3287.800000000000182 ] ] } }
]
}
