{
"type": "FeatureCollection",
"name": "day04",
"crs": { "type": "name", "properties": { "name": "urn:ogc:def:crs:OGC:1.3:CRS84" } },
"features": [
{ "type": "Feature", "properties": { "name": "day04" }, "geometry": { "type": "LineString", "coordinates": [ [ 84.137564990669489, 28.641025498509407, 3729.4 ], [ 84.137543952092528, 28.641028013080359, 3729.800000000000182 ], [ 84.137533809989691, 28.641048967838287, 3730.0 ], [ 84.137504389509559, 28.641062630340457, 3730.0 ], [ 84.137442531064153, 28.641097582876679, 3730.199999999999818 ], [ 84.137413278222084, 28.641154412180185, 3730.6 ], [ 84.137373799458146, 28.641193890944123, 3731.4 ], [ 84.137367596849799, 28.641201937571168, 3731.6 ], [ 84.137318311259151, 28.641237812116746, 3732.4 ], [ 84.13731386885047, 28.641243427991867, 3732.800000000000182 ], [ 84.137303810566664, 28.641249882057309, 3733.6 ], [ 84.137294003739953, 28.64126605913043, 3733.6 ], [ 84.137291237711906, 28.641286008059978, 3733.800000000000182 ], [ 84.13729970343411, 28.641321379691359, 3734.800000000000182 ], [ 84.137333063408732, 28.641398660838604, 3734.800000000000182 ], [ 84.137351419776678, 28.641415424644947, 3735.800000000000182 ], [ 84.137353096157312, 28.641413412988182, 3735.800000000000182 ], [ 84.13735686801374, 28.641410730779171, 3736.0 ], [ 84.137411518022418, 28.641430344432592, 3737.0 ], [ 84.137414786964655, 28.641438810154796, 3737.199999999999818 ], [ 84.137416714802384, 28.641494968906045, 3738.0 ], [ 84.137410847470164, 28.641538554802537, 3738.800000000000182 ], [ 84.137408332899213, 28.64156898111105, 3739.0 ], [ 84.137409087270498, 28.641625139862299, 3739.6 ], [ 84.137412356212735, 28.641632432118055, 3740.0 ], [ 84.137410428375006, 28.641638802364469, 3740.199999999999818 ], [ 84.137409841641784, 28.641662104055285, 3741.0 ], [ 84.137406153604388, 28.64167065359652, 3741.4 ], [ 84.137357957661152, 28.641691692173481, 3742.199999999999818 ], [ 84.137286879122257, 28.641720777377486, 3742.6 ], [ 84.13724354468286, 28.64176101051271, 3743.0 ], [ 84.137241281569004, 28.641780875623223, 3743.0 ], [ 84.137245137244463, 28.641793532297015, 3743.199999999999818 ], [ 84.137244466692209, 28.641810212284327, 3743.4 ], [ 84.137221248820424, 28.64186117425561, 3744.199999999999818 ], [ 84.137205826118588, 28.641885314136744, 3745.4 ], [ 84.137205658480525, 28.641891432926059, 3745.4 ], [ 84.137207670137286, 28.641958488151431, 3746.199999999999818 ], [ 84.137210100889206, 28.64198237657547, 3746.4 ], [ 84.137205658480525, 28.642000732943416, 3747.0 ], [ 84.137208592146635, 28.642033757641912, 3747.6 ], [ 84.137212364003062, 28.642062088474631, 3747.800000000000182 ], [ 84.137227786704898, 28.642104919999841, 3747.800000000000182 ], [ 84.137247735634446, 28.642178596928716, 3747.800000000000182 ], [ 84.137242455035448, 28.642229055985808, 3747.800000000000182 ], [ 84.137243628501892, 28.642259063199159, 3747.800000000000182 ], [ 84.137228960171342, 28.64234279841185, 3747.800000000000182 ], [ 84.137181099504232, 28.64238889887929, 3747.6 ], [ 84.137175148352981, 28.642397280782461, 3747.4 ], [ 84.137168694287539, 28.642402729019523, 3747.0 ], [ 84.137160982936621, 28.642425360158089, 3746.6 ], [ 84.13715947419405, 28.642434999346733, 3746.4 ], [ 84.137101974338293, 28.642510939389467, 3746.199999999999818 ], [ 84.137024944648147, 28.642575228586793, 3745.6 ], [ 84.136968618258834, 28.642606241628528, 3745.4 ], [ 84.136930396780372, 28.642605487257239, 3744.800000000000182 ], [ 84.136882284656167, 28.64260439760983, 3744.6 ], [ 84.13688094355166, 28.642609845846891, 3744.4 ], [ 84.136836184188724, 28.642637757584453, 3744.4 ], [ 84.136822521686554, 28.642630968242884, 3744.4 ], [ 84.13683207705617, 28.64263147115707, 3744.199999999999818 ], [ 84.136837106198072, 28.642645971849561, 3744.199999999999818 ], [ 84.136828472837806, 28.642655778676271, 3744.199999999999818 ], [ 84.136824868619442, 28.642655108124018, 3744.0 ], [ 84.136804332956672, 28.64265326410532, 3743.800000000000182 ], [ 84.136780612170696, 28.64266550168395, 3743.800000000000182 ], [ 84.136752197518945, 28.642686875537041, 3743.199999999999818 ], [ 84.13670064881444, 28.642723169177771, 3742.199999999999818 ], [ 84.136691009625793, 28.642732556909323, 3742.199999999999818 ], [ 84.136634599417448, 28.642787961289287, 3742.199999999999818 ], [ 84.136641388759017, 28.64278469234705, 3742.199999999999818 ], [ 84.136642729863524, 28.642785446718335, 3741.800000000000182 ], [ 84.13660098798573, 28.642838252708316, 3741.6 ], [ 84.136594282463193, 28.642855938524008, 3741.4 ], [ 84.13657802157104, 28.642887035384778, 3741.0 ], [ 84.136538291350007, 28.642946965992451, 3740.6 ], [ 84.136488670483232, 28.642992898821831, 3740.4 ], [ 84.136468637734652, 28.643017876893278, 3740.0 ], [ 84.136399570852518, 28.643109826371074, 3740.0 ], [ 84.136339640244842, 28.643172355368733, 3739.6 ], [ 84.136313991621137, 28.643195237964392, 3738.800000000000182 ], [ 84.136267555877566, 28.643234549090263, 3738.6 ], [ 84.136213827878237, 28.643283834680915, 3738.199999999999818 ], [ 84.136164458468556, 28.643340244889259, 3738.0 ], [ 84.13615683093667, 28.643352817744017, 3737.800000000000182 ], [ 84.136135708540678, 28.643383663147688, 3737.4 ], [ 84.136099414899945, 28.643453232944012, 3736.800000000000182 ], [ 84.136079968884587, 28.643489945679903, 3736.800000000000182 ], [ 84.136040573939681, 28.643542164936662, 3736.6 ], [ 84.135979888960719, 28.643621290102601, 3736.4 ], [ 84.135974440723658, 28.643632521852851, 3736.4 ], [ 84.13591057062149, 28.643721286207441, 3736.199999999999818 ], [ 84.135888107120991, 28.64376051351428, 3735.6 ], [ 84.135836223140359, 28.643798232078552, 3734.6 ], [ 84.135826248675585, 28.64380544051528, 3734.4 ], [ 84.135817531496286, 28.643812984228138, 3734.4 ], [ 84.135790374130011, 28.643851708620787, 3733.4 ], [ 84.135756762698293, 28.643891606479883, 3732.4 ], [ 84.135745614767075, 28.643904011696577, 3732.4 ], [ 84.135713092982769, 28.643968971446157, 3731.6 ], [ 84.135677218437195, 28.644015658646826, 3731.199999999999818 ], [ 84.135634806007147, 28.644070224836469, 3730.800000000000182 ], [ 84.135562889277935, 28.644152199849486, 3730.6 ], [ 84.135541263967752, 28.644177932292223, 3730.199999999999818 ], [ 84.135491475462914, 28.644235264509916, 3729.4 ], [ 84.135469933971763, 28.644265020266175, 3729.0 ], [ 84.135423162952065, 28.64431413821876, 3728.6 ], [ 84.135357113555074, 28.644397957250476, 3728.199999999999818 ], [ 84.135342445224524, 28.644419414922595, 3728.0 ], [ 84.135299026966095, 28.64452226087451, 3727.6 ], [ 84.135270277038217, 28.64457062445581, 3726.800000000000182 ], [ 84.135260805487633, 28.644592836499218, 3726.6 ], [ 84.13521965034306, 28.64468545652926, 3726.0 ], [ 84.135218895971775, 28.644704986363649, 3725.800000000000182 ], [ 84.135206490755081, 28.644793750718236, 3725.4 ], [ 84.135196935385466, 28.644854100421071, 3725.199999999999818 ], [ 84.13518494926393, 28.64490975625813, 3724.6 ], [ 84.135171119123697, 28.644959712401032, 3724.199999999999818 ], [ 84.1351468116045, 28.645024755969644, 3724.0 ], [ 84.13513071835041, 28.645050404593349, 3723.6 ], [ 84.135074475780129, 28.645102120935917, 3723.4 ], [ 84.135020077228546, 28.645180324092507, 3723.0 ], [ 84.134955201297998, 28.645232794806361, 3722.800000000000182 ], [ 84.134904071688652, 28.645265400409698, 3722.6 ], [ 84.134873310104012, 28.645290294662122, 3722.4 ], [ 84.134829388931394, 28.64533144980669, 3722.4 ], [ 84.134776582941413, 28.645407725125551, 3722.4 ], [ 84.134754119440913, 28.645433960482482, 3722.199999999999818 ], [ 84.134700810536742, 28.645496657118201, 3722.199999999999818 ], [ 84.134649680927396, 28.645575363188986, 3722.0 ], [ 84.134615231305361, 28.645606627687812, 3722.0 ], [ 84.134585056453943, 28.645646860823035, 3721.800000000000182 ], [ 84.134574495255947, 28.645666977390647, 3721.4 ], [ 84.134575836360455, 28.645666390657425, 3721.199999999999818 ], [ 84.134563179686666, 28.645664462819695, 3719.6 ], [ 84.134525209665298, 28.645707294344906, 3719.4 ], [ 84.134499225765467, 28.645731853321195, 3719.4 ], [ 84.134472822770476, 28.645761357620358, 3719.4 ], [ 84.134439881891012, 28.645803602412343, 3719.4 ], [ 84.134402750059962, 28.645841907709837, 3719.4 ], [ 84.134366288781166, 28.645874094218016, 3719.4 ], [ 84.134356398135424, 28.645889097824693, 3719.6 ], [ 84.134348100051284, 28.645894043147564, 3719.800000000000182 ], [ 84.134315242990851, 28.645928911864761, 3720.800000000000182 ], [ 84.134286576882005, 28.645960679277778, 3721.4 ], [ 84.134271237999201, 28.645976856350899, 3722.0 ], [ 84.134245673194528, 28.646000325679779, 3722.4 ], [ 84.134225472807884, 28.646026896312833, 3722.6 ], [ 84.134207116439939, 28.646057741716504, 3723.0 ], [ 84.13420083001256, 28.64607073366642, 3723.4 ], [ 84.134169816970825, 28.646103339269757, 3723.800000000000182 ], [ 84.13415783084929, 28.646112391725183, 3724.199999999999818 ], [ 84.134135702624917, 28.646134771406651, 3724.6 ], [ 84.134122878313065, 28.646157318726186, 3725.199999999999818 ], [ 84.134104354307055, 28.646179782226682, 3726.0 ], [ 84.134080046787858, 28.646198473870751, 3726.4 ], [ 84.134070659056306, 28.646207107231021, 3726.4 ], [ 84.13404249586165, 28.646243149414659, 3727.4 ], [ 84.134028498083353, 28.646275838837028, 3727.6 ], [ 84.134001089259982, 28.646327722817659, 3728.199999999999818 ], [ 84.133996898308396, 28.646341552957892, 3728.4 ], [ 84.133977452293038, 28.646380780264735, 3729.199999999999818 ], [ 84.13394627161324, 28.646436771377921, 3729.4 ], [ 84.133920706808567, 28.646488655358553, 3729.4 ], [ 84.133895728737116, 28.646528301760551, 3729.4 ], [ 84.133888017386198, 28.646536851301789, 3729.6 ], [ 84.133879216387868, 28.64654372446239, 3729.6 ], [ 84.133780812844634, 28.646547663956881, 3729.6 ], [ 84.133728509768844, 28.646517656743526, 3729.800000000000182 ], [ 84.133732616901398, 28.646519081667066, 3729.800000000000182 ], [ 84.133728509768844, 28.64651195704937, 3729.800000000000182 ], [ 84.133713254705071, 28.646502150222659, 3729.800000000000182 ], [ 84.133688108995557, 28.646495947614312, 3730.6 ], [ 84.133687689900398, 28.646497037261724, 3730.800000000000182 ], [ 84.133683163672686, 28.646489074453712, 3730.800000000000182 ], [ 84.133690372109413, 28.64649293012917, 3730.800000000000182 ], [ 84.133690372109413, 28.64649293012917, 3730.800000000000182 ], [ 84.133690372109413, 28.64649293012917, 3730.800000000000182 ], [ 84.133690372109413, 28.64649293012917, 3730.800000000000182 ], [ 84.133690372109413, 28.64649293012917, 3730.800000000000182 ], [ 84.133688192814589, 28.646499887108803, 3730.800000000000182 ], [ 84.133686851710081, 28.646502653136849, 3730.800000000000182 ], [ 84.133679140359163, 28.646503994241357, 3730.800000000000182 ], [ 84.133633710443974, 28.646466946229339, 3730.800000000000182 ], [ 84.133598087355494, 28.64643425680697, 3730.800000000000182 ], [ 84.133587274700403, 28.646427383646369, 3730.800000000000182 ], [ 84.133537737652659, 28.646404501050711, 3731.4 ], [ 84.133515106514096, 28.646393353119493, 3731.800000000000182 ], [ 84.133486524224281, 28.64636686630547, 3732.800000000000182 ], [ 84.133485686033964, 28.646360663697124, 3733.0 ], [ 84.133474370464683, 28.646325878798962, 3734.0 ], [ 84.13346691057086, 28.64630626514554, 3734.6 ], [ 84.133456433191895, 28.646297883242369, 3735.0 ], [ 84.133430114015937, 28.646292267367244, 3736.199999999999818 ], [ 84.133428018540144, 28.646294279024005, 3736.199999999999818 ], [ 84.133445536717772, 28.646302409470081, 3736.4 ], [ 84.133451152592897, 28.646299056708813, 3736.4 ], [ 84.133449140936136, 28.646296206861734, 3736.4 ], [ 84.133447213098407, 28.646293440833688, 3736.4 ], [ 84.133425420150161, 28.6462720669806, 3736.4 ], [ 84.133404800668359, 28.646248430013657, 3736.6 ], [ 84.133370602503419, 28.646227391436696, 3737.0 ], [ 84.1333560179919, 28.646224038675427, 3737.0 ], [ 84.133334895595908, 28.646215405315161, 3737.199999999999818 ], [ 84.133286029100418, 28.646190762519836, 3737.199999999999818 ], [ 84.133254932239652, 28.646164443343881, 3737.199999999999818 ], [ 84.133241856470704, 28.646152541041378, 3737.199999999999818 ], [ 84.133233474567533, 28.646137621253729, 3737.199999999999818 ], [ 84.13323188200593, 28.646137872710824, 3737.199999999999818 ], [ 84.133209083229303, 28.646116582676768, 3737.199999999999818 ], [ 84.133141944184899, 28.646079953759909, 3737.199999999999818 ], [ 84.133076313883066, 28.64605849608779, 3737.4 ], [ 84.133020658046007, 28.646035613492131, 3737.4 ], [ 84.132989225909114, 28.646019520238038, 3737.4 ], [ 84.132940359413624, 28.646005019545555, 3737.4 ], [ 84.132903646677732, 28.645985908806324, 3737.6 ], [ 84.132804488763213, 28.645935701206326, 3737.6 ], [ 84.132743636146188, 28.645897228270769, 3737.6 ], [ 84.132694182917476, 28.645879626274109, 3737.6 ], [ 84.13268362171948, 28.645877279341221, 3737.6 ], [ 84.132666690275073, 28.645875100046396, 3737.6 ], [ 84.132621260359883, 28.645878620445728, 3737.6 ], [ 84.132585888728499, 28.645888930186629, 3737.6 ], [ 84.132486395537853, 28.645913572981954, 3736.4 ], [ 84.132463512942195, 28.645920781418681, 3736.0 ], [ 84.132392518222332, 28.645944502204657, 3736.0 ], [ 84.132296545431018, 28.645972162485123, 3736.0 ], [ 84.132222952321172, 28.645989764481783, 3736.0 ], [ 84.132148521021008, 28.646001582965255, 3736.0 ], [ 84.13205866701901, 28.645977443084121, 3736.0 ], [ 84.132010051980615, 28.645954895764589, 3736.0 ], [ 84.132003262639046, 28.645950620993972, 3736.0 ], [ 84.131972165778279, 28.645932767540216, 3736.4 ], [ 84.131948864087462, 28.645923128351569, 3736.6 ], [ 84.131895555183291, 28.645894210785627, 3737.0 ], [ 84.131878623738885, 28.645883649587631, 3737.199999999999818 ], [ 84.131809556856751, 28.645834866911173, 3737.6 ], [ 84.131783908233047, 28.645803686231375, 3737.800000000000182 ], [ 84.131784830242395, 28.645803015679121, 3738.0 ], [ 84.13177871145308, 28.645804105326533, 3738.0 ], [ 84.131799163296819, 28.645810391753912, 3738.4 ], [ 84.131791954860091, 28.64580150693655, 3738.4 ], [ 84.131736047565937, 28.645758256316185, 3738.4 ], [ 84.131694305688143, 28.645712323486805, 3738.6 ], [ 84.131654240190983, 28.645671252161264, 3739.0 ], [ 84.131647953763604, 28.645671168342233, 3739.199999999999818 ], [ 84.131636638194323, 28.645644094794989, 3739.800000000000182 ], [ 84.131638901308179, 28.645639652386308, 3739.800000000000182 ], [ 84.131605206057429, 28.64558550529182, 3740.0 ], [ 84.131591375917196, 28.645562622696161, 3740.0 ], [ 84.131573438644409, 28.645549714565277, 3740.199999999999818 ], [ 84.131567738950253, 28.645543763414025, 3740.199999999999818 ], [ 84.13154267705977, 28.645505122840405, 3740.800000000000182 ], [ 84.131518034264445, 28.6454535741359, 3741.199999999999818 ], [ 84.131516022607684, 28.645449383184314, 3741.4 ], [ 84.1315065510571, 28.645389201119546, 3741.800000000000182 ], [ 84.131504371762276, 28.645369755104184, 3742.6 ], [ 84.131507640704513, 28.645340502262115, 3742.800000000000182 ], [ 84.131512669846416, 28.645309656858444, 3742.800000000000182 ], [ 84.131533121690154, 28.64526548422873, 3742.800000000000182 ], [ 84.131542006507516, 28.645252995193005, 3743.0 ], [ 84.131556088104844, 28.6452048830688, 3743.0 ], [ 84.131562290713191, 28.645129362121224, 3743.0 ], [ 84.131574025377631, 28.645088961347938, 3743.199999999999818 ], [ 84.131574863567948, 28.645087955519557, 3743.199999999999818 ], [ 84.131567236036062, 28.645106395706534, 3743.199999999999818 ], [ 84.131552902981639, 28.645089128986001, 3743.199999999999818 ], [ 84.131544940173626, 28.645067755132914, 3743.199999999999818 ], [ 84.131548712030053, 28.645008662715551, 3743.199999999999818 ], [ 84.131522309035063, 28.64496155641973, 3743.199999999999818 ], [ 84.131529936566949, 28.644962478429079, 3743.0 ], [ 84.131530020385981, 28.644962478429079, 3743.0 ], [ 84.131537899374962, 28.644950911402702, 3743.0 ], [ 84.131486434489489, 28.644931465387344, 3743.199999999999818 ], [ 84.13144594989717, 28.644898775964975, 3743.199999999999818 ], [ 84.131421055644751, 28.644884023815393, 3743.199999999999818 ], [ 84.13134578615427, 28.644856279715896, 3743.199999999999818 ], [ 84.131285939365625, 28.644820572808385, 3743.4 ], [ 84.131226930767298, 28.644776735454801, 3743.6 ], [ 84.131208742037416, 28.644755613058805, 3743.800000000000182 ], [ 84.131168844178319, 28.644725186750293, 3744.0 ], [ 84.131138669326901, 28.644705154001713, 3744.199999999999818 ], [ 84.131129365414381, 28.644685707986355, 3744.800000000000182 ], [ 84.131130622699857, 28.644679756835103, 3744.800000000000182 ], [ 84.13113028742373, 28.644679421558976, 3744.800000000000182 ], [ 84.131130622699857, 28.644679421558976, 3744.800000000000182 ], [ 84.131130371242762, 28.644679505378008, 3744.800000000000182 ], [ 84.131130371242762, 28.644679505378008, 3744.800000000000182 ], [ 84.131130371242762, 28.644679505378008, 3744.800000000000182 ], [ 84.131130371242762, 28.644679505378008, 3744.800000000000182 ], [ 84.131130371242762, 28.644679505378008, 3744.6 ], [ 84.131130371242762, 28.644679505378008, 3743.800000000000182 ], [ 84.131142441183329, 28.644678834825751, 3743.6 ], [ 84.131140597164631, 28.644678751006719, 3743.6 ], [ 84.131072536110878, 28.64463223144412, 3743.6 ], [ 84.131020568311214, 28.644570875912905, 3743.6 ], [ 84.131015706807375, 28.644559727981687, 3743.6 ], [ 84.130989471450448, 28.644502814859152, 3743.6 ], [ 84.130980083718896, 28.644501641392708, 3743.800000000000182 ], [ 84.130954518914223, 28.644471298903227, 3743.6 ], [ 84.130957955494523, 28.6444485001266, 3743.800000000000182 ], [ 84.130958123132586, 28.644448081031442, 3743.800000000000182 ], [ 84.130938006564975, 28.644429054111239, 3743.800000000000182 ], [ 84.130935156717896, 28.644423941150308, 3743.800000000000182 ], [ 84.130921494215727, 28.644414972513911, 3743.800000000000182 ], [ 84.130890732631087, 28.644373901188377, 3743.800000000000182 ], [ 84.130890145897865, 28.644369123503569, 3743.800000000000182 ], [ 84.130882602185011, 28.644358897581697, 3743.800000000000182 ], [ 84.130850834771991, 28.644320005550981, 3743.6 ], [ 84.130824180319905, 28.644288405776024, 3743.6 ], [ 84.130796184763312, 28.644228056073189, 3743.6 ], [ 84.13079802878201, 28.644140213727951, 3743.6 ], [ 84.1307657584548, 28.644057735800743, 3743.6 ], [ 84.130705827847123, 28.643983053043485, 3743.4 ], [ 84.130641706287861, 28.643926223739982, 3742.800000000000182 ], [ 84.130619410425425, 28.643910801038142, 3742.6 ], [ 84.130568280816078, 28.643870735540983, 3742.0 ], [ 84.130478678271174, 28.643796388059855, 3741.800000000000182 ], [ 84.130411371588707, 28.643726650625467, 3741.800000000000182 ], [ 84.130386728793383, 28.643657919019461, 3741.800000000000182 ], [ 84.130369797348976, 28.643580470234156, 3741.6 ], [ 84.130359319970012, 28.643499752506617, 3741.6 ], [ 84.130337946116924, 28.643404114991423, 3741.6 ], [ 84.130334928631783, 28.643392296507955, 3741.4 ], [ 84.130314141511917, 28.643310740590096, 3741.4 ], [ 84.130277931690216, 28.643248630687591, 3741.199999999999818 ], [ 84.130226466804743, 28.643228011205792, 3741.199999999999818 ], [ 84.130236776545644, 28.64322591573, 3741.0 ], [ 84.130241554230452, 28.643226083368063, 3741.0 ], [ 84.130259491503239, 28.643231615424156, 3741.0 ], [ 84.130263766273856, 28.643231112509969, 3740.800000000000182 ], [ 84.130247253924608, 28.643244942650199, 3740.800000000000182 ], [ 84.130201237276196, 28.643224071711305, 3740.6 ], [ 84.130183132365346, 28.64322055131197, 3740.6 ], [ 84.130171900615096, 28.643219042569399, 3740.199999999999818 ], [ 84.13012177683413, 28.643208732828494, 3739.199999999999818 ], [ 84.130082130432129, 28.643201105296612, 3738.800000000000182 ], [ 84.130030917003751, 28.643186185508966, 3738.0 ], [ 84.129989091306925, 28.643171768635511, 3737.0 ], [ 84.129907283931971, 28.643137402832508, 3736.0 ], [ 84.129879958927631, 28.643129020929337, 3735.6 ], [ 84.129806198179722, 28.643104545772076, 3734.800000000000182 ], [ 84.129757583141327, 28.643077136948705, 3734.0 ], [ 84.129737466573715, 28.643066072836518, 3733.800000000000182 ], [ 84.129679296165705, 28.643019134178761, 3732.800000000000182 ], [ 84.129670243710279, 28.643012093380097, 3732.6 ], [ 84.129641242325306, 28.642977308481932, 3731.6 ], [ 84.129618275910616, 28.642932549118996, 3730.4 ], [ 84.129615174606442, 28.642920730635524, 3730.199999999999818 ], [ 84.129589945077896, 28.642877731472257, 3729.199999999999818 ], [ 84.129559434950352, 28.642848562449217, 3729.199999999999818 ], [ 84.12954468280077, 28.642840096727017, 3729.199999999999818 ], [ 84.129451224580407, 28.642795253545049, 3729.199999999999818 ], [ 84.129402441903949, 28.642765497788787, 3729.199999999999818 ], [ 84.129393054172397, 28.642757199704647, 3729.199999999999818 ], [ 84.129345361143351, 28.642728114500638, 3730.199999999999818 ], [ 84.129338404163718, 28.642724175006151, 3730.4 ], [ 84.129305128008127, 28.642701208591461, 3730.4 ], [ 84.129296997562051, 28.642684780061245, 3730.4 ], [ 84.129303703084588, 28.642679331824183, 3730.4 ], [ 84.129305211827159, 28.642677403986458, 3730.4 ], [ 84.129311414435506, 28.642682265490297, 3730.800000000000182 ], [ 84.129311414435506, 28.642678828909993, 3731.199999999999818 ], [ 84.129321221262217, 28.642681846395135, 3731.6 ], [ 84.129326250404119, 28.642681259661913, 3731.6 ], [ 84.129324071109295, 28.64267086610198, 3731.6 ], [ 84.129298673942685, 28.642633566632867, 3731.6 ], [ 84.129271348938346, 28.642591238021851, 3731.6 ], [ 84.129277719184756, 28.642586879432201, 3732.199999999999818 ], [ 84.129276294261217, 28.642584448680282, 3732.800000000000182 ], [ 84.129276294261217, 28.642584448680282, 3733.0 ], [ 84.129274534061551, 28.642584113404155, 3733.0 ], [ 84.129258021712303, 28.642567936331034, 3733.0 ], [ 84.129224075004458, 28.642541114240885, 3733.0 ], [ 84.129198091104627, 28.642541198059916, 3733.800000000000182 ], [ 84.129178645089269, 28.642542203888297, 3734.0 ], [ 84.129105303436518, 28.642529714852571, 3734.4 ], [ 84.129040092229843, 28.642521081492305, 3734.800000000000182 ], [ 84.129016287624836, 28.64251353777945, 3735.0 ], [ 84.128952668979764, 28.642508927732703, 3735.199999999999818 ], [ 84.128937246277928, 28.642507418990135, 3735.199999999999818 ], [ 84.128859294578433, 28.642497276887298, 3735.800000000000182 ], [ 84.128849320113659, 28.642498282715682, 3736.0 ], [ 84.128801543265581, 28.642492834478617, 3736.6 ], [ 84.128768099471927, 28.642489146441221, 3737.0 ], [ 84.128729291260242, 28.642484452575445, 3737.6 ], [ 84.12870129570365, 28.642482776194811, 3738.0 ], [ 84.128674557432532, 28.642476238310337, 3738.4 ], [ 84.128621248528361, 28.642466347664595, 3739.0 ], [ 84.128584451973438, 28.642465006560087, 3739.199999999999818 ], [ 84.128561317920685, 28.642462156713009, 3739.4 ], [ 84.128515971824527, 28.642465928569436, 3739.4 ], [ 84.128507003188133, 28.64247003570199, 3739.6 ], [ 84.128454364836216, 28.642485039308667, 3739.6 ], [ 84.128446402028203, 28.642488643527031, 3739.800000000000182 ], [ 84.128403654322028, 28.642497947439551, 3740.199999999999818 ], [ 84.128383621573448, 28.642503563314676, 3740.6 ], [ 84.128319835290313, 28.642507502809167, 3741.4 ], [ 84.128300724551082, 28.642508676275611, 3741.6 ], [ 84.128256971016526, 28.642512112855911, 3742.4 ], [ 84.12824884057045, 28.642512783408165, 3742.800000000000182 ], [ 84.128209026530385, 28.642514878883961, 3743.199999999999818 ], [ 84.128203243017197, 28.64251479506493, 3743.4 ], [ 84.128179186955094, 28.642516806721687, 3744.0 ], [ 84.128174409270287, 28.642515633255243, 3744.199999999999818 ], [ 84.128142474219203, 28.642516722902656, 3744.4 ], [ 84.128122609108686, 28.642519488930706, 3744.800000000000182 ], [ 84.128073072060943, 28.64251479506493, 3745.4 ], [ 84.128061672672629, 28.642516387626529, 3745.6 ], [ 84.128020014613867, 28.642520746216174, 3746.0 ], [ 84.127989755943418, 28.642519321292639, 3746.6 ], [ 84.127968130633235, 28.642522841691971, 3747.0 ], [ 84.127940554171801, 28.64252669736743, 3747.6 ], [ 84.127918258309364, 28.642531307414178, 3748.0 ], [ 84.127892022952437, 28.642535163089633, 3748.6 ], [ 84.12788431160152, 28.642535833641887, 3748.6 ], [ 84.127855645492673, 28.642546897754073, 3749.199999999999818 ], [ 84.127824129536748, 28.642559722065929, 3749.6 ], [ 84.127818094566464, 28.642560727894303, 3749.800000000000182 ], [ 84.127780208364129, 28.642578078433871, 3750.4 ], [ 84.127745339646935, 28.642599619925026, 3750.800000000000182 ], [ 84.127707621082664, 28.642622083425518, 3751.4 ], [ 84.127665208652616, 28.642634656280279, 3751.800000000000182 ], [ 84.127659341320395, 28.642637589946389, 3752.0 ], [ 84.127623466774821, 28.642661394551396, 3752.6 ], [ 84.127597315236926, 28.642672207206488, 3753.0 ], [ 84.127577617764473, 28.642675643786788, 3753.199999999999818 ], [ 84.127548113465309, 28.642685953527689, 3753.800000000000182 ], [ 84.127504779025912, 28.642698526382446, 3754.0 ], [ 84.127460271120071, 28.642707914113998, 3754.800000000000182 ], [ 84.127447865903378, 28.642708668485284, 3755.199999999999818 ], [ 84.127414673566818, 28.642716212198138, 3755.6 ], [ 84.127386510372162, 28.642723085358739, 3756.0 ], [ 84.12738248705864, 28.642721911892295, 3756.199999999999818 ], [ 84.127349043264985, 28.642727108672261, 3757.0 ], [ 84.127344684675336, 28.642730712890625, 3757.199999999999818 ], [ 84.127330603078008, 28.642734233289957, 3757.800000000000182 ], [ 84.127311827614903, 28.642741441726685, 3758.199999999999818 ], [ 84.127296824008226, 28.642746638506651, 3758.6 ], [ 84.127267068251967, 28.642763821408153, 3759.0 ], [ 84.127263212576509, 28.64276859909296, 3759.199999999999818 ], [ 84.127246364951134, 28.642781591042876, 3759.6 ], [ 84.127225829288363, 28.642795085906982, 3760.4 ], [ 84.127216693013906, 28.642801288515329, 3760.800000000000182 ], [ 84.127193223685026, 28.642813274636865, 3761.199999999999818 ], [ 84.127180986106396, 28.642817800864577, 3761.4 ], [ 84.127166233956814, 28.642829032614827, 3761.800000000000182 ], [ 84.127135388553143, 28.642837917432189, 3762.6 ], [ 84.127094568684697, 28.642849149182439, 3763.199999999999818 ], [ 84.127065818756819, 28.642857950180769, 3763.6 ], [ 84.127058610320091, 28.642860548570752, 3763.800000000000182 ], [ 84.127039583399892, 28.642861051484942, 3764.199999999999818 ], [ 84.127017790451646, 28.642869684845209, 3764.6 ], [ 84.12701703608036, 28.64286775700748, 3764.800000000000182 ], [ 84.126987364143133, 28.642866499722004, 3765.4 ], [ 84.126978144049644, 28.642866667360067, 3765.800000000000182 ], [ 84.126958027482033, 28.642868343740702, 3766.4 ], [ 84.126931792125106, 28.64287412725389, 3766.800000000000182 ], [ 84.126917123794556, 28.642872618511319, 3767.199999999999818 ], [ 84.126877980306745, 28.642870271578431, 3768.0 ], [ 84.12685920484364, 28.642864236608148, 3768.199999999999818 ], [ 84.126869849860668, 28.64284336566925, 3769.0 ], [ 84.126876639202237, 28.642835905775428, 3769.0 ], [ 84.126878147944808, 28.642839258536696, 3769.0 ], [ 84.126876220107079, 28.642842276021842, 3769.0 ], [ 84.126876220107079, 28.642842276021842, 3769.0 ], [ 84.126876220107079, 28.642842276021842, 3769.0 ], [ 84.126876220107079, 28.642842276021842, 3769.0 ], [ 84.126876220107079, 28.642842276021842, 3769.0 ], [ 84.126876220107079, 28.642842276021842, 3769.0 ], [ 84.126872112974524, 28.642848981544375, 3769.0 ], [ 84.126867335289717, 28.642849316820502, 3768.800000000000182 ], [ 84.126854846253991, 28.642854848876595, 3768.800000000000182 ], [ 84.126839423552155, 28.642854345962405, 3768.800000000000182 ], [ 84.126822240650654, 28.642854513600469, 3768.800000000000182 ], [ 84.126813439652324, 28.642854681238532, 3768.800000000000182 ], [ 84.126798016950488, 28.642853926867247, 3768.800000000000182 ], [ 84.126765578985214, 28.642850071191788, 3769.0 ], [ 84.126727860420942, 28.642843114212155, 3769.199999999999818 ], [ 84.12668033502996, 28.642838001251221, 3769.800000000000182 ], [ 84.126647897064686, 28.642828781157732, 3770.199999999999818 ], [ 84.126635994762182, 28.642821907997131, 3770.6 ], [ 84.126594420522451, 28.642805647104979, 3771.199999999999818 ], [ 84.126591151580215, 28.642802964895964, 3771.199999999999818 ], [ 84.126547900959849, 28.64277639426291, 3772.199999999999818 ], [ 84.126517307013273, 28.642755774781108, 3773.0 ], [ 84.126505237072706, 28.642746889963743, 3773.4 ], [ 84.126482773572206, 28.642716715112329, 3774.0 ], [ 84.126458633691072, 28.642685366794467, 3774.6 ], [ 84.126444216817617, 28.642665753141049, 3775.0 ], [ 84.126417730003595, 28.642628705129027, 3775.6 ], [ 84.126371964812279, 28.642595177516341, 3776.4 ], [ 84.126349752768874, 28.642580509185791, 3776.6 ], [ 84.126339359208941, 28.64256902597845, 3776.800000000000182 ], [ 84.126334665343165, 28.642564248293638, 3776.800000000000182 ], [ 84.126320499926805, 28.64255360327661, 3777.0 ], [ 84.126306250691414, 28.642539773136377, 3777.0 ], [ 84.126300299540162, 28.642531977966428, 3777.199999999999818 ], [ 84.126273561269045, 28.642499959096313, 3777.199999999999818 ], [ 84.126255540177226, 28.642484871670604, 3777.800000000000182 ], [ 84.126230059191585, 28.642460312694311, 3778.0 ], [ 84.126190077513456, 28.642440531402823, 3778.6 ], [ 84.126167194917798, 28.642431311309338, 3778.800000000000182 ], [ 84.1260842140764, 28.642405495047569, 3779.4 ], [ 84.126052530482411, 28.642392503097653, 3779.800000000000182 ], [ 84.12602067925036, 28.642381522804499, 3779.800000000000182 ], [ 84.125954043120146, 28.642367525026199, 3780.800000000000182 ], [ 84.125945661216974, 28.642371883615851, 3780.800000000000182 ], [ 84.125950019806623, 28.642384288832545, 3781.0 ], [ 84.125952115282416, 28.642390239983797, 3781.199999999999818 ], [ 84.125971393659711, 28.642369788140059, 3781.199999999999818 ], [ 84.125970471650362, 28.642367357388139, 3781.199999999999818 ], [ 84.125959407538176, 28.642373057082295, 3781.4 ], [ 84.125968459993601, 28.64237473346293, 3781.4 ], [ 84.12588682025671, 28.64238697104156, 3781.199999999999818 ], [ 84.12580375559628, 28.642421588301659, 3781.199999999999818 ], [ 84.125748351216316, 28.642450841143727, 3781.199999999999818 ], [ 84.125666543841362, 28.642494678497311, 3781.199999999999818 ], [ 84.125573923811316, 28.642537342384458, 3781.199999999999818 ], [ 84.12548272870481, 28.642576904967427, 3781.199999999999818 ], [ 84.125381056219339, 28.642614372074604, 3781.199999999999818 ], [ 84.125317689031363, 28.642635578289628, 3781.0 ], [ 84.125243844464421, 28.642664579674602, 3781.0 ], [ 84.125194726511836, 28.64267966710031, 3780.4 ], [ 84.1250688303262, 28.642683355137702, 3780.0 ], [ 84.124998170882463, 28.642674721777439, 3779.800000000000182 ], [ 84.124973947182298, 28.642668602988124, 3779.800000000000182 ], [ 84.124974282458425, 28.642658041790128, 3779.6 ], [ 84.124964224174619, 28.642656281590462, 3779.4 ], [ 84.124920889735222, 28.642639014869928, 3778.800000000000182 ], [ 84.124913010746241, 28.642627950757745, 3778.6 ], [ 84.12484067492187, 28.642568439245224, 3777.800000000000182 ], [ 84.124821312725544, 28.642537761479616, 3777.199999999999818 ], [ 84.124807650223374, 28.642520327121019, 3776.800000000000182 ], [ 84.124768422916532, 28.642479758709669, 3776.800000000000182 ], [ 84.124676305800676, 28.642444051802158, 3776.800000000000182 ], [ 84.124563653022051, 28.642437933012843, 3776.800000000000182 ], [ 84.124475307762623, 28.642423767596483, 3776.800000000000182 ], [ 84.124366594478488, 28.642403231933713, 3776.800000000000182 ], [ 84.124283445999026, 28.642399711534381, 3777.0 ], [ 84.124186635017395, 28.642412116751075, 3777.0 ], [ 84.124096361920238, 28.642430137842897, 3777.4 ], [ 84.124071383848786, 28.642431981861591, 3777.6 ], [ 84.124022852629423, 28.642438016831875, 3777.800000000000182 ], [ 84.123981948941946, 28.642440447583795, 3777.800000000000182 ], [ 84.123883713036776, 28.642449332401156, 3778.0 ], [ 84.123793272301555, 28.642449332401156, 3778.0 ], [ 84.123738873749971, 28.642443632707, 3778.0 ], [ 84.123740717768669, 28.642429299652576, 3778.199999999999818 ], [ 84.123673997819424, 28.642420833930373, 3778.199999999999818 ], [ 84.123569391667843, 28.642387138679624, 3778.199999999999818 ], [ 84.123468725010753, 28.642344055697318, 3778.199999999999818 ], [ 84.123443411663175, 28.642332069575787, 3778.199999999999818 ], [ 84.123419187963009, 28.642318909987807, 3778.0 ], [ 84.123398819938302, 28.642304576933384, 3778.0 ], [ 84.123313995078206, 28.642245568335056, 3777.800000000000182 ], [ 84.123235372826457, 28.642178094014525, 3777.800000000000182 ], [ 84.123171838000417, 28.642111206427217, 3777.6 ], [ 84.123111739754677, 28.642073655501008, 3777.6 ], [ 84.12308843806386, 28.642058148980141, 3777.6 ], [ 84.123037476092577, 28.642023783177137, 3777.6 ], [ 84.122984502464533, 28.641998134553432, 3777.6 ], [ 84.122915267944336, 28.641949519515041, 3777.6 ], [ 84.122916525229812, 28.641947591677308, 3777.800000000000182 ], [ 84.122916525229812, 28.641947591677308, 3777.800000000000182 ], [ 84.122942173853517, 28.641951531171799, 3778.0 ], [ 84.122905042022467, 28.641942227259278, 3778.199999999999818 ], [ 84.122878639027476, 28.6419359408319, 3779.4 ], [ 84.122863635420799, 28.641915572807193, 3780.4 ], [ 84.122858019545674, 28.641907777637243, 3780.4 ], [ 84.122859947383404, 28.641898641362783, 3780.6 ], [ 84.122860450297594, 28.641900317743421, 3780.6 ], [ 84.122885093092918, 28.64189151674509, 3780.6 ], [ 84.122876795008779, 28.641902664676309, 3780.6 ], [ 84.122871682047844, 28.641908951103687, 3780.6 ], [ 84.122871682047844, 28.641908951103687, 3780.6 ], [ 84.122871682047844, 28.641908951103687, 3780.6 ], [ 84.122871682047844, 28.641908951103687, 3780.6 ], [ 84.122871682047844, 28.641908951103687, 3780.6 ], [ 84.122872017323971, 28.64190467633307, 3780.6 ], [ 84.122870592400432, 28.641899144276977, 3780.6 ], [ 84.122871682047844, 28.641901239752769, 3780.6 ], [ 84.122874531894922, 28.641903502866622, 3780.6 ], [ 84.122871682047844, 28.641908951103687, 3780.800000000000182 ], [ 84.122874364256859, 28.641900485381484, 3780.800000000000182 ], [ 84.122876459732652, 28.641899395734072, 3780.800000000000182 ], [ 84.122871682047844, 28.641908951103687, 3780.800000000000182 ], [ 84.122874448075891, 28.641892438754439, 3780.800000000000182 ], [ 84.122874448075891, 28.641892438754439, 3780.800000000000182 ], [ 84.122874783352017, 28.641891181468964, 3780.6 ], [ 84.1228739451617, 28.641895707696676, 3780.6 ], [ 84.122875286266208, 28.641902664676309, 3780.6 ], [ 84.122877968475223, 28.64190861582756, 3780.6 ], [ 84.122891798615456, 28.6419359408319, 3779.800000000000182 ], [ 84.122895402833819, 28.64193351007998, 3779.800000000000182 ], [ 84.122916525229812, 28.64193644374609, 3779.800000000000182 ], [ 84.122934462502599, 28.641949100419879, 3779.800000000000182 ], [ 84.122957848012447, 28.64197944290936, 3779.199999999999818 ], [ 84.122980646789074, 28.641998302191496, 3779.0 ], [ 84.122879896312952, 28.641926636919379, 3778.6 ], [ 84.122880566865206, 28.641928313300017, 3778.6 ], [ 84.122875286266208, 28.641943316906691, 3778.4 ], [ 84.122886853292584, 28.641947088763121, 3778.4 ], [ 84.122897749766707, 28.641953878104687, 3778.4 ], [ 84.122900264337659, 28.641947843134403, 3778.4 ], [ 84.122903784736991, 28.641941221430898, 3778.199999999999818 ], [ 84.122926834970713, 28.641953794285655, 3777.4 ], [ 84.122932115569711, 28.641961757093668, 3777.0 ], [ 84.122925912961364, 28.642010204493999, 3776.0 ], [ 84.122925074771047, 28.642007270827889, 3775.800000000000182 ], [ 84.122912418097258, 28.642045743763447, 3775.800000000000182 ], [ 84.122902024537325, 28.6420654412359, 3774.800000000000182 ], [ 84.12290571257472, 28.642079690471292, 3774.6 ], [ 84.122896995395422, 28.642145404592156, 3773.800000000000182 ], [ 84.122897665947676, 28.642158983275294, 3773.6 ], [ 84.122908059507608, 28.642202401533723, 3772.6 ], [ 84.12292473949492, 28.642279012128711, 3771.6 ], [ 84.122926918789744, 28.642410105094314, 3770.800000000000182 ], [ 84.122919961810112, 28.642473137006164, 3770.4 ], [ 84.122920129448175, 28.642516136169434, 3769.199999999999818 ], [ 84.1229188721627, 28.642599619925026, 3768.199999999999818 ], [ 84.12291451357305, 28.642637170851231, 3767.6 ], [ 84.122910154983401, 28.642658209428191, 3767.0 ], [ 84.1228964086622, 28.642716547474265, 3766.0 ], [ 84.122885260730982, 28.642735993489623, 3766.0 ], [ 84.122875202447176, 28.642785446718335, 3765.0 ], [ 84.122863803058863, 28.642805814743038, 3764.6 ], [ 84.122839411720634, 28.642868343740702, 3764.0 ], [ 84.12283094599843, 28.64289172925055, 3763.6 ], [ 84.122786857187748, 28.642962723970413, 3762.800000000000182 ], [ 84.122770763933659, 28.643014021217823, 3761.800000000000182 ], [ 84.122754251584411, 28.643046962097287, 3761.0 ], [ 84.122745702043176, 28.643065569922328, 3760.6 ], [ 84.122717035934329, 28.643111754208803, 3759.800000000000182 ], [ 84.122702451422811, 28.643132289871573, 3759.6 ], [ 84.122683759778738, 28.643154837191105, 3758.800000000000182 ], [ 84.122668337076902, 28.643185598775744, 3758.6 ], [ 84.122635815292597, 28.643238740041852, 3757.4 ], [ 84.122601030394435, 28.64331484772265, 3756.4 ], [ 84.122597426176071, 28.643326414749023, 3756.199999999999818 ], [ 84.122583596035838, 28.643398163840175, 3756.199999999999818 ], [ 84.12257588468492, 28.643421046435833, 3755.800000000000182 ], [ 84.122555600479245, 28.643433535471559, 3755.4 ], [ 84.122555600479245, 28.643434625118971, 3755.199999999999818 ], [ 84.122546967118979, 28.643458597362041, 3755.199999999999818 ], [ 84.122540345415473, 28.643470918759704, 3754.0 ], [ 84.122502710670233, 28.643529340624809, 3753.199999999999818 ], [ 84.122465495020151, 28.643593462184072, 3753.0 ], [ 84.122447976842523, 28.643623553216457, 3752.0 ], [ 84.122424088418484, 28.643673090264201, 3750.800000000000182 ], [ 84.122373294085264, 28.643740313127637, 3749.6 ], [ 84.12234328687191, 28.643785072490573, 3748.6 ], [ 84.122330965474248, 28.64382010884583, 3747.800000000000182 ], [ 84.122327528893948, 28.643841231241822, 3747.4 ], [ 84.122328031808138, 28.643899066373702, 3746.199999999999818 ], [ 84.122319566085935, 28.643934773281217, 3746.199999999999818 ], [ 84.122282350435853, 28.644003421068192, 3745.800000000000182 ], [ 84.12225435487926, 28.644048934802413, 3745.0 ], [ 84.122241865843534, 28.644082965329289, 3743.6 ], [ 84.122231556102633, 28.644108027219772, 3742.800000000000182 ], [ 84.122227113693953, 28.64412060007453, 3742.800000000000182 ], [ 84.122182773426175, 28.64419050514698, 3742.800000000000182 ], [ 84.12218302488327, 28.644174914807081, 3742.6 ], [ 84.122182689607143, 28.64417483098805, 3742.6 ], [ 84.122176570817828, 28.64417290315032, 3742.6 ], [ 84.122175984084606, 28.644173154607415, 3742.4 ], [ 84.122165841981769, 28.644175920635465, 3742.199999999999818 ], [ 84.122083112597466, 28.644175585359335, 3742.0 ], [ 84.122008932754397, 28.644130993634462, 3741.800000000000182 ], [ 84.122002478688955, 28.64410987123847, 3741.4 ], [ 84.121995186433196, 28.644099896773696, 3741.199999999999818 ], [ 84.121924107894301, 28.644041726365685, 3740.800000000000182 ], [ 84.121843809261918, 28.64398674108088, 3740.199999999999818 ], [ 84.121728977188468, 28.643931755796075, 3740.199999999999818 ], [ 84.12169880233705, 28.643913064151999, 3740.199999999999818 ], [ 84.12164893001318, 28.643876519054174, 3740.199999999999818 ], [ 84.121590591967106, 28.64383234642446, 3740.199999999999818 ], [ 84.121573241427541, 28.643815163522959, 3740.199999999999818 ], [ 84.121537953615189, 28.643795130774379, 3740.800000000000182 ], [ 84.1214544698596, 28.643743498250839, 3741.0 ], [ 84.121403843164444, 28.643710557371374, 3741.4 ], [ 84.121391102671623, 28.643699660897255, 3741.4 ], [ 84.121361933648586, 28.643658086657524, 3741.800000000000182 ], [ 84.121320610865951, 28.643625397235155, 3741.800000000000182 ], [ 84.121311390772462, 28.64361877553165, 3741.800000000000182 ], [ 84.121303092688322, 28.643613243475556, 3741.800000000000182 ], [ 84.121231427416205, 28.643569573760033, 3741.800000000000182 ], [ 84.121160767972469, 28.643515342846513, 3741.800000000000182 ], [ 84.121077619493008, 28.643451640382409, 3741.4 ], [ 84.121026657521725, 28.643423980101943, 3741.4 ], [ 84.120970582589507, 28.643395230174065, 3741.199999999999818 ], [ 84.12087737582624, 28.643345776945353, 3741.0 ], [ 84.120784001424909, 28.643281571567059, 3740.6 ], [ 84.120717197656631, 28.643225328996778, 3740.6 ], [ 84.120692051947117, 28.643206804990768, 3740.4 ], [ 84.120636144652963, 28.643176378682256, 3740.199999999999818 ], [ 84.120559366419911, 28.643115106970072, 3740.199999999999818 ], [ 84.120493652299047, 28.643066240474582, 3740.199999999999818 ], [ 84.120415197685361, 28.643026761710644, 3740.199999999999818 ], [ 84.120322661474347, 28.64296548999846, 3740.199999999999818 ], [ 84.120232304558158, 28.642892986536022, 3740.199999999999818 ], [ 84.120130715891719, 28.642820985987782, 3740.4 ], [ 84.120066426694393, 28.642760971561071, 3740.4 ], [ 84.119985960423946, 28.642700705677271, 3740.4 ], [ 84.119905410334468, 28.642645049840212, 3740.199999999999818 ], [ 84.119852101430297, 28.642596937716007, 3740.199999999999818 ], [ 84.119762917980552, 28.642513370141387, 3740.199999999999818 ], [ 84.119681948795915, 28.642440028488636, 3739.4 ], [ 84.119661413133144, 28.642424438148737, 3739.199999999999818 ], [ 84.119600895792246, 28.642388060688972, 3739.0 ], [ 84.119491344317794, 28.64232586696744, 3738.4 ], [ 84.119480280205607, 28.642321676015857, 3738.199999999999818 ], [ 84.119423618540168, 28.642292087897658, 3738.199999999999818 ], [ 84.119295626878738, 28.642265349626541, 3738.199999999999818 ], [ 84.119187751784921, 28.64226627163589, 3738.199999999999818 ], [ 84.119054395705462, 28.642258895561099, 3738.0 ], [ 84.118944592773914, 28.642250597476959, 3737.0 ], [ 84.11891357973218, 28.642247915267944, 3736.800000000000182 ], [ 84.118817020207644, 28.642247328534719, 3736.0 ], [ 84.118727669119835, 28.642246155068278, 3734.800000000000182 ], [ 84.118647202849388, 28.642252357676625, 3733.800000000000182 ], [ 84.118616608902812, 28.642253614962101, 3733.4 ], [ 84.118566568940878, 28.642257554456592, 3733.0 ], [ 84.118537735193968, 28.642261242493987, 3732.4 ], [ 84.118495238944888, 28.642269205302, 3731.6 ], [ 84.118478558957577, 28.642271803691983, 3731.4 ], [ 84.118396500125527, 28.642292926087976, 3730.4 ], [ 84.118379903957248, 28.642296362668276, 3730.199999999999818 ], [ 84.118302203714848, 28.642321759834889, 3729.199999999999818 ], [ 84.118271274492145, 28.642335589975119, 3728.800000000000182 ], [ 84.118202039971948, 28.642377248033881, 3728.199999999999818 ], [ 84.118155771866441, 28.642403818666935, 3727.800000000000182 ], [ 84.118072371929884, 28.642442794516683, 3727.0 ], [ 84.118009842932224, 28.642478249967098, 3725.800000000000182 ], [ 84.117985870689154, 28.6424919962883, 3725.4 ], [ 84.117950750514865, 28.642509011551734, 3724.6 ], [ 84.117903811857104, 28.64253893494606, 3723.6 ], [ 84.117860980331898, 28.642565840855241, 3723.0 ], [ 84.117786297574639, 28.642638344317675, 3722.6 ], [ 84.117774814367294, 28.642650917172432, 3722.4 ], [ 84.117713123559952, 28.642711685970426, 3721.800000000000182 ], [ 84.11768957041204, 28.642748733982444, 3721.4 ], [ 84.117663921788335, 28.642787542194128, 3721.199999999999818 ], [ 84.117585131898522, 28.642860213294625, 3720.800000000000182 ], [ 84.117495277896523, 28.642943277955055, 3720.6 ], [ 84.117485303431749, 28.642932046204805, 3720.4 ], [ 84.117423696443439, 28.642963813617826, 3717.4 ], [ 84.117411961778998, 28.642955766990781, 3717.4 ], [ 84.117421517148614, 28.642950486391783, 3717.199999999999818 ], [ 84.117414141073823, 28.642958197742701, 3717.199999999999818 ], [ 84.117398047819734, 28.642965070903301, 3717.199999999999818 ], [ 84.117282209917903, 28.643003543838859, 3717.0 ], [ 84.117209119722247, 28.643012931570411, 3717.0 ], [ 84.117189589887857, 28.643013602122664, 3717.0 ], [ 84.11714231595397, 28.643017625436187, 3716.800000000000182 ], [ 84.117089174687862, 28.643019385635853, 3716.800000000000182 ], [ 84.117029244080186, 28.643019804731011, 3716.800000000000182 ], [ 84.11701968871057, 28.643023995682597, 3716.800000000000182 ], [ 84.116872418671846, 28.643005220219493, 3716.800000000000182 ], [ 84.116777367889881, 28.642985774204135, 3716.6 ], [ 84.116695309057832, 28.642945205792785, 3716.6 ], [ 84.11662632599473, 28.642863566055897, 3716.6 ], [ 84.116610568016768, 28.642723755910993, 3716.6 ], [ 84.116610400378704, 28.642697101458907, 3716.6 ], [ 84.116601264104247, 28.64266206510365, 3717.0 ], [ 84.116570251062512, 28.642579168081284, 3717.199999999999818 ], [ 84.116548374295235, 28.642482776194811, 3717.199999999999818 ], [ 84.116517612710595, 28.642392503097653, 3717.199999999999818 ], [ 84.116484085097909, 28.642331985756755, 3718.199999999999818 ], [ 84.116460112854838, 28.642304157838225, 3718.800000000000182 ], [ 84.116442427039146, 28.64227800630033, 3719.4 ], [ 84.116420298814774, 28.642210280522704, 3720.199999999999818 ], [ 84.11641669459641, 28.64220080897212, 3720.199999999999818 ], [ 84.116414012387395, 28.642186559736729, 3720.6 ], [ 84.11639180034399, 28.642142470926046, 3721.0 ], [ 84.116365145891905, 28.642112128436565, 3721.6 ], [ 84.116338742896914, 28.642075331881639, 3722.199999999999818 ], [ 84.116306472569704, 28.642012048512697, 3722.6 ], [ 84.116299347952008, 28.641999727115035, 3722.6 ], [ 84.116268837824464, 28.641929738223553, 3723.4 ], [ 84.116250732913613, 28.641880201175809, 3723.800000000000182 ], [ 84.116244362667203, 28.64186704158783, 3724.0 ], [ 84.116225419566035, 28.641816582530737, 3724.800000000000182 ], [ 84.116222402080894, 28.641811721026897, 3725.0 ], [ 84.116207733750343, 28.641768386587501, 3725.6 ], [ 84.116201866418123, 28.641753047704697, 3726.0 ], [ 84.116196753457189, 28.641717676073313, 3726.6 ], [ 84.116190131753683, 28.641703426837921, 3727.0 ], [ 84.116187365725636, 28.641681047156453, 3727.800000000000182 ], [ 84.116177139803767, 28.641661517322063, 3728.0 ], [ 84.116167668253183, 28.641625139862299, 3728.4 ], [ 84.116158531978726, 28.641584319993857, 3729.199999999999818 ], [ 84.116157190874219, 28.641576441004872, 3729.199999999999818 ], [ 84.116147886961699, 28.641539225354791, 3730.199999999999818 ], [ 84.116134392097592, 28.641495304182172, 3731.4 ], [ 84.116115365177393, 28.641458339989185, 3732.0 ], [ 84.116097930818796, 28.641445012763143, 3732.4 ], [ 84.116060128435493, 28.641433948650956, 3732.800000000000182 ], [ 84.116009334102273, 28.641421711072329, 3733.0 ], [ 84.115994581952691, 28.641423638910055, 3733.0 ], [ 84.115944122895598, 28.641453143209219, 3733.0 ], [ 84.11589726805687, 28.641506535932422, 3733.0 ], [ 84.115856364369392, 28.641541488468647, 3733.0 ], [ 84.115833146497607, 28.641559341922399, 3733.199999999999818 ], [ 84.115764163434505, 28.641619104892015, 3733.0 ], [ 84.115727953612804, 28.641635114327073, 3732.800000000000182 ], [ 84.115687804296613, 28.641651961952448, 3732.800000000000182 ], [ 84.115660982206464, 28.641656907275319, 3732.800000000000182 ], [ 84.115649666637182, 28.641656236723065, 3732.800000000000182 ], [ 84.115577330812812, 28.641691189259291, 3732.800000000000182 ], [ 84.115578839555383, 28.641697643324733, 3732.6 ], [ 84.11557431332767, 28.641694961115721, 3732.6 ], [ 84.11557431332767, 28.641694961115721, 3732.6 ], [ 84.11557431332767, 28.641694961115721, 3732.199999999999818 ], [ 84.11557431332767, 28.641694961115721, 3732.199999999999818 ], [ 84.115585377439857, 28.641695631667972, 3732.0 ], [ 84.115585880354047, 28.641696972772479, 3731.800000000000182 ], [ 84.11556014791131, 28.641708958894014, 3731.4 ], [ 84.115508766844869, 28.64173024892807, 3730.6 ], [ 84.115473562851548, 28.641743324697018, 3730.4 ], [ 84.115467108786106, 28.641748102381825, 3730.4 ], [ 84.115405501797795, 28.641805099323392, 3729.800000000000182 ], [ 84.115386893972754, 28.641820522025228, 3729.4 ], [ 84.115349426865578, 28.641877016052604, 3728.6 ], [ 84.115334758535028, 28.641894953325391, 3728.4 ], [ 84.115308606997132, 28.641946418210864, 3727.6 ], [ 84.115299470722675, 28.641966031864285, 3727.199999999999818 ], [ 84.11525085568428, 28.642021017149091, 3726.4 ], [ 84.115230906754732, 28.642039876431227, 3726.199999999999818 ], [ 84.115157900378108, 28.642100058495998, 3725.4 ], [ 84.115049690008163, 28.642166946083307, 3725.199999999999818 ], [ 84.115030830726027, 28.642180357128382, 3725.199999999999818 ], [ 84.114951118826866, 28.642220590263605, 3725.0 ], [ 84.114846680313349, 28.642265181988481, 3724.800000000000182 ], [ 84.114743499085307, 28.64227557554841, 3724.800000000000182 ], [ 84.114627745002508, 28.642263421788812, 3724.199999999999818 ], [ 84.11453646607697, 28.642257219180465, 3724.199999999999818 ], [ 84.114433284848928, 28.642239030450583, 3723.4 ], [ 84.114390788599849, 28.642229726538066, 3723.0 ], [ 84.114319542422891, 28.642200389876962, 3722.0 ], [ 84.114307640120387, 28.642195696011186, 3722.0 ], [ 84.114234885200858, 28.642178429290652, 3720.800000000000182 ], [ 84.114208985120058, 28.642178094014525, 3720.6 ], [ 84.114145282655954, 28.64218144677579, 3719.6 ], [ 84.114112174138427, 28.642178680747747, 3719.0 ], [ 84.114081412553787, 28.642172981053591, 3718.6 ], [ 84.114023493602872, 28.642156049609184, 3717.4 ], [ 84.114001281559467, 28.642147248610858, 3716.6 ], [ 84.113975297659636, 28.642131490632892, 3716.0 ], [ 84.113911176100373, 28.642093520611525, 3716.0 ], [ 84.113815203309059, 28.64204951561987, 3716.0 ], [ 84.113794164732099, 28.642036439850926, 3716.0 ], [ 84.113746555522084, 28.642040379345417, 3716.0 ], [ 84.113724678754807, 28.642046581953764, 3715.800000000000182 ], [ 84.113722080364823, 28.642034763470292, 3715.800000000000182 ], [ 84.113716380670667, 28.64203778095543, 3715.800000000000182 ], [ 84.113703221082687, 28.642049767076969, 3715.6 ], [ 84.113624431192875, 28.642069296911359, 3715.0 ], [ 84.113609930500388, 28.642071057111025, 3715.0 ], [ 84.113522255793214, 28.642090922221541, 3714.6 ], [ 84.113480430096388, 28.642107015475631, 3714.6 ], [ 84.113424858078361, 28.642133418470621, 3714.6 ], [ 84.113328382372856, 28.642162587493655, 3714.6 ], [ 84.113247497007251, 28.642192259430885, 3714.6 ], [ 84.113167533650994, 28.642255626618866, 3714.6 ], [ 84.113133000209928, 28.642289908602834, 3715.0 ], [ 84.113125624135137, 28.642297619953752, 3715.199999999999818 ], [ 84.113072231411934, 28.642350845038891, 3715.6 ], [ 84.113044403493404, 28.64236869849265, 3715.800000000000182 ], [ 84.113004924729466, 28.642394933849573, 3716.0 ], [ 84.11299386061728, 28.642397951334715, 3716.0 ], [ 84.112983718514442, 28.642402645200491, 3716.0 ], [ 84.112906688824296, 28.642428126186132, 3716.0 ], [ 84.112770818173885, 28.642447907477617, 3716.0 ], [ 84.112668810412288, 28.642495013773441, 3716.0 ], [ 84.112616591155529, 28.642560224980116, 3715.4 ], [ 84.112603263929486, 28.642591070383787, 3715.0 ], [ 84.112582560628653, 28.642649995163083, 3714.6 ], [ 84.112557917833328, 28.642726270481944, 3714.0 ], [ 84.112550374120474, 28.642740352079272, 3714.0 ], [ 84.112471165135503, 28.642843030393124, 3713.800000000000182 ], [ 84.112428920343518, 28.642905224114656, 3713.6 ], [ 84.112364547327161, 28.64296481944621, 3713.4 ], [ 84.112329427152872, 28.643011171370745, 3713.0 ], [ 84.112300425767899, 28.643054170534015, 3713.0 ], [ 84.112238232046366, 28.643120471388102, 3713.0 ], [ 84.112188275903463, 28.643214264884591, 3713.0 ], [ 84.112128764390945, 28.643291378393769, 3713.0 ], [ 84.11207964643836, 28.64336178638041, 3712.800000000000182 ], [ 84.112009238451719, 28.643435379490256, 3712.800000000000182 ], [ 84.111967580392957, 28.643494891002774, 3712.800000000000182 ], [ 84.111898178234696, 28.643579632043839, 3712.800000000000182 ], [ 84.111825507134199, 28.643659260123968, 3712.6 ], [ 84.111732803285122, 28.643717849627137, 3712.6 ], [ 84.111646134406328, 28.643772667273879, 3711.800000000000182 ], [ 84.111571367830038, 28.643845086917281, 3711.199999999999818 ], [ 84.111540941521525, 28.643874758854508, 3710.800000000000182 ], [ 84.111468689516187, 28.643909208476543, 3710.6 ], [ 84.111375315114856, 28.643978778272867, 3710.6 ], [ 84.111302476376295, 28.644017083570361, 3710.6 ], [ 84.111212287098169, 28.644078439101577, 3710.6 ], [ 84.111095443367958, 28.644150355830789, 3710.4 ], [ 84.111013133078814, 28.644210789352655, 3710.4 ], [ 84.110916741192341, 28.644231827929616, 3710.4 ], [ 84.110814398154616, 28.644237946718931, 3710.6 ], [ 84.110693782567978, 28.644211208447818, 3710.6 ], [ 84.110568556934595, 28.64415873773396, 3710.6 ], [ 84.110478200018406, 28.644147170707583, 3710.6 ], [ 84.110397817566991, 28.64416066557169, 3710.6 ], [ 84.110311651602387, 28.644201317802072, 3710.6 ], [ 84.110216684639454, 28.64422663114965, 3710.4 ], [ 84.110135463997722, 28.644263427704573, 3710.4 ], [ 84.110046196728945, 28.644326878711581, 3710.0 ], [ 84.110011914744973, 28.644346073269844, 3709.6 ], [ 84.109969669952989, 28.644375577569008, 3709.4 ], [ 84.109895238652825, 28.644443554803729, 3709.0 ], [ 84.109827848151326, 28.644496276974682, 3708.6 ], [ 84.109802953898907, 28.644528714939952, 3708.199999999999818 ], [ 84.109753500670195, 28.644601469859481, 3707.6 ], [ 84.109746124595404, 28.644613539800048, 3707.4 ], [ 84.109692648053169, 28.644663328304887, 3706.800000000000182 ], [ 84.109656773507595, 28.644688138738275, 3706.4 ], [ 84.109612014144659, 28.644721079617739, 3705.199999999999818 ], [ 84.109594915062189, 28.64473239518702, 3704.800000000000182 ], [ 84.109534732997417, 28.644779501482844, 3704.199999999999818 ], [ 84.109525512903929, 28.64478662610054, 3704.0 ], [ 84.109469186514616, 28.644844628870487, 3702.800000000000182 ], [ 84.109453847631812, 28.644863404333591, 3702.800000000000182 ], [ 84.109388049691916, 28.644918892532587, 3701.800000000000182 ], [ 84.109379835426807, 28.64492978900671, 3701.6 ], [ 84.109314540401101, 28.644992234185334, 3700.800000000000182 ], [ 84.109292076900601, 28.645018469542265, 3700.4 ], [ 84.109250335022807, 28.645038334652781, 3699.800000000000182 ], [ 84.109218316152692, 28.645061049610376, 3699.4 ], [ 84.109140448272228, 28.64512232132256, 3698.800000000000182 ], [ 84.1091263666749, 28.645132044330239, 3698.800000000000182 ], [ 84.109061323106289, 28.645187616348267, 3698.6 ], [ 84.108974486589432, 28.645243272185329, 3698.6 ], [ 84.10887130536139, 28.645294737070799, 3698.4 ], [ 84.10881020128727, 28.645294234156609, 3697.6 ], [ 84.108744822442532, 28.645290629938245, 3697.0 ], [ 84.108717916533351, 28.645283840596676, 3696.4 ], [ 84.108649855479598, 28.645263724029064, 3695.199999999999818 ], [ 84.108635690063238, 28.645261712372303, 3695.0 ], [ 84.108577603474259, 28.645248804241419, 3694.199999999999818 ], [ 84.108515158295631, 28.645240925252441, 3693.6 ], [ 84.108487581834197, 28.645231956616044, 3693.199999999999818 ], [ 84.108417592942715, 28.645223993808031, 3692.199999999999818 ], [ 84.108403008431196, 28.645221311599016, 3692.199999999999818 ], [ 84.108321201056242, 28.645215528085828, 3691.0 ], [ 84.108273508027196, 28.645208403468132, 3690.4 ], [ 84.108225731179118, 28.64519901573658, 3690.199999999999818 ], [ 84.108136044815183, 28.64516238681972, 3690.199999999999818 ], [ 84.108035629615188, 28.645118130370975, 3690.199999999999818 ], [ 84.10793898627162, 28.64509231410921, 3690.199999999999818 ], [ 84.107835721224546, 28.645073035731912, 3690.199999999999818 ], [ 84.107723822817206, 28.645035736262798, 3690.199999999999818 ], [ 84.107635896652937, 28.645007740706205, 3690.800000000000182 ], [ 84.107619635760784, 28.645002795383338, 3691.0 ], [ 84.107550652697682, 28.644977817311883, 3691.4 ], [ 84.107473120093346, 28.644929034635425, 3691.6 ], [ 84.107434395700693, 28.644908415153623, 3691.6 ], [ 84.107312606647611, 28.644815627485514, 3691.6 ], [ 84.107234738767147, 28.64480716176331, 3691.6 ], [ 84.107130132615566, 28.64481152035296, 3691.6 ], [ 84.107116553932428, 28.644812861457467, 3691.6 ], [ 84.107000883668661, 28.644816884770989, 3691.6 ], [ 84.106908431276679, 28.644813280552626, 3691.0 ], [ 84.106836514547467, 28.644812358543277, 3691.0 ], [ 84.106765938922763, 28.644801378250119, 3691.0 ], [ 84.106641467660666, 28.644779920578003, 3691.0 ], [ 84.106540633365512, 28.644761731848121, 3690.6 ], [ 84.106443654745817, 28.644721247255799, 3690.6 ], [ 84.106339467689395, 28.644685875624418, 3690.6 ], [ 84.106240309774876, 28.644658718258142, 3690.0 ], [ 84.106189515441656, 28.644645139575005, 3689.800000000000182 ], [ 84.106100331991911, 28.644636841490865, 3689.199999999999818 ], [ 84.105987176299095, 28.644628459587693, 3689.0 ], [ 84.105958510190248, 28.644625525921583, 3688.800000000000182 ], [ 84.105852982029319, 28.644645139575005, 3688.4 ], [ 84.105773940682411, 28.644704483449459, 3688.4 ], [ 84.105698587372899, 28.644782770425081, 3688.199999999999818 ], [ 84.105607056990266, 28.644828535616401, 3688.0 ], [ 84.105578307062387, 28.644841024652123, 3687.800000000000182 ], [ 84.105507479980588, 28.644864242523909, 3687.800000000000182 ], [ 84.105371944606304, 28.644900117069483, 3686.800000000000182 ], [ 84.105299860239029, 28.644908666610721, 3685.6 ], [ 84.105255855247378, 28.644904224202037, 3685.0 ], [ 84.105223165825009, 28.644901122897863, 3684.6 ], [ 84.105170108377934, 28.644894836470485, 3683.4 ], [ 84.10513624548912, 28.644896512851119, 3683.0 ], [ 84.105091653764248, 28.644899027422071, 3682.4 ], [ 84.105046559125185, 28.644928783178329, 3681.4 ], [ 84.105035662651062, 28.644936829805378, 3681.199999999999818 ], [ 84.104988556355238, 28.644967256113887, 3680.0 ], [ 84.104945892468095, 28.64500354975462, 3678.800000000000182 ], [ 84.104932062327862, 28.64502458833158, 3678.4 ], [ 84.104919154196978, 28.645057613030076, 3677.800000000000182 ], [ 84.104912951588631, 28.645115196704865, 3677.4 ], [ 84.10491731017828, 28.64513841457665, 3677.199999999999818 ], [ 84.104926362633705, 28.645162051543593, 3677.0 ], [ 84.104936672374606, 28.645134139806032, 3676.800000000000182 ], [ 84.104936253279448, 28.645133469253778, 3676.199999999999818 ], [ 84.10494270734489, 28.64519557915628, 3675.800000000000182 ], [ 84.104944216087461, 28.645194238051772, 3675.800000000000182 ], [ 84.104910353198647, 28.645190130919215, 3674.199999999999818 ], [ 84.104910101741552, 28.645190382376313, 3674.199999999999818 ], [ 84.104905910789967, 28.645207062363625, 3673.800000000000182 ], [ 84.104908425360918, 28.645273949950933, 3673.0 ], [ 84.104910017922521, 28.645288953557611, 3672.800000000000182 ], [ 84.104908006265759, 28.645332287997007, 3672.0 ], [ 84.104903982952237, 28.645401773974299, 3670.800000000000182 ], [ 84.104892918840051, 28.645463213324547, 3669.800000000000182 ], [ 84.104901971295476, 28.645517444238067, 3668.800000000000182 ], [ 84.104909682646394, 28.64552934654057, 3668.6 ], [ 84.104955866932869, 28.645619200542569, 3667.6 ], [ 84.105019485577941, 28.64574920386076, 3667.0 ], [ 84.105059634894133, 28.645814834162593, 3666.4 ], [ 84.105099197477102, 28.645879290997986, 3666.199999999999818 ], [ 84.105121325701475, 28.645955566316843, 3666.199999999999818 ], [ 84.105141190811992, 28.646021280437708, 3666.0 ], [ 84.105157367885113, 28.646084144711494, 3666.0 ], [ 84.105159547179937, 28.646106272935867, 3666.0 ], [ 84.105168851092458, 28.646118929609656, 3666.0 ], [ 84.105187961831689, 28.646189924329519, 3665.6 ], [ 84.105190895497799, 28.646288244053721, 3665.6 ], [ 84.10519240424037, 28.646298721432689, 3665.6 ], [ 84.105199696496129, 28.646374410018325, 3665.4 ], [ 84.10520070232451, 28.646388240158561, 3665.4 ], [ 84.105203719809651, 28.646475244313478, 3664.6 ], [ 84.105200031772256, 28.646493935957551, 3664.199999999999818 ], [ 84.105188967660069, 28.646580437198281, 3663.4 ], [ 84.105190644040704, 28.646608600392938, 3663.0 ], [ 84.105210341513157, 28.646656041964889, 3662.199999999999818 ], [ 84.105216879397631, 28.64667221903801, 3661.800000000000182 ], [ 84.105240851640701, 28.646771041676399, 3660.800000000000182 ], [ 84.105232805013657, 28.646863829344511, 3660.199999999999818 ], [ 84.105227775871754, 28.646926358342171, 3659.800000000000182 ], [ 84.105219729244709, 28.646967681124806, 3659.4 ], [ 84.105199361220002, 28.647088631987572, 3659.0 ], [ 84.105197852477431, 28.647138923406601, 3659.0 ], [ 84.105196176096797, 28.647191477939487, 3659.0 ], [ 84.105207743123174, 28.64727127365768, 3659.0 ], [ 84.105196427553892, 28.647358948364857, 3659.0 ], [ 84.105164157226682, 28.647436732426289, 3659.0 ], [ 84.105117805302143, 28.647517701610923, 3659.0 ], [ 84.105050833895802, 28.64759280346334, 3659.0 ], [ 84.104964751750231, 28.647648626938462, 3659.0 ], [ 84.104898953810334, 28.647698918357491, 3658.800000000000182 ], [ 84.10482251085341, 28.647759351879358, 3658.6 ], [ 84.104722263291478, 28.647783324122429, 3658.6 ], [ 84.104621345177293, 28.647832609713081, 3657.6 ], [ 84.104584213346243, 28.647898994386196, 3657.4 ], [ 84.104576585814357, 28.647971749305725, 3656.6 ], [ 84.104583878070116, 28.648007791489363, 3656.4 ], [ 84.104569461196661, 28.648075517266989, 3655.6 ], [ 84.104566276073456, 28.648088760674, 3655.4 ], [ 84.104550769552588, 28.648138381540775, 3654.4 ], [ 84.104545237496495, 28.648152714595199, 3654.199999999999818 ], [ 84.104524198919535, 28.648186242207885, 3653.800000000000182 ], [ 84.104482708498836, 28.648225553333759, 3653.199999999999818 ], [ 84.104454461485147, 28.648253884166479, 3653.199999999999818 ], [ 84.104394195601344, 28.64830082282424, 3653.199999999999818 ], [ 84.104368295520544, 28.648313730955124, 3653.199999999999818 ], [ 84.104267125949264, 28.648338541388512, 3653.199999999999818 ], [ 84.104203758761287, 28.648351700976491, 3653.199999999999818 ], [ 84.104190180078149, 28.648354467004538, 3653.199999999999818 ], [ 84.104104097932577, 28.648386737331748, 3653.4 ], [ 84.104039138182998, 28.648408446460959, 3653.800000000000182 ], [ 84.103984069079161, 28.648422108963132, 3654.199999999999818 ], [ 84.103954648599029, 28.648431999608871, 3654.4 ], [ 84.103897735476494, 28.648453541100025, 3655.0 ], [ 84.103888515383005, 28.648455636575815, 3655.199999999999818 ], [ 84.10381400026381, 28.648471226915717, 3655.6 ], [ 84.103803355246782, 28.648473657667637, 3655.6 ], [ 84.10376756452024, 28.648485392332077, 3655.800000000000182 ], [ 84.103722972795367, 28.64849922247231, 3656.199999999999818 ], [ 84.103694055229425, 28.648509867489334, 3656.199999999999818 ], [ 84.103661114349961, 28.648528810590506, 3656.199999999999818 ], [ 84.103591963648796, 28.648536521941423, 3656.4 ], [ 84.103567572310567, 28.648523697629571, 3656.4 ], [ 84.10351200029254, 28.64848212338984, 3656.6 ], [ 84.103402532637119, 28.64843518473208, 3656.800000000000182 ], [ 84.103280575945973, 28.648408195003867, 3657.0 ], [ 84.103155517950654, 28.648359496146441, 3657.0 ], [ 84.103072285652161, 28.648309204727411, 3657.199999999999818 ], [ 84.102980755269527, 28.648243742063642, 3657.199999999999818 ], [ 84.102904228493571, 28.648256566375498, 3657.199999999999818 ], [ 84.102879501879215, 28.648261008784175, 3657.199999999999818 ], [ 84.102819906547666, 28.648259583860636, 3657.199999999999818 ], [ 84.102785205468535, 28.64826126024127, 3657.199999999999818 ], [ 84.102674312889576, 28.648276850581169, 3657.199999999999818 ], [ 84.102582950145006, 28.648276515305039, 3657.199999999999818 ], [ 84.102555876597762, 28.648271150887012, 3657.199999999999818 ], [ 84.102456215769053, 28.648243825882673, 3657.199999999999818 ], [ 84.102350603789091, 28.648224212229252, 3656.4 ], [ 84.102321015670896, 28.648223793134093, 3656.199999999999818 ], [ 84.102251278236508, 28.648239048197865, 3655.800000000000182 ], [ 84.102229317650199, 28.648251788690686, 3655.6 ], [ 84.10219956189394, 28.648295626044273, 3655.6 ], [ 84.102136865258217, 28.648344995453954, 3655.6 ], [ 84.102061511948705, 28.648396460339427, 3655.6 ], [ 84.101982554420829, 28.648414481431249, 3655.6 ], [ 84.101889180019498, 28.648424707353115, 3655.800000000000182 ], [ 84.101797984912992, 28.648431161418557, 3655.800000000000182 ], [ 84.101738557219505, 28.648441974073648, 3656.199999999999818 ], [ 84.101711818948388, 28.648447673767805, 3656.800000000000182 ], [ 84.101677536964417, 28.648455971851945, 3657.4 ], [ 84.101617857813835, 28.6484703887254, 3658.0 ], [ 84.101594220846891, 28.648472148925062, 3658.199999999999818 ], [ 84.101588940247893, 28.648471478372812, 3658.4 ], [ 84.101576451212168, 28.648465275764465, 3658.4 ], [ 84.101582737639546, 28.648472903296351, 3658.6 ], [ 84.101584665477276, 28.648475334048271, 3658.6 ], [ 84.101582067087293, 28.648474831134081, 3658.800000000000182 ], [ 84.101577205583453, 28.648476591333747, 3658.800000000000182 ], [ 84.101567985489964, 28.648477345705032, 3659.0 ], [ 84.101487938314676, 28.648489583283663, 3659.4 ], [ 84.101428007707, 28.648505676537752, 3659.800000000000182 ], [ 84.101422056555748, 28.648513639345765, 3660.0 ], [ 84.101401772350073, 28.648549262434244, 3660.800000000000182 ], [ 84.101393893361092, 28.648559069260955, 3661.199999999999818 ], [ 84.101382996886969, 28.648576168343425, 3661.800000000000182 ], [ 84.101401101797819, 28.648603241890669, 3663.0 ], [ 84.10141191445291, 28.648646408691999, 3664.0 ], [ 84.101408561691642, 28.64864582195878, 3664.199999999999818 ], [ 84.101411495357752, 28.648647582158446, 3664.4 ], [ 84.101413507014513, 28.648649342358112, 3664.4 ], [ 84.101361706852913, 28.648641547188163, 3664.4 ], [ 84.101301776245236, 28.648641714826223, 3664.800000000000182 ], [ 84.101272439584136, 28.648643223568797, 3665.199999999999818 ], [ 84.101228769868612, 28.648657305166125, 3665.800000000000182 ], [ 84.101203037425876, 28.648672392591831, 3666.0 ], [ 84.101185854524374, 28.648689491674304, 3666.4 ], [ 84.101186022162437, 28.64875135011971, 3667.0 ], [ 84.101181412115693, 28.648782782256603, 3667.6 ], [ 84.101196080446243, 28.648833157494664, 3668.0 ], [ 84.101199014112353, 28.648894345387816, 3668.199999999999818 ], [ 84.101199014112353, 28.648901134729385, 3668.4 ], [ 84.101181915029883, 28.648911360651255, 3668.4 ], [ 84.101169258356094, 28.648896357044578, 3668.4 ], [ 84.101168336346745, 28.648894932121038, 3668.4 ], [ 84.101170096546412, 28.648894177749753, 3668.4 ], [ 84.101169342175126, 28.648886885493994, 3668.199999999999818 ], [ 84.101232206448913, 28.648959388956428, 3668.199999999999818 ], [ 84.10123648121953, 28.648958634585146, 3668.199999999999818 ], [ 84.101231703534722, 28.648954946547747, 3668.199999999999818 ], [ 84.101248551160097, 28.648937679827213, 3668.199999999999818 ], [ 84.101277804002166, 28.648925693705682, 3668.199999999999818 ], [ 84.101257268339396, 28.648931980133057, 3667.800000000000182 ], [ 84.101218460127711, 28.648948660120368, 3667.800000000000182 ], [ 84.101217789575458, 28.648952599614859, 3667.800000000000182 ], [ 84.101229608058929, 28.648958383128047, 3667.800000000000182 ], [ 84.101252406835556, 28.648992497473955, 3667.800000000000182 ], [ 84.101253915578127, 28.648991491645575, 3668.199999999999818 ], [ 84.101256178691983, 28.648998364806175, 3668.199999999999818 ], [ 84.101252155378461, 28.649040022864934, 3668.199999999999818 ], [ 84.101240504533052, 28.649051757529374, 3667.800000000000182 ], [ 84.101242683827877, 28.649052176624537, 3667.800000000000182 ], [ 84.101238241419196, 28.649069108068943, 3667.800000000000182 ], [ 84.101215861737728, 28.649083441123366, 3667.6 ], [ 84.10117831081152, 28.649101294577122, 3666.6 ], [ 84.101138077676296, 28.649145718663931, 3665.6 ], [ 84.101134976372123, 28.649157369509339, 3665.4 ], [ 84.101092983037233, 28.649251163005829, 3664.6 ], [ 84.101088959723711, 28.649261640384793, 3664.4 ], [ 84.101073788478971, 28.649321738630533, 3664.4 ], [ 84.101064819842577, 28.649370856583118, 3663.800000000000182 ], [ 84.101063897833228, 28.649415448307991, 3663.4 ], [ 84.101049480959773, 28.649484347552061, 3663.4 ], [ 84.101031292229891, 28.649556515738368, 3662.6 ], [ 84.101025173440576, 28.649579985067248, 3662.6 ], [ 84.101016288623214, 28.649604544043541, 3662.4 ], [ 84.100983683019876, 28.649672688916329, 3661.4 ], [ 84.100977564230561, 28.649702109396458, 3661.0 ], [ 84.100956693291664, 28.649741001427177, 3660.4 ], [ 84.100928446277976, 28.649796070531011, 3660.0 ], [ 84.100917046889663, 28.649893132969737, 3660.0 ], [ 84.100927608087659, 28.649987010285258, 3659.6 ], [ 84.100922159850597, 28.650068650022149, 3659.4 ], [ 84.100920734927058, 28.650087928399444, 3659.4 ], [ 84.100895840674639, 28.650148864835501, 3659.199999999999818 ], [ 84.100826941430569, 28.650218937546015, 3659.0 ], [ 84.100734908133745, 28.650276605039835, 3658.199999999999818 ], [ 84.100658465176821, 28.65033452399075, 3657.800000000000182 ], [ 84.100596606731415, 28.65038582123816, 3657.0 ], [ 84.100567689165473, 28.650423791259527, 3656.199999999999818 ], [ 84.1005645878613, 28.650437202304602, 3655.800000000000182 ], [ 84.100518822669983, 28.650499228388071, 3654.800000000000182 ], [ 84.100466519594193, 28.650555722415447, 3653.800000000000182 ], [ 84.100426789373159, 28.650604588910937, 3653.4 ], [ 84.100389154627919, 28.650647504255176, 3652.800000000000182 ], [ 84.100356381386518, 28.650693353265524, 3652.199999999999818 ], [ 84.10028412938118, 28.650772646069527, 3651.800000000000182 ], [ 84.100271640345454, 28.650776585564017, 3651.6 ], [ 84.10019570030272, 28.650817824527621, 3651.0 ], [ 84.100101822987199, 28.650881610810757, 3650.6 ], [ 84.100091932341456, 28.650888986885548, 3650.4 ], [ 84.100050190463662, 28.650925196707249, 3649.4 ], [ 84.100010879337788, 28.650969369336963, 3648.4 ], [ 84.099984643980861, 28.651019409298897, 3647.4 ], [ 84.099946590140462, 28.651074729859829, 3646.6 ], [ 84.099938292056322, 28.651093002408743, 3646.4 ], [ 84.099878361448646, 28.65115444175899, 3645.199999999999818 ], [ 84.09986293874681, 28.651161650195721, 3645.199999999999818 ], [ 84.099754728376865, 28.651172127574679, 3644.4 ], [ 84.099739557132125, 28.651169445365667, 3644.4 ], [ 84.099690858274698, 28.651137845590711, 3644.4 ], [ 84.099690690636635, 28.65114564076066, 3644.4 ], [ 84.099695635959506, 28.651143545284867, 3644.4 ], [ 84.099671579897404, 28.651127954944968, 3644.4 ], [ 84.09967434592545, 28.651130050420761, 3644.4 ], [ 84.099695635959506, 28.651143545284867, 3644.4 ], [ 84.099695635959506, 28.651143545284867, 3644.4 ], [ 84.099691277369857, 28.651104904711246, 3644.4 ], [ 84.099679626524448, 28.651082189753652, 3644.4 ], [ 84.099634699523449, 28.651020750403404, 3643.800000000000182 ], [ 84.09962204284966, 28.650996442884207, 3643.6 ], [ 84.099617600440979, 28.650965848937631, 3643.199999999999818 ], [ 84.099606703966856, 28.650897117331624, 3642.6 ], [ 84.099609302356839, 28.650886388495564, 3642.4 ], [ 84.099626485258341, 28.6508465744555, 3642.0 ], [ 84.09966018050909, 28.6507757473737, 3641.0 ], [ 84.099750621244311, 28.650708692148328, 3639.800000000000182 ], [ 84.099761350080371, 28.650700645521283, 3639.800000000000182 ], [ 84.099822789430618, 28.650618754327297, 3639.0 ], [ 84.099826645106077, 28.650609534233809, 3638.800000000000182 ], [ 84.099830081686378, 28.650541389361024, 3637.800000000000182 ], [ 84.099829075857997, 28.650489840656519, 3637.199999999999818 ], [ 84.099826226010919, 28.650464611127973, 3636.800000000000182 ], [ 84.099817760288715, 28.650388419628143, 3635.800000000000182 ], [ 84.099817927926779, 28.65036335773766, 3635.6 ], [ 84.099814323708415, 28.650274006649852, 3634.800000000000182 ], [ 84.09981214441359, 28.650261601433161, 3634.6 ], [ 84.099791273474693, 28.650185912847519, 3633.6 ], [ 84.099790100008249, 28.650176608934999, 3633.4 ], [ 84.099776186048985, 28.650120450183749, 3632.4 ], [ 84.099762607365847, 28.65006236359477, 3631.6 ], [ 84.099758751690388, 28.650037134066224, 3631.199999999999818 ], [ 84.099750453606248, 28.649957925081253, 3630.0 ], [ 84.099745340645313, 28.649946190416813, 3629.800000000000182 ], [ 84.099725056439638, 28.649868741631508, 3629.0 ], [ 84.099712567403913, 28.64981392398477, 3628.4 ], [ 84.099690187722445, 28.649703031405807, 3628.0 ], [ 84.099670154973865, 28.649668665602803, 3627.800000000000182 ], [ 84.099611984565854, 28.649585852399468, 3627.0 ], [ 84.099601171910763, 28.649573782458901, 3626.800000000000182 ], [ 84.099536882713437, 28.649516953155398, 3626.0 ], [ 84.099523639306426, 28.649507816880941, 3625.800000000000182 ], [ 84.099403526633978, 28.649431793019176, 3624.800000000000182 ], [ 84.099393049255013, 28.64942466840148, 3624.6 ], [ 84.09935038536787, 28.649393990635872, 3623.6 ], [ 84.099272852763534, 28.64933967590332, 3622.800000000000182 ], [ 84.099249970167875, 28.649327103048563, 3622.4 ], [ 84.099154165014625, 28.649264322593808, 3621.4 ], [ 84.099130276590586, 28.649250995367765, 3621.199999999999818 ], [ 84.099055007100105, 28.649203553795815, 3620.4 ], [ 84.099006308242679, 28.649159381166101, 3620.199999999999818 ], [ 84.098884435370564, 28.649093331769109, 3619.6 ], [ 84.098852500319481, 28.649070952087641, 3619.4 ], [ 84.098809249699116, 28.649045638740063, 3618.800000000000182 ], [ 84.098790055140853, 28.649026360362768, 3618.4 ], [ 84.098721407353878, 28.648976571857929, 3617.4 ], [ 84.098710175603628, 28.648970453068618, 3617.4 ], [ 84.098697770386934, 28.648957209661603, 3617.4 ], [ 84.098693579435349, 28.648955198004838, 3617.199999999999818 ], [ 84.098738003522158, 28.648963496088982, 3617.199999999999818 ], [ 84.098735237494111, 28.648957377299663, 3617.0 ], [ 84.098738841712475, 28.648959472775459, 3617.0 ], [ 84.098724760115147, 28.648968525230885, 3617.0 ], [ 84.098660470917821, 28.648943798616529, 3616.800000000000182 ], [ 84.098627027124166, 28.648918820545077, 3616.199999999999818 ], [ 84.098566425964236, 28.648887639865279, 3615.6 ], [ 84.098533317446709, 28.648865344002843, 3615.199999999999818 ], [ 84.098456036299467, 28.648812621831897, 3614.6 ], [ 84.098409181460738, 28.648780602961779, 3614.0 ], [ 84.098389986902475, 28.648754954338074, 3613.0 ], [ 84.098392250016332, 28.648753864690661, 3612.800000000000182 ], [ 84.098353274166584, 28.648737268522385, 3612.800000000000182 ], [ 84.098313208669424, 28.648700974881649, 3611.800000000000182 ], [ 84.098293595016003, 28.648691838607192, 3611.6 ], [ 84.09819963388145, 28.648640373721719, 3610.800000000000182 ], [ 84.098178343847394, 28.648626627400517, 3610.6 ], [ 84.0980623383075, 28.648537527769804, 3609.800000000000182 ], [ 84.097946835681796, 28.648440297693018, 3609.0 ], [ 84.097870476543903, 28.648361507803202, 3608.800000000000182 ], [ 84.097848264500499, 28.648340553045273, 3608.6 ], [ 84.09777307882905, 28.64825296215713, 3607.800000000000182 ], [ 84.097667131572962, 28.64817576482892, 3606.6 ], [ 84.097645087167621, 28.648165622726083, 3606.199999999999818 ], [ 84.097597980871797, 28.64815573208034, 3605.6 ], [ 84.097526650875807, 28.648148272186521, 3604.4 ], [ 84.097490105777979, 28.648148104548454, 3603.6 ], [ 84.097476527094841, 28.648148775100708, 3603.4 ], [ 84.097409304231405, 28.648156737908721, 3602.199999999999818 ], [ 84.097332442179322, 28.648164616897706, 3601.0 ], [ 84.09723412245512, 28.648167802020907, 3600.0 ], [ 84.097177544608712, 28.64816059358418, 3599.199999999999818 ], [ 84.097147788852453, 28.64815573208034, 3598.800000000000182 ], [ 84.097087606787682, 28.648138716816906, 3597.399999999999636 ], [ 84.097017534077168, 28.648123545572162, 3596.600000000000364 ], [ 84.097002111375332, 28.648119103163481, 3596.399999999999636 ], [ 84.096943186596036, 28.648107619956136, 3595.4 ], [ 84.096882920712233, 28.648102255538102, 3594.4 ], [ 84.096876885741949, 28.648095801472664, 3594.199999999999818 ], [ 84.096891051158309, 28.648098399862647, 3593.6 ], [ 84.096890883520246, 28.648098232224584, 3593.4 ], [ 84.096846459433436, 28.648087503388524, 3593.199999999999818 ], [ 84.096810417249799, 28.648081887513399, 3592.199999999999818 ], [ 84.096744367852807, 28.648067554458976, 3591.0 ], [ 84.096695585176349, 28.648066716268659, 3589.800000000000182 ], [ 84.096647556871176, 28.648063698783517, 3588.800000000000182 ], [ 84.096620818600059, 28.64806386642158, 3588.6 ], [ 84.09655200317502, 28.648050623014569, 3587.6 ], [ 84.096514116972685, 28.648020699620247, 3586.6 ], [ 84.096506908535957, 28.648014161735773, 3586.199999999999818 ], [ 84.096477320417762, 28.647998822852969, 3585.6 ], [ 84.09643080085516, 28.647975940257311, 3584.4 ], [ 84.096417976543307, 28.647969653829932, 3584.4 ], [ 84.096344970166683, 28.64793922752142, 3583.4 ], [ 84.096305826678872, 28.647924559190869, 3583.0 ], [ 84.096278501674533, 28.647918105125427, 3582.199999999999818 ], [ 84.096218319609761, 28.647908382117748, 3581.0 ], [ 84.096182025969028, 28.647892121225595, 3580.4 ], [ 84.096152689307928, 28.64787770435214, 3580.199999999999818 ], [ 84.096048166975379, 28.647851552814245, 3579.199999999999818 ], [ 84.09603307954967, 28.647850882261992, 3579.199999999999818 ], [ 84.095945572480559, 28.647835878655311, 3577.800000000000182 ], [ 84.095932245254517, 28.647834621369839, 3577.800000000000182 ], [ 84.095832919701934, 28.647811068221927, 3577.0 ], [ 84.09577215090394, 28.647788353264332, 3575.800000000000182 ], [ 84.095758907496929, 28.647783659398556, 3575.800000000000182 ], [ 84.095715070143342, 28.64775356836617, 3574.6 ], [ 84.095663353800774, 28.64772180095315, 3574.0 ], [ 84.095628820359707, 28.647702438756824, 3573.6 ], [ 84.095565117895603, 28.647681651636962, 3572.6 ], [ 84.095552964136004, 28.647676203399897, 3572.4 ], [ 84.095513233914971, 28.647659188136458, 3571.4 ], [ 84.0954564884305, 28.647662289440632, 3570.4 ], [ 84.095449363812804, 28.647665390744805, 3570.199999999999818 ], [ 84.095404101535678, 28.647675197571516, 3569.4 ], [ 84.09533972851932, 28.647702941671017, 3568.199999999999818 ], [ 84.09532799385488, 28.647706964984536, 3568.199999999999818 ], [ 84.095281641930342, 28.647720292210579, 3567.199999999999818 ], [ 84.095229506492615, 28.647744515910745, 3566.199999999999818 ], [ 84.095218358561397, 28.647749209776521, 3566.199999999999818 ], [ 84.095155159011483, 28.647769493982196, 3565.0 ], [ 84.095108220353723, 28.647788856178519, 3564.0 ], [ 84.095099000260234, 28.647794723510746, 3564.0 ], [ 84.095009565353394, 28.647823892533779, 3562.800000000000182 ], [ 84.09500990062952, 28.647821294143796, 3562.4 ], [ 84.095014929771423, 28.647821629419923, 3562.4 ], [ 84.094985676929355, 28.647832022979856, 3562.4 ], [ 84.094922980293632, 28.64785130135715, 3561.800000000000182 ], [ 84.094899091869593, 28.647862114012241, 3561.6 ], [ 84.094838406890631, 28.647875608876348, 3560.800000000000182 ], [ 84.094827091321349, 28.647880386561155, 3560.4 ], [ 84.094788115471601, 28.647892959415913, 3559.800000000000182 ], [ 84.094731789082289, 28.64789606072009, 3559.0 ], [ 84.094669343903661, 28.64789673127234, 3558.4 ], [ 84.094618381932378, 28.647882230579853, 3557.800000000000182 ], [ 84.094594325870275, 28.647875860333443, 3557.6 ], [ 84.094531964510679, 28.647858174517751, 3556.4 ], [ 84.094521068036556, 28.647854486480355, 3556.199999999999818 ], [ 84.094476895406842, 28.647844763472676, 3555.199999999999818 ], [ 84.094422161579132, 28.647823892533779, 3554.0 ], [ 84.094400368630886, 28.647815426811576, 3553.800000000000182 ], [ 84.094345886260271, 28.647791957482696, 3553.0 ], [ 84.094279082491994, 28.647765638306737, 3551.800000000000182 ], [ 84.094268353655934, 28.64776186645031, 3551.4 ], [ 84.094225186854601, 28.64775013178587, 3550.6 ], [ 84.094155114144087, 28.647738816216588, 3549.800000000000182 ], [ 84.094061404466629, 28.647714257240295, 3548.6 ], [ 84.094012454152107, 28.647692380473018, 3548.0 ], [ 84.093987056985497, 28.647687016054988, 3547.800000000000182 ], [ 84.093907093629241, 28.647677376866341, 3546.800000000000182 ], [ 84.093895275145769, 28.647676957771186, 3546.6 ], [ 84.09380005672574, 28.647668156772852, 3545.800000000000182 ], [ 84.093716908246279, 28.647649046033621, 3545.6 ], [ 84.093676172196865, 28.647638652473688, 3545.4 ], [ 84.093546839430928, 28.647622056305408, 3544.800000000000182 ], [ 84.093520436435938, 28.647623816505075, 3544.6 ], [ 84.093425218015909, 28.647624654695392, 3543.4 ], [ 84.093410968780518, 28.647620631381869, 3543.4 ], [ 84.093326898291707, 28.647603364661336, 3542.199999999999818 ], [ 84.093288760632277, 28.647594563663009, 3542.199999999999818 ], [ 84.093233523890376, 28.647576123476028, 3541.4 ], [ 84.093168899416924, 28.647559527307749, 3540.4 ], [ 84.093154398724437, 28.647554665803909, 3540.199999999999818 ], [ 84.093098072335124, 28.647528598085049, 3539.0 ], [ 84.093033112585545, 28.64750973880291, 3537.800000000000182 ], [ 84.0930250659585, 28.64750781096518, 3537.800000000000182 ], [ 84.092961447313428, 28.647474115714431, 3536.800000000000182 ], [ 84.09293663688004, 28.647466152906414, 3536.4 ], [ 84.092821637168527, 28.647453999146819, 3535.800000000000182 ], [ 84.092792887240648, 28.647451819851995, 3535.6 ], [ 84.09270454198122, 28.647456094622612, 3535.0 ], [ 84.092687610536814, 28.647458776831627, 3535.0 ], [ 84.092579819262028, 28.647473361343145, 3535.0 ], [ 84.092467501759529, 28.647467577829957, 3535.0 ], [ 84.092440512031317, 28.647480066865683, 3535.0 ], [ 84.092443026602268, 28.64748191088438, 3534.800000000000182 ], [ 84.092438416555524, 28.647485766559839, 3534.800000000000182 ], [ 84.092438416555524, 28.647485766559839, 3534.800000000000182 ], [ 84.092438416555524, 28.647485766559839, 3534.800000000000182 ], [ 84.092438416555524, 28.647485766559839, 3534.800000000000182 ], [ 84.092410588636994, 28.647492723539472, 3534.4 ], [ 84.092408828437328, 28.647491382434964, 3533.800000000000182 ], [ 84.092407068237662, 28.647494064643979, 3533.800000000000182 ], [ 84.092348646372557, 28.647551313042641, 3533.800000000000182 ], [ 84.092339593917131, 28.64757377654314, 3533.800000000000182 ], [ 84.092268012464046, 28.647689782083035, 3532.800000000000182 ], [ 84.09226038493216, 28.647700008004904, 3532.6 ], [ 84.092204729095101, 28.6477658059448, 3531.6 ], [ 84.092194670811296, 28.647777205333114, 3531.199999999999818 ], [ 84.092152928933501, 28.647826071828604, 3530.199999999999818 ], [ 84.092128872871399, 28.647858006879687, 3529.4 ], [ 84.092118144035339, 28.647875022143129, 3529.199999999999818 ], [ 84.092082856222987, 28.647920787334439, 3528.0 ], [ 84.092056285589933, 28.647938137874007, 3527.4 ], [ 84.092047233134508, 28.647944256663319, 3527.0 ], [ 84.091985039412975, 28.647964037954807, 3526.0 ], [ 84.091938771307468, 28.647962613031268, 3525.4 ], [ 84.091929635033011, 28.647950878366828, 3525.4 ], [ 84.09192368388176, 28.64793729968369, 3525.199999999999818 ], [ 84.091925527900457, 28.647895976901054, 3524.800000000000182 ], [ 84.091949332505465, 28.64785322919488, 3524.0 ], [ 84.091981267556548, 28.647812241688371, 3523.199999999999818 ], [ 84.092012280598283, 28.647769661620259, 3522.800000000000182 ], [ 84.092025859281421, 28.647719286382198, 3522.6 ], [ 84.092069026082754, 28.647634042426944, 3521.800000000000182 ], [ 84.092141529545188, 28.647548630833622, 3521.0 ], [ 84.092155024409294, 28.6475292686373, 3520.800000000000182 ], [ 84.092209255322814, 28.647466069087383, 3520.0 ], [ 84.092212440446019, 28.647456178441644, 3519.6 ], [ 84.092226605862379, 28.647414101287723, 3518.6 ], [ 84.092239681631327, 28.647367246448994, 3517.199999999999818 ], [ 84.092245381325483, 28.647356182336807, 3517.0 ], [ 84.092260636389256, 28.647317038848996, 3516.0 ], [ 84.092274969443679, 28.64726590923965, 3515.0 ], [ 84.092270443215966, 28.647254426032305, 3514.800000000000182 ], [ 84.092217134311795, 28.647218551486731, 3513.800000000000182 ], [ 84.092204812914133, 28.647216204553843, 3513.800000000000182 ], [ 84.092149240896106, 28.647204134613276, 3512.800000000000182 ], [ 84.092069277539849, 28.647218970581889, 3512.199999999999818 ], [ 84.092056704685092, 28.647224334999919, 3511.800000000000182 ], [ 84.092010352760553, 28.647285774350166, 3510.6 ], [ 84.091995349153876, 28.647348387166858, 3509.6 ], [ 84.091989398002625, 28.647379903122783, 3509.0 ], [ 84.091980764642358, 28.647421058267355, 3508.6 ], [ 84.091945812106133, 28.64749507047236, 3507.6 ], [ 84.091934496536851, 28.647503200918436, 3507.4 ], [ 84.091873224824667, 28.647554246708751, 3506.6 ], [ 84.091846318915486, 28.647574111819267, 3506.4 ], [ 84.091768953949213, 28.647641083225608, 3505.6 ], [ 84.091738192364573, 28.64765457808971, 3505.4 ], [ 84.091689744964242, 28.647692045196891, 3504.6 ], [ 84.091665018349886, 28.647707467898726, 3504.199999999999818 ], [ 84.091604668647051, 28.647755663841963, 3503.0 ], [ 84.091541050001979, 28.647750299423933, 3501.800000000000182 ], [ 84.091524705290794, 28.647729596123099, 3501.4 ], [ 84.091519759967923, 28.64770470187068, 3500.800000000000182 ], [ 84.091542307287455, 28.647646699100733, 3499.6 ], [ 84.091598633676767, 28.647584924474359, 3498.6 ], [ 84.091648170724511, 28.647551564499736, 3498.0 ], [ 84.091712962836027, 28.647498590871692, 3497.6 ], [ 84.091731151565909, 28.647480234503742, 3497.4 ], [ 84.091774234548211, 28.647409742698073, 3497.199999999999818 ], [ 84.091825447976589, 28.647320307791233, 3497.199999999999818 ], [ 84.091846235096455, 28.647254928946495, 3497.0 ], [ 84.091864256188273, 28.647185191512108, 3496.4 ], [ 84.091874649748206, 28.647162644192576, 3496.199999999999818 ], [ 84.091901304200292, 28.647065162658691, 3495.199999999999818 ], [ 84.091897029429674, 28.647055188193917, 3495.199999999999818 ], [ 84.091880936175585, 28.647033227607608, 3495.0 ], [ 84.091816646978259, 28.646999867632985, 3494.800000000000182 ], [ 84.091756716370583, 28.647017972543836, 3494.199999999999818 ], [ 84.091724948957562, 28.647032473236319, 3493.6 ], [ 84.09170868806541, 28.647046806290746, 3493.0 ], [ 84.091691505163908, 28.64708561450243, 3492.0 ], [ 84.09168136306107, 28.647107994183894, 3491.6 ], [ 84.091664766892791, 28.647136073559523, 3490.800000000000182 ], [ 84.091640459373593, 28.647169265896078, 3489.800000000000182 ], [ 84.09163786098361, 28.647177815437317, 3489.6 ], [ 84.091620845720172, 28.647230118513107, 3488.6 ], [ 84.091604668647051, 28.64726833999157, 3487.800000000000182 ], [ 84.091598885133862, 28.64728007465601, 3487.6 ], [ 84.091557813808322, 28.647315697744489, 3486.4 ], [ 84.091561166569591, 28.647315362468358, 3486.199999999999818 ], [ 84.091523867100477, 28.647347716614604, 3486.0 ], [ 84.091491848230362, 28.647363558411602, 3485.199999999999818 ], [ 84.091433426365256, 28.647398091852665, 3484.0 ], [ 84.091369807720184, 28.647425584495068, 3483.0 ], [ 84.091355726122856, 28.647430948913097, 3482.800000000000182 ], [ 84.091332005336881, 28.647438157349825, 3482.0 ], [ 84.091267799958587, 28.647460034117103, 3480.800000000000182 ], [ 84.091243743896484, 28.647464225068688, 3480.4 ], [ 84.091227650642395, 28.647462129592896, 3480.199999999999818 ], [ 84.091231506317854, 28.647462464869022, 3480.0 ], [ 84.091232847422361, 28.647462632507089, 3480.0 ], [ 84.091176856309175, 28.647495238110423, 3479.800000000000182 ], [ 84.091133354231715, 28.647513845935464, 3478.800000000000182 ], [ 84.091032352298498, 28.647546367719769, 3477.6 ], [ 84.090959429740906, 28.647579392418265, 3476.6 ], [ 84.09092053771019, 28.647590959444639, 3476.0 ], [ 84.090870497748256, 28.647610824555159, 3475.6 ], [ 84.090874688699841, 28.647608226165175, 3475.4 ], [ 84.090842418372631, 28.647631024941798, 3475.199999999999818 ], [ 84.090772261843085, 28.647659104317427, 3474.4 ], [ 84.090736135840416, 28.647681483998895, 3474.0 ], [ 84.090687436982989, 28.647715263068676, 3473.4 ], [ 84.090639241039753, 28.647743510082364, 3472.800000000000182 ], [ 84.090627422556281, 28.647749628871679, 3472.800000000000182 ], [ 84.090599846094847, 28.647762620821595, 3472.6 ], [ 84.090560367330909, 28.647771840915084, 3472.199999999999818 ], [ 84.090515691787004, 28.647783743217587, 3471.800000000000182 ], [ 84.090467244386673, 28.647812576964498, 3471.0 ], [ 84.090424161404371, 28.647827329114079, 3470.199999999999818 ], [ 84.090401865541935, 28.647833783179522, 3469.800000000000182 ], [ 84.090332044288516, 28.647852139547467, 3468.800000000000182 ], [ 84.090291894972324, 28.647865299135447, 3468.199999999999818 ], [ 84.090262139216065, 28.647876614704728, 3467.800000000000182 ], [ 84.090206734836102, 28.64789966493845, 3466.800000000000182 ], [ 84.090170692652464, 28.647916931658983, 3466.4 ], [ 84.09016314893961, 28.647924643009901, 3466.4 ], [ 84.090148480609059, 28.647927576676011, 3466.199999999999818 ], [ 84.090148480609059, 28.647927576676011, 3466.199999999999818 ], [ 84.090148480609059, 28.647927576676011, 3466.0 ], [ 84.090153509750962, 28.647924475371841, 3465.800000000000182 ], [ 84.090166501700878, 28.647920032963157, 3465.800000000000182 ], [ 84.090173458680511, 28.647918188944459, 3465.6 ], [ 84.090140936896205, 28.647946519777179, 3465.4 ], [ 84.090117886662483, 28.647974347695708, 3464.6 ], [ 84.090111935511231, 28.648019274696708, 3463.6 ], [ 84.090122496709228, 28.648064956068993, 3462.4 ], [ 84.090134482830763, 28.648113906383511, 3461.6 ], [ 84.090146133676171, 28.648135364055634, 3461.199999999999818 ], [ 84.090186953544617, 28.648191355168819, 3460.0 ], [ 84.090207992121577, 28.648204682394866, 3459.800000000000182 ], [ 84.090225175023079, 28.648228067904711, 3459.800000000000182 ], [ 84.090248309075832, 28.648277102038264, 3458.800000000000182 ], [ 84.090256690979004, 28.648296464234591, 3458.199999999999818 ], [ 84.090275634080172, 28.64831792190671, 3457.6 ], [ 84.090300612151623, 28.648373493924737, 3456.6 ], [ 84.09029021859169, 28.648445326834917, 3455.4 ], [ 84.090284686535597, 28.648494360968471, 3454.199999999999818 ], [ 84.090221989899874, 28.648567032068968, 3453.199999999999818 ], [ 84.090211428701878, 28.648574240505695, 3453.0 ], [ 84.090137751773, 28.64862478338182, 3452.199999999999818 ], [ 84.090128028765321, 28.648632327094671, 3452.0 ], [ 84.0900634881109, 28.648676918819547, 3451.6 ], [ 84.090033480897546, 28.648706087842584, 3451.199999999999818 ], [ 84.090015962719917, 28.648723270744085, 3451.0 ], [ 84.09000682644546, 28.648732826113701, 3450.800000000000182 ], [ 84.089982099831104, 28.648748500272632, 3450.6 ], [ 84.089888138696551, 28.648797869682312, 3450.0 ], [ 84.089864585548639, 28.648798707872629, 3449.800000000000182 ], [ 84.089787555858493, 28.648797031491995, 3449.4 ], [ 84.089699713513255, 28.648804742842913, 3448.800000000000182 ], [ 84.089678842574358, 28.648805413395166, 3448.6 ], [ 84.089580103754997, 28.648815136402845, 3448.0 ], [ 84.089556634426117, 28.648817902430892, 3447.800000000000182 ], [ 84.089454710483551, 28.648832319304347, 3447.0 ], [ 84.089389750733972, 28.648833241313696, 3446.800000000000182 ], [ 84.089345410466194, 28.648836761713028, 3446.6 ], [ 84.089250946417451, 28.648842209950089, 3446.0 ], [ 84.089190093800426, 28.648831145837903, 3445.6 ], [ 84.089134521782398, 28.648814214393497, 3445.4 ], [ 84.089074255898595, 28.648788733407855, 3444.6 ], [ 84.089004183188081, 28.648760905489329, 3444.199999999999818 ], [ 84.088941905647516, 28.648742884397507, 3443.6 ], [ 84.088867222890258, 28.648715307936072, 3442.6 ], [ 84.088851381093264, 28.648709356784821, 3442.4 ], [ 84.088740320876241, 28.64866828545928, 3441.800000000000182 ], [ 84.08870168030262, 28.648653030395508, 3441.800000000000182 ], [ 84.088623560965061, 28.648626124486327, 3441.800000000000182 ], [ 84.088523648679256, 28.648601900786161, 3441.800000000000182 ], [ 84.088438740000129, 28.648591423407197, 3441.800000000000182 ], [ 84.088334133848548, 28.648578515276313, 3441.800000000000182 ], [ 84.088229779154062, 28.648574156686664, 3442.4 ], [ 84.088219134137034, 28.648576252162457, 3442.4 ], [ 84.088159454986453, 28.648586980998516, 3442.800000000000182 ], [ 84.088143780827522, 28.648589579388499, 3443.0 ], [ 84.088076977059245, 28.64859402179718, 3443.4 ], [ 84.088055687025189, 28.648595865815881, 3443.800000000000182 ], [ 84.087971365079284, 28.648617239668965, 3444.4 ], [ 84.087888719514012, 28.648645402863622, 3445.0 ], [ 84.087829375639558, 28.648670380935073, 3445.4 ], [ 84.087789058685303, 28.648681025952101, 3445.800000000000182 ], [ 84.087796183302999, 28.648676667362452, 3446.0 ], [ 84.087800374254584, 28.64867465570569, 3446.199999999999818 ], [ 84.087800374254584, 28.64867465570569, 3446.199999999999818 ], [ 84.087749915197492, 28.648698208853599, 3446.4 ], [ 84.087664252147079, 28.648717403411865, 3446.6 ], [ 84.08759593963623, 28.648733329027891, 3446.6 ], [ 84.087513461709023, 28.648750679567456, 3447.199999999999818 ], [ 84.087485717609525, 28.648754870519038, 3447.6 ], [ 84.087433079257607, 28.648770041763783, 3447.800000000000182 ], [ 84.087339788675308, 28.64879434928298, 3448.6 ], [ 84.087254628539085, 28.648818405345079, 3449.4 ], [ 84.0872314106673, 28.648825027048588, 3449.800000000000182 ], [ 84.087178185582161, 28.648828379809856, 3450.4 ], [ 84.087133510038257, 28.648835755884647, 3450.800000000000182 ], [ 84.08709704875946, 28.648841287940741, 3451.199999999999818 ], [ 84.08703644759953, 28.648846484720707, 3451.800000000000182 ], [ 84.087023874744773, 28.648847574368119, 3452.0 ], [ 84.087000321596861, 28.648849921301007, 3452.199999999999818 ], [ 84.08698758110404, 28.648850843310356, 3452.4 ], [ 84.086972828954458, 28.648851094767451, 3452.6 ], [ 84.086946342140436, 28.648847490549088, 3452.800000000000182 ], [ 84.086920777335763, 28.648840952664617, 3453.0 ], [ 84.086891021579504, 28.648836091160774, 3453.4 ], [ 84.086891021579504, 28.648836091160774, 3453.4 ], [ 84.086891021579504, 28.648836091160774, 3453.6 ], [ 84.086824050173163, 28.648825865238905, 3453.800000000000182 ], [ 84.086752301082015, 28.648835169151425, 3454.0 ], [ 84.086724305525422, 28.648839527741075, 3454.0 ], [ 84.086673930287361, 28.648853776976463, 3454.4 ], [ 84.086591200903058, 28.648850843310356, 3455.199999999999818 ], [ 84.08650042489171, 28.648834498599172, 3455.199999999999818 ], [ 84.086487265303731, 28.648832319304347, 3455.4 ], [ 84.086418533697724, 28.648816477507353, 3456.0 ], [ 84.086404871195555, 28.648811113089323, 3456.199999999999818 ], [ 84.086384670808911, 28.648799043148756, 3456.4 ], [ 84.086335888132453, 28.648779178038239, 3456.800000000000182 ], [ 84.086312586441636, 28.648776579648256, 3457.199999999999818 ], [ 84.086268497630954, 28.648779345676303, 3457.6 ], [ 84.086205465719104, 28.648763922974467, 3458.199999999999818 ], [ 84.086195407435298, 28.648761576041579, 3458.4 ], [ 84.086112175136805, 28.648759815841913, 3458.6 ], [ 84.086004300042987, 28.648742465302348, 3458.6 ], [ 84.085888713598251, 28.648730060085654, 3458.6 ], [ 84.085784191265702, 28.648718157783151, 3458.6 ], [ 84.085653349757195, 28.648702232167125, 3458.6 ], [ 84.085561987012625, 28.648685803636909, 3458.6 ], [ 84.085431816056371, 28.648696029558774, 3458.0 ], [ 84.085323018953204, 28.648725114762783, 3457.4 ], [ 84.085312038660049, 28.648728551343083, 3457.199999999999818 ], [ 84.085215898230672, 28.648778507485986, 3456.6 ], [ 84.085186813026667, 28.648798959329724, 3456.199999999999818 ], [ 84.085131995379925, 28.648818321526051, 3456.199999999999818 ], [ 84.085064269602299, 28.648870959877968, 3455.6 ], [ 84.084981791675091, 28.648937344551086, 3455.4 ], [ 84.084894033148885, 28.648998867720369, 3455.199999999999818 ], [ 84.084827229380608, 28.649031473323703, 3454.6 ], [ 84.084755647927523, 28.649058043956757, 3454.0 ], [ 84.084718348458409, 28.64907874725759, 3453.6 ], [ 84.084672415629029, 28.649113029241558, 3453.0 ], [ 84.084602929651737, 28.649145718663931, 3452.0 ], [ 84.084591194987297, 28.649151669815183, 3451.800000000000182 ], [ 84.084502682089806, 28.649205733090639, 3450.6 ], [ 84.084490444511175, 28.649211013689637, 3450.4 ], [ 84.084382988512516, 28.649267926812172, 3449.6 ], [ 84.084360944107175, 28.649286534637213, 3449.199999999999818 ], [ 84.084312077611685, 28.649315871298313, 3448.4 ], [ 84.084242843091488, 28.649365995079279, 3447.199999999999818 ], [ 84.084180649369955, 28.649425925686955, 3446.6 ], [ 84.084182996302843, 28.649426847696304, 3446.6 ], [ 84.084168327972293, 28.649436738342047, 3446.4 ], [ 84.084167405962944, 28.649437241256237, 3446.199999999999818 ], [ 84.084167405962944, 28.649437241256237, 3446.199999999999818 ], [ 84.084167405962944, 28.649437241256237, 3446.199999999999818 ], [ 84.084169501438737, 28.649435313418508, 3445.800000000000182 ], [ 84.084165981039405, 28.649451909586787, 3445.6 ], [ 84.084149971604347, 28.649470014497641, 3445.199999999999818 ], [ 84.084118790924549, 28.649520054459572, 3444.4 ], [ 84.084106301888824, 28.64954536780715, 3444.0 ], [ 84.084102110937238, 28.64955953322351, 3443.800000000000182 ], [ 84.084069672971964, 28.649599011987448, 3443.0 ], [ 84.084031619131565, 28.649644693359733, 3442.4 ], [ 84.084014017134905, 28.649667408317327, 3442.0 ], [ 84.083954421803355, 28.649746868759394, 3441.0 ], [ 84.083950230851769, 28.649753574281931, 3440.800000000000182 ], [ 84.083904130384326, 28.649812079966068, 3439.800000000000182 ], [ 84.083888959139585, 28.649834878742695, 3439.4 ], [ 84.083842607215047, 28.649888942018151, 3438.6 ], [ 84.083803463727236, 28.649927414953709, 3437.6 ], [ 84.083795417100191, 28.649932025000453, 3437.4 ], [ 84.083702126517892, 28.649989189580083, 3437.4 ], [ 84.083674298599362, 28.650024812668558, 3437.4 ], [ 84.083642112091184, 28.650051215663552, 3437.4 ], [ 84.083559047430754, 28.650119360536337, 3437.4 ], [ 84.083480257540941, 28.650177614763379, 3437.4 ], [ 84.083468522876501, 28.650182811543345, 3437.0 ], [ 84.083388727158308, 28.650223547592759, 3437.0 ], [ 84.083323767408729, 28.650273168459535, 3437.4 ], [ 84.083312284201384, 28.65027585066855, 3437.4 ], [ 84.083210779353976, 28.650292027741671, 3437.6 ], [ 84.083101814612746, 28.65026218816638, 3437.6 ], [ 84.08303014934063, 28.650198150426149, 3437.6 ], [ 84.082984887063503, 28.650123467668891, 3437.199999999999818 ], [ 84.08295689150691, 28.650043671950694, 3437.199999999999818 ], [ 84.082947755232453, 28.650001846253872, 3437.199999999999818 ], [ 84.082945408299565, 28.649955242872242, 3437.199999999999818 ], [ 84.082936691120267, 28.649888103827831, 3437.199999999999818 ], [ 84.082939038053155, 28.649888690561056, 3437.800000000000182 ], [ 84.082939038053155, 28.649888690561056, 3437.199999999999818 ], [ 84.08294565975666, 28.6498864274472, 3437.199999999999818 ], [ 84.082950185984373, 28.649857174605131, 3437.199999999999818 ], [ 84.082953622564673, 28.649856084957719, 3437.199999999999818 ], [ 84.082955047488213, 28.64985759370029, 3437.199999999999818 ], [ 84.082950185984373, 28.649857174605131, 3437.199999999999818 ], [ 84.0829798579216, 28.649838231503963, 3437.199999999999818 ], [ 84.082978013902903, 28.64984686486423, 3437.199999999999818 ], [ 84.082959406077862, 28.649862371385098, 3436.199999999999818 ], [ 84.082956220954657, 28.649861952289939, 3436.0 ], [ 84.082913221791387, 28.649828843772411, 3435.6 ], [ 84.082879442721605, 28.649751478806134, 3435.4 ], [ 84.082860080525279, 28.649705210700631, 3435.0 ], [ 84.082829067483544, 28.649636479094625, 3435.0 ], [ 84.082816578447819, 28.649618122726679, 3435.0 ], [ 84.082779530435801, 28.649531537666917, 3435.0 ], [ 84.082776764407754, 28.649518461897969, 3435.0 ], [ 84.082738794386387, 28.649424081668258, 3435.0 ], [ 84.082719935104251, 28.649399355053902, 3435.0 ], [ 84.082690682262182, 28.649368174374104, 3435.800000000000182 ], [ 84.082676097750664, 28.64934696815908, 3436.199999999999818 ], [ 84.082643324509263, 28.649288546293977, 3437.199999999999818 ], [ 84.082641983404756, 28.64928393624723, 3437.4 ], [ 84.082626728340983, 28.649254599586129, 3437.800000000000182 ], [ 84.082614993676543, 28.649240769445896, 3438.0 ], [ 84.082593955099583, 28.649211768060923, 3438.4 ], [ 84.082573922351003, 28.649177402257919, 3438.800000000000182 ], [ 84.082526145502925, 28.64912417717278, 3439.4 ], [ 84.082508040592074, 28.649108922109008, 3439.6 ], [ 84.08240913413465, 28.649083022028208, 3440.199999999999818 ], [ 84.08238273113966, 28.64907874725759, 3440.4 ], [ 84.082357920706272, 28.649068688973784, 3441.199999999999818 ], [ 84.082325315102935, 28.649064833298329, 3441.4 ], [ 84.08230310305953, 28.649057624861602, 3441.6 ], [ 84.082226827740669, 28.649050500243906, 3442.0 ], [ 84.082168322056532, 28.64904580637813, 3442.6 ], [ 84.082148121669888, 28.649032646790147, 3443.0 ], [ 84.08207830041647, 28.648986211046576, 3443.4 ], [ 84.082056423649192, 28.64897984080017, 3443.6 ], [ 84.082002025097609, 28.648968189954761, 3443.6 ], [ 84.081925246864557, 28.64893508143723, 3443.6 ], [ 84.081885684281588, 28.648916473612189, 3443.6 ], [ 84.08186137676239, 28.64891211502254, 3443.6 ], [ 84.081769092008471, 28.648890741169453, 3443.6 ], [ 84.081685189157724, 28.648879425600171, 3442.6 ], [ 84.081623749807477, 28.648869534954429, 3442.4 ], [ 84.081495339050889, 28.648843802511692, 3442.0 ], [ 84.081479916349053, 28.648839443922043, 3442.0 ], [ 84.081364246085286, 28.648807592689991, 3442.0 ], [ 84.08126475289464, 28.648785464465615, 3442.0 ], [ 84.081191159784794, 28.648767108097672, 3442.0 ], [ 84.081151094287634, 28.648750931024551, 3442.0 ], [ 84.081098455935717, 28.648719247430563, 3442.4 ], [ 84.081057384610176, 28.648690413683653, 3442.6 ], [ 84.081014385446906, 28.648663088679314, 3442.6 ], [ 84.08099259249866, 28.648655125871301, 3442.6 ], [ 84.080930817872286, 28.648637775331736, 3442.6 ], [ 84.080817243084311, 28.64864649251103, 3442.6 ], [ 84.080759743228555, 28.648659735918045, 3442.6 ], [ 84.080708613619208, 28.648675745353103, 3442.0 ], [ 84.080685647204518, 28.648681612685323, 3441.6 ], [ 84.080606270581484, 28.648726036772132, 3440.800000000000182 ], [ 84.080576179549098, 28.648739531636242, 3440.6 ], [ 84.080525217577815, 28.648768533021212, 3439.6 ], [ 84.080478195101023, 28.648784710094333, 3439.199999999999818 ], [ 84.080363530665636, 28.648791834712029, 3439.0 ], [ 84.080242998898029, 28.648782279342413, 3438.800000000000182 ], [ 84.08017560839653, 28.648787392303348, 3438.4 ], [ 84.080131268128753, 28.648798791691661, 3437.6 ], [ 84.080118779093027, 28.6488002166152, 3437.4 ], [ 84.080034624785185, 28.648797953501344, 3436.4 ], [ 84.080008892342448, 28.648800635710359, 3435.800000000000182 ], [ 84.07997234724462, 28.64880658686161, 3435.199999999999818 ], [ 84.079910572618246, 28.648821003735065, 3434.4 ], [ 84.079889869317412, 28.648823266848922, 3434.199999999999818 ], [ 84.079810827970505, 28.648849502205849, 3433.0 ], [ 84.079800099134445, 28.648856291547418, 3432.800000000000182 ], [ 84.079746287316084, 28.648876491934061, 3431.800000000000182 ], [ 84.07968451268971, 28.648887136951089, 3431.800000000000182 ], [ 84.079670598730445, 28.648887723684311, 3431.800000000000182 ], [ 84.079579068347812, 28.648888897150755, 3431.800000000000182 ], [ 84.079491645097733, 28.64887741394341, 3431.800000000000182 ], [ 84.07944068312645, 28.648865846917033, 3431.800000000000182 ], [ 84.079413274303079, 28.648860566318035, 3432.0 ], [ 84.079363737255335, 28.648867271840572, 3432.6 ], [ 84.079329371452332, 28.648878671228889, 3432.6 ], [ 84.079255945980549, 28.648886298760772, 3432.6 ], [ 84.079135749489069, 28.648897362872962, 3432.6 ], [ 84.079035585746169, 28.64886911585927, 3432.6 ], [ 84.078911282122135, 28.648848412558436, 3432.6 ], [ 84.078810615465045, 28.648842461407185, 3432.6 ], [ 84.07869603484869, 28.648839946836233, 3432.4 ], [ 84.078619005158544, 28.64883977919817, 3431.800000000000182 ], [ 84.078590925782919, 28.648847993463281, 3431.4 ], [ 84.078518757596612, 28.648858303204179, 3430.800000000000182 ], [ 84.078491684049368, 28.648856794461608, 3430.4 ], [ 84.078427730128169, 28.648853441700339, 3429.800000000000182 ], [ 84.07838623970747, 28.648864170536399, 3429.6 ], [ 84.078301666304469, 28.64888914860785, 3429.6 ], [ 84.078218014910817, 28.64894044585526, 3429.6 ], [ 84.078122042119503, 28.648982606828213, 3429.6 ], [ 84.078068733215332, 28.649001633748412, 3429.4 ], [ 84.077986422926188, 28.649043124169111, 3429.4 ], [ 84.077906208112836, 28.649097606539726, 3429.199999999999818 ], [ 84.077825658023357, 28.649134403094649, 3429.199999999999818 ], [ 84.077720465138555, 28.64920380525291, 3429.199999999999818 ], [ 84.077613847330213, 28.649236997589469, 3428.800000000000182 ], [ 84.07753991894424, 28.649253258481622, 3428.6 ], [ 84.077515779063106, 28.649262813851237, 3428.6 ], [ 84.077438162639737, 28.649309333413839, 3428.6 ], [ 84.077354930341244, 28.649356942623857, 3428.6 ], [ 84.077265495434403, 28.649408156052232, 3428.6 ], [ 84.077151250094175, 28.649464650079608, 3428.6 ], [ 84.077042704448104, 28.649498764425516, 3428.800000000000182 ], [ 84.077018229290843, 28.649506978690624, 3428.800000000000182 ], [ 84.076964585110545, 28.649527933448553, 3428.800000000000182 ], [ 84.076917143538594, 28.649543272331357, 3428.800000000000182 ], [ 84.076895266771317, 28.649553330615163, 3428.800000000000182 ], [ 84.076831480488181, 28.649573028087616, 3428.800000000000182 ], [ 84.076819242909551, 28.64957596175373, 3428.6 ], [ 84.076697789132595, 28.649597922340035, 3428.199999999999818 ], [ 84.076617574319243, 28.64961133338511, 3428.199999999999818 ], [ 84.076532414183021, 28.649623235687613, 3428.199999999999818 ], [ 84.076481368392706, 28.649639915674925, 3428.199999999999818 ], [ 84.076436189934611, 28.649663301184773, 3428.199999999999818 ], [ 84.07635890878737, 28.649687860161063, 3428.199999999999818 ], [ 84.076312556862831, 28.649699008092284, 3428.6 ], [ 84.076287830248475, 28.649700433015823, 3428.800000000000182 ], [ 84.076264863833785, 28.649688782170415, 3429.0 ], [ 84.076261343434453, 28.649680987000465, 3429.199999999999818 ], [ 84.076271653175354, 28.649675119668245, 3429.4 ], [ 84.076279532164335, 28.649676963686943, 3429.4 ], [ 84.076270144432783, 28.64971837028861, 3429.4 ], [ 84.076268216595054, 28.649713508784771, 3429.4 ], [ 84.076278945431113, 28.64966799505055, 3429.4 ], [ 84.076278358697891, 28.64966849796474, 3429.4 ], [ 84.076273161917925, 28.649690207093951, 3429.4 ], [ 84.076219517737627, 28.649711161851883, 3429.6 ], [ 84.076149109750986, 28.649728763848543, 3429.6 ], [ 84.076140141114593, 28.649731278419495, 3429.6 ], [ 84.076071325689554, 28.649755921214819, 3430.4 ], [ 84.076023465022445, 28.649769918993115, 3430.6 ], [ 84.075996140018106, 28.64977695979178, 3431.0 ], [ 84.075933946296573, 28.649781234562397, 3431.6 ], [ 84.075920786708593, 28.649782994762063, 3431.6 ], [ 84.075900670140982, 28.649786347523332, 3431.800000000000182 ], [ 84.075852977111936, 28.649795819073915, 3432.0 ], [ 84.075843254104257, 28.649796824902296, 3432.0 ], [ 84.075768906623125, 28.649801854044199, 3432.6 ], [ 84.075726494193077, 28.649807469919324, 3432.800000000000182 ], [ 84.075689865276217, 28.649812415242195, 3433.0 ], [ 84.075613841414452, 28.649822473526001, 3433.800000000000182 ], [ 84.075602274388075, 28.649822976440191, 3433.800000000000182 ], [ 84.075540499761701, 28.649828843772411, 3434.6 ], [ 84.075502110645175, 28.649831358343363, 3434.800000000000182 ], [ 84.075462631881237, 28.649833621457219, 3435.0 ], [ 84.075385518372059, 28.649840159341693, 3435.6 ], [ 84.075360540300608, 28.649842506274581, 3435.800000000000182 ], [ 84.075299855321646, 28.649856755509973, 3436.0 ], [ 84.075235817581415, 28.649865556508303, 3436.6 ], [ 84.075209414586425, 28.64986639469862, 3437.0 ], [ 84.075141437351704, 28.649871256202459, 3437.4 ], [ 84.075044961646199, 28.649896653369069, 3437.6 ], [ 84.07498000189662, 28.649919452145696, 3437.800000000000182 ], [ 84.074970362707973, 28.649921044707298, 3438.0 ], [ 84.074909929186106, 28.649943675845861, 3438.6 ], [ 84.074864834547043, 28.649958679452538, 3439.0 ], [ 84.074837593361735, 28.649966306984425, 3439.199999999999818 ], [ 84.07476601190865, 28.649981310591102, 3440.0 ], [ 84.074677163735032, 28.649996146559715, 3440.800000000000182 ], [ 84.074642630293965, 28.649998493492603, 3441.199999999999818 ], [ 84.07459694892168, 28.650005618110299, 3441.800000000000182 ], [ 84.074510782957077, 28.650014754384756, 3442.199999999999818 ], [ 84.074496198445559, 28.650015844032168, 3442.199999999999818 ], [ 84.074438447132707, 28.65001492202282, 3442.4 ], [ 84.074366614222527, 28.650026489049196, 3443.199999999999818 ], [ 84.07430668361485, 28.650036295875907, 3443.800000000000182 ], [ 84.074221272021532, 28.650059765204787, 3444.0 ], [ 84.074197132140398, 28.650063201785088, 3444.4 ], [ 84.074142398312688, 28.650068901479244, 3445.0 ], [ 84.074120689183474, 28.650069069117308, 3445.4 ], [ 84.074061932042241, 28.650075355544686, 3445.800000000000182 ], [ 84.073982974514365, 28.650081306695935, 3446.4 ], [ 84.0739690605551, 28.650082228705287, 3446.4 ], [ 84.073867471888661, 28.650091700255871, 3446.6 ], [ 84.073768816888332, 28.650103518739343, 3447.4 ], [ 84.07375305891037, 28.650104105472565, 3447.6 ], [ 84.073680136352777, 28.650088766589761, 3448.199999999999818 ], [ 84.073602771386504, 28.650072338059545, 3448.6 ], [ 84.073590030893683, 28.650070829316977, 3448.800000000000182 ], [ 84.073487939313054, 28.65006479434669, 3449.6 ], [ 84.073461284860969, 28.650070577859879, 3449.800000000000182 ], [ 84.073398169130087, 28.650087174028162, 3450.199999999999818 ], [ 84.073319882154465, 28.650111230090261, 3450.800000000000182 ], [ 84.073242349550128, 28.650143081322312, 3451.199999999999818 ], [ 84.073158111423254, 28.650173172354695, 3451.6 ], [ 84.073079321533442, 28.650182979181409, 3452.0 ], [ 84.073007823899388, 28.650181805714965, 3452.800000000000182 ], [ 84.072973877191544, 28.650183565914631, 3453.0 ], [ 84.072910510003567, 28.650189684703943, 3453.0 ], [ 84.072826188057661, 28.650198066607121, 3453.4 ], [ 84.072735328227282, 28.650208208709955, 3454.0 ], [ 84.072724347934127, 28.650210136547685, 3454.0 ], [ 84.072656035423279, 28.650218518450856, 3454.4 ], [ 84.072565510869026, 28.650202676653866, 3454.800000000000182 ], [ 84.072544388473034, 28.650196893140674, 3455.199999999999818 ], [ 84.072470376268029, 28.65017618983984, 3455.6 ], [ 84.072393598034978, 28.65015272051096, 3455.800000000000182 ], [ 84.07232821919024, 28.650128748267889, 3456.199999999999818 ], [ 84.07228572294116, 28.65011785179377, 3456.6 ], [ 84.072171729058027, 28.65010385401547, 3456.6 ], [ 84.072078270837665, 28.650103099644184, 3456.800000000000182 ], [ 84.072030996903777, 28.650111146271229, 3457.4 ], [ 84.07200375571847, 28.650112152099609, 3457.800000000000182 ], [ 84.071954386308789, 28.650125898420811, 3458.6 ], [ 84.071938125416636, 28.650130089372396, 3458.6 ], [ 84.071895126253366, 28.650139309465885, 3458.6 ], [ 84.071845421567559, 28.650154229253531, 3458.6 ], [ 84.071820778772235, 28.650161437690254, 3458.6 ], [ 84.071711227297783, 28.650194546207786, 3458.6 ], [ 84.071594718843699, 28.650182140991092, 3458.6 ], [ 84.071555826812983, 28.65011785179377, 3458.6 ], [ 84.071519114077091, 28.650065213441849, 3458.6 ], [ 84.071468152105808, 28.650022968649864, 3458.0 ], [ 84.071389529854059, 28.649968570098281, 3457.4 ], [ 84.07134166918695, 28.649936802685261, 3457.199999999999818 ], [ 84.071226920932531, 28.649874441325665, 3456.4 ], [ 84.071128852665424, 28.649829849600792, 3456.0 ], [ 84.071100857108831, 28.649819539859891, 3455.6 ], [ 84.071037154644728, 28.649779977276921, 3455.4 ], [ 84.071006057783961, 28.649747623130679, 3455.4 ], [ 84.070943109691143, 28.649688782170415, 3455.4 ], [ 84.070855351164937, 28.649648129940033, 3455.0 ], [ 84.070744710043073, 28.649601191282272, 3455.0 ], [ 84.070616634562612, 28.649561880156401, 3454.800000000000182 ], [ 84.070536671206355, 28.649546289816499, 3454.199999999999818 ], [ 84.070487972348928, 28.649539835751057, 3454.0 ], [ 84.070437680929899, 28.649533130228519, 3453.6 ], [ 84.070396274328232, 28.64952533505857, 3453.199999999999818 ], [ 84.070280436426401, 28.649492813274264, 3452.0 ], [ 84.070136938244104, 28.649464650079608, 3451.4 ], [ 84.07009813003242, 28.64944570697844, 3451.199999999999818 ], [ 84.070061668753624, 28.649427769705653, 3451.199999999999818 ], [ 84.070050604641438, 28.649421148002148, 3451.0 ], [ 84.069949770346284, 28.649357277899981, 3451.0 ], [ 84.069832507520914, 28.649301873520017, 3451.0 ], [ 84.069724213331938, 28.649246469140053, 3451.0 ], [ 84.069580882787704, 28.649210343137383, 3451.0 ], [ 84.069451969116926, 28.64918963983655, 3451.0 ], [ 84.069346189498901, 28.649151250720024, 3451.0 ], [ 84.069238649681211, 28.649103306233883, 3451.0 ], [ 84.069138066843152, 28.649073131382465, 3450.4 ], [ 84.069017954170704, 28.649044968187809, 3450.4 ], [ 84.06888878904283, 28.648995850235224, 3450.199999999999818 ], [ 84.068763731047511, 28.648973554372787, 3450.199999999999818 ], [ 84.068736992776394, 28.648976655676961, 3450.199999999999818 ], [ 84.06871335580945, 28.648966429755092, 3450.199999999999818 ], [ 84.068633979186416, 28.648965340107679, 3450.199999999999818 ], [ 84.06854186207056, 28.648969698697329, 3450.199999999999818 ], [ 84.068455612286925, 28.648976404219862, 3450.0 ], [ 84.068349581211805, 28.648957628756762, 3450.0 ], [ 84.068243466317654, 28.648934243246913, 3450.0 ], [ 84.068111786618829, 28.648929633200169, 3450.0 ], [ 84.068006007000804, 28.648909097537398, 3450.199999999999818 ], [ 84.067905759438872, 28.648905409500003, 3450.199999999999818 ], [ 84.06778790988028, 28.648910522460938, 3450.199999999999818 ], [ 84.067678106948733, 28.648895099759105, 3450.199999999999818 ], [ 84.067584564909339, 28.648899625986814, 3450.199999999999818 ], [ 84.067466547712684, 28.648901637643576, 3450.4 ], [ 84.067468056455255, 28.648899123072624, 3450.4 ], [ 84.067421620711684, 28.648888561874628, 3450.4 ], [ 84.067404102534056, 28.648884370923039, 3450.4 ], [ 84.06730268150568, 28.648894764482975, 3450.4 ], [ 84.06726554967463, 28.648885209113359, 3450.4 ], [ 84.067245181649923, 28.64886081777513, 3450.4 ], [ 84.067187095060945, 28.648818824440241, 3450.0 ], [ 84.067154070362449, 28.648803988471627, 3450.0 ], [ 84.067046782001853, 28.64876844920218, 3450.0 ], [ 84.066950054839253, 28.648752858862281, 3450.0 ], [ 84.066873528063297, 28.648768784478307, 3450.0 ], [ 84.066863302141428, 28.648772640153769, 3450.0 ], [ 84.066850813105702, 28.648771801963449, 3450.6 ], [ 84.06681158579886, 28.648791750892997, 3450.800000000000182 ], [ 84.066718881949782, 28.648808263242245, 3451.0 ], [ 84.06670555472374, 28.648808347061276, 3451.199999999999818 ], [ 84.06664009205997, 28.648806838318706, 3452.199999999999818 ], [ 84.066622657701373, 28.648804323747751, 3452.199999999999818 ], [ 84.066547388210893, 28.648776076734062, 3453.0 ], [ 84.06652232632041, 28.648767862468961, 3453.199999999999818 ], [ 84.06646809540689, 28.648752188310027, 3454.0 ], [ 84.066449990496039, 28.648741962388161, 3454.4 ], [ 84.066451583057642, 28.64874011836946, 3454.800000000000182 ], [ 84.066451583057642, 28.64874011836946, 3455.0 ], [ 84.066451583057642, 28.64874011836946, 3455.0 ], [ 84.066460970789194, 28.648741124197841, 3455.0 ], [ 84.066452505066991, 28.64875378087163, 3455.0 ], [ 84.06646809540689, 28.648761827498671, 3455.0 ], [ 84.066466502845287, 28.648762917146087, 3455.199999999999818 ], [ 84.066403387114406, 28.648754032328725, 3455.199999999999818 ], [ 84.066378241404891, 28.648752272129059, 3455.4 ], [ 84.066319232806563, 28.648745650425553, 3456.199999999999818 ], [ 84.06630783341825, 28.64874305203557, 3456.4 ], [ 84.066226026043296, 28.648742716759443, 3457.199999999999818 ], [ 84.066185541450977, 28.64873768761754, 3457.6 ], [ 84.066133070737123, 28.648731987923384, 3458.0 ], [ 84.066026955842972, 28.648732239380479, 3458.6 ], [ 84.066017149016261, 28.648734837770466, 3458.800000000000182 ], [ 84.065929977223277, 28.64874548278749, 3459.4 ], [ 84.065907262265682, 28.648747326806188, 3459.6 ], [ 84.065841464325786, 28.648747829720374, 3460.0 ], [ 84.065743898972869, 28.648738777264953, 3460.199999999999818 ], [ 84.065699558705091, 28.648735005408525, 3460.6 ], [ 84.065693104639649, 28.648733412846923, 3461.0 ], [ 84.065690003335476, 28.648737268522385, 3461.0 ], [ 84.06569117680192, 28.648739699274302, 3461.0 ], [ 84.065678184852004, 28.648747326806188, 3461.0 ], [ 84.065605010837317, 28.648763000965118, 3461.0 ], [ 84.065518258139491, 28.648772304877639, 3461.0 ], [ 84.065411221235991, 28.648771634325385, 3461.0 ], [ 84.065365120768547, 28.648766186088324, 3461.0 ], [ 84.065287923440337, 28.648772975429893, 3460.800000000000182 ], [ 84.065161691978574, 28.64881195127964, 3460.800000000000182 ], [ 84.065127829089761, 28.648821506649256, 3460.800000000000182 ], [ 84.065060522407293, 28.648839024826884, 3460.4 ], [ 84.064966393634677, 28.648845395073295, 3459.6 ], [ 84.064936554059386, 28.648845059797168, 3459.4 ], [ 84.064814429730177, 28.648856291547418, 3459.4 ], [ 84.064716193825006, 28.648861236870289, 3459.199999999999818 ], [ 84.064614269882441, 28.648877833038568, 3459.0 ], [ 84.064597338438034, 28.648879090324044, 3459.0 ], [ 84.064467502757907, 28.64888034760952, 3459.0 ], [ 84.064344456419349, 28.648860733956099, 3459.0 ], [ 84.064242783933878, 28.648850088939071, 3459.0 ], [ 84.064117474481463, 28.648833408951759, 3459.0 ], [ 84.064038097858429, 28.648811783641577, 3459.0 ], [ 84.063940951600671, 28.648792086169124, 3459.199999999999818 ], [ 84.063806086778641, 28.648772388696671, 3459.4 ], [ 84.063699468970299, 28.648747159168124, 3459.6 ], [ 84.063638197258115, 28.648729557171464, 3459.6 ], [ 84.063583463430405, 28.648722935467958, 3459.6 ], [ 84.063464524224401, 28.648706004023552, 3459.6 ], [ 84.063451029360294, 28.648705082014203, 3459.6 ], [ 84.063425045460463, 28.648699466139082, 3459.800000000000182 ], [ 84.063381627202034, 28.648692173883319, 3459.800000000000182 ], [ 84.063337873667479, 28.648687396198511, 3459.800000000000182 ], [ 84.063213486224413, 28.648666609078649, 3460.0 ], [ 84.063089098781347, 28.648668872192506, 3460.0 ], [ 84.062980134040117, 28.648642972111706, 3460.0 ], [ 84.062906038016081, 28.648587400093675, 3460.0 ], [ 84.06279313378036, 28.648546999320388, 3460.0 ], [ 84.062712835147977, 28.648524871096015, 3459.6 ], [ 84.06268123537302, 28.648505676537752, 3459.6 ], [ 84.062656424939632, 28.648491343483329, 3459.4 ], [ 84.062623819336295, 28.648480949923396, 3459.4 ], [ 84.062512423843145, 28.648466868326068, 3459.199999999999818 ], [ 84.062383258715272, 28.648438034579161, 3459.199999999999818 ], [ 84.062277646735311, 28.648423533886671, 3459.0 ], [ 84.062182009220123, 28.64840098656714, 3459.0 ], [ 84.062076481059194, 28.648363770917054, 3458.800000000000182 ], [ 84.062033230438828, 28.648349940776825, 3458.800000000000182 ], [ 84.06195611692965, 28.648306941613555, 3458.6 ], [ 84.061847403645515, 28.648256817832589, 3458.4 ], [ 84.061745228245854, 28.64821583032608, 3458.4 ], [ 84.06165948137641, 28.648175681009889, 3458.4 ], [ 84.061532747000456, 28.648109044879675, 3458.4 ], [ 84.061505673453212, 28.648088090121743, 3458.4 ], [ 84.061442976817489, 28.648044504225258, 3458.4 ], [ 84.061360750347376, 28.647997649386525, 3458.6 ], [ 84.061304340139031, 28.647961607202888, 3458.6 ], [ 84.061263436451554, 28.647930175065991, 3459.0 ], [ 84.061180874705315, 28.647904610261321, 3459.4 ], [ 84.061159752309322, 28.647900419309735, 3459.800000000000182 ], [ 84.061160674318671, 28.64790603518486, 3460.4 ], [ 84.061162685975432, 28.647908214479685, 3460.4 ], [ 84.061068305745721, 28.647939646616575, 3460.800000000000182 ], [ 84.061119435355067, 28.647917686030269, 3460.800000000000182 ], [ 84.061145503073931, 28.647834453731775, 3460.800000000000182 ], [ 84.061137456446886, 28.647824143990871, 3461.0 ], [ 84.061099151149392, 28.647796986624599, 3461.0 ], [ 84.061068808659911, 28.647778630256653, 3461.199999999999818 ], [ 84.060988258570433, 28.647720962762833, 3461.6 ], [ 84.060936290770769, 28.647687016054988, 3462.199999999999818 ], [ 84.060895554721355, 28.647655583918095, 3462.800000000000182 ], [ 84.060874180868268, 28.647637562826276, 3463.199999999999818 ], [ 84.060834534466267, 28.647603197023273, 3463.800000000000182 ], [ 84.06079706735909, 28.647568747401237, 3464.199999999999818 ], [ 84.060766138136387, 28.647549217566848, 3464.800000000000182 ], [ 84.060719450935721, 28.647516695782542, 3465.4 ], [ 84.060690701007843, 28.647494316101071, 3465.4 ], [ 84.060620795935392, 28.647451568394899, 3465.4 ], [ 84.060565559193492, 28.64739297889173, 3465.4 ], [ 84.060496408492327, 28.647352159023285, 3465.6 ], [ 84.060370093211532, 28.647330868989229, 3465.6 ], [ 84.060250148177147, 28.647360289469361, 3465.6 ], [ 84.060140429064631, 28.647403372451663, 3465.6 ], [ 84.060050742700696, 28.647435726597905, 3465.6 ], [ 84.059958709403872, 28.647483587265015, 3465.6 ], [ 84.059853432700038, 28.647518875077367, 3465.6 ], [ 84.059761231765151, 28.647558437660336, 3465.800000000000182 ], [ 84.05965905636549, 28.647589366883039, 3465.800000000000182 ], [ 84.059589235112071, 28.647568579763178, 3466.4 ], [ 84.059520000591874, 28.647540751844645, 3467.6 ], [ 84.059505667537451, 28.647534381598231, 3467.6 ], [ 84.059428302571177, 28.647494651377201, 3468.199999999999818 ], [ 84.059391841292381, 28.647477133199573, 3468.6 ], [ 84.05933165922761, 28.647456765174866, 3469.0 ], [ 84.059239374473691, 28.647459195926785, 3469.199999999999818 ], [ 84.059121441096067, 28.647464141249657, 3469.4 ], [ 84.059001998975873, 28.647474702447653, 3469.6 ], [ 84.058896554633975, 28.647489286959171, 3469.6 ], [ 84.058805610984564, 28.647512923926115, 3470.0 ], [ 84.058682899922132, 28.647524826228619, 3470.199999999999818 ], [ 84.058578880503774, 28.64752616733313, 3470.199999999999818 ], [ 84.058498498052359, 28.647524993866678, 3470.6 ], [ 84.05847167596221, 28.647523820400242, 3470.800000000000182 ], [ 84.058364639058709, 28.647522060200572, 3471.4 ], [ 84.05830361880362, 28.647532118484374, 3471.6 ], [ 84.058258272707462, 28.647534800693393, 3471.800000000000182 ], [ 84.05815701931715, 28.647539159283038, 3472.199999999999818 ], [ 84.058065572753549, 28.647556928917769, 3472.4 ], [ 84.05797865241766, 28.647585259750485, 3472.800000000000182 ], [ 84.057964067906141, 28.647590624168515, 3472.800000000000182 ], [ 84.05785795301199, 28.64763043820858, 3472.800000000000182 ], [ 84.057766841724515, 28.647675449028611, 3472.800000000000182 ], [ 84.057689644396305, 28.647703612223268, 3472.800000000000182 ], [ 84.05756089836359, 28.647753903642297, 3472.800000000000182 ], [ 84.057453023269773, 28.647795896977183, 3472.6 ], [ 84.057353194802999, 28.647831687703729, 3472.6 ], [ 84.05726183205843, 28.647867646068335, 3471.800000000000182 ], [ 84.057218246161938, 28.647881057113409, 3471.6 ], [ 84.05712797306478, 28.647907879203562, 3471.6 ], [ 84.057009536772966, 28.647929588332772, 3471.6 ], [ 84.056895542889833, 28.647893713787202, 3471.6 ], [ 84.056816920638084, 28.647883739322424, 3471.6 ], [ 84.056788757443428, 28.647890193387862, 3471.6 ], [ 84.056744752451777, 28.647898072376847, 3471.800000000000182 ], [ 84.056718433275819, 28.647905699908733, 3471.800000000000182 ], [ 84.056644840165973, 28.647958505898711, 3471.800000000000182 ], [ 84.056598572060466, 28.64801743067801, 3471.800000000000182 ], [ 84.056557333096862, 28.648096220567822, 3471.800000000000182 ], [ 84.056555572897196, 28.648121114820238, 3471.800000000000182 ], [ 84.056555489078164, 28.64812103100121, 3471.800000000000182 ], [ 84.056507041677833, 28.648105021566153, 3471.0 ], [ 84.056482315063477, 28.648114828392863, 3470.6 ], [ 84.056428587064147, 28.6481371242553, 3469.4 ], [ 84.056416181847453, 28.648140896111727, 3469.199999999999818 ], [ 84.056356251239777, 28.648145338520408, 3468.4 ], [ 84.056329010054469, 28.648154055699703, 3468.0 ], [ 84.056291040033102, 28.648171154782176, 3467.199999999999818 ], [ 84.056234797462821, 28.648194540292025, 3466.6 ], [ 84.056167155504227, 28.648211807012562, 3466.199999999999818 ], [ 84.056141003966331, 28.648220356553793, 3466.0 ], [ 84.056048216298223, 28.648252291604877, 3465.4 ], [ 84.056010916829109, 28.648268384858969, 3465.199999999999818 ], [ 84.055973533540964, 28.64828372374177, 3465.199999999999818 ], [ 84.055945035070181, 28.648297050967813, 3465.199999999999818 ], [ 84.055852415040135, 28.648324711248279, 3465.199999999999818 ], [ 84.055754179134965, 28.64835849031806, 3465.199999999999818 ], [ 84.055699026212096, 28.648374583572149, 3465.199999999999818 ], [ 84.055701708421111, 28.64837802015245, 3464.800000000000182 ], [ 84.055701708421111, 28.64837802015245, 3464.800000000000182 ], [ 84.055701708421111, 28.64837802015245, 3464.800000000000182 ], [ 84.055716209113598, 28.64836192689836, 3464.800000000000182 ], [ 84.055716209113598, 28.64836192689836, 3464.800000000000182 ], [ 84.055716209113598, 28.64836192689836, 3464.800000000000182 ], [ 84.055692236870527, 28.648381540551782, 3464.6 ], [ 84.055627277120948, 28.648454463109378, 3464.6 ], [ 84.055583104491234, 28.648490170016885, 3464.6 ], [ 84.055555192753673, 28.648517662659287, 3464.6 ], [ 84.055489478632808, 28.648571474477649, 3464.6 ], [ 84.055452179163694, 28.648601733148094, 3464.4 ], [ 84.055419825017452, 28.64863308146596, 3464.199999999999818 ], [ 84.055338352918625, 28.648690581321716, 3464.0 ], [ 84.055225867778063, 28.648764258250591, 3463.4 ], [ 84.055213378742337, 28.648772640153769, 3463.4 ], [ 84.055123357102275, 28.648803569376469, 3463.4 ], [ 84.055032748728991, 28.64885151386261, 3463.4 ], [ 84.054970387369394, 28.64890574477613, 3463.4 ], [ 84.054894195869565, 28.64895511418581, 3463.4 ], [ 84.054815405979753, 28.649017475545406, 3463.6 ], [ 84.054775089025497, 28.649036334827542, 3463.800000000000182 ], [ 84.054746087640524, 28.649052176624537, 3463.800000000000182 ], [ 84.054702501744032, 28.649083524942402, 3463.800000000000182 ], [ 84.0546730812639, 28.649114454165101, 3463.800000000000182 ], [ 84.054607283324003, 28.649143204092979, 3463.800000000000182 ], [ 84.05460468493402, 28.649142282083631, 3463.800000000000182 ], [ 84.054578449577093, 28.649151669815183, 3463.800000000000182 ], [ 84.054564451798797, 28.649157956242561, 3463.800000000000182 ], [ 84.054497061297297, 28.649172373116016, 3463.0 ], [ 84.054453475400805, 28.649173630401492, 3462.6 ], [ 84.054353646934032, 28.649172289296985, 3462.0 ], [ 84.054340906441212, 28.649171115830541, 3462.0 ], [ 84.054262451827526, 28.649166421964765, 3462.0 ], [ 84.054223140701652, 28.649171032011509, 3461.6 ], [ 84.054102189838886, 28.64917254075408, 3461.4 ], [ 84.054022645577788, 28.649169523268935, 3461.199999999999818 ], [ 84.053931618109345, 28.649162063375115, 3461.199999999999818 ], [ 84.053890630602837, 28.6491559445858, 3461.0 ], [ 84.053801530972123, 28.649128032848239, 3460.6 ], [ 84.053690806031227, 28.649110430851579, 3460.199999999999818 ], [ 84.05359466560185, 28.649091152474284, 3460.199999999999818 ], [ 84.0535609703511, 28.649080591276288, 3459.800000000000182 ], [ 84.053576560690999, 28.649075981229544, 3459.800000000000182 ], [ 84.053619476035237, 28.649025354534388, 3459.4 ], [ 84.053613692522049, 28.649021247401834, 3459.4 ], [ 84.053614865988493, 28.649022839963436, 3459.4 ], [ 84.053620146587491, 28.649043878540397, 3458.800000000000182 ], [ 84.053595922887325, 28.649063743650913, 3458.800000000000182 ], [ 84.053519731387496, 28.649069778621197, 3458.800000000000182 ], [ 84.053446725010872, 28.649108670651913, 3458.800000000000182 ], [ 84.05339827761054, 28.649161895737052, 3458.800000000000182 ], [ 84.053391320630908, 28.649164913222194, 3458.800000000000182 ], [ 84.053392829373479, 28.649166338145733, 3458.800000000000182 ], [ 84.053392829373479, 28.649166338145733, 3458.6 ], [ 84.053386962041259, 28.649203134700656, 3458.6 ], [ 84.053347734734416, 28.649259880185127, 3458.800000000000182 ], [ 84.053288642317057, 28.649315116927028, 3458.800000000000182 ], [ 84.053221587091684, 28.649386446923018, 3458.800000000000182 ], [ 84.05315394513309, 28.649455681443214, 3458.800000000000182 ], [ 84.053081022575498, 28.649512929841876, 3458.800000000000182 ], [ 84.053049003705382, 28.649542266502976, 3458.800000000000182 ], [ 84.05301564373076, 28.649588953703638, 3458.800000000000182 ], [ 84.052996449172497, 28.649618038907647, 3458.800000000000182 ], [ 84.052970549091697, 28.649655757471919, 3459.0 ], [ 84.052915815263987, 28.649717951193452, 3459.199999999999818 ], [ 84.052857058122754, 28.649775702506304, 3459.6 ], [ 84.05285052023828, 28.64978383295238, 3459.6 ], [ 84.052811963483691, 28.649823646992445, 3459.800000000000182 ], [ 84.052780447527766, 28.649855246767402, 3460.0 ], [ 84.052704339846969, 28.649921715259552, 3460.800000000000182 ], [ 84.052654886618257, 28.649961780756712, 3461.6 ], [ 84.052644493058324, 28.649967145174742, 3461.6 ], [ 84.052620520815253, 28.649981310591102, 3462.0 ], [ 84.052578778937459, 28.650007965043187, 3462.4 ], [ 84.052508622407913, 28.65006479434669, 3463.0 ], [ 84.052446261048317, 28.650124976411465, 3463.800000000000182 ], [ 84.052424216642976, 28.650139896199107, 3464.199999999999818 ], [ 84.052381552755833, 28.650177111849189, 3464.4 ], [ 84.052330758422613, 28.650211142376065, 3465.0 ], [ 84.052310641855001, 28.650224888697267, 3465.199999999999818 ], [ 84.052244843915105, 28.650269228965044, 3466.0 ], [ 84.052223972976208, 28.650282556191087, 3466.199999999999818 ], [ 84.052173011004925, 28.650319101288915, 3466.800000000000182 ], [ 84.052131939679384, 28.650348857045177, 3467.4 ], [ 84.052109476178885, 28.650367045775056, 3467.4 ], [ 84.052028423175216, 28.650422533974051, 3468.199999999999818 ], [ 84.051996152848005, 28.650442818179727, 3468.4 ], [ 84.051934713497758, 28.65048891864717, 3468.800000000000182 ], [ 84.051862461492419, 28.650567540898919, 3469.4 ], [ 84.051853241398931, 28.650575503706932, 3469.4 ], [ 84.051807811483741, 28.650636021047831, 3470.199999999999818 ], [ 84.051788616925478, 28.650657227262855, 3470.4 ], [ 84.051752407103777, 28.650701064616442, 3470.800000000000182 ], [ 84.051697002723813, 28.650762839242816, 3471.6 ], [ 84.051687866449356, 28.650774490088224, 3471.800000000000182 ], [ 84.051642687991261, 28.650816818699241, 3472.199999999999818 ], [ 84.051607483997941, 28.650837102904916, 3472.6 ], [ 84.051556438207626, 28.650858392938972, 3473.0 ], [ 84.051470439881086, 28.650902984663844, 3473.4 ], [ 84.051448395475745, 28.650919497013092, 3473.6 ], [ 84.051393242552876, 28.650965262204409, 3474.0 ], [ 84.051303053274751, 28.651010440662503, 3474.4 ], [ 84.051264496520162, 28.651021923869848, 3474.6 ], [ 84.051196854561567, 28.651046650484204, 3475.199999999999818 ], [ 84.051165841519833, 28.651052014902231, 3475.800000000000182 ], [ 84.051165841519833, 28.651052098721262, 3475.800000000000182 ], [ 84.051121082156897, 28.651075987145305, 3475.800000000000182 ], [ 84.050990492105484, 28.65109627135098, 3475.800000000000182 ], [ 84.050881862640381, 28.651092750951648, 3475.800000000000182 ], [ 84.050757307559252, 28.651074981316924, 3475.800000000000182 ], [ 84.050641804933548, 28.651069616898894, 3475.6 ], [ 84.05050559900701, 28.651092248037457, 3475.199999999999818 ], [ 84.050441812723875, 28.651107251644135, 3474.6 ], [ 84.050380205735564, 28.651114711537957, 3474.199999999999818 ], [ 84.050270486623049, 28.651135163381696, 3473.6 ], [ 84.050253219902515, 28.651134325191379, 3473.4 ], [ 84.050118941813707, 28.651146562770009, 3472.6 ], [ 84.050105949863791, 28.65114857442677, 3472.6 ], [ 84.050003690645099, 28.65116223692894, 3472.6 ], [ 84.049878129735589, 28.651193249970675, 3472.6 ], [ 84.049761286005378, 28.651248151436448, 3472.6 ], [ 84.049651902168989, 28.651287127286196, 3472.6 ], [ 84.049564311280847, 28.651329455897212, 3472.6 ], [ 84.04945895075798, 28.651381256058812, 3472.6 ], [ 84.049331126734614, 28.651409838348627, 3472.6 ], [ 84.049275303259492, 28.651416460052133, 3472.6 ], [ 84.049217384308577, 28.651435319334269, 3472.800000000000182 ], [ 84.049111772328615, 28.651491310447454, 3472.800000000000182 ], [ 84.049022756516933, 28.651533890515569, 3472.6 ], [ 84.048907086253166, 28.651577979326248, 3472.6 ], [ 84.048813125118613, 28.651611087843776, 3472.6 ], [ 84.048707261681557, 28.651648554950953, 3472.6 ], [ 84.048583544790745, 28.651696499437097, 3472.4 ], [ 84.04849243350327, 28.651731787249449, 3472.4 ], [ 84.048423115164042, 28.651762045919895, 3472.4 ], [ 84.048393107950687, 28.651771266013384, 3472.4 ], [ 84.048284813761711, 28.65183119662106, 3472.4 ], [ 84.048189343884587, 28.651887774467468, 3472.4 ], [ 84.048072835430503, 28.651960277929906, 3472.4 ], [ 84.047960098832846, 28.652030183002353, 3472.199999999999818 ], [ 84.047822970896959, 28.652105117216703, 3472.199999999999818 ], [ 84.047704366967082, 28.65215708501637, 3472.199999999999818 ], [ 84.047635132446885, 28.652178877964616, 3472.199999999999818 ], [ 84.04750051908195, 28.652216009795666, 3472.0 ], [ 84.047384345903993, 28.652233025059104, 3472.0 ], [ 84.047259958460927, 28.65226412191987, 3471.6 ], [ 84.047187538817525, 28.652314245700836, 3471.6 ], [ 84.04715015552938, 28.65235305391252, 3471.199999999999818 ], [ 84.047071365639567, 28.652414912357926, 3471.199999999999818 ], [ 84.047037083655596, 28.652446679770947, 3471.199999999999818 ], [ 84.046986876055598, 28.652469562366605, 3471.199999999999818 ], [ 84.046878749504685, 28.652533516287804, 3471.199999999999818 ], [ 84.046787554398179, 28.652573749423027, 3471.199999999999818 ], [ 84.046710273250937, 28.652606690302491, 3471.6 ], [ 84.046654533594847, 28.652642397209998, 3472.0 ], [ 84.046624107286334, 28.652652455493808, 3472.199999999999818 ], [ 84.046590831130743, 28.652667794376612, 3472.6 ], [ 84.04654917307198, 28.652679612860084, 3472.800000000000182 ], [ 84.046534923836589, 28.652683803811669, 3472.800000000000182 ], [ 84.046467365697026, 28.652700399979949, 3472.800000000000182 ], [ 84.046432664617896, 28.652712721377611, 3472.800000000000182 ], [ 84.046319089829922, 28.652742896229029, 3472.800000000000182 ], [ 84.046225966885686, 28.652776759117842, 3472.800000000000182 ], [ 84.046161258593202, 28.652841970324516, 3472.800000000000182 ], [ 84.046077355742455, 28.652917072176933, 3472.6 ], [ 84.046003762632608, 28.65298387594521, 3472.6 ], [ 84.045849870890379, 28.653057888150215, 3472.6 ], [ 84.045743672177196, 28.653101976960897, 3472.6 ], [ 84.045614004135132, 28.653146401047707, 3472.6 ], [ 84.045532448217273, 28.653202475979924, 3472.6 ], [ 84.045443600043654, 28.653245558962222, 3472.6 ], [ 84.045359445735812, 28.653307165950537, 3473.0 ], [ 84.045288870111108, 28.653376065194607, 3473.199999999999818 ], [ 84.045250145718455, 28.653411436825991, 3473.6 ], [ 84.045216534286737, 28.653446137905121, 3474.0 ], [ 84.045137660577893, 28.65354428999126, 3474.6 ], [ 84.045129613950849, 28.653554515913129, 3474.800000000000182 ], [ 84.04509843327105, 28.653610926121473, 3475.199999999999818 ], [ 84.045038502663374, 28.653715196996927, 3475.4 ], [ 84.045033641159534, 28.653712430968881, 3475.800000000000182 ], [ 84.045032216235995, 28.653712682425976, 3475.800000000000182 ], [ 84.045032216235995, 28.653712682425976, 3475.800000000000182 ], [ 84.044993994757533, 28.653643531724811, 3475.800000000000182 ], [ 84.045015871524811, 28.653655014932156, 3475.800000000000182 ], [ 84.045037664473057, 28.653686111792918, 3476.0 ], [ 84.045034646987915, 28.653702791780233, 3476.199999999999818 ], [ 84.045030204579234, 28.653712347149849, 3476.199999999999818 ], [ 84.044987289234996, 28.653812007978559, 3476.199999999999818 ], [ 84.044921658933163, 28.653921810910106, 3476.199999999999818 ], [ 84.044861393049359, 28.654009820893407, 3476.6 ], [ 84.044850999489427, 28.654017029330134, 3476.6 ], [ 84.04479299671948, 28.65406782366335, 3476.800000000000182 ], [ 84.044725857675076, 28.654137896373868, 3476.800000000000182 ], [ 84.044654862955213, 28.654212411493063, 3476.800000000000182 ], [ 84.04458194039762, 28.654290530830622, 3476.800000000000182 ], [ 84.044512202963233, 28.654364459216595, 3477.0 ], [ 84.044418996199965, 28.654451379552484, 3477.199999999999818 ], [ 84.044335009530187, 28.65454601123929, 3477.199999999999818 ], [ 84.044280108064413, 28.65460216999054, 3477.6 ], [ 84.044231325387955, 28.65464324131608, 3477.800000000000182 ], [ 84.044189834967256, 28.654681714251637, 3478.199999999999818 ], [ 84.044103417545557, 28.654754385352135, 3478.4 ], [ 84.044014066457748, 28.654802413657308, 3478.6 ], [ 84.043925637379289, 28.654844742268324, 3479.0 ], [ 84.043872999027371, 28.654858488589525, 3479.6 ], [ 84.043872999027371, 28.654858488589525, 3479.6 ], [ 84.043872999027371, 28.654858488589525, 3479.800000000000182 ], [ 84.043864281848073, 28.654860416427255, 3480.0 ], [ 84.043846512213349, 28.654866702854633, 3480.199999999999818 ], [ 84.043802758678794, 28.654897715896368, 3480.199999999999818 ], [ 84.043786078691483, 28.654916407540441, 3480.199999999999818 ], [ 84.043749114498496, 28.654983295127749, 3480.199999999999818 ], [ 84.043748360127211, 28.654983043670654, 3480.199999999999818 ], [ 84.043748527765274, 28.654983043670654, 3480.199999999999818 ], [ 84.043735284358263, 28.654994610697031, 3480.199999999999818 ], [ 84.04371902346611, 28.65500777028501, 3480.199999999999818 ], [ 84.04371902346611, 28.65500777028501, 3480.199999999999818 ], [ 84.04371902346611, 28.65500777028501, 3480.0 ], [ 84.04371902346611, 28.65500777028501, 3479.800000000000182 ], [ 84.04371902346611, 28.65500777028501, 3479.800000000000182 ], [ 84.04371902346611, 28.65500777028501, 3479.800000000000182 ], [ 84.043729836121202, 28.65500190295279, 3479.800000000000182 ], [ 84.043728495016694, 28.655004166066647, 3479.6 ], [ 84.043712737038732, 28.655020846053961, 3479.6 ], [ 84.04364425688982, 28.655051020905375, 3479.4 ], [ 84.043624307960272, 28.655053032562137, 3479.4 ], [ 84.043620452284813, 28.655051020905375, 3479.199999999999818 ], [ 84.043620284646749, 28.655050685629249, 3479.0 ], [ 84.043577704578638, 28.655061163008213, 3479.0 ], [ 84.043550882488489, 28.65506736561656, 3478.800000000000182 ], [ 84.043462285771966, 28.65509033203125, 3478.4 ], [ 84.043335970491171, 28.65511329844594, 3478.4 ], [ 84.043225580826402, 28.655158141627908, 3478.4 ], [ 84.043092476204038, 28.655212456360459, 3478.4 ], [ 84.04298510402441, 28.655256796628237, 3478.4 ], [ 84.042896842584014, 28.655299544334412, 3478.4 ], [ 84.042825344949961, 28.655338939279321, 3479.199999999999818 ], [ 84.042768264189363, 28.65538353100419, 3479.4 ], [ 84.042725935578346, 28.655426865443587, 3479.4 ], [ 84.042693413794041, 28.65546022541821, 3479.6 ], [ 84.042609930038452, 28.655516970902681, 3479.800000000000182 ], [ 84.042539689689875, 28.655600203201175, 3480.0 ], [ 84.042481519281864, 28.655670443549752, 3480.6 ], [ 84.042461905628443, 28.655693745240569, 3480.800000000000182 ], [ 84.042410776019096, 28.655732972547412, 3481.199999999999818 ], [ 84.042387222871184, 28.655725345015529, 3481.4 ], [ 84.042378170415759, 28.655711766332388, 3481.6 ], [ 84.042384037747979, 28.655713610351089, 3481.6 ], [ 84.042381271719933, 28.655697600916028, 3481.800000000000182 ], [ 84.042374733835459, 28.655676143243909, 3481.800000000000182 ], [ 84.042375991120934, 28.655670946463943, 3481.800000000000182 ], [ 84.042375991120934, 28.655670946463943, 3481.800000000000182 ], [ 84.042375991120934, 28.655670946463943, 3481.800000000000182 ], [ 84.042375991120934, 28.655670946463943, 3481.800000000000182 ], [ 84.042375991120934, 28.655670946463943, 3481.800000000000182 ], [ 84.042375991120934, 28.655670946463943, 3481.800000000000182 ], [ 84.042375991120934, 28.655670946463943, 3481.6 ], [ 84.042372973635793, 28.655682597309351, 3480.800000000000182 ], [ 84.042371632531285, 28.655661391094327, 3480.6 ], [ 84.042381187900901, 28.655599867925048, 3479.6 ], [ 84.042382529005408, 28.655549576506019, 3478.6 ], [ 84.042382277548313, 28.655534908175468, 3478.4 ], [ 84.042411362752318, 28.65541722625494, 3477.800000000000182 ], [ 84.042416643351316, 28.655393170192841, 3477.4 ], [ 84.042441789060831, 28.655304322019219, 3477.199999999999818 ], [ 84.042443549260497, 28.655305746942759, 3476.6 ], [ 84.042454529553652, 28.655277583748106, 3476.6 ], [ 84.042464755475521, 28.65525595843792, 3476.199999999999818 ], [ 84.042465928941965, 28.655197285115719, 3476.199999999999818 ], [ 84.042440699413419, 28.655183874070644, 3475.800000000000182 ], [ 84.04239778406918, 28.655172726139423, 3475.0 ], [ 84.042313629761338, 28.655166607350111, 3475.0 ], [ 84.042310696095228, 28.655163003131747, 3475.0 ], [ 84.042312791571021, 28.655160488560796, 3475.0 ], [ 84.042314551770687, 28.655161913484335, 3474.4 ], [ 84.042311450466514, 28.655157303437591, 3474.199999999999818 ], [ 84.04235914349556, 28.655195022001863, 3474.0 ], [ 84.042348247021437, 28.655194099992514, 3474.0 ], [ 84.042317653074861, 28.65519099868834, 3474.0 ], [ 84.042278761044145, 28.655188651755452, 3473.800000000000182 ], [ 84.042266523465514, 28.655190831050277, 3473.6 ], [ 84.042163928970695, 28.655230728909373, 3473.199999999999818 ], [ 84.042132329195738, 28.65524346940219, 3472.800000000000182 ], [ 84.042103327810764, 28.655266687273979, 3472.199999999999818 ], [ 84.042061166837811, 28.655284456908703, 3471.6 ], [ 84.042017664760351, 28.655302813276649, 3470.4 ], [ 84.041974833235145, 28.655316978693008, 3469.4 ], [ 84.041916159912944, 28.655329383909702, 3468.199999999999818 ], [ 84.041889337822795, 28.655341705307364, 3467.6 ], [ 84.04186419211328, 28.655356708914042, 3467.4 ], [ 84.041867377236485, 28.655349081382155, 3467.4 ], [ 84.041835945099592, 28.655385542660952, 3467.4 ], [ 84.041788503527641, 28.655446311458945, 3467.4 ], [ 84.041731841862202, 28.655522502958775, 3467.4 ], [ 84.041656740009785, 28.655593162402511, 3467.4 ], [ 84.041585326194763, 28.655670778825879, 3467.4 ], [ 84.041523635387421, 28.655743701383471, 3467.800000000000182 ], [ 84.04146496206522, 28.65580765530467, 3467.800000000000182 ], [ 84.041421879082918, 28.655859036371112, 3468.0 ], [ 84.041392290964723, 28.655890300869942, 3468.0 ], [ 84.041318111121655, 28.655957775190473, 3468.0 ], [ 84.041307885199785, 28.655967246741056, 3468.0 ], [ 84.041230855509639, 28.656041091308001, 3468.199999999999818 ], [ 84.041146533563733, 28.65611300803721, 3468.199999999999818 ], [ 84.041094649583101, 28.656200682744384, 3468.199999999999818 ], [ 84.041085178032517, 28.656238568946719, 3468.4 ], [ 84.041055589914322, 28.65627184510231, 3468.6 ], [ 84.041015524417162, 28.656293051317338, 3468.6 ], [ 84.040987193584442, 28.656311323866248, 3468.6 ], [ 84.040914187207818, 28.6563656385988, 3469.0 ], [ 84.040843695402145, 28.656436381861567, 3469.199999999999818 ], [ 84.04083514586091, 28.656445350497961, 3469.199999999999818 ], [ 84.040783513337374, 28.65650394000113, 3469.199999999999818 ], [ 84.040704388171434, 28.656587842851877, 3469.6 ], [ 84.040648899972439, 28.656655317172408, 3470.0 ], [ 84.040627609938383, 28.656682139262557, 3470.199999999999818 ], [ 84.040584526956081, 28.656723042950031, 3470.199999999999818 ], [ 84.040491990745068, 28.656794540584087, 3470.6 ], [ 84.040406076237559, 28.656853549182415, 3470.800000000000182 ], [ 84.040388055145741, 28.656868385151029, 3471.4 ], [ 84.040390821173787, 28.656867546960711, 3471.6 ], [ 84.040390318259597, 28.656869810074568, 3471.6 ], [ 84.040389647707343, 28.656875425949693, 3471.6 ], [ 84.040391910821199, 28.656884729862213, 3471.800000000000182 ], [ 84.040424767881632, 28.656889256089929, 3471.800000000000182 ], [ 84.040424767881632, 28.656889256089929, 3471.800000000000182 ], [ 84.040416637435555, 28.656891519203786, 3471.800000000000182 ], [ 84.040405321866274, 28.656893782317638, 3471.800000000000182 ], [ 84.040388222783804, 28.656891686841849, 3471.800000000000182 ], [ 84.040341367945075, 28.656912473961711, 3471.800000000000182 ], [ 84.040261069312692, 28.656944911926985, 3471.800000000000182 ], [ 84.040200216695666, 28.656961172819138, 3471.800000000000182 ], [ 84.040163671597838, 28.656976595520973, 3472.0 ], [ 84.040106171742082, 28.65700350143015, 3472.199999999999818 ], [ 84.040077924728394, 28.657014314085245, 3472.4 ], [ 84.040001230314374, 28.657046584412456, 3472.6 ], [ 84.039927134290338, 28.65708120167255, 3473.0 ], [ 84.039874076843262, 28.657103246077895, 3473.4 ], [ 84.039855720475316, 28.657110370695591, 3473.4 ], [ 84.039769051596522, 28.657151442021132, 3473.800000000000182 ], [ 84.039673749357462, 28.657198380678892, 3474.0 ], [ 84.039589511230588, 28.657260574400425, 3474.199999999999818 ], [ 84.039514241740108, 28.657301142811775, 3474.4 ], [ 84.039424387738109, 28.657357469201088, 3475.0 ], [ 84.039388597011566, 28.657379429787397, 3475.4 ], [ 84.03936286456883, 28.657382028177381, 3476.0 ], [ 84.039359930902719, 28.657376412302256, 3476.0 ], [ 84.039316345006227, 28.65741471759975, 3476.0 ], [ 84.039295138791203, 28.657428296282887, 3476.0 ], [ 84.039283152669668, 28.657439863309264, 3476.0 ], [ 84.039223222061992, 28.657474983483553, 3476.0 ], [ 84.039143342524767, 28.657540949061513, 3476.0 ], [ 84.039122723042965, 28.657557712867856, 3476.0 ], [ 84.039078466594219, 28.657589228823781, 3475.6 ], [ 84.039029013365507, 28.657623175531626, 3475.4 ], [ 84.03897637501359, 28.657661899924278, 3475.4 ], [ 84.0388825815171, 28.657730212435126, 3475.0 ], [ 84.038862967863679, 28.657736079767343, 3474.800000000000182 ], [ 84.038827680051327, 28.657761393114924, 3474.800000000000182 ], [ 84.03873648494482, 28.657813528552651, 3474.6 ], [ 84.038653001189232, 28.657869435846809, 3474.4 ], [ 84.038585275411606, 28.65790044888854, 3474.4 ], [ 84.038560381159186, 28.657914446666837, 3474.199999999999818 ], [ 84.038459127768874, 28.657964738085862, 3474.199999999999818 ], [ 84.03843842446804, 28.657976388931271, 3474.199999999999818 ], [ 84.038379332050681, 28.658006228506565, 3474.199999999999818 ], [ 84.03828352689743, 28.658052580431104, 3474.0 ], [ 84.038242204114795, 28.658081665635109, 3474.0 ], [ 84.038209095597267, 28.658100441098213, 3474.0 ], [ 84.038115637376904, 28.658160036429763, 3474.0 ], [ 84.038038523867726, 28.658202281221747, 3474.0 ], [ 84.037961158901453, 28.658238910138607, 3474.0 ], [ 84.037838280200958, 28.658292638137937, 3474.0 ], [ 84.037726549431682, 28.65834410302341, 3474.199999999999818 ], [ 84.037640634924173, 28.658382324501872, 3474.199999999999818 ], [ 84.037539465352893, 28.658423144370317, 3474.199999999999818 ], [ 84.037477606907487, 28.658444350585341, 3474.199999999999818 ], [ 84.037440558895469, 28.658464886248112, 3474.199999999999818 ], [ 84.037346681579947, 28.658519200980663, 3474.199999999999818 ], [ 84.037260096520185, 28.658560439944267, 3474.199999999999818 ], [ 84.037178372964263, 28.658588854596019, 3474.4 ], [ 84.037117771804333, 28.658629590645432, 3474.4 ], [ 84.037025989964604, 28.65866856649518, 3474.4 ], [ 84.036934291943908, 28.65870569832623, 3474.4 ], [ 84.036856675520539, 28.658737381920218, 3474.4 ], [ 84.036759277805686, 28.658779039978981, 3474.6 ], [ 84.036754248663783, 28.658768814057112, 3474.800000000000182 ], [ 84.036700017750263, 28.658782644197345, 3474.800000000000182 ], [ 84.036625670269132, 28.658813908696175, 3474.800000000000182 ], [ 84.036614689975977, 28.658817261457443, 3475.199999999999818 ], [ 84.036506982520223, 28.658861014991999, 3475.199999999999818 ], [ 84.036447638645768, 28.65888993255794, 3475.4 ], [ 84.036352504044771, 28.658929327502847, 3475.800000000000182 ], [ 84.036278575658798, 28.65896251983941, 3475.800000000000182 ], [ 84.036216884851456, 28.658983977511525, 3476.199999999999818 ], [ 84.036115631461143, 28.659017086029053, 3476.199999999999818 ], [ 84.036017898470163, 28.659039717167616, 3476.199999999999818 ], [ 84.036004235967994, 28.659044411033392, 3476.199999999999818 ], [ 84.03590683825314, 28.659077687188983, 3476.199999999999818 ], [ 84.035786390304565, 28.659096043556929, 3476.199999999999818 ], [ 84.03569033369422, 28.659107862040401, 3476.199999999999818 ], [ 84.035565359517932, 28.659122111275792, 3476.199999999999818 ], [ 84.035438373684883, 28.659137031063437, 3475.800000000000182 ], [ 84.035357236862183, 28.659134851768613, 3475.6 ], [ 84.035340892150998, 28.659131331369281, 3475.6 ], [ 84.03525740839541, 28.65911683067679, 3475.6 ], [ 84.035230502486229, 28.659117836505175, 3475.6 ], [ 84.035112820565701, 28.659130576997995, 3475.6 ], [ 84.034996647387743, 28.65913619287312, 3475.6 ], [ 84.034888688474894, 28.659118926152587, 3475.6 ], [ 84.034793050959706, 28.659102413803339, 3476.199999999999818 ], [ 84.034685846418142, 28.659085398539901, 3476.4 ], [ 84.034671597182751, 28.659085817635059, 3476.4 ], [ 84.034575037658215, 28.659075926989317, 3476.4 ], [ 84.034464061260223, 28.659085398539901, 3476.6 ], [ 84.034467497840524, 28.659087410196666, 3477.0 ], [ 84.034467497840524, 28.659087410196666, 3477.0 ], [ 84.034467497840524, 28.659087410196666, 3477.0 ], [ 84.034467497840524, 28.659087410196666, 3477.0 ], [ 84.034467497840524, 28.659087494015697, 3477.0 ], [ 84.034464899450541, 28.659081794321537, 3477.0 ], [ 84.034457020461559, 28.659090511500835, 3477.0 ], [ 84.034432293847203, 28.659090176224709, 3477.199999999999818 ], [ 84.034321652725339, 28.65911272354424, 3477.4 ], [ 84.034238839522004, 28.659114399924871, 3477.6 ], [ 84.034202042967081, 28.659118004143242, 3477.6 ], [ 84.034086540341377, 28.659138204529881, 3477.6 ], [ 84.033981431275606, 28.659154716879129, 3477.6 ], [ 84.033850338310003, 28.659188998863101, 3477.6 ], [ 84.033747827634215, 28.659215066581964, 3477.6 ], [ 84.033630900084972, 28.659262172877789, 3477.800000000000182 ], [ 84.033542471006513, 28.659295868128535, 3478.0 ], [ 84.033458232879639, 28.65932771936059, 3478.0 ], [ 84.033364187926054, 28.659363761544228, 3478.199999999999818 ], [ 84.033242147415876, 28.659426541998982, 3478.4 ], [ 84.03314022347331, 28.65945185534656, 3478.4 ], [ 84.033128572627902, 28.659456549212337, 3478.6 ], [ 84.033035701140761, 28.659481275826693, 3478.800000000000182 ], [ 84.032953893765807, 28.65950901992619, 3478.800000000000182 ], [ 84.032943332567811, 28.65950021892786, 3479.199999999999818 ], [ 84.032942494377494, 28.65950088948011, 3479.199999999999818 ], [ 84.032910307869315, 28.659507343545556, 3479.4 ], [ 84.032898237928748, 28.659509774297476, 3479.4 ], [ 84.032792123034596, 28.65953492000699, 3479.4 ], [ 84.032690702006221, 28.659547828137875, 3479.6 ], [ 84.032675782218575, 28.65955151617527, 3479.800000000000182 ], [ 84.03256556019187, 28.659583451226354, 3479.800000000000182 ], [ 84.032454583793879, 28.65963164716959, 3480.4 ], [ 84.032388282939792, 28.659673975780606, 3480.6 ], [ 84.032369926571846, 28.659684704616662, 3480.6 ], [ 84.032362215220928, 28.659692415967584, 3480.6 ], [ 84.032320138067007, 28.659750670194622, 3480.800000000000182 ], [ 84.032320138067007, 28.659750670194622, 3480.800000000000182 ], [ 84.032320138067007, 28.659750670194622, 3481.6 ], [ 84.032320138067007, 28.659750670194622, 3481.6 ], [ 84.032320138067007, 28.659750670194622, 3481.6 ], [ 84.032320138067007, 28.659750670194622, 3481.6 ], [ 84.032320138067007, 28.659750670194622, 3481.4 ], [ 84.032320138067007, 28.659750670194622, 3481.4 ], [ 84.032320138067007, 28.659750670194622, 3481.4 ], [ 84.032320138067007, 28.659750670194622, 3481.4 ], [ 84.032320138067007, 28.659750670194622, 3480.800000000000182 ], [ 84.0323222335428, 28.659722674638033, 3480.800000000000182 ], [ 84.032322820276022, 28.65970591083169, 3480.800000000000182 ], [ 84.032332375645638, 28.659718818962578, 3480.800000000000182 ], [ 84.032328519970179, 28.659754861146212, 3480.6 ], [ 84.032317120581865, 28.659760393202305, 3480.6 ], [ 84.032267583534122, 28.659803392365575, 3480.800000000000182 ], [ 84.032171946018934, 28.659883020445704, 3480.800000000000182 ], [ 84.032090390101075, 28.659946890547872, 3480.800000000000182 ], [ 84.032019395381212, 28.660001121461391, 3480.800000000000182 ], [ 84.031924931332469, 28.660073038190603, 3480.800000000000182 ], [ 84.031851841136813, 28.660143194720149, 3480.800000000000182 ], [ 84.031762490049005, 28.660194743424658, 3481.0 ], [ 84.031669953837991, 28.660273281857371, 3481.0 ], [ 84.031584206968546, 28.660337822511792, 3481.4 ], [ 84.031545650213957, 28.66037612780929, 3481.6 ], [ 84.031505919992924, 28.660410325974222, 3481.6 ], [ 84.031428303569555, 28.660447876900431, 3482.0 ], [ 84.031377760693431, 28.660473441705108, 3482.6 ], [ 84.031374659389257, 28.660472687333822, 3483.0 ], [ 84.03138262219727, 28.66048919968307, 3483.0 ], [ 84.031384885311127, 28.660495150834318, 3483.199999999999818 ], [ 84.031379101797938, 28.660524655133489, 3483.4 ], [ 84.031334761530161, 28.660582574084401, 3483.6 ], [ 84.031296037137508, 28.660626327618957, 3483.6 ], [ 84.031257564201951, 28.660666476935148, 3483.800000000000182 ], [ 84.03118715621531, 28.660745602101088, 3483.800000000000182 ], [ 84.03111825697124, 28.660807712003589, 3483.800000000000182 ], [ 84.031055057421327, 28.660865630954504, 3484.0 ], [ 84.030985236167908, 28.660923969000574, 3484.199999999999818 ], [ 84.030928323045373, 28.660979038104415, 3484.6 ], [ 84.030912984162569, 28.660992449149489, 3484.800000000000182 ], [ 84.030848192051053, 28.661041902378201, 3485.0 ], [ 84.030769821256399, 28.661103090271354, 3485.4 ], [ 84.030689354985952, 28.661172911524773, 3485.800000000000182 ], [ 84.030623221769929, 28.661228399723768, 3486.0 ], [ 84.030528757721186, 28.661306016147137, 3486.4 ], [ 84.030457930639386, 28.661364018917084, 3486.800000000000182 ], [ 84.030444100499153, 28.661375166848305, 3486.800000000000182 ], [ 84.03041367419064, 28.661413639783859, 3487.199999999999818 ], [ 84.030341673642397, 28.661472899839278, 3487.6 ], [ 84.030324993655086, 28.661487232893705, 3487.800000000000182 ], [ 84.030275959521532, 28.661522101610899, 3488.0 ], [ 84.030204713344574, 28.661573231220245, 3488.4 ], [ 84.030147967860103, 28.661619080230594, 3489.0 ], [ 84.030133383348584, 28.661636179313064, 3489.199999999999818 ], [ 84.030062891542912, 28.661702144891024, 3489.4 ], [ 84.029997596517205, 28.661758052185174, 3490.0 ], [ 84.029933726415038, 28.66180851124227, 3490.4 ], [ 84.02987027540803, 28.661856707185507, 3490.800000000000182 ], [ 84.029841441661119, 28.661874560639266, 3491.0 ], [ 84.029820822179317, 28.661893168464303, 3491.0 ], [ 84.029749408364296, 28.661949662491679, 3491.800000000000182 ], [ 84.029722167178988, 28.661969276145101, 3492.199999999999818 ], [ 84.029686544090509, 28.662003809586167, 3492.4 ], [ 84.029641868546605, 28.66204840131104, 3492.800000000000182 ], [ 84.029607083648443, 28.662078576162457, 3493.199999999999818 ], [ 84.029550002887845, 28.662123084068298, 3493.6 ], [ 84.029501555487514, 28.66217270493507, 3494.199999999999818 ], [ 84.029446570202708, 28.662229953333735, 3494.6 ], [ 84.029377419501543, 28.662294829264283, 3495.199999999999818 ], [ 84.029312962666154, 28.662344617769119, 3496.4 ], [ 84.029250182211399, 28.662403291091323, 3497.0 ], [ 84.029206847772002, 28.662442434579138, 3497.4 ], [ 84.02918086387217, 28.662461880594492, 3497.6 ], [ 84.029102576896548, 28.662514099851251, 3498.4 ], [ 84.029079526662827, 28.662523403763771, 3498.4 ], [ 84.029022110626101, 28.662551734596491, 3498.6 ], [ 84.028946422040462, 28.662599930539727, 3499.0 ], [ 84.028860088437796, 28.6626445222646, 3499.4 ], [ 84.028845839202404, 28.662650976330038, 3499.6 ], [ 84.028761852532625, 28.662695735692974, 3499.800000000000182 ], [ 84.028663448989391, 28.662763545289636, 3499.800000000000182 ], [ 84.028575187548995, 28.662825403735042, 3500.0 ], [ 84.02848650701344, 28.662859098985791, 3500.199999999999818 ], [ 84.028453817591071, 28.662876030430201, 3500.6 ], [ 84.028414506465197, 28.662896398454905, 3500.800000000000182 ], [ 84.028310319408774, 28.662951970472932, 3501.199999999999818 ], [ 84.028238402679563, 28.663006201386452, 3501.4 ], [ 84.028158355504274, 28.663056744262576, 3501.4 ], [ 84.028125163167715, 28.663078621029857, 3501.6 ], [ 84.028075793758035, 28.663118351250887, 3501.6 ], [ 84.02801644988358, 28.663164367899299, 3501.6 ], [ 84.027935480698943, 28.663175767287612, 3502.199999999999818 ], [ 84.027813104912639, 28.663210887461901, 3502.199999999999818 ], [ 84.027719646692276, 28.663236452266577, 3502.4 ], [ 84.027619482949376, 28.663249192759395, 3502.4 ], [ 84.027488976716995, 28.663281379267573, 3502.6 ], [ 84.027462154626846, 28.663290347903967, 3502.6 ], [ 84.027414545416832, 28.663306105881929, 3503.199999999999818 ], [ 84.027351010590792, 28.663328988477588, 3503.6 ], [ 84.027337599545717, 28.663336113095284, 3503.800000000000182 ], [ 84.027301389724016, 28.663353966549039, 3504.4 ], [ 84.027286386117339, 28.663360588252544, 3504.800000000000182 ], [ 84.027241794392467, 28.66337651386857, 3505.800000000000182 ], [ 84.027235340327024, 28.663380956277251, 3506.0 ], [ 84.027209859341383, 28.663399061188105, 3506.6 ], [ 84.027203656733036, 28.66340534761548, 3506.800000000000182 ], [ 84.027194185182452, 28.66341364569962, 3507.0 ], [ 84.027163507416844, 28.663441725075245, 3507.800000000000182 ], [ 84.027157304808497, 28.663444491103292, 3508.0 ], [ 84.027121094986796, 28.663465194404125, 3508.800000000000182 ], [ 84.027113802731037, 28.663468211889267, 3509.0 ], [ 84.027085639536381, 28.663483886048201, 3509.6 ], [ 84.027067618444562, 28.663497800007463, 3510.0 ], [ 84.027063511312008, 28.663498386740685, 3510.4 ], [ 84.02706409804523, 28.663497129455209, 3510.4 ], [ 84.027062505483627, 28.663504337891936, 3510.800000000000182 ], [ 84.027002239599824, 28.663542810827497, 3510.800000000000182 ], [ 84.02699327096343, 28.66354750469327, 3511.199999999999818 ], [ 84.026929903775454, 28.663600059226155, 3511.4 ], [ 84.026883887127042, 28.663630820810795, 3512.4 ], [ 84.026854047551751, 28.663653451949362, 3512.4 ], [ 84.026807527989149, 28.663682620972395, 3513.199999999999818 ], [ 84.026795122772455, 28.663687901571393, 3513.4 ], [ 84.026708705350757, 28.663728218525648, 3514.0 ], [ 84.02670593932271, 28.663727296516299, 3514.0 ], [ 84.026705855503678, 28.663727296516299, 3514.0 ], [ 84.026706358417869, 28.663726961240172, 3514.199999999999818 ], [ 84.026734856888652, 28.663699803873897, 3514.199999999999818 ], [ 84.02672060765326, 28.663698546588421, 3514.800000000000182 ], [ 84.02669420465827, 28.663704916834831, 3515.0 ], [ 84.0265803784132, 28.663704078644511, 3515.0 ], [ 84.026486752554774, 28.663697205483913, 3515.4 ], [ 84.026470240205526, 28.663694774731994, 3515.4 ], [ 84.026397317647934, 28.663687482476231, 3516.4 ], [ 84.026362029835582, 28.663713466376063, 3517.4 ], [ 84.02635557577014, 28.66372050717473, 3517.800000000000182 ], [ 84.026329927146435, 28.66373953409493, 3518.4 ], [ 84.026310816407204, 28.66374540142715, 3519.0 ], [ 84.026286844164133, 28.663775995373729, 3519.6 ], [ 84.026278126984835, 28.663792842999101, 3520.0 ], [ 84.026274858042598, 28.663798542693257, 3520.800000000000182 ], [ 84.026270499452949, 28.663797117769722, 3521.0 ], [ 84.026261614635587, 28.66379963234067, 3521.0 ], [ 84.026232697069645, 28.663825783878565, 3521.4 ], [ 84.026210904121399, 28.663864843547344, 3521.800000000000182 ], [ 84.026197576895356, 28.663879428058863, 3522.199999999999818 ], [ 84.026178382337093, 28.663907339796424, 3522.800000000000182 ], [ 84.02617871761322, 28.663904657587409, 3522.800000000000182 ], [ 84.026181818917394, 28.663931395858526, 3523.199999999999818 ], [ 84.026169748976827, 28.663984620943666, 3524.0 ], [ 84.026147788390517, 28.664022088050839, 3524.4 ], [ 84.026122642681003, 28.664057711139321, 3525.199999999999818 ], [ 84.026113422587514, 28.664062740281224, 3525.4 ], [ 84.026070088148117, 28.664066512137651, 3526.0 ], [ 84.026054916903377, 28.664062069728971, 3526.6 ], [ 84.02602138929069, 28.664056118577719, 3527.0 ], [ 84.025984006002545, 28.664049748331308, 3527.800000000000182 ], [ 84.025930445641279, 28.664038432762027, 3528.199999999999818 ], [ 84.025918543338776, 28.664046311751008, 3528.4 ], [ 84.025904713198543, 28.664050167426467, 3528.4 ], [ 84.025837490335107, 28.664046060293913, 3529.0 ], [ 84.025801364332438, 28.664047066122293, 3529.199999999999818 ], [ 84.025754174217582, 28.664058549329638, 3529.4 ], [ 84.0256685949862, 28.664104314520955, 3530.0 ], [ 84.025604976341128, 28.664148151874542, 3530.6 ], [ 84.025590559467673, 28.66415779106319, 3530.6 ], [ 84.025510093197227, 28.664208669215441, 3531.199999999999818 ], [ 84.025485198944807, 28.664226941764355, 3531.6 ], [ 84.025448905304074, 28.664261223748326, 3531.800000000000182 ], [ 84.025400541722775, 28.664320902898908, 3532.0 ], [ 84.025368858128786, 28.664367590099573, 3532.4 ], [ 84.025346897542477, 28.664394076913595, 3532.6 ], [ 84.025269029662013, 28.664437746629119, 3533.199999999999818 ], [ 84.025250673294067, 28.664446799084544, 3533.4 ], [ 84.025195185095072, 28.664480159059167, 3533.800000000000182 ], [ 84.025098877027631, 28.664542268961668, 3534.4 ], [ 84.025089908391237, 28.664549728855491, 3534.4 ], [ 84.025029977783561, 28.664596918970343, 3534.4 ], [ 84.024950014427304, 28.664672188460827, 3534.4 ], [ 84.024901399388909, 28.664702698588371, 3534.4 ], [ 84.024847084656358, 28.664718624204397, 3534.4 ] ] } }
]
}
