{
"type": "FeatureCollection",
"name": "day10",
"crs": { "type": "name", "properties": { "name": "urn:ogc:def:crs:OGC:1.3:CRS84" } },
"features": [
{ "type": "Feature", "properties": { "name": "day10" }, "geometry": { "type": "LineString", "coordinates": [ [ 83.97275548428297, 28.77819693647325, 4555.399999999999636 ], [ 83.972770152613521, 28.778186626732349, 4555.399999999999636 ], [ 83.972770152613521, 28.778171120211478, 4555.399999999999636 ], [ 83.972768560051918, 28.778167180716991, 4555.399999999999636 ], [ 83.972755232825875, 28.778136670589447, 4555.399999999999636 ], [ 83.972724890336394, 28.778089564293623, 4555.399999999999636 ], [ 83.972704187035561, 28.778033908456564, 4555.399999999999636 ], [ 83.972672671079636, 28.777904743328691, 4555.399999999999636 ], [ 83.972648028284311, 28.777814554050565, 4555.399999999999636 ], [ 83.97262254729867, 28.777797287330031, 4555.399999999999636 ], [ 83.972577787935734, 28.777759317308664, 4555.399999999999636 ], [ 83.972568148747087, 28.777759149670601, 4555.399999999999636 ], [ 83.972498830407858, 28.777730735018849, 4556.199999999999818 ], [ 83.972475696355104, 28.777735009789467, 4557.0 ], [ 83.972466308623552, 28.777744984254241, 4557.399999999999636 ], [ 83.972445437684655, 28.777740290388465, 4558.0 ], [ 83.972440492361784, 28.777736015617847, 4558.399999999999636 ], [ 83.972431691363454, 28.777710869908333, 4558.800000000000182 ], [ 83.972420459613204, 28.777702488005161, 4559.199999999999818 ], [ 83.972409563139081, 28.777687903493643, 4559.800000000000182 ], [ 83.972362792119384, 28.777674157172441, 4560.0 ], [ 83.972351560369134, 28.777669630944729, 4560.199999999999818 ], [ 83.972331359982491, 28.777654292061925, 4561.0 ], [ 83.972322307527065, 28.777648927643895, 4561.399999999999636 ], [ 83.972289701923728, 28.777641467750072, 4562.0 ], [ 83.972286516800523, 28.777642389759421, 4562.199999999999818 ], [ 83.972277967259288, 28.777648592367768, 4562.399999999999636 ], [ 83.97227855399251, 28.777647083625197, 4563.199999999999818 ], [ 83.972281571477652, 28.777651274576783, 4563.399999999999636 ], [ 83.972276374697685, 28.777673067525029, 4563.800000000000182 ], [ 83.972273776307702, 28.777711037546396, 4564.399999999999636 ], [ 83.972273273393512, 28.77771120518446, 4564.600000000000364 ], [ 83.972278134897351, 28.777749091386795, 4565.199999999999818 ], [ 83.972277715802193, 28.777768956497312, 4565.600000000000364 ], [ 83.972279308363795, 28.777767196297649, 4565.600000000000364 ], [ 83.972284086048603, 28.777780942618847, 4566.399999999999636 ], [ 83.97227955982089, 28.777786223217845, 4566.600000000000364 ], [ 83.972276961430907, 28.777787564322352, 4567.0 ], [ 83.972266400232911, 28.777796952053905, 4567.800000000000182 ], [ 83.972253995016217, 28.777808183804151, 4568.800000000000182 ], [ 83.972260784357786, 28.777809273451567, 4569.0 ], [ 83.972257096320391, 28.77781530842185, 4569.199999999999818 ], [ 83.972256174311042, 28.777813129127026, 4569.800000000000182 ], [ 83.972255168482661, 28.777813632041216, 4570.0 ], [ 83.972256425768137, 28.777823774144053, 4570.600000000000364 ], [ 83.972258185967803, 28.777829641476274, 4570.800000000000182 ], [ 83.97225952707231, 28.777835257351398, 4571.0 ], [ 83.972257347777486, 28.777838442474604, 4571.399999999999636 ], [ 83.97225952707231, 28.777862666174769, 4571.800000000000182 ], [ 83.972265562042594, 28.777889320626855, 4572.199999999999818 ], [ 83.972271764650941, 28.777941623702645, 4573.0 ], [ 83.972269082441926, 28.777953274548057, 4573.199999999999818 ], [ 83.972263801842928, 28.777959896251559, 4573.399999999999636 ], [ 83.972255755215883, 28.777947910130024, 4574.0 ], [ 83.97224091924727, 28.7779526039958, 4574.399999999999636 ], [ 83.972228681668639, 28.777947742491961, 4575.399999999999636 ], [ 83.972232704982162, 28.777941623702645, 4575.399999999999636 ], [ 83.972218707203865, 28.777938690036535, 4576.0 ], [ 83.972202530130744, 28.777922345325351, 4576.399999999999636 ], [ 83.972196914255619, 28.777912287041545, 4576.600000000000364 ], [ 83.972208229824901, 28.777942294254899, 4577.399999999999636 ], [ 83.972207140177488, 28.77794430591166, 4577.399999999999636 ], [ 83.972228178754449, 28.777949754148722, 4578.199999999999818 ], [ 83.972241338342428, 28.777947323396798, 4578.600000000000364 ], [ 83.972242344170809, 28.777954531833529, 4578.800000000000182 ], [ 83.972254162654281, 28.777972217649221, 4579.199999999999818 ], [ 83.972262041643262, 28.777990657836199, 4579.600000000000364 ], [ 83.972268495708704, 28.778019910678267, 4580.199999999999818 ], [ 83.972267154604197, 28.778017479926348, 4580.800000000000182 ], [ 83.972270507365465, 28.77800633199513, 4580.800000000000182 ], [ 83.972235890105367, 28.778008846566081, 4581.600000000000364 ], [ 83.972203535959125, 28.77802100032568, 4581.800000000000182 ], [ 83.972189035266638, 28.778029130771756, 4582.0 ], [ 83.97216665558517, 28.778034579008818, 4582.600000000000364 ], [ 83.972150310873985, 28.778041787445545, 4582.800000000000182 ], [ 83.972148885950446, 28.778031393885612, 4583.0 ], [ 83.972133966162801, 28.778030052781105, 4583.399999999999636 ], [ 83.972127679735422, 28.778025778010488, 4583.800000000000182 ], [ 83.972133966162801, 28.778009181842208, 4584.199999999999818 ], [ 83.972135307267308, 28.778002643957738, 4584.800000000000182 ], [ 83.972134469076991, 28.777998955920339, 4585.0 ], [ 83.97213296033442, 28.77799510024488, 4585.600000000000364 ], [ 83.972133295610547, 28.778003733605143, 4585.800000000000182 ], [ 83.972096331417561, 28.778020329773423, 4586.800000000000182 ], [ 83.972095241770148, 28.778022257611156, 4587.0 ], [ 83.972091134637594, 28.778034243732691, 4587.399999999999636 ], [ 83.97208996117115, 28.778037345036864, 4588.199999999999818 ], [ 83.97208996117115, 28.778037345036864, 4588.600000000000364 ], [ 83.972074706107378, 28.778052600100636, 4589.399999999999636 ], [ 83.972064983099699, 28.778105322271585, 4590.199999999999818 ], [ 83.972064312547445, 28.778111021965746, 4590.399999999999636 ], [ 83.972065905109048, 28.778107417747378, 4590.800000000000182 ], [ 83.97206456400454, 28.778118481859565, 4591.199999999999818 ], [ 83.972066743299365, 28.778114877641201, 4591.399999999999636 ], [ 83.9720752928406, 28.778133653104305, 4592.0 ], [ 83.972073951736093, 28.77813532948494, 4592.600000000000364 ], [ 83.972079483792186, 28.778147734701633, 4593.0 ], [ 83.972084345296025, 28.778176652267575, 4593.600000000000364 ], [ 83.972088452428579, 28.778187045827508, 4594.0 ], [ 83.972099851816893, 28.77821839414537, 4594.600000000000364 ], [ 83.972101360559464, 28.778215292841196, 4594.600000000000364 ], [ 83.97209532558918, 28.778219819068909, 4595.0 ], [ 83.972091302275658, 28.77822820097208, 4595.199999999999818 ], [ 83.972076633945107, 28.778246473520991, 4595.800000000000182 ], [ 83.972076717764139, 28.778246138244867, 4596.0 ], [ 83.972070179879665, 28.778258124366403, 4596.399999999999636 ], [ 83.972066324204206, 28.77828880213201, 4596.800000000000182 ], [ 83.97206305526197, 28.778295340016484, 4597.600000000000364 ], [ 83.972066324204206, 28.778294753283262, 4597.800000000000182 ], [ 83.972062217071652, 28.778312439098951, 4598.399999999999636 ], [ 83.972040507942438, 28.778317719697952, 4598.800000000000182 ], [ 83.97203472442925, 28.778324509039521, 4599.199999999999818 ], [ 83.972042268142104, 28.778349822387099, 4599.800000000000182 ], [ 83.972041765227914, 28.778350744396448, 4600.0 ], [ 83.972059870138764, 28.778398269787431, 4600.199999999999818 ], [ 83.972057104110718, 28.77840313129127, 4601.0 ], [ 83.9720528293401, 28.778404472395778, 4601.0 ], [ 83.97201226092875, 28.77840313129127, 4601.600000000000364 ], [ 83.971999939531088, 28.778400365263224, 4602.0 ], [ 83.971982756629586, 28.778415871784091, 4602.600000000000364 ], [ 83.971996419131756, 28.778450908139348, 4603.0 ], [ 83.972000358626246, 28.778458032757044, 4603.0 ], [ 83.972001280635595, 28.778459038585424, 4603.600000000000364 ], [ 83.971997341141105, 28.778461888432503, 4604.0 ], [ 83.971996167674661, 28.778484771028161, 4604.399999999999636 ], [ 83.971965489909053, 28.778477981686592, 4605.199999999999818 ], [ 83.971958197653294, 28.778464738279581, 4605.600000000000364 ], [ 83.971925675868988, 28.778431126847863, 4605.800000000000182 ], [ 83.971899440512061, 28.778426013886929, 4606.399999999999636 ], [ 83.971884604543447, 28.778410423547029, 4607.199999999999818 ], [ 83.97188376635313, 28.77841092646122, 4607.199999999999818 ], [ 83.971884017810225, 28.778409250080585, 4607.399999999999636 ], [ 83.971892734989524, 28.778436072170734, 4607.800000000000182 ], [ 83.971898602321744, 28.778464654460549, 4608.199999999999818 ], [ 83.971901033073664, 28.778467923402783, 4608.199999999999818 ], [ 83.971912432461977, 28.778497176244855, 4608.399999999999636 ], [ 83.971936237066984, 28.778507402166724, 4608.800000000000182 ], [ 83.971943529322743, 28.77850916236639, 4609.199999999999818 ], [ 83.971948055550456, 28.778516119346023, 4609.399999999999636 ], [ 83.971951575949788, 28.778536738827825, 4609.800000000000182 ], [ 83.971928944811225, 28.778555430471897, 4610.199999999999818 ], [ 83.971918886527419, 28.778560124337673, 4610.199999999999818 ], [ 83.97189206443727, 28.778600608929992, 4611.0 ], [ 83.971885778009892, 28.778625419363379, 4611.399999999999636 ], [ 83.971857782453299, 28.778627263382077, 4611.600000000000364 ], [ 83.971816375851631, 28.778612092137337, 4612.199999999999818 ], [ 83.971802210435271, 28.778611002489924, 4612.399999999999636 ], [ 83.971797432750463, 28.778617372736335, 4612.600000000000364 ], [ 83.971781171858311, 28.778626592829823, 4613.0 ], [ 83.971774131059647, 28.778621396049857, 4613.399999999999636 ], [ 83.97175912745297, 28.778617288917303, 4613.600000000000364 ], [ 83.97173129953444, 28.77862231805921, 4614.199999999999818 ], [ 83.971713110804558, 28.778645368292928, 4614.600000000000364 ], [ 83.971714535728097, 28.778661461547017, 4614.800000000000182 ], [ 83.971721325069666, 28.778677806258202, 4615.199999999999818 ], [ 83.971705567091703, 28.778667580336332, 4615.600000000000364 ], [ 83.971684612333775, 28.778644362464547, 4616.0 ], [ 83.971662232652307, 28.778616534546018, 4616.399999999999636 ], [ 83.971647899597883, 28.778607817366719, 4616.600000000000364 ], [ 83.971650078892708, 28.778603794053197, 4616.800000000000182 ], [ 83.971624178811908, 28.778609493747354, 4617.0 ], [ 83.971609594300389, 28.778618378564715, 4617.800000000000182 ], [ 83.971608420833945, 28.778618713840839, 4617.800000000000182 ], [ 83.971588807180524, 28.778634974732995, 4618.199999999999818 ], [ 83.971583945676684, 28.778631035238504, 4618.800000000000182 ], [ 83.971575982868671, 28.778639417141676, 4619.0 ], [ 83.97155050188303, 28.778662467375401, 4619.600000000000364 ], [ 83.97154999896884, 28.778669340535998, 4619.800000000000182 ], [ 83.971549579873681, 28.778695743530989, 4620.399999999999636 ], [ 83.97153046913445, 28.778711082413793, 4621.0 ], [ 83.971533151343465, 28.778713764622808, 4621.199999999999818 ], [ 83.971534073352814, 28.77871728502214, 4621.199999999999818 ], [ 83.971518063917756, 28.778719045221809, 4621.600000000000364 ], [ 83.971508592367172, 28.778721475973725, 4621.800000000000182 ], [ 83.971508173272014, 28.778728181496263, 4622.0 ], [ 83.971477830782533, 28.778743604198095, 4622.600000000000364 ], [ 83.971469113603234, 28.778738742694259, 4623.0 ], [ 83.9714415371418, 28.778730779886249, 4623.399999999999636 ], [ 83.971443464979529, 28.778744777664546, 4624.0 ], [ 83.971442375332117, 28.778741173446178, 4624.199999999999818 ], [ 83.971439274027944, 28.778754752129316, 4624.399999999999636 ], [ 83.971434496343136, 28.778784172609448, 4624.800000000000182 ], [ 83.97142686881125, 28.778801439329985, 4625.199999999999818 ], [ 83.971420582383871, 28.778807139024138, 4625.600000000000364 ], [ 83.971423096954823, 28.778821220621467, 4625.800000000000182 ], [ 83.971405746415257, 28.778836978599429, 4626.0 ], [ 83.971399962902069, 28.778843432664871, 4626.199999999999818 ], [ 83.971397699788213, 28.77884628251195, 4626.600000000000364 ], [ 83.971397951245308, 28.778853574767709, 4627.0 ], [ 83.971396023407578, 28.778866734355688, 4627.0 ], [ 83.971394933760166, 28.778874110430479, 4627.199999999999818 ], [ 83.971402645111084, 28.778900010511279, 4628.0 ], [ 83.971413038671017, 28.778918869793415, 4628.399999999999636 ], [ 83.971415804699063, 28.778937812894583, 4628.600000000000364 ], [ 83.971404070034623, 28.778965473175049, 4629.399999999999636 ], [ 83.971403399482369, 28.778979806229472, 4630.0 ], [ 83.971389401704073, 28.779009478166699, 4630.399999999999636 ], [ 83.971387976780534, 28.779018614441156, 4630.399999999999636 ], [ 83.971381355077028, 28.779048454016447, 4631.0 ], [ 83.971373559907079, 28.779046274721622, 4631.399999999999636 ], [ 83.971369285136461, 28.779039569199085, 4631.600000000000364 ], [ 83.971362663432956, 28.779036467894912, 4631.600000000000364 ], [ 83.971336260437965, 28.779029762372375, 4632.600000000000364 ], [ 83.971339026466012, 28.779029091820121, 4632.600000000000364 ], [ 83.971297284588218, 28.779018614441156, 4633.199999999999818 ], [ 83.971267193555832, 28.779016435146332, 4633.399999999999636 ], [ 83.971259649842978, 28.779015513136983, 4633.600000000000364 ], [ 83.97126467898488, 28.77900805324316, 4634.600000000000364 ], [ 83.971264427527785, 28.779011070728306, 4634.800000000000182 ], [ 83.971252776682377, 28.77903638407588, 4634.800000000000182 ], [ 83.971251603215933, 28.779048286378384, 4635.199999999999818 ], [ 83.97124657407403, 28.779059518128633, 4635.600000000000364 ], [ 83.971247915178537, 28.779088519513607, 4635.800000000000182 ], [ 83.971248585730791, 28.779122550040483, 4636.0 ], [ 83.971238192170858, 28.779130512848496, 4636.199999999999818 ], [ 83.971224529668689, 28.779113413766023, 4636.600000000000364 ], [ 83.971214639022946, 28.779106037691236, 4636.800000000000182 ], [ 83.971201060339808, 28.779106372967359, 4637.199999999999818 ], [ 83.971187230199575, 28.779098829254508, 4637.600000000000364 ], [ 83.971179267391562, 28.779098661616445, 4637.800000000000182 ], [ 83.971143141388893, 28.779090279713273, 4638.199999999999818 ], [ 83.971153618767858, 28.779097069054838, 4638.800000000000182 ], [ 83.971152948215604, 28.779102098196745, 4639.0 ], [ 83.971137525513768, 28.779125232249498, 4639.199999999999818 ], [ 83.971122857183218, 28.779140403494239, 4639.800000000000182 ], [ 83.971124114468694, 28.779145767912269, 4640.0 ], [ 83.971122689545155, 28.779166974127293, 4640.399999999999636 ], [ 83.971119001507759, 28.779176361858845, 4640.600000000000364 ], [ 83.971117157489061, 28.779189353808761, 4641.0 ], [ 83.971113637089729, 28.779193125665188, 4641.0 ], [ 83.97109217941761, 28.779218355193738, 4641.800000000000182 ], [ 83.971084719523787, 28.779218439012769, 4642.0 ], [ 83.971087317913771, 28.779216594994068, 4642.199999999999818 ], [ 83.971059238538146, 28.779201088473201, 4642.600000000000364 ], [ 83.9710408821702, 28.7791942153126, 4643.199999999999818 ], [ 83.971033087000251, 28.77918885089457, 4643.199999999999818 ], [ 83.971005929633975, 28.779175272211432, 4643.800000000000182 ], [ 83.970976592972875, 28.779164962470531, 4644.199999999999818 ], [ 83.970965361222625, 28.779161693528295, 4644.399999999999636 ], [ 83.970928145572543, 28.779148114845157, 4645.0 ], [ 83.970927558839321, 28.77914777956903, 4645.199999999999818 ], [ 83.970937617123127, 28.779149623587728, 4645.600000000000364 ], [ 83.970928816124797, 28.779169237241149, 4646.199999999999818 ], [ 83.970929654315114, 28.779184157028791, 4646.800000000000182 ], [ 83.970925211906433, 28.779199747368693, 4647.0 ], [ 83.970925966277719, 28.779218019917607, 4647.399999999999636 ], [ 83.970925128087401, 28.779233023524284, 4647.600000000000364 ], [ 83.970917416736484, 28.779273005202413, 4648.199999999999818 ], [ 83.970915321260691, 28.77928507514298, 4648.399999999999636 ], [ 83.970903921872377, 28.779301671311259, 4648.800000000000182 ], [ 83.970874166116118, 28.779324553906921, 4649.199999999999818 ], [ 83.970879698172212, 28.779309131205078, 4649.600000000000364 ], [ 83.970880201086402, 28.779297228902578, 4650.0 ], [ 83.970877267420292, 28.779276609420776, 4650.600000000000364 ], [ 83.970870226621628, 28.779271999374032, 4650.600000000000364 ], [ 83.970841225236654, 28.779264120385051, 4650.600000000000364 ], [ 83.970820438116789, 28.779264288023111, 4651.199999999999818 ], [ 83.970826053991914, 28.77928851172328, 4651.399999999999636 ], [ 83.970829155296087, 28.779294043779373, 4651.600000000000364 ], [ 83.970825048163533, 28.779299575835463, 4652.0 ], [ 83.970791939646006, 28.779300581663847, 4652.399999999999636 ], [ 83.970764949917793, 28.779285997152328, 4652.800000000000182 ], [ 83.97076721303165, 28.779283063486218, 4653.0 ], [ 83.970729410648346, 28.779264036566019, 4653.600000000000364 ], [ 83.970720274373889, 28.779263198375705, 4653.800000000000182 ], [ 83.970696050673723, 28.779250960797071, 4654.600000000000364 ], [ 83.970675682649016, 28.779247356578708, 4654.800000000000182 ], [ 83.970672413706779, 28.779244674369693, 4655.0 ], [ 83.970654392614961, 28.779221959412094, 4655.399999999999636 ], [ 83.970631426200271, 28.779218271374702, 4656.0 ], [ 83.970630671828985, 28.779221875593063, 4656.0 ], [ 83.970639808103442, 28.779230676591396, 4656.600000000000364 ], [ 83.970646262168884, 28.779271245002747, 4657.0 ], [ 83.970647854730487, 28.779300330206752, 4657.199999999999818 ], [ 83.970638969913125, 28.779309634119272, 4657.800000000000182 ], [ 83.970638466998935, 28.779312819242477, 4658.0 ], [ 83.970638886094093, 28.779335785657167, 4658.0 ], [ 83.97061868570745, 28.779379120096564, 4658.800000000000182 ], [ 83.970617093145847, 28.779387753456831, 4659.0 ], [ 83.970618769526482, 28.779390351846818, 4659.399999999999636 ], [ 83.970619607716799, 28.779410636052489, 4659.800000000000182 ], [ 83.970634192228317, 28.779436368495222, 4660.0 ], [ 83.970651291310787, 28.779467549175024, 4660.199999999999818 ], [ 83.970644837245345, 28.779499065130949, 4661.199999999999818 ], [ 83.970611896365881, 28.779507698491216, 4662.199999999999818 ], [ 83.970594126731157, 28.779496047645807, 4663.0 ], [ 83.970575015991926, 28.779491437599063, 4663.399999999999636 ], [ 83.970554480329156, 28.779485570266843, 4663.600000000000364 ], [ 83.970540314912796, 28.779482720419765, 4664.399999999999636 ], [ 83.970530424267054, 28.779484229162335, 4664.800000000000182 ], [ 83.970544254407287, 28.779497807845473, 4664.800000000000182 ], [ 83.970542745664716, 28.779522534459829, 4665.399999999999636 ], [ 83.970545260235667, 28.779525635764003, 4665.800000000000182 ], [ 83.970538722351193, 28.779550697654489, 4666.199999999999818 ], [ 83.970528999343514, 28.779571987688541, 4666.399999999999636 ], [ 83.970517348498106, 28.779574418440461, 4667.0 ], [ 83.970490023493767, 28.779564192518592, 4667.600000000000364 ], [ 83.970470326021314, 28.779558325186372, 4667.800000000000182 ], [ 83.970444342121482, 28.779547763988376, 4668.399999999999636 ], [ 83.970430009067059, 28.779543740674853, 4668.600000000000364 ], [ 83.970401845872402, 28.779533263295889, 4668.800000000000182 ], [ 83.970387596637011, 28.77951281145215, 4669.199999999999818 ], [ 83.970374772325158, 28.779507949948311, 4669.800000000000182 ], [ 83.970374101772904, 28.779507866129279, 4669.800000000000182 ], [ 83.970390530303121, 28.779525803402063, 4670.399999999999636 ], [ 83.970387848094106, 28.77955237403512, 4670.800000000000182 ], [ 83.97038659080863, 28.779553882777691, 4670.800000000000182 ], [ 83.970381058752537, 28.779575591906905, 4671.600000000000364 ], [ 83.970379550009966, 28.77958120778203, 4671.800000000000182 ], [ 83.97037586197257, 28.779594954103231, 4672.399999999999636 ], [ 83.970360103994608, 28.779620518907905, 4672.800000000000182 ], [ 83.970353230834007, 28.779622027650476, 4672.800000000000182 ], [ 83.970348201692104, 28.779624961316586, 4673.600000000000364 ], [ 83.970357673242688, 28.779654046520591, 4673.800000000000182 ], [ 83.970354571938515, 28.779661506414413, 4674.0 ], [ 83.970353147014976, 28.779667876660824, 4674.199999999999818 ], [ 83.970347279682755, 28.779687155038118, 4674.600000000000364 ], [ 83.970341915264726, 28.779704924672838, 4675.0 ], [ 83.970337640494108, 28.779723616316915, 4675.399999999999636 ], [ 83.970332192257047, 28.779744487255812, 4676.199999999999818 ], [ 83.970337053760886, 28.779763011261821, 4676.600000000000364 ], [ 83.97033479064703, 28.779794862493873, 4677.199999999999818 ], [ 83.970340406522155, 28.779820594936609, 4677.600000000000364 ], [ 83.970353147014976, 28.77985336817801, 4678.199999999999818 ], [ 83.970351135358214, 28.779857978224751, 4678.199999999999818 ], [ 83.97032892331481, 28.779855882748961, 4678.800000000000182 ], [ 83.97030939348042, 28.779848339036107, 4679.199999999999818 ], [ 83.970293970778584, 28.77984113059938, 4679.800000000000182 ], [ 83.970270585268736, 28.77983576618135, 4680.199999999999818 ], [ 83.970252564176917, 28.779822690412399, 4680.600000000000364 ], [ 83.970215180888772, 28.779795952141285, 4681.199999999999818 ], [ 83.970211492851377, 28.77979913726449, 4681.800000000000182 ], [ 83.970212750136852, 28.779810452833772, 4682.199999999999818 ], [ 83.970217695459723, 28.779818583279848, 4682.399999999999636 ], [ 83.970218114554882, 28.779847836121917, 4683.0 ], [ 83.970211911946535, 28.779857726767659, 4683.199999999999818 ], [ 83.970206463709474, 28.779879687353969, 4683.600000000000364 ], [ 83.970219204202294, 28.779892176389698, 4684.199999999999818 ], [ 83.970218449831009, 28.779891589656472, 4684.399999999999636 ], [ 83.970237141475081, 28.779923943802711, 4684.800000000000182 ], [ 83.970214761793613, 28.7799471616745, 4685.399999999999636 ], [ 83.970207385718822, 28.779945988208055, 4685.600000000000364 ], [ 83.970195734873414, 28.779933834448457, 4685.800000000000182 ], [ 83.970176456496119, 28.779942216351628, 4685.800000000000182 ], [ 83.970159105956554, 28.779938695952296, 4686.199999999999818 ], [ 83.970140079036355, 28.779931152239438, 4686.399999999999636 ], [ 83.97013689391315, 28.779930984601378, 4686.399999999999636 ], [ 83.970121219754219, 28.779917489737272, 4687.0 ], [ 83.970123147591949, 28.779914891347289, 4687.199999999999818 ], [ 83.97012515924871, 28.779916735365987, 4687.399999999999636 ], [ 83.970112083479762, 28.779908521100879, 4687.399999999999636 ], [ 83.970103785395622, 28.7799022346735, 4687.600000000000364 ], [ 83.970073023810983, 28.77989586442709, 4688.0 ], [ 83.970072604715824, 28.779894355684519, 4688.600000000000364 ], [ 83.970084590837359, 28.779893098399043, 4688.800000000000182 ], [ 83.970079477876425, 28.779904833063483, 4688.800000000000182 ], [ 83.970081992447376, 28.779912712052464, 4689.0 ], [ 83.970100600272417, 28.779938528314233, 4689.199999999999818 ], [ 83.970114011317492, 28.779953867197037, 4689.600000000000364 ], [ 83.970113592222333, 28.779955543577671, 4689.600000000000364 ], [ 83.970099678263068, 28.779971888288856, 4690.199999999999818 ], [ 83.970088362693787, 28.779979264363647, 4690.600000000000364 ], [ 83.970077885314822, 28.779989322647452, 4691.199999999999818 ], [ 83.970070341601968, 28.779992340132591, 4691.600000000000364 ], [ 83.970065815374255, 28.779991501942277, 4691.600000000000364 ], [ 83.970035556703806, 28.779993178322911, 4692.199999999999818 ], [ 83.970018792897463, 28.779985634610057, 4692.800000000000182 ], [ 83.970014769583941, 28.779985634610057, 4693.0 ], [ 83.969983924180269, 28.779991501942277, 4693.800000000000182 ], [ 83.969976464286447, 28.779991418123245, 4693.800000000000182 ], [ 83.969938578084111, 28.779980354011059, 4694.600000000000364 ], [ 83.96991653367877, 28.779972223564982, 4695.0 ], [ 83.969923155382276, 28.779969708994031, 4695.399999999999636 ], [ 83.969910917803645, 28.779960237443447, 4695.399999999999636 ], [ 83.969887532293797, 28.779945988208055, 4695.800000000000182 ], [ 83.969882000237703, 28.77994179725647, 4696.0 ], [ 83.969868505373597, 28.779953196644783, 4696.199999999999818 ], [ 83.969870768487453, 28.779961913824081, 4696.399999999999636 ], [ 83.969887029379606, 28.779984209686521, 4696.800000000000182 ], [ 83.96989549510181, 28.77999653108418, 4697.0 ], [ 83.96990773268044, 28.780004745349288, 4697.399999999999636 ], [ 83.969938410446048, 28.780033914372325, 4697.800000000000182 ], [ 83.96994486451149, 28.78003902733326, 4698.0 ], [ 83.969945702701807, 28.780055455863476, 4698.399999999999636 ], [ 83.969936314970255, 28.780074566602707, 4699.0 ], [ 83.9699184615165, 28.780072135850787, 4699.600000000000364 ], [ 83.969886694103479, 28.780072135850787, 4700.199999999999818 ], [ 83.969876384362578, 28.780074818059799, 4700.199999999999818 ], [ 83.969840928912163, 28.780078757554293, 4700.800000000000182 ], [ 83.969821818172932, 28.780078925192356, 4701.199999999999818 ], [ 83.969792062416673, 28.780072135850787, 4701.600000000000364 ], [ 83.96974646486342, 28.780061407014728, 4702.199999999999818 ], [ 83.969702459871769, 28.780053863301873, 4702.800000000000182 ], [ 83.969676559790969, 28.7800248619169, 4703.399999999999636 ], [ 83.969668177887797, 28.780008014291525, 4703.800000000000182 ], [ 83.969695335254073, 28.780010109767321, 4704.399999999999636 ], [ 83.969695251435041, 28.780011618509889, 4704.399999999999636 ], [ 83.969695335254073, 28.780022095888853, 4705.199999999999818 ], [ 83.969691144302487, 28.780023101717234, 4705.399999999999636 ], [ 83.969685025513172, 28.780022263526917, 4705.399999999999636 ], [ 83.969682594761252, 28.780020168051124, 4705.399999999999636 ], [ 83.969670441001654, 28.780021592974663, 4705.600000000000364 ], [ 83.96964093670249, 28.78001706674695, 4706.399999999999636 ], [ 83.969641607254744, 28.780011534690857, 4706.399999999999636 ], [ 83.969652084633708, 28.780004074797031, 4706.800000000000182 ], [ 83.969614030793309, 28.780005751177669, 4707.0 ], [ 83.969581592828035, 28.780006757006049, 4707.600000000000364 ], [ 83.969545215368271, 28.780000554397706, 4708.0 ], [ 83.969527361914515, 28.779998207464818, 4708.600000000000364 ], [ 83.969531804323196, 28.77999166958034, 4708.800000000000182 ], [ 83.969505149871111, 28.779973732307553, 4709.399999999999636 ], [ 83.969509843736887, 28.779968619346619, 4709.600000000000364 ], [ 83.969498360529542, 28.779962584376335, 4709.800000000000182 ], [ 83.969481009989977, 28.779966607689857, 4709.800000000000182 ], [ 83.969485703855753, 28.779990831390023, 4710.600000000000364 ], [ 83.969462821260095, 28.780000302940607, 4710.800000000000182 ], [ 83.969447230920196, 28.779991501942277, 4711.399999999999636 ], [ 83.969436669722199, 28.779989238828421, 4711.399999999999636 ], [ 83.969430131837726, 28.779988149181008, 4711.600000000000364 ], [ 83.969406662508845, 28.779972223564982, 4711.800000000000182 ], [ 83.969385540112853, 28.779965350404382, 4712.0 ], [ 83.96937414072454, 28.779946323484182, 4712.600000000000364 ], [ 83.969365758821368, 28.779943389818072, 4712.800000000000182 ], [ 83.969341367483139, 28.779936516657472, 4713.399999999999636 ], [ 83.969336673617363, 28.779933666810393, 4713.800000000000182 ], [ 83.969328878447413, 28.779931906610727, 4714.0 ], [ 83.969301804900169, 28.779918244108561, 4714.800000000000182 ], [ 83.969302726909518, 28.779918747022748, 4715.0 ], [ 83.969303146004677, 28.77994053997099, 4715.800000000000182 ], [ 83.969306750223041, 28.779946994036436, 4716.0 ], [ 83.969318820163608, 28.779965182766318, 4716.199999999999818 ], [ 83.969324352219701, 28.779968535527587, 4716.399999999999636 ], [ 83.969323011115193, 28.779971553012729, 4717.0 ], [ 83.969324268400669, 28.779973983764648, 4717.199999999999818 ], [ 83.969347737729549, 28.779988149181008, 4717.199999999999818 ], [ 83.969369111582637, 28.779997117817398, 4717.800000000000182 ], [ 83.969376068562269, 28.780000470578671, 4718.199999999999818 ], [ 83.969363830983639, 28.780031651258469, 4718.600000000000364 ], [ 83.969308258965611, 28.780043050646785, 4719.199999999999818 ], [ 83.969294261187315, 28.780050594359636, 4719.600000000000364 ], [ 83.969289734959602, 28.780053108930588, 4720.0 ], [ 83.969290321692824, 28.780054366216063, 4720.0 ], [ 83.969290824607015, 28.780052689835429, 4720.199999999999818 ], [ 83.969260146841407, 28.780045229941607, 4721.0 ], [ 83.969242544844747, 28.780039697885513, 4721.399999999999636 ], [ 83.969229385256767, 28.780039194971323, 4721.800000000000182 ], [ 83.969237850978971, 28.780020922422409, 4722.399999999999636 ], [ 83.969235755503178, 28.780020838603377, 4722.600000000000364 ], [ 83.969252938404679, 28.78001002594829, 4722.800000000000182 ], [ 83.969208179041743, 28.780019581317902, 4723.0 ], [ 83.969189655035734, 28.780012205243111, 4723.600000000000364 ], [ 83.969186386093497, 28.780012708157301, 4723.600000000000364 ], [ 83.969171801581979, 28.78002586774528, 4724.0 ], [ 83.96915034390986, 28.780034082010388, 4724.199999999999818 ], [ 83.969145650044084, 28.780038105323911, 4724.399999999999636 ], [ 83.96914204582572, 28.78003902733326, 4724.600000000000364 ], [ 83.969119498506188, 28.780023604631424, 4725.199999999999818 ], [ 83.969105165451765, 28.780015893280503, 4725.600000000000364 ], [ 83.969096867367625, 28.780012540519241, 4725.800000000000182 ], [ 83.969069710001349, 28.78000482916832, 4726.199999999999818 ], [ 83.969065938144922, 28.779985466971993, 4726.600000000000364 ], [ 83.969081528484821, 28.779983622953296, 4726.800000000000182 ], [ 83.969067446887493, 28.779981611296535, 4727.0 ], [ 83.969038194045424, 28.779985215514898, 4727.199999999999818 ], [ 83.969000978395343, 28.779983120039105, 4727.800000000000182 ], [ 83.968992764130235, 28.779983622953296, 4727.800000000000182 ], [ 83.968940293416381, 28.77998060546815, 4728.800000000000182 ], [ 83.968936186283827, 28.779970463365316, 4729.199999999999818 ], [ 83.968956470489502, 28.779978761449456, 4729.800000000000182 ], [ 83.968958733603358, 28.779978845268488, 4730.0 ], [ 83.968980610370636, 28.779992591589689, 4730.800000000000182 ], [ 83.968986393883824, 28.779999800026417, 4731.0 ], [ 83.969000559300184, 28.780009858310223, 4731.399999999999636 ], [ 83.968995530158281, 28.780028047040105, 4731.600000000000364 ], [ 83.968987818807364, 28.780036261305213, 4731.800000000000182 ], [ 83.968955464661121, 28.780031148344278, 4732.800000000000182 ], [ 83.968945909291506, 28.780026705935597, 4733.0 ], [ 83.968925373628736, 28.780022766441107, 4733.399999999999636 ], [ 83.968922356143594, 28.780022682622075, 4733.600000000000364 ], [ 83.968912800773978, 28.780020084232092, 4734.0 ], [ 83.968896875157952, 28.780017821118236, 4734.800000000000182 ], [ 83.968881871551275, 28.780026705935597, 4735.199999999999818 ], [ 83.968855049461126, 28.7800282984972, 4735.600000000000364 ], [ 83.96884155459702, 28.780020335689187, 4736.199999999999818 ], [ 83.968828562647104, 28.780014971271157, 4736.399999999999636 ], [ 83.968826550990343, 28.780016731470823, 4736.800000000000182 ], [ 83.96882395260036, 28.780021090060472, 4737.0 ], [ 83.968811715021729, 28.780019162222743, 4737.199999999999818 ], [ 83.968790089711547, 28.780017318204045, 4737.399999999999636 ], [ 83.96876628510654, 28.780024359002709, 4738.199999999999818 ], [ 83.968725632876158, 28.780015474185348, 4739.199999999999818 ], [ 83.968719178810716, 28.780013462528583, 4739.399999999999636 ], [ 83.968700738623738, 28.78001170232892, 4740.0 ], [ 83.968667462468147, 28.78001002594829, 4740.399999999999636 ], [ 83.968654470518231, 28.780006337910891, 4740.600000000000364 ], [ 83.968656565994024, 28.779987478628755, 4741.600000000000364 ], [ 83.968657571822405, 28.77998286858201, 4741.800000000000182 ], [ 83.968612477183342, 28.779987981542945, 4742.600000000000364 ], [ 83.968589929863811, 28.779976330697536, 4743.600000000000364 ], [ 83.968595964834094, 28.779975073412061, 4743.600000000000364 ], [ 83.968631001189351, 28.779991250485185, 4744.0 ], [ 83.96866075694561, 28.780012372881178, 4744.600000000000364 ], [ 83.968673497438431, 28.780020251870155, 4744.600000000000364 ], [ 83.968683890998363, 28.780053863301873, 4745.199999999999818 ], [ 83.96867441944778, 28.78005906008184, 4745.600000000000364 ], [ 83.968608705326915, 28.780059143900871, 4746.600000000000364 ], [ 83.968613483011723, 28.780061155557632, 4746.600000000000364 ], [ 83.968581715598702, 28.780061071738601, 4746.800000000000182 ], [ 83.968560760840774, 28.78004833124578, 4747.800000000000182 ], [ 83.968553552404046, 28.780039278790355, 4748.600000000000364 ], [ 83.968553049489856, 28.780039865523577, 4748.800000000000182 ], [ 83.968538381159306, 28.780038440600041, 4749.600000000000364 ], [ 83.968528909608722, 28.780036848038435, 4749.600000000000364 ], [ 83.968518180772662, 28.780046990141273, 4750.0 ], [ 83.968515666201711, 28.78004539757967, 4750.399999999999636 ], [ 83.968493454158306, 28.780044727027416, 4750.399999999999636 ], [ 83.968467805534601, 28.780049001798034, 4751.0 ], [ 83.968455903232098, 28.780044224113222, 4751.0 ], [ 83.968450454995036, 28.780035171657801, 4751.600000000000364 ], [ 83.968449784442782, 28.780034249648452, 4752.0 ], [ 83.968435954302549, 28.780044978484511, 4752.600000000000364 ], [ 83.968427572399378, 28.780048247426748, 4753.0 ], [ 83.96841986104846, 28.780047409236431, 4753.600000000000364 ], [ 83.968409718945622, 28.780044810846448, 4753.800000000000182 ], [ 83.96844232454896, 28.780056294053793, 4753.800000000000182 ], [ 83.968432769179344, 28.780049253255129, 4754.0 ], [ 83.968392871320248, 28.780049085617065, 4754.199999999999818 ], [ 83.968332270160317, 28.78003609366715, 4754.199999999999818 ], [ 83.968333611264825, 28.78004782833159, 4754.600000000000364 ], [ 83.968357499688864, 28.780045481398702, 4755.0 ], [ 83.968370910733938, 28.780040452256799, 4755.199999999999818 ], [ 83.968382813036442, 28.780038189142942, 4755.600000000000364 ], [ 83.968398235738277, 28.78003659658134, 4756.199999999999818 ], [ 83.968417597934604, 28.780049839988351, 4756.199999999999818 ], [ 83.968441151082516, 28.780076075345281, 4757.0 ], [ 83.968453975394368, 28.780082864686847, 4757.399999999999636 ], [ 83.968465710058808, 28.780090324580669, 4757.600000000000364 ], [ 83.968481468036771, 28.780112201347947, 4758.0 ], [ 83.968455232679844, 28.780128881335258, 4758.399999999999636 ], [ 83.968448778614402, 28.780130306258801, 4758.399999999999636 ], [ 83.96839689463377, 28.78013776615262, 4759.600000000000364 ], [ 83.96836026571691, 28.780141118913889, 4760.399999999999636 ], [ 83.968365043401718, 28.78012552857399, 4760.600000000000364 ], [ 83.968363786116242, 28.780117062851787, 4760.800000000000182 ], [ 83.968310980126262, 28.780100047588348, 4761.0 ], [ 83.968282397836447, 28.780100718140599, 4761.600000000000364 ], [ 83.968246523290873, 28.780097533017397, 4762.199999999999818 ], [ 83.968215007334948, 28.780079344287515, 4762.399999999999636 ], [ 83.968172259628773, 28.78007372841239, 4762.600000000000364 ], [ 83.968168320134282, 28.78006199374795, 4763.399999999999636 ], [ 83.968167901039124, 28.780062077566981, 4763.399999999999636 ], [ 83.968170750886202, 28.780062664300203, 4763.399999999999636 ], [ 83.968181647360325, 28.780065681785345, 4763.800000000000182 ], [ 83.968191789463162, 28.780070208013058, 4764.199999999999818 ], [ 83.96819413639605, 28.780072052031755, 4764.199999999999818 ], [ 83.968234285712242, 28.78008889965713, 4764.800000000000182 ], [ 83.968253144994378, 28.780102310702205, 4765.600000000000364 ], [ 83.968263203278184, 28.780107507482171, 4765.800000000000182 ], [ 83.968264712020755, 28.780122511088848, 4766.199999999999818 ], [ 83.968231938779354, 28.780155871063471, 4766.800000000000182 ], [ 83.968227664008737, 28.7801577989012, 4767.0 ], [ 83.968179719522595, 28.780158217996359, 4767.600000000000364 ], [ 83.968168823048472, 28.780155535787344, 4768.0 ], [ 83.968140156939626, 28.780145645141602, 4768.600000000000364 ], [ 83.968117944896221, 28.780133407562971, 4769.0 ], [ 83.968113837763667, 28.780136844143271, 4769.199999999999818 ], [ 83.968096654862165, 28.780149249359965, 4770.0 ], [ 83.968085255473852, 28.780156709253788, 4770.199999999999818 ], [ 83.968084836378694, 28.780156876891851, 4770.399999999999636 ], [ 83.968070335686207, 28.780158385634422, 4770.399999999999636 ], [ 83.968074945732951, 28.780159894376993, 4771.399999999999636 ], [ 83.968075448647141, 28.780160648748279, 4771.399999999999636 ], [ 83.968060193583369, 28.780171126127243, 4771.600000000000364 ], [ 83.968016691505909, 28.780170790851116, 4772.399999999999636 ], [ 83.968010656535625, 28.780170036479831, 4772.399999999999636 ], [ 83.967996574938297, 28.780174059793353, 4773.199999999999818 ], [ 83.968002274632454, 28.780182609334588, 4773.399999999999636 ], [ 83.968007806688547, 28.780181519687176, 4773.600000000000364 ], [ 83.968033203855157, 28.780195349827409, 4774.399999999999636 ], [ 83.968048039823771, 28.780204234644771, 4774.600000000000364 ], [ 83.968067234382033, 28.780208425596356, 4775.0 ], [ 83.968071760609746, 28.780208006501201, 4775.600000000000364 ], [ 83.968085926026106, 28.780205827206373, 4775.800000000000182 ], [ 83.968111993744969, 28.780208006501201, 4776.399999999999636 ], [ 83.968119202181697, 28.78020809032023, 4776.600000000000364 ], [ 83.968130266293883, 28.780228039249774, 4777.0 ], [ 83.968116017058492, 28.780252011492848, 4777.800000000000182 ], [ 83.968105623498559, 28.780266679823399, 4778.199999999999818 ], [ 83.968096068128943, 28.78028679639101, 4778.800000000000182 ], [ 83.968072598800063, 28.780309678986669, 4779.199999999999818 ], [ 83.968045776709914, 28.780309176072478, 4779.800000000000182 ], [ 83.968042507767677, 28.780307583510876, 4780.199999999999818 ], [ 83.968024989590049, 28.780308589339256, 4780.199999999999818 ], [ 83.968013674020767, 28.780324766412377, 4780.600000000000364 ], [ 83.968010153621435, 28.780327280983329, 4781.0 ], [ 83.967980397865176, 28.780349912121892, 4782.0 ], [ 83.967977296561003, 28.780351588502526, 4782.0 ], [ 83.967951899394393, 28.780364077538252, 4782.800000000000182 ], [ 83.967939997091889, 28.780364580452439, 4783.199999999999818 ], [ 83.967931112274528, 28.780370363965631, 4783.600000000000364 ], [ 83.967887191101909, 28.780374890193343, 4784.0 ], [ 83.967864895239472, 28.780383691191673, 4785.199999999999818 ], [ 83.967864727601409, 28.780382014811039, 4785.399999999999636 ], [ 83.967863386496902, 28.780390312895179, 4785.800000000000182 ], [ 83.967855842784047, 28.78039525821805, 4786.600000000000364 ], [ 83.967851735651493, 28.780397940427065, 4787.0 ], [ 83.967840922996402, 28.78040405921638, 4787.600000000000364 ], [ 83.967832792550325, 28.780411519110203, 4787.800000000000182 ], [ 83.967813681811094, 28.780414704233408, 4787.800000000000182 ], [ 83.967812759801745, 28.780412022024393, 4787.800000000000182 ], [ 83.96780907176435, 28.780407244339585, 4787.800000000000182 ], [ 83.967809239402413, 28.780407411977649, 4788.0 ], [ 83.967793397605419, 28.780414117500182, 4788.600000000000364 ], [ 83.967765402048826, 28.780418559908867, 4789.0 ], [ 83.967728521674871, 28.780417051166296, 4789.600000000000364 ], [ 83.967729946598411, 28.780422918498516, 4790.399999999999636 ], [ 83.967733047902584, 28.780420571565628, 4790.600000000000364 ], [ 83.967733047902584, 28.780420571565628, 4790.600000000000364 ], [ 83.967733047902584, 28.780420571565628, 4790.600000000000364 ], [ 83.967733047902584, 28.780420571565628, 4790.600000000000364 ], [ 83.967733047902584, 28.780420571565628, 4790.800000000000182 ], [ 83.967720391228795, 28.78043046221137, 4790.800000000000182 ], [ 83.967705052345991, 28.780435239896178, 4791.600000000000364 ], [ 83.967695916071534, 28.780437251552939, 4791.800000000000182 ], [ 83.967703711241484, 28.780446304008365, 4792.0 ], [ 83.96770941093564, 28.780458373948932, 4792.0 ], [ 83.967728521674871, 28.780468096956611, 4792.399999999999636 ], [ 83.967736316844821, 28.780472036451101, 4792.800000000000182 ], [ 83.967739082872868, 28.780488045886159, 4793.199999999999818 ], [ 83.967750817537308, 28.780513945966959, 4793.800000000000182 ], [ 83.967751991003752, 28.780517382547259, 4794.0 ], [ 83.967736652120948, 28.780552754178643, 4794.800000000000182 ], [ 83.967723827809095, 28.780556609854106, 4794.800000000000182 ], [ 83.967704968526959, 28.780561303719882, 4795.199999999999818 ], [ 83.967673452571034, 28.780584018677473, 4795.800000000000182 ], [ 83.96765761077404, 28.780590472742915, 4796.0 ], [ 83.967650150880218, 28.780591897666454, 4796.199999999999818 ], [ 83.96766934543848, 28.78059851936996, 4797.0 ], [ 83.967683762311935, 28.780603129416704, 4797.399999999999636 ], [ 83.96771427243948, 28.780620899051428, 4797.600000000000364 ], [ 83.967716787010431, 28.780611427500844, 4798.199999999999818 ], [ 83.967716535553336, 28.780611008405685, 4798.399999999999636 ], [ 83.967722654342651, 28.780606398358941, 4798.600000000000364 ], [ 83.967703208327293, 28.78060975112021, 4800.800000000000182 ], [ 83.967702621594071, 28.780619893223047, 4801.0 ], [ 83.967705555260181, 28.780635567381974, 4801.0 ], [ 83.967727599665523, 28.780647972598672, 4801.0 ], [ 83.967732042074203, 28.78066104836762, 4801.199999999999818 ], [ 83.96772651001811, 28.780692312866449, 4801.800000000000182 ], [ 83.967733215540648, 28.78069625236094, 4801.800000000000182 ], [ 83.967719050124288, 28.780715530738235, 4802.800000000000182 ], [ 83.967717289924622, 28.780730031430721, 4803.0 ], [ 83.967678230255842, 28.780747465789322, 4803.600000000000364 ], [ 83.967673033475876, 28.780755596235391, 4803.800000000000182 ], [ 83.967612348496914, 28.780754925683141, 4804.600000000000364 ], [ 83.967557866126299, 28.78075341694057, 4804.800000000000182 ], [ 83.967552753165364, 28.780764481052756, 4804.800000000000182 ], [ 83.967543533071876, 28.780767833814025, 4804.800000000000182 ], [ 83.967528529465199, 28.780787531286482, 4805.199999999999818 ], [ 83.967522326856852, 28.780794739723209, 4805.600000000000364 ], [ 83.967531295493245, 28.780818125233058, 4806.0 ], [ 83.967534061521292, 28.78081887960434, 4806.0 ], [ 83.967588879168034, 28.780823238193989, 4806.600000000000364 ], [ 83.967603966593742, 28.780834386125207, 4807.0 ], [ 83.967622993513942, 28.780849138274789, 4808.199999999999818 ], [ 83.967618215829134, 28.780851233750582, 4808.199999999999818 ], [ 83.967596674337983, 28.78086045384407, 4808.399999999999636 ], [ 83.967600278556347, 28.780863136053085, 4809.199999999999818 ], [ 83.96760824136436, 28.780860034748912, 4809.199999999999818 ], [ 83.967609750106931, 28.780861543491483, 4809.199999999999818 ], [ 83.967620730400085, 28.780860537663106, 4809.399999999999636 ], [ 83.967620898038149, 28.780864644795656, 4810.0 ], [ 83.96762290969491, 28.780869254842401, 4810.399999999999636 ], [ 83.967631459236145, 28.780886521562937, 4810.399999999999636 ], [ 83.967639422044158, 28.780903955921531, 4810.600000000000364 ], [ 83.967625927180052, 28.780914768576626, 4810.800000000000182 ], [ 83.967627268284559, 28.780925497412682, 4811.399999999999636 ], [ 83.967643110081553, 28.780927928164601, 4811.800000000000182 ], [ 83.967666076496243, 28.780945027247071, 4812.399999999999636 ], [ 83.967668171972036, 28.780947206541896, 4812.600000000000364 ], [ 83.967672111466527, 28.780950475484133, 4812.600000000000364 ], [ 83.967675799503922, 28.780957851558924, 4813.600000000000364 ], [ 83.967672782018781, 28.78096061758697, 4813.600000000000364 ], [ 83.967647552490234, 28.780963383615017, 4814.0 ], [ 83.967653503641486, 28.780964640900493, 4814.399999999999636 ], [ 83.967655012384057, 28.78096891567111, 4814.600000000000364 ], [ 83.967673284932971, 28.780981572344899, 4815.0 ], [ 83.967664148658514, 28.780995821580291, 4815.0 ], [ 83.967665238305926, 28.781008059158921, 4815.0 ], [ 83.967672949656844, 28.781042508780956, 4815.800000000000182 ], [ 83.967674039304256, 28.781058518216017, 4816.399999999999636 ], [ 83.96767420694232, 28.781077712774277, 4817.0 ], [ 83.967671357095242, 28.781090872362256, 4817.199999999999818 ], [ 83.96767127327621, 28.781102187931538, 4818.0 ], [ 83.96767077036202, 28.781112916767597, 4818.199999999999818 ], [ 83.967666998505592, 28.781140325590968, 4818.800000000000182 ], [ 83.967666914686561, 28.78114677965641, 4819.0 ], [ 83.967655096203089, 28.781153820455071, 4819.600000000000364 ], [ 83.967655347660184, 28.781161028891798, 4820.199999999999818 ], [ 83.967661382630467, 28.781167147681117, 4820.399999999999636 ], [ 83.967659454792738, 28.781165387481451, 4820.800000000000182 ], [ 83.967658532783389, 28.781162369996309, 4821.0 ], [ 83.967658532783389, 28.781163292005655, 4821.0 ], [ 83.967658532783389, 28.781163292005655, 4821.199999999999818 ], [ 83.967658532783389, 28.781163292005655, 4822.0 ], [ 83.967658532783389, 28.781163292005655, 4822.0 ], [ 83.967645624652505, 28.781162453815341, 4822.0 ], [ 83.967634476721287, 28.781157340854406, 4822.0 ], [ 83.967647971585393, 28.781152060255408, 4822.0 ], [ 83.967647971585393, 28.781152060255408, 4822.0 ], [ 83.967645457014441, 28.781168991699815, 4822.199999999999818 ], [ 83.967654844745994, 28.781210146844387, 4822.399999999999636 ], [ 83.967629112303257, 28.781272675842047, 4823.0 ], [ 83.967624083161354, 28.781288014724851, 4823.399999999999636 ], [ 83.967612432315946, 28.781319363042712, 4824.199999999999818 ], [ 83.967609917744994, 28.781321877613664, 4824.399999999999636 ], [ 83.967599272727966, 28.781340066343542, 4824.800000000000182 ], [ 83.967572702094913, 28.781357752159241, 4825.600000000000364 ], [ 83.967557614669204, 28.781367391347885, 4826.0 ], [ 83.967542191967368, 28.781393123790622, 4826.600000000000364 ], [ 83.967543533071876, 28.781393207609653, 4826.800000000000182 ], [ 83.967558201402426, 28.781412905082107, 4827.399999999999636 ], [ 83.967563146725297, 28.781432099640369, 4827.600000000000364 ], [ 83.967563062906265, 28.781433021649718, 4827.800000000000182 ], [ 83.967561889439821, 28.781435787677765, 4828.0 ], [ 83.967550154775381, 28.78146487288177, 4828.800000000000182 ], [ 83.967541689053178, 28.781479122117162, 4829.399999999999636 ], [ 83.967542443424463, 28.781493622809649, 4829.800000000000182 ], [ 83.967542946338654, 28.781503597274423, 4830.0 ], [ 83.967536743730307, 28.781520863994956, 4830.399999999999636 ], [ 83.967529702931643, 28.781539220362902, 4831.0 ], [ 83.967529116198421, 28.781553888693452, 4831.399999999999636 ], [ 83.967527439817786, 28.781566713005304, 4832.0 ], [ 83.967524003237486, 28.781577609479427, 4832.199999999999818 ], [ 83.967524925246835, 28.7815963011235, 4832.399999999999636 ], [ 83.967524254694581, 28.781637456268072, 4833.0 ], [ 83.967514196410775, 28.781662099063396, 4833.800000000000182 ], [ 83.967517632991076, 28.781669475138187, 4834.0 ], [ 83.967520063742995, 28.781683640554547, 4834.399999999999636 ], [ 83.967518638819456, 28.781714737415314, 4835.199999999999818 ], [ 83.96751151420176, 28.781744074076418, 4835.800000000000182 ], [ 83.967485781759024, 28.78176243044436, 4835.800000000000182 ], [ 83.967472370713949, 28.781777685508132, 4836.199999999999818 ], [ 83.967468850314617, 28.781782295554876, 4836.399999999999636 ], [ 83.967451499775052, 28.781808530911803, 4837.199999999999818 ], [ 83.967449823394418, 28.781812889501452, 4837.399999999999636 ], [ 83.967446889728308, 28.781820684671398, 4837.600000000000364 ], [ 83.967438256368041, 28.781847674399614, 4838.399999999999636 ], [ 83.967436412349343, 28.781849602237344, 4838.399999999999636 ], [ 83.967436496168375, 28.781868545338511, 4839.199999999999818 ], [ 83.967437418177724, 28.781875586137176, 4839.399999999999636 ], [ 83.967439094558358, 28.781892014667392, 4840.0 ], [ 83.96743917837739, 28.781909616664052, 4840.600000000000364 ], [ 83.967438926920295, 28.781913388520479, 4840.600000000000364 ], [ 83.967442447319627, 28.78194423392415, 4841.600000000000364 ], [ 83.967446638271213, 28.781973067671061, 4842.199999999999818 ], [ 83.9674421120435, 28.781999135389924, 4842.800000000000182 ], [ 83.967440519481897, 28.782007182016969, 4842.800000000000182 ], [ 83.967437166720629, 28.782033082097769, 4843.800000000000182 ], [ 83.967436915263534, 28.782044481486079, 4844.199999999999818 ], [ 83.967436328530312, 28.782062502577901, 4844.800000000000182 ], [ 83.967436831444502, 28.78206342458725, 4844.800000000000182 ], [ 83.967432891950011, 28.782051438465711, 4845.600000000000364 ], [ 83.967431215569377, 28.782051438465711, 4845.800000000000182 ], [ 83.967430964112282, 28.782051773741841, 4845.800000000000182 ], [ 83.967430964112282, 28.782051773741841, 4846.0 ], [ 83.967434484511614, 28.782064346596599, 4846.199999999999818 ], [ 83.967418391257524, 28.782095443457365, 4846.800000000000182 ], [ 83.96740498021245, 28.782117906957865, 4846.800000000000182 ], [ 83.967397268861532, 28.78214699216187, 4848.0 ], [ 83.967389892786741, 28.782177669927481, 4848.800000000000182 ], [ 83.967387964949012, 28.782185129821301, 4849.0 ], [ 83.967389892786741, 28.782221339643002, 4849.600000000000364 ], [ 83.96739668212831, 28.7822334934026, 4850.0 ], [ 83.967399531975389, 28.782240618020296, 4850.199999999999818 ], [ 83.967400956898928, 28.782267523929477, 4851.0 ], [ 83.967395089566708, 28.782287556678057, 4851.600000000000364 ], [ 83.967392407357693, 28.782305829226971, 4852.199999999999818 ], [ 83.967393832281232, 28.782311948016289, 4852.399999999999636 ], [ 83.967411601915956, 28.782341200858355, 4853.199999999999818 ], [ 83.967403052374721, 28.782363664358854, 4854.399999999999636 ], [ 83.967406572774053, 28.782376740127798, 4854.600000000000364 ], [ 83.967410512268543, 28.782381685450673, 4855.399999999999636 ], [ 83.967416295781732, 28.782405238598585, 4856.199999999999818 ], [ 83.967417133972049, 28.782414207234979, 4856.399999999999636 ], [ 83.967417720705271, 28.782413536682725, 4856.600000000000364 ], [ 83.967417720705271, 28.782413536682725, 4856.800000000000182 ], [ 83.967416379600763, 28.782407753169537, 4857.399999999999636 ], [ 83.967422917485237, 28.782442370429635, 4857.600000000000364 ], [ 83.967430125921965, 28.782480675727129, 4858.199999999999818 ], [ 83.967442447319627, 28.782499618828297, 4858.800000000000182 ], [ 83.96745041012764, 28.782510431483388, 4859.199999999999818 ], [ 83.967453176155686, 28.782535409554839, 4859.600000000000364 ], [ 83.967450577765703, 28.782538678497076, 4859.800000000000182 ], [ 83.967443872243166, 28.782550161704421, 4860.600000000000364 ], [ 83.967441273853183, 28.782568266615272, 4860.800000000000182 ], [ 83.967447895556688, 28.782588383182883, 4861.399999999999636 ], [ 83.967448817566037, 28.782607996836305, 4862.0 ], [ 83.967447560280561, 28.782609086483717, 4862.199999999999818 ], [ 83.967446386814117, 28.782626604661345, 4862.800000000000182 ], [ 83.967448230832815, 28.782630544155836, 4863.0 ], [ 83.967452757060528, 28.78265242092311, 4863.399999999999636 ], [ 83.967455020174384, 28.782672118395567, 4863.800000000000182 ], [ 83.967455523088574, 28.782682344317436, 4864.0 ], [ 83.967455439269543, 28.782688044011593, 4864.199999999999818 ], [ 83.967472035437822, 28.782728780061007, 4865.0 ], [ 83.967474550008774, 28.782756188884377, 4866.0 ], [ 83.967477567493916, 28.7827636487782, 4866.199999999999818 ], [ 83.967483518645167, 28.782770354300737, 4866.199999999999818 ], [ 83.967509502544999, 28.782807318493724, 4867.0 ], [ 83.96751344203949, 28.782815029844642, 4867.199999999999818 ], [ 83.967512520030141, 28.782831458374854, 4867.800000000000182 ], [ 83.967512268573046, 28.782872529700398, 4868.199999999999818 ], [ 83.967512352392077, 28.782876385375857, 4868.399999999999636 ], [ 83.967526769265532, 28.782913517206907, 4869.199999999999818 ], [ 83.967529535293579, 28.782913265749812, 4869.600000000000364 ], [ 83.967528278008103, 28.782914271578193, 4869.800000000000182 ], [ 83.967528361827135, 28.782914355397224, 4869.800000000000182 ], [ 83.967546802014112, 28.782946793362498, 4869.800000000000182 ], [ 83.967534145340323, 28.782935393974185, 4869.800000000000182 ], [ 83.967530122026801, 28.782937237992883, 4870.0 ], [ 83.967520399019122, 28.782942853868008, 4870.199999999999818 ], [ 83.967516543343663, 28.782940423116088, 4870.0 ], [ 83.967512184754014, 28.78295861184597, 4869.800000000000182 ], [ 83.967510759830475, 28.782977471128103, 4870.0 ], [ 83.967495504766703, 28.783056596294045, 4870.0 ], [ 83.967491732910275, 28.783078724518418, 4870.0 ], [ 83.967481004074216, 28.783104037865996, 4870.199999999999818 ], [ 83.967479662969708, 28.783118706196547, 4870.399999999999636 ], [ 83.967488380149007, 28.78316841088235, 4870.800000000000182 ], [ 83.967492068186402, 28.78324007615447, 4870.800000000000182 ], [ 83.967491816729307, 28.783275699242949, 4871.0 ], [ 83.967492738738656, 28.783304952085015, 4871.199999999999818 ], [ 83.967489134520292, 28.783316854387522, 4871.399999999999636 ], [ 83.967486452311277, 28.78333797678351, 4871.800000000000182 ], [ 83.967486787587404, 28.783376030623913, 4872.800000000000182 ], [ 83.967483015730977, 28.78338617272675, 4872.800000000000182 ], [ 83.967472622171044, 28.783415174111724, 4873.0 ], [ 83.96745921112597, 28.783434787765145, 4873.600000000000364 ], [ 83.967451751232147, 28.783451803028584, 4873.800000000000182 ], [ 83.967437753453851, 28.783480385318398, 4874.0 ], [ 83.967425767332315, 28.783492119982839, 4874.0 ], [ 83.967434400692582, 28.783483738079667, 4874.0 ], [ 83.967434400692582, 28.783483738079667, 4874.0 ], [ 83.967434233054519, 28.78348340280354, 4874.0 ], [ 83.96740741096437, 28.783490275964141, 4874.0 ], [ 83.967394167557359, 28.783484995365143, 4873.800000000000182 ], [ 83.96739081479609, 28.783485582098365, 4873.600000000000364 ], [ 83.967346893623471, 28.783516176044941, 4873.600000000000364 ], [ 83.967295680195093, 28.783573340624571, 4873.0 ], [ 83.967289058491588, 28.783581303432584, 4872.800000000000182 ], [ 83.967193923890591, 28.783652046695352, 4872.600000000000364 ], [ 83.967110775411129, 28.783683897927403, 4872.600000000000364 ], [ 83.966990327462554, 28.783669229596853, 4872.600000000000364 ], [ 83.966952692717314, 28.783659674227241, 4872.199999999999818 ], [ 83.966907095164061, 28.783657578751445, 4872.199999999999818 ], [ 83.966787150129676, 28.783669983968139, 4872.199999999999818 ], [ 83.966709114611149, 28.783698482438918, 4872.199999999999818 ], [ 83.966696793213487, 28.783702673390508, 4872.199999999999818 ], [ 83.966644238680601, 28.783732932060957, 4872.199999999999818 ], [ 83.966625966131687, 28.783745169639587, 4872.600000000000364 ], [ 83.966540554538369, 28.783783307299014, 4873.0 ], [ 83.966451287269592, 28.783806692808867, 4873.0 ], [ 83.966414155438542, 28.783841477707028, 4873.0 ], [ 83.966410467401147, 28.783848937600851, 4873.0 ], [ 83.966408707201481, 28.783874083310369, 4873.399999999999636 ], [ 83.966409042477608, 28.783880034461617, 4873.399999999999636 ], [ 83.966411557048559, 28.783905012533069, 4874.0 ], [ 83.96641013212502, 28.783908868208528, 4874.199999999999818 ], [ 83.966410215944052, 28.783919764682651, 4874.399999999999636 ], [ 83.96639253012836, 28.783938204869628, 4875.399999999999636 ], [ 83.966379705816507, 28.783939210698009, 4875.399999999999636 ], [ 83.966363444924355, 28.783937115222216, 4875.800000000000182 ], [ 83.966338718309999, 28.783927140757442, 4876.199999999999818 ], [ 83.966328157112002, 28.783925548195839, 4876.399999999999636 ], [ 83.966304939240217, 28.78392705693841, 4877.199999999999818 ], [ 83.966306112706661, 28.783929571509361, 4877.399999999999636 ], [ 83.966319188475609, 28.783937366679311, 4877.800000000000182 ], [ 83.966346262022853, 28.783961674198508, 4878.399999999999636 ], [ 83.96635053679347, 28.783965529873967, 4878.600000000000364 ], [ 83.966375347226858, 28.783994363620877, 4879.600000000000364 ], [ 83.96637543104589, 28.783994698897004, 4879.600000000000364 ], [ 83.966368474066257, 28.783988496288657, 4880.199999999999818 ], [ 83.966544577851892, 28.784074662253261, 4885.199999999999818 ], [ 83.96654449403286, 28.784072818234563, 4885.399999999999636 ], [ 83.966528484597802, 28.78406292758882, 4885.399999999999636 ], [ 83.966518845409155, 28.784353779628873, 4893.199999999999818 ], [ 83.96651666611433, 28.784367442131039, 4894.0 ], [ 83.966516079381108, 28.784376913681623, 4894.0 ], [ 83.966513145714998, 28.784394599497318, 4894.0 ], [ 83.966516749933362, 28.784401975572109, 4894.199999999999818 ], [ 83.966523455455899, 28.784404238685969, 4894.199999999999818 ], [ 83.966521611437201, 28.784399796277285, 4894.199999999999818 ], [ 83.966520354151726, 28.784403065219522, 4894.399999999999636 ], [ 83.966513900086284, 28.784437933936715, 4895.0 ], [ 83.966506691649556, 28.784450674429536, 4895.199999999999818 ], [ 83.966506607830524, 28.784451261162761, 4895.399999999999636 ], [ 83.966505266726017, 28.784453691914681, 4895.399999999999636 ], [ 83.966484060510993, 28.78448604606092, 4896.199999999999818 ], [ 83.966480204835534, 28.784489650279284, 4896.399999999999636 ], [ 83.966441061347723, 28.784520579501987, 4897.399999999999636 ], [ 83.966434439644217, 28.784525608643889, 4897.600000000000364 ], [ 83.966404097154737, 28.78454178571701, 4898.399999999999636 ], [ 83.966395296156406, 28.784545976668596, 4898.600000000000364 ], [ 83.966389931738377, 28.784538768231869, 4899.399999999999636 ], [ 83.966389009729028, 28.784540360793471, 4899.399999999999636 ], [ 83.966389009729028, 28.784540360793471, 4899.600000000000364 ], [ 83.966389009729028, 28.784540360793471, 4899.800000000000182 ], [ 83.966364450752735, 28.784544132649899, 4900.0 ], [ 83.966355733573437, 28.784551760181785, 4900.199999999999818 ], [ 83.966348860412836, 28.784557459875941, 4900.399999999999636 ], [ 83.966339724138379, 28.784561650827527, 4900.800000000000182 ], [ 83.966324217617512, 28.784573217853904, 4901.199999999999818 ], [ 83.966310219839215, 28.784579252824187, 4901.800000000000182 ], [ 83.966293958947062, 28.784581264480948, 4902.0 ], [ 83.966268477961421, 28.784589897841215, 4902.800000000000182 ], [ 83.96626696921885, 28.784590736031532, 4902.800000000000182 ], [ 83.966236542910337, 28.784608589485288, 4903.600000000000364 ], [ 83.966220952570438, 28.784618061035872, 4903.800000000000182 ], [ 83.966202093288302, 28.784628370776772, 4904.199999999999818 ], [ 83.966193040832877, 28.784634824842215, 4905.0 ], [ 83.966188095510006, 28.784635327756405, 4905.199999999999818 ], [ 83.966162530705333, 28.784635243937373, 4905.600000000000364 ], [ 83.966145096346736, 28.784641781821847, 4906.0 ], [ 83.966127661988139, 28.784655276685953, 4906.399999999999636 ], [ 83.966110395267606, 28.784660305827856, 4907.199999999999818 ], [ 83.966106539592147, 28.784661898389459, 4907.600000000000364 ], [ 83.966079717501998, 28.784665251150727, 4908.0 ], [ 83.966071670874953, 28.784667178988457, 4908.399999999999636 ], [ 83.966052308678627, 28.784677991643548, 4908.800000000000182 ], [ 83.966041579842567, 28.784682601690292, 4909.0 ], [ 83.966029258444905, 28.784685283899307, 4909.399999999999636 ], [ 83.966015679761767, 28.784685367718339, 4910.0 ], [ 83.96599480882287, 28.784686289727688, 4910.600000000000364 ], [ 83.965985672548413, 28.784685451537371, 4910.800000000000182 ], [ 83.965977290645242, 28.784675309434533, 4911.800000000000182 ], [ 83.965982906520367, 28.784668771550059, 4912.800000000000182 ], [ 83.965987684205174, 28.78466634079814, 4912.800000000000182 ], [ 83.965982906520367, 28.784668771550059, 4912.800000000000182 ], [ 83.965982906520367, 28.784668771550059, 4912.800000000000182 ], [ 83.965982906520367, 28.784668771550059, 4912.800000000000182 ], [ 83.965982906520367, 28.784668771550059, 4913.0 ], [ 83.965982906520367, 28.784668771550059, 4913.199999999999818 ], [ 83.965963963419199, 28.78471395000815, 4913.199999999999818 ], [ 83.965942673385143, 28.784752422943711, 4913.199999999999818 ], [ 83.965944265946746, 28.784776227548718, 4914.0 ], [ 83.965921886265278, 28.784800199791789, 4914.600000000000364 ], [ 83.965908223763108, 28.784788800403476, 4915.0 ], [ 83.965892549604177, 28.784751249477267, 4915.399999999999636 ], [ 83.965901099145412, 28.784734737128019, 4916.199999999999818 ], [ 83.965907553210855, 28.784737084060907, 4916.399999999999636 ], [ 83.965909397229552, 28.784737419337031, 4916.399999999999636 ], [ 83.965914510190487, 28.78473381511867, 4916.600000000000364 ], [ 83.965914510190487, 28.78473381511867, 4916.800000000000182 ], [ 83.965914510190487, 28.78473381511867, 4916.800000000000182 ], [ 83.965890957042575, 28.784731049090624, 4917.0 ], [ 83.965869667008519, 28.784672040492296, 4917.199999999999818 ], [ 83.965864218771458, 28.784660305827856, 4917.399999999999636 ], [ 83.965847454965115, 28.784653265029192, 4917.600000000000364 ], [ 83.965840330347419, 28.784660389646888, 4918.399999999999636 ], [ 83.965837899595499, 28.784667178988457, 4918.600000000000364 ], [ 83.965817531570792, 28.784722248092297, 4919.399999999999636 ], [ 83.96581694483757, 28.784765414893627, 4920.399999999999636 ], [ 83.965811161324382, 28.784795589745045, 4921.399999999999636 ], [ 83.965812418609858, 28.78480581566691, 4921.600000000000364 ], [ 83.96581158041954, 28.784820316359401, 4922.199999999999818 ], [ 83.965809568762779, 28.784848898649216, 4922.600000000000364 ], [ 83.965809904038906, 28.784860549494624, 4922.800000000000182 ], [ 83.965819459408522, 28.784902039915323, 4923.399999999999636 ], [ 83.965817615389824, 28.78491310402751, 4923.800000000000182 ], [ 83.96580864675343, 28.784927017986774, 4924.399999999999636 ], [ 83.965805880725384, 28.784947553649545, 4924.800000000000182 ], [ 83.965818285942078, 28.784986110404137, 4925.399999999999636 ], [ 83.96582524292171, 28.785014441236857, 4925.800000000000182 ], [ 83.965830774977803, 28.785023158416152, 4926.0 ], [ 83.965853489935398, 28.785040844231844, 4927.0 ], [ 83.96585114300251, 28.785037575289607, 4927.199999999999818 ], [ 83.965862039476633, 28.785047130659223, 4927.800000000000182 ], [ 83.965860698372126, 28.785045705735683, 4928.0 ], [ 83.965852651745081, 28.785037575289607, 4928.399999999999636 ], [ 83.965851059183478, 28.785035647451881, 4928.399999999999636 ], [ 83.965857429429889, 28.785080322995785, 4928.600000000000364 ], [ 83.965858099982142, 28.785134553909302, 4928.600000000000364 ], [ 83.96585650742054, 28.785148467868567, 4929.0 ], [ 83.965866314247251, 28.785174367949367, 4930.0 ], [ 83.965873271226883, 28.785182582214475, 4930.199999999999818 ], [ 83.965879390016198, 28.78520580008626, 4931.0 ], [ 83.965879306197166, 28.785211835056543, 4931.199999999999818 ], [ 83.965890370309353, 28.785238824784756, 4931.800000000000182 ], [ 83.965887688100338, 28.785286098718643, 4932.199999999999818 ], [ 83.965885005891323, 28.785307724028826, 4932.399999999999636 ], [ 83.965879222378135, 28.785390453413129, 4933.199999999999818 ], [ 83.965875450521708, 28.78539732657373, 4933.399999999999636 ], [ 83.965867822989821, 28.78539782948792, 4934.0 ], [ 83.965825075283647, 28.785399002954364, 4934.199999999999818 ], [ 83.965824404731393, 28.785396991297603, 4934.399999999999636 ], [ 83.965828595682979, 28.785391375422481, 4934.399999999999636 ], [ 83.965823482722044, 28.785360949113965, 4935.199999999999818 ], [ 83.965825159102678, 28.785353321582079, 4935.399999999999636 ], [ 83.96583303809166, 28.785329097881913, 4935.399999999999636 ], [ 83.96583303809166, 28.785329097881913, 4935.399999999999636 ], [ 83.96583303809166, 28.785329097881913, 4935.600000000000364 ], [ 83.96583303809166, 28.785329097881913, 4936.199999999999818 ], [ 83.965831780806184, 28.785339156165719, 4936.199999999999818 ], [ 83.965850556269288, 28.785353992134333, 4936.199999999999818 ], [ 83.965836558490992, 28.785361116752028, 4936.399999999999636 ], [ 83.965829433873296, 28.785345945507288, 4936.399999999999636 ], [ 83.965815016999841, 28.785338150337338, 4936.399999999999636 ], [ 83.965801354497671, 28.785331277176734, 4936.399999999999636 ], [ 83.965754332020879, 28.785328678786755, 4937.399999999999636 ], [ 83.9657221455127, 28.78532063215971, 4938.800000000000182 ], [ 83.965700771659613, 28.785310322418809, 4939.800000000000182 ], [ 83.965696664527059, 28.785309735685587, 4939.800000000000182 ], [ 83.965642852708697, 28.785298839211464, 4939.800000000000182 ], [ 83.965599182993174, 28.785290624946356, 4940.399999999999636 ], [ 83.965566996484995, 28.78529422916472, 4941.0 ], [ 83.965546879917383, 28.785294312983751, 4941.399999999999636 ], [ 83.96548418328166, 28.785309316590428, 4942.0 ], [ 83.965443698689342, 28.785309735685587, 4942.800000000000182 ], [ 83.965425426140428, 28.78530403599143, 4943.199999999999818 ], [ 83.965399023145437, 28.7852986715734, 4943.600000000000364 ], [ 83.965383348986506, 28.785295821726319, 4944.199999999999818 ], [ 83.965347474440932, 28.785290960222483, 4944.199999999999818 ], [ 83.965292070060968, 28.785280901938677, 4944.199999999999818 ], [ 83.965277234092355, 28.785279728472233, 4944.199999999999818 ], [ 83.965176148340106, 28.785306131467223, 4944.199999999999818 ], [ 83.965065255761147, 28.785314932465553, 4944.199999999999818 ], [ 83.964957967400551, 28.785319793969393, 4944.0 ], [ 83.964831568300724, 28.785341251641512, 4943.800000000000182 ], [ 83.964734589681029, 28.78535239957273, 4943.399999999999636 ], [ 83.964682789519429, 28.78534996882081, 4943.399999999999636 ], [ 83.964551193639636, 28.785337479785085, 4943.399999999999636 ], [ 83.964479109272361, 28.785340329632163, 4943.399999999999636 ], [ 83.964378023520112, 28.785346448421478, 4943.399999999999636 ], [ 83.964283224195242, 28.785333121195436, 4943.399999999999636 ], [ 83.964176774024963, 28.78536187112331, 4943.800000000000182 ], [ 83.964095637202263, 28.785416604951024, 4943.800000000000182 ], [ 83.964042915031314, 28.785452898591757, 4944.399999999999636 ], [ 83.96403537131846, 28.785454323515296, 4944.600000000000364 ], [ 83.963966723531485, 28.785456418991089, 4945.0 ], [ 83.963940571993589, 28.785457089543343, 4945.199999999999818 ], [ 83.963848873972893, 28.78549380227923, 4945.199999999999818 ], [ 83.963819034397602, 28.785504195839167, 4945.199999999999818 ], [ 83.963743010535836, 28.78551316447556, 4945.199999999999818 ], [ 83.963647121563554, 28.785528335720301, 4945.399999999999636 ], [ 83.963568080216646, 28.785556247457865, 4945.399999999999636 ], [ 83.963475208729506, 28.78558692522347, 4945.399999999999636 ], [ 83.963392898440361, 28.785625481978059, 4945.399999999999636 ], [ 83.963306229561567, 28.785659680142999, 4945.600000000000364 ], [ 83.96323112770915, 28.785673007369041, 4945.600000000000364 ], [ 83.963140184059739, 28.785706786438823, 4946.600000000000364 ], [ 83.963047144934535, 28.785728411749005, 4947.800000000000182 ], [ 83.96297606639564, 28.785714162513617, 4948.199999999999818 ], [ 83.962928038090467, 28.785697817802429, 4948.199999999999818 ], [ 83.9628900680691, 28.785684993490577, 4949.0 ], [ 83.962862743064761, 28.785672504454851, 4950.0 ], [ 83.962838770821691, 28.785661440342665, 4951.199999999999818 ], [ 83.962798118591309, 28.785667726770043, 4952.0 ], [ 83.96277523599565, 28.78567292355001, 4952.199999999999818 ], [ 83.962727878242731, 28.785678874701262, 4953.399999999999636 ], [ 83.962718993425369, 28.785679545253515, 4953.399999999999636 ], [ 83.962649758905172, 28.785672252997756, 4954.399999999999636 ], [ 83.9626345038414, 28.785667894408107, 4954.600000000000364 ], [ 83.962604328989983, 28.785649202764031, 4955.600000000000364 ], [ 83.962595192715526, 28.785643503069881, 4955.800000000000182 ], [ 83.962574573233724, 28.785631265491247, 4956.800000000000182 ], [ 83.962570885196328, 28.785602012649179, 4957.199999999999818 ], [ 83.962567280977964, 28.785586170852184, 4957.600000000000364 ], [ 83.962549427524209, 28.785588098689914, 4957.600000000000364 ], [ 83.962548756971955, 28.785594217479229, 4958.0 ], [ 83.962548756971955, 28.785594217479229, 4958.0 ], [ 83.962548756971955, 28.785594217479229, 4958.0 ], [ 83.962548756971955, 28.785594217479229, 4958.199999999999818 ], [ 83.962554037570953, 28.785600252449512, 4958.600000000000364 ], [ 83.962521934881806, 28.785610478371382, 4958.600000000000364 ], [ 83.962469799444079, 28.785605616867542, 4959.0 ], [ 83.962421184405684, 28.785592876374722, 4959.0 ], [ 83.962377179414034, 28.785576447844505, 4959.800000000000182 ], [ 83.962307944893837, 28.785550883039832, 4960.199999999999818 ], [ 83.962299646809697, 28.785549374297261, 4960.199999999999818 ], [ 83.962219096720219, 28.785535292699933, 4961.199999999999818 ], [ 83.962206188589334, 28.785534286871552, 4961.399999999999636 ], [ 83.962142318487167, 28.78551023080945, 4962.0 ], [ 83.962135026231408, 28.785501597449183, 4962.199999999999818 ], [ 83.962105186656117, 28.785474607720971, 4963.199999999999818 ], [ 83.962082136422396, 28.78546086139977, 4963.800000000000182 ], [ 83.962055314332247, 28.785448540002108, 4964.399999999999636 ], [ 83.962046848610044, 28.785447785630826, 4964.600000000000364 ], [ 83.962034527212381, 28.785447282716632, 4964.800000000000182 ], [ 83.962005777284503, 28.785444349050518, 4965.399999999999636 ], [ 83.961973087862134, 28.785432782024145, 4966.600000000000364 ], [ 83.961965795606375, 28.785430938005447, 4966.600000000000364 ], [ 83.961918354034424, 28.785417359322309, 4967.600000000000364 ], [ 83.961846604943275, 28.785402858629823, 4968.199999999999818 ], [ 83.961816262453794, 28.785393889993429, 4968.800000000000182 ], [ 83.961793966591358, 28.785392884165049, 4969.199999999999818 ], [ 83.961753901094198, 28.785374611616135, 4969.800000000000182 ], [ 83.961747949942946, 28.785372264683247, 4970.0 ], [ 83.961703609675169, 28.785366732627153, 4971.199999999999818 ], [ 83.961694976314902, 28.785365726798773, 4971.199999999999818 ], [ 83.961651893332601, 28.78536706790328, 4972.0 ], [ 83.961643343791366, 28.78536413423717, 4972.199999999999818 ], [ 83.961602440103889, 28.785355584695935, 4972.800000000000182 ], [ 83.961589280515909, 28.785359105095267, 4973.0 ], [ 83.961583916097879, 28.785359859466553, 4973.199999999999818 ], [ 83.96154971793294, 28.785357428714633, 4973.600000000000364 ], [ 83.961494900286198, 28.785354578867555, 4974.199999999999818 ], [ 83.961467491462827, 28.78535726107657, 4975.0 ], [ 83.961446201428771, 28.785353908315301, 4975.399999999999636 ], [ 83.961423821747303, 28.785357177257534, 4976.199999999999818 ], [ 83.961416194215417, 28.785360027104616, 4976.399999999999636 ], [ 83.961368585005403, 28.785360362380743, 4977.399999999999636 ], [ 83.961357185617089, 28.785357428714633, 4977.600000000000364 ], [ 83.961314773187041, 28.785318871960044, 4978.800000000000182 ], [ 83.961313096806407, 28.785304287448525, 4978.800000000000182 ], [ 83.961295997723937, 28.785270256921649, 4979.600000000000364 ], [ 83.961290549486876, 28.785259779542685, 4979.800000000000182 ], [ 83.961292393505573, 28.785256510600448, 4980.0 ], [ 83.961284682154655, 28.785268748179082, 4980.800000000000182 ], [ 83.96128686144948, 28.785270089283586, 4981.0 ], [ 83.961282083764672, 28.785294564440846, 4981.600000000000364 ], [ 83.961274959146976, 28.785301940515637, 4981.800000000000182 ], [ 83.961269594728947, 28.785309316590428, 4982.399999999999636 ], [ 83.961242353543639, 28.785335887223479, 4982.800000000000182 ], [ 83.961222907528281, 28.785348711535335, 4983.0 ], [ 83.961154092103243, 28.785402774810791, 4983.0 ], [ 83.961100447922945, 28.785457843914628, 4983.0 ], [ 83.961085025221109, 28.785472176969051, 4983.199999999999818 ], [ 83.961098017171025, 28.785489778965712, 4983.199999999999818 ], [ 83.961118469014764, 28.785502268001437, 4983.800000000000182 ], [ 83.961123079061508, 28.785510482266545, 4984.0 ], [ 83.961129616945982, 28.785522133111954, 4984.399999999999636 ], [ 83.961135232821107, 28.785528754815459, 4985.0 ], [ 83.961139172315598, 28.78553370013833, 4985.199999999999818 ], [ 83.961133221164346, 28.785529676824808, 4985.600000000000364 ], [ 83.961143279448152, 28.78553805872798, 4986.199999999999818 ], [ 83.961154846474528, 28.785565216094255, 4986.199999999999818 ], [ 83.961158869788051, 28.785583740100265, 4986.399999999999636 ], [ 83.961160713806748, 28.785600839182734, 4987.199999999999818 ], [ 83.961164569482207, 28.78561039455235, 4987.199999999999818 ], [ 83.961177477613091, 28.785620033740997, 4987.600000000000364 ], [ 83.961186949163675, 28.785631936043501, 4987.800000000000182 ], [ 83.961203545331955, 28.78563989885151, 4988.399999999999636 ], [ 83.961198097094893, 28.785644257441163, 4989.0 ], [ 83.961212178692222, 28.78566169179976, 4989.199999999999818 ], [ 83.96121016703546, 28.785674432292581, 4989.399999999999636 ], [ 83.96120673045516, 28.785693291574717, 4989.800000000000182 ], [ 83.961199438199401, 28.785723969340324, 4990.399999999999636 ], [ 83.961193989962339, 28.785739727318287, 4990.600000000000364 ], [ 83.961195666342974, 28.785762526094913, 4990.800000000000182 ], [ 83.961201785132289, 28.785804184153676, 4991.399999999999636 ], [ 83.961206562817097, 28.785811644047499, 4991.399999999999636 ], [ 83.961206814274192, 28.785811811685559, 4991.600000000000364 ], [ 83.96121553145349, 28.785841902717948, 4991.600000000000364 ], [ 83.96121016703546, 28.785869479179382, 4992.199999999999818 ], [ 83.961209245026112, 28.785875765606761, 4992.600000000000364 ], [ 83.961211675778031, 28.785884315147996, 4992.800000000000182 ], [ 83.961198180913925, 28.785912981256843, 4993.0 ], [ 83.961194828152657, 28.785937372595072, 4993.600000000000364 ], [ 83.961195582523942, 28.785958159714937, 4993.800000000000182 ], [ 83.961195247247815, 28.785972576588392, 4994.199999999999818 ], [ 83.961202204227448, 28.785998392850161, 4994.600000000000364 ], [ 83.961202958598733, 28.786013061180711, 4994.800000000000182 ], [ 83.961202120408416, 28.786010714247823, 4995.0 ], [ 83.961211843416095, 28.786039296537641, 4996.0 ], [ 83.961207987740636, 28.786060251295567, 4997.0 ], [ 83.96120572462678, 28.786067543551329, 4997.0 ], [ 83.96120723336935, 28.786072069779038, 4997.800000000000182 ], [ 83.961206898093224, 28.786083301529288, 4998.199999999999818 ], [ 83.961210418492556, 28.786104423925281, 4998.399999999999636 ], [ 83.961222907528281, 28.786122361198068, 4999.199999999999818 ], [ 83.961222069337964, 28.786138873547316, 4999.399999999999636 ], [ 83.961214357987046, 28.786153374239799, 5000.0 ], [ 83.961211005225778, 28.786157565191388, 5000.199999999999818 ], [ 83.961200695484877, 28.786169299855828, 5000.800000000000182 ], [ 83.961196839809418, 28.786167791113257, 5000.800000000000182 ], [ 83.961192900314927, 28.786168629303575, 5000.800000000000182 ], [ 83.961192900314927, 28.786168629303575, 5001.0 ], [ 83.961197175085545, 28.78616301342845, 5001.0 ], [ 83.961192900314927, 28.786168629303575, 5001.0 ], [ 83.961192900314927, 28.786168629303575, 5001.0 ], [ 83.961196504533291, 28.786167455837131, 5001.199999999999818 ], [ 83.961200779303908, 28.786167874932289, 5001.0 ], [ 83.961204551160336, 28.786168964579701, 5001.0 ], [ 83.961211759597063, 28.786172736436129, 5001.0 ], [ 83.961213268339634, 28.786173155531287, 5000.800000000000182 ], [ 83.961201952770352, 28.786172736436129, 5000.800000000000182 ], [ 83.961195833981037, 28.786163935437799, 5001.0 ], [ 83.961201701313257, 28.786163181066513, 5001.0 ], [ 83.961203126236796, 28.786159576848149, 5001.199999999999818 ], [ 83.961203126236796, 28.786159576848149, 5001.399999999999636 ], [ 83.961224583908916, 28.786170640960336, 5002.800000000000182 ], [ 83.961228858679533, 28.786178771406412, 5003.0 ], [ 83.961234139278531, 28.786186063662171, 5003.199999999999818 ], [ 83.961232211440802, 28.786206096410751, 5003.600000000000364 ], [ 83.961231037974358, 28.786205425858498, 5004.0 ], [ 83.961237659677863, 28.786218166351318, 5004.600000000000364 ], [ 83.96124143153429, 28.786237612366676, 5005.0 ], [ 83.961246879771352, 28.78624884411693, 5005.600000000000364 ], [ 83.961254423484206, 28.786259405314919, 5005.800000000000182 ], [ 83.961259284988046, 28.786282204091549, 5006.199999999999818 ], [ 83.961258446797729, 28.786292430013415, 5006.399999999999636 ], [ 83.961257776245475, 28.786296620965004, 5006.399999999999636 ], [ 83.96127462387085, 28.786319168284535, 5007.199999999999818 ], [ 83.961274540051818, 28.786321179941297, 5007.199999999999818 ], [ 83.961286777630448, 28.78633551299572, 5007.600000000000364 ], [ 83.961309995502234, 28.786352192983031, 5008.399999999999636 ], [ 83.961333381012082, 28.786387648433447, 5009.199999999999818 ], [ 83.961334135383368, 28.786399383097887, 5009.399999999999636 ], [ 83.961336733773351, 28.786402652040124, 5009.399999999999636 ], [ 83.961359029635787, 28.786425283178687, 5010.399999999999636 ], [ 83.961363639682531, 28.786429977044463, 5010.399999999999636 ], [ 83.961386103183031, 28.786453111097217, 5010.800000000000182 ], [ 83.961397167295218, 28.78646987490356, 5011.199999999999818 ], [ 83.961401442065835, 28.786481274291873, 5011.600000000000364 ], [ 83.961405884474516, 28.786486219614744, 5012.0 ], [ 83.961416697129607, 28.786499295383692, 5012.199999999999818 ], [ 83.961440334096551, 28.786535253748298, 5012.600000000000364 ], [ 83.961462629958987, 28.786557549610738, 5013.199999999999818 ], [ 83.961467910557985, 28.786567021161321, 5013.600000000000364 ], [ 83.961484925821424, 28.786584958434105, 5014.399999999999636 ], [ 83.961495235562325, 28.786591999232769, 5014.800000000000182 ], [ 83.961503617465496, 28.786613121628761, 5015.600000000000364 ], [ 83.961505377665162, 28.786616390571002, 5015.800000000000182 ], [ 83.961511999368668, 28.786625443026423, 5016.199999999999818 ], [ 83.96153069101274, 28.786637177690864, 5016.800000000000182 ], [ 83.961534965783358, 28.78663994371891, 5017.0 ], [ 83.961559943854809, 28.786659892648458, 5017.399999999999636 ], [ 83.961582994088531, 28.786684116348624, 5017.800000000000182 ], [ 83.961587185040116, 28.786690989509225, 5018.199999999999818 ], [ 83.961582742631435, 28.786729546263818, 5018.800000000000182 ], [ 83.96152482368052, 28.786734994500875, 5018.800000000000182 ], [ 83.961482159793377, 28.786732060834765, 5019.0 ], [ 83.961467491462827, 28.78673180937767, 5019.0 ], [ 83.961450895294547, 28.786731977015737, 5019.199999999999818 ], [ 83.96136456169188, 28.786747399717569, 5020.0 ], [ 83.961333883926272, 28.786749327555299, 5020.0 ], [ 83.961327094584703, 28.786748070269823, 5020.399999999999636 ], [ 83.96132156252861, 28.786752345040441, 5020.800000000000182 ], [ 83.961287699639797, 28.786751590669155, 5021.0 ], [ 83.961260709911585, 28.786748992279172, 5021.199999999999818 ], [ 83.961212430149317, 28.78674010746181, 5022.0 ], [ 83.961199773475528, 28.78673910163343, 5022.199999999999818 ], [ 83.961186781525612, 28.786740191280838, 5022.600000000000364 ], [ 83.961158283054829, 28.786742370575663, 5023.0 ], [ 83.961141770705581, 28.786743879318237, 5023.199999999999818 ], [ 83.961128946393728, 28.78674597479403, 5023.399999999999636 ], [ 83.961064741015434, 28.786751925945278, 5024.199999999999818 ], [ 83.961046719923615, 28.786752009764314, 5024.399999999999636 ], [ 83.961010929197073, 28.786747986450791, 5024.800000000000182 ], [ 83.960963068529963, 28.786742789670825, 5025.199999999999818 ], [ 83.960952255874872, 28.786740275099874, 5025.399999999999636 ], [ 83.960918979719281, 28.786722840741277, 5026.0 ], [ 83.960901293903589, 28.786717895418409, 5026.399999999999636 ], [ 83.960845051333308, 28.786715548485521, 5027.0 ], [ 83.960813954472542, 28.786708926782012, 5027.600000000000364 ], [ 83.960802890360355, 28.786705825477839, 5028.0 ], [ 83.96079040132463, 28.786695180460811, 5028.399999999999636 ], [ 83.960778331384063, 28.786694845184684, 5028.600000000000364 ], [ 83.960759891197085, 28.786692582070827, 5028.600000000000364 ], [ 83.960710940882564, 28.786684786900882, 5029.399999999999636 ], [ 83.960701217874885, 28.786684032529593, 5029.600000000000364 ], [ 83.960634246468544, 28.7866594735533, 5029.800000000000182 ], [ 83.960534585639834, 28.786654695868492, 5029.800000000000182 ], [ 83.960520420223475, 28.786656958982348, 5030.199999999999818 ], [ 83.960493765771389, 28.786652265116572, 5030.600000000000364 ], [ 83.960407432168722, 28.786651343107224, 5030.600000000000364 ], [ 83.960358733311296, 28.786645727232099, 5030.600000000000364 ], [ 83.960317661985755, 28.786632651463151, 5030.800000000000182 ], [ 83.960289498791099, 28.786623431369662, 5030.800000000000182 ], [ 83.960263850167394, 28.786620581522584, 5031.0 ], [ 83.960243230685592, 28.786622006446123, 5031.399999999999636 ], [ 83.96018941886723, 28.786616139113903, 5031.399999999999636 ], [ 83.960109371691942, 28.786607421934605, 5031.800000000000182 ], [ 83.960025804117322, 28.786589149385691, 5031.800000000000182 ], [ 83.959961179643869, 28.78656710498035, 5031.800000000000182 ], [ 83.959871577098966, 28.786538606509566, 5032.199999999999818 ], [ 83.95983855240047, 28.786521255970001, 5032.399999999999636 ], [ 83.959831260144711, 28.786519663408399, 5032.399999999999636 ], [ 83.959771497175097, 28.786489320918921, 5032.399999999999636 ], [ 83.959765797480941, 28.786484710872173, 5032.399999999999636 ], [ 83.959686085581779, 28.786458894610405, 5032.399999999999636 ], [ 83.959611905738711, 28.786429390311241, 5032.399999999999636 ], [ 83.959518950432539, 28.786398628726602, 5032.800000000000182 ], [ 83.959416775032878, 28.786424528807402, 5032.800000000000182 ], [ 83.95939732901752, 28.786443471908569, 5032.800000000000182 ], [ 83.959368914365768, 28.786487812176347, 5033.0 ], [ 83.959370842203498, 28.786502480506897, 5033.0 ], [ 83.959367405623198, 28.786529051139951, 5033.0 ], [ 83.959366818889976, 28.786535421386361, 5033.0 ], [ 83.959362292662263, 28.786577163264155, 5033.800000000000182 ], [ 83.959357012063265, 28.786592502146959, 5034.399999999999636 ], [ 83.959368411451578, 28.786615720018744, 5034.800000000000182 ], [ 83.959364974871278, 28.786628125235438, 5035.0 ], [ 83.959354162216187, 28.786644889041781, 5035.199999999999818 ], [ 83.959343181923032, 28.786675482988361, 5035.800000000000182 ], [ 83.959345612674952, 28.786670872941613, 5036.0 ], [ 83.959332620725036, 28.786696856841445, 5036.199999999999818 ], [ 83.95931426435709, 28.786714375019073, 5036.600000000000364 ], [ 83.959312085062265, 28.78673767670989, 5037.199999999999818 ], [ 83.95931183360517, 28.786766678094864, 5037.800000000000182 ], [ 83.959298506379128, 28.786788387224082, 5038.199999999999818 ], [ 83.959294902160764, 28.786787046119571, 5038.399999999999636 ], [ 83.959269840270281, 28.786784699186683, 5039.399999999999636 ], [ 83.959236899390817, 28.786809258162975, 5040.0 ], [ 83.95920580253005, 28.786814119666815, 5040.399999999999636 ], [ 83.959172777831554, 28.78683096729219, 5041.600000000000364 ], [ 83.959163725376129, 28.786835493519902, 5041.800000000000182 ], [ 83.959117960184813, 28.78685100004077, 5042.600000000000364 ], [ 83.959114942699671, 28.786851754412055, 5042.600000000000364 ], [ 83.959079571068287, 28.786872290074825, 5043.0 ], [ 83.959059789776802, 28.786885449662805, 5043.800000000000182 ], [ 83.95903673954308, 28.786889305338264, 5044.199999999999818 ], [ 83.959018802270293, 28.786892239004377, 5044.800000000000182 ], [ 83.959010755643249, 28.786904141306877, 5045.199999999999818 ], [ 83.958997596055269, 28.7869116012007, 5045.800000000000182 ], [ 83.958983849734068, 28.786917887628078, 5046.199999999999818 ], [ 83.958963649347425, 28.786936579272151, 5047.0 ], [ 83.958940347656608, 28.786953259259462, 5048.0 ], [ 83.958934983238578, 28.786959378048778, 5048.199999999999818 ], [ 83.95892090164125, 28.786979578435421, 5048.800000000000182 ], [ 83.958926266059279, 28.78698879852891, 5049.0 ], [ 83.958925846964121, 28.786988547071815, 5049.0 ], [ 83.958915201947093, 28.786996761336923, 5049.399999999999636 ], [ 83.958880249410868, 28.786991983652115, 5050.199999999999818 ], [ 83.958883685991168, 28.786992486566305, 5050.199999999999818 ], [ 83.958866838365793, 28.787006149068475, 5051.199999999999818 ], [ 83.958852840587497, 28.787008663639423, 5051.600000000000364 ], [ 83.958843536674976, 28.786999192088839, 5052.0 ], [ 83.958837920799851, 28.787002628669143, 5052.199999999999818 ], [ 83.95880464464426, 28.787015955895185, 5053.0 ], [ 83.958787713199854, 28.787026181817055, 5053.399999999999636 ], [ 83.95875577814877, 28.787036072462797, 5054.399999999999636 ], [ 83.958746558055282, 28.787037413567305, 5055.199999999999818 ], [ 83.958739098161459, 28.78703473135829, 5055.199999999999818 ], [ 83.958727279677987, 28.787031713873148, 5056.199999999999818 ], [ 83.958720406517386, 28.787030791863799, 5056.399999999999636 ], [ 83.958696685731411, 28.787033641710877, 5057.0 ], [ 83.958685370162129, 28.787033138796687, 5057.600000000000364 ], [ 83.958662319928408, 28.787033976987004, 5058.0 ], [ 83.95864631049335, 28.787034815177321, 5058.399999999999636 ], [ 83.958637928590178, 28.787032468244433, 5058.600000000000364 ], [ 83.958614962175488, 28.787028780207041, 5059.399999999999636 ], [ 83.958607921376824, 28.787029786035419, 5059.800000000000182 ], [ 83.958581853657961, 28.787029953673478, 5060.199999999999818 ], [ 83.958557210862637, 28.787024589255452, 5060.800000000000182 ], [ 83.958530221134424, 28.787034144625068, 5061.0 ], [ 83.958499040454626, 28.787045879289508, 5061.600000000000364 ], [ 83.958474649116397, 28.787054680287842, 5061.600000000000364 ], [ 83.958453861996531, 28.787058787420392, 5062.199999999999818 ], [ 83.958425195887685, 28.787055183202028, 5062.600000000000364 ], [ 83.958404492586851, 28.787052165716887, 5062.800000000000182 ], [ 83.958394769579172, 28.787049651145935, 5063.0 ], [ 83.958332072943449, 28.787044873461127, 5063.800000000000182 ], [ 83.95831011235714, 28.787055518478155, 5064.0 ], [ 83.95829301327467, 28.787057949230075, 5064.199999999999818 ], [ 83.958239872008562, 28.787071695551276, 5065.199999999999818 ], [ 83.95818748511374, 28.787077981978655, 5065.800000000000182 ], [ 83.958170805126429, 28.787080999463797, 5066.0 ], [ 83.95812151953578, 28.787095164880157, 5066.0 ], [ 83.958089500665665, 28.787107905372977, 5066.199999999999818 ], [ 83.958053290843964, 28.787123914808035, 5066.199999999999818 ], [ 83.958052285015583, 28.787125675007701, 5066.399999999999636 ], [ 83.95797592587769, 28.78714763559401, 5066.600000000000364 ], [ 83.957906942814589, 28.787158448249102, 5066.600000000000364 ], [ 83.957851706072688, 28.787166830152273, 5066.800000000000182 ], [ 83.95781465806067, 28.787176385521889, 5067.199999999999818 ], [ 83.957812646403909, 28.787176720798016, 5067.399999999999636 ], [ 83.957827985286713, 28.787170182913545, 5067.600000000000364 ], [ 83.957830164581537, 28.787176888436079, 5067.600000000000364 ], [ 83.957790685817599, 28.787198262289166, 5068.199999999999818 ], [ 83.957759672775865, 28.787205135449767, 5068.399999999999636 ], [ 83.957742406055331, 28.787211924791336, 5068.600000000000364 ], [ 83.957716757431626, 28.787221312522888, 5069.199999999999818 ], [ 83.957709046080709, 28.787226090207696, 5069.600000000000364 ], [ 83.957684654742479, 28.787224413827062, 5069.600000000000364 ], [ 83.957654647529125, 28.787228269502521, 5070.399999999999636 ], [ 83.957652468234301, 28.787231203168631, 5070.600000000000364 ], [ 83.957642242312431, 28.787240842357281, 5071.199999999999818 ], [ 83.957610139623284, 28.787246542051435, 5071.600000000000364 ], [ 83.957608127966523, 28.787246290594339, 5071.800000000000182 ], [ 83.957601003348827, 28.787247380241752, 5072.199999999999818 ], [ 83.957596477121115, 28.787245871499181, 5072.600000000000364 ], [ 83.957587257027626, 28.78724679350853, 5072.800000000000182 ], [ 83.957566469907761, 28.787257103249431, 5073.199999999999818 ], [ 83.957554567605257, 28.787256516516209, 5073.600000000000364 ], [ 83.957554148510098, 28.787255929782987, 5073.800000000000182 ], [ 83.957532020285726, 28.787262132391337, 5074.399999999999636 ], [ 83.957530343905091, 28.787260623648763, 5074.600000000000364 ], [ 83.957526236772537, 28.787261545658112, 5074.600000000000364 ], [ 83.957500504329801, 28.787272190675139, 5075.399999999999636 ], [ 83.957489775493741, 28.787268334999681, 5075.800000000000182 ], [ 83.957486087456346, 28.787272274494171, 5076.0 ], [ 83.957464629784226, 28.787279482930899, 5076.800000000000182 ], [ 83.957442501559854, 28.787282668054104, 5077.199999999999818 ], [ 83.957443842664361, 28.78728082403541, 5077.199999999999818 ], [ 83.957428084686399, 28.787275878712535, 5077.800000000000182 ], [ 83.957421546801925, 28.787275291979313, 5078.0 ], [ 83.957408722490072, 28.787270681932569, 5078.600000000000364 ], [ 83.957386845722795, 28.78726783208549, 5079.0 ], [ 83.957381397485733, 28.787263892591, 5079.199999999999818 ], [ 83.957363544031978, 28.787269173190001, 5079.800000000000182 ], [ 83.95736270584166, 28.787267915904518, 5080.0 ], [ 83.957326244562864, 28.787266993895173, 5080.600000000000364 ], [ 83.957319455221295, 28.787261880934238, 5080.800000000000182 ], [ 83.957317359745502, 28.787262216210365, 5081.0 ], [ 83.9573192037642, 28.787260791286823, 5081.0 ], [ 83.957323897629976, 28.787258360534903, 5081.0 ], [ 83.95732213743031, 28.787259114906192, 5081.0 ], [ 83.957314090803266, 28.787264311686162, 5081.199999999999818 ], [ 83.957308726385236, 28.787264814600348, 5081.199999999999818 ], [ 83.957278300076723, 28.787271436303858, 5082.0 ], [ 83.957248125225306, 28.787281829863787, 5083.0 ], [ 83.957236725836992, 28.78728442825377, 5083.199999999999818 ], [ 83.957236390560865, 28.787286020815372, 5083.199999999999818 ], [ 83.957224823534489, 28.787285769358277, 5083.600000000000364 ], [ 83.957211915403605, 28.787289289757609, 5084.199999999999818 ], [ 83.957193223759532, 28.787287026643753, 5084.800000000000182 ], [ 83.95716916769743, 28.787286942824721, 5085.199999999999818 ], [ 83.957168078050017, 28.787288200110197, 5085.399999999999636 ], [ 83.957144692540169, 28.78728786483407, 5086.0 ], [ 83.957134047523141, 28.787283590063453, 5086.199999999999818 ], [ 83.957114350050688, 28.787280740216374, 5087.0 ], [ 83.957081073895097, 28.787280153483152, 5087.600000000000364 ], [ 83.957045366987586, 28.787270430475473, 5088.399999999999636 ], [ 83.957043522968888, 28.787270095199347, 5088.600000000000364 ], [ 83.957034219056368, 28.787267077714205, 5089.0 ], [ 83.957023741677403, 28.787265820428729, 5089.0 ], [ 83.957007313147187, 28.787269173190001, 5089.600000000000364 ], [ 83.956997757777572, 28.787269340828061, 5089.600000000000364 ], [ 83.956972612068057, 28.787253415212035, 5090.399999999999636 ], [ 83.95696540363133, 28.78725140355527, 5090.399999999999636 ], [ 83.956946544349194, 28.787239417433739, 5091.399999999999636 ], [ 83.956937156617641, 28.787234304472804, 5091.800000000000182 ], [ 83.956919889897108, 28.787223240360618, 5092.199999999999818 ], [ 83.956891978159547, 28.787219971418381, 5092.800000000000182 ], [ 83.956889715045691, 28.787220977246761, 5093.600000000000364 ], [ 83.956889715045691, 28.787220977246761, 5093.600000000000364 ], [ 83.956889715045691, 28.787220977246761, 5094.0 ], [ 83.956889715045691, 28.787220977246761, 5094.0 ], [ 83.956887871026993, 28.787210499867797, 5094.0 ], [ 83.956852834671736, 28.78719549626112, 5094.0 ], [ 83.956831712275743, 28.787180408835411, 5094.800000000000182 ], [ 83.956821151077747, 28.787169512361288, 5095.399999999999636 ], [ 83.956812433898449, 28.787157442420721, 5096.199999999999818 ], [ 83.956796927377582, 28.787145204842091, 5096.600000000000364 ], [ 83.956792736425996, 28.787149814888835, 5097.199999999999818 ], [ 83.956784354522824, 28.787165908142924, 5097.600000000000364 ], [ 83.956777062267065, 28.787163812667131, 5098.0 ], [ 83.956777062267065, 28.787163812667131, 5098.800000000000182 ], [ 83.956753425300121, 28.78714419901371, 5098.800000000000182 ], [ 83.956736493855715, 28.787134224548936, 5099.199999999999818 ], [ 83.956725178286433, 28.78712659701705, 5099.800000000000182 ], [ 83.956710174679756, 28.787123579531908, 5100.600000000000364 ], [ 83.956673461943865, 28.787117460742593, 5101.199999999999818 ], [ 83.95666005089879, 28.787107318639755, 5101.199999999999818 ], [ 83.956658793613315, 28.78710899502039, 5101.199999999999818 ], [ 83.956658458337188, 28.787110252305865, 5101.199999999999818 ], [ 83.956680670380592, 28.787132548168302, 5101.199999999999818 ], [ 83.956679748371243, 28.787134643644094, 5101.199999999999818 ], [ 83.956672204658389, 28.787143109366298, 5101.600000000000364 ], [ 83.956647226586938, 28.787155346944928, 5101.600000000000364 ], [ 83.956643538549542, 28.787159789353609, 5101.600000000000364 ], [ 83.956620739772916, 28.787172697484493, 5101.600000000000364 ], [ 83.956621661782265, 28.787172110751271, 5101.600000000000364 ], [ 83.956623170524836, 28.787170182913545, 5101.600000000000364 ], [ 83.956626942381263, 28.787167081609368, 5101.800000000000182 ], [ 83.956590481102467, 28.787187030538917, 5102.199999999999818 ], [ 83.95654815249145, 28.787207901477817, 5102.600000000000364 ], [ 83.956541614606977, 28.787209410220385, 5102.600000000000364 ], [ 83.95653641782701, 28.787209745496511, 5102.600000000000364 ], [ 83.956484282389283, 28.787209829315543, 5103.199999999999818 ], [ 83.956439439207315, 28.787231035530567, 5104.0 ], [ 83.956423345953226, 28.787232544273134, 5104.800000000000182 ], [ 83.956391746178269, 28.787244111299515, 5104.800000000000182 ], [ 83.956386214122176, 28.787246122956276, 5104.800000000000182 ], [ 83.956380095332861, 28.787248805165291, 5105.0 ], [ 83.956359894946218, 28.787251235917211, 5105.600000000000364 ], [ 83.956350926309824, 28.787250984460115, 5106.0 ], [ 83.95633801817894, 28.787249559536576, 5106.199999999999818 ], [ 83.956310860812664, 28.78725492395461, 5106.399999999999636 ], [ 83.956285296007991, 28.78726095892489, 5106.800000000000182 ], [ 83.956273142248392, 28.787259953096509, 5107.0 ], [ 83.956259815022349, 28.787256851792336, 5107.600000000000364 ], [ 83.956226790323853, 28.787258863449097, 5108.199999999999818 ], [ 83.956221845000982, 28.787257606163621, 5108.199999999999818 ], [ 83.95620415918529, 28.787247715517879, 5108.800000000000182 ], [ 83.956176415085793, 28.787237070500851, 5109.600000000000364 ], [ 83.956146826967597, 28.787232544273134, 5109.600000000000364 ], [ 83.95611128769815, 28.787233466282487, 5109.800000000000182 ], [ 83.956077676266432, 28.787243692204356, 5110.399999999999636 ], [ 83.95603995770216, 28.787240171805024, 5110.800000000000182 ], [ 83.955995282158256, 28.787241596728563, 5111.600000000000364 ], [ 83.955980865284801, 28.787241764366627, 5112.0 ], [ 83.955952618271112, 28.787235897034407, 5112.399999999999636 ], [ 83.955934010446072, 28.787232460454103, 5112.399999999999636 ], [ 83.95591925829649, 28.787225754931569, 5112.600000000000364 ], [ 83.955877600237727, 28.787225587293506, 5112.800000000000182 ], [ 83.95583032630384, 28.787225000560284, 5113.399999999999636 ], [ 83.955799480900168, 28.787230951711535, 5113.600000000000364 ], [ 83.955797050148249, 28.787231119349599, 5114.0 ], [ 83.955795038491488, 28.787237489596009, 5114.0 ], [ 83.955764612182975, 28.787240507081151, 5114.199999999999818 ], [ 83.955764444544911, 28.787241680547595, 5114.600000000000364 ], [ 83.955761846154928, 28.78723556175828, 5114.600000000000364 ], [ 83.955759583041072, 28.787238914519548, 5114.600000000000364 ], [ 83.955733682960272, 28.787248134613037, 5114.600000000000364 ], [ 83.955686744302511, 28.787233214825392, 5114.600000000000364 ], [ 83.955673836171627, 28.787235477939248, 5114.800000000000182 ], [ 83.955639721825719, 28.787249140441418, 5115.399999999999636 ], [ 83.95556939765811, 28.787241261452436, 5115.800000000000182 ], [ 83.955559926107526, 28.787238830700517, 5115.800000000000182 ], [ 83.955515334382653, 28.787231454625729, 5116.800000000000182 ], [ 83.955504773184657, 28.787238663062453, 5116.800000000000182 ], [ 83.955484908074141, 28.787252744659781, 5116.800000000000182 ], [ 83.955459762364626, 28.787267077714205, 5117.399999999999636 ], [ 83.95543453283608, 28.787273950874805, 5118.0 ], [ 83.955423636361957, 28.787277722731233, 5118.0 ], [ 83.95537837408483, 28.787279399111867, 5118.600000000000364 ], [ 83.955381643027067, 28.787275291979313, 5118.800000000000182 ], [ 83.955369908362627, 28.787274286150932, 5118.800000000000182 ], [ 83.955328585579991, 28.787275459617376, 5119.800000000000182 ], [ 83.95531534217298, 28.787277806550264, 5120.0 ], [ 83.955302769318223, 28.787281243130565, 5120.399999999999636 ], [ 83.955271001905203, 28.787278644740582, 5121.0 ], [ 83.955251220613718, 28.787279399111867, 5121.199999999999818 ], [ 83.955239905044436, 28.78728082403541, 5121.199999999999818 ], [ 83.955209394916892, 28.78727856092155, 5122.399999999999636 ], [ 83.955193972215056, 28.787275291979313, 5122.600000000000364 ], [ 83.955156253650784, 28.787273028865457, 5123.0 ], [ 83.955147536471486, 28.787273950874805, 5123.399999999999636 ], [ 83.955110153183341, 28.787262551486492, 5124.0 ], [ 83.955080481246114, 28.787261126562953, 5124.399999999999636 ], [ 83.955066064372659, 28.787260539829731, 5124.600000000000364 ], [ 83.955030022189021, 28.787267077714205, 5125.399999999999636 ], [ 83.954987274482846, 28.787272358313203, 5126.399999999999636 ], [ 83.95497914403677, 28.787272945046425, 5126.399999999999636 ], [ 83.954945364966989, 28.787273028865457, 5127.399999999999636 ], [ 83.954930445179343, 28.787270849570632, 5127.600000000000364 ], [ 83.954902114346623, 28.787270095199347, 5128.199999999999818 ], [ 83.954882081598043, 28.787271687760949, 5128.800000000000182 ], [ 83.95487898029387, 28.787272106856108, 5129.0 ], [ 83.954854924231768, 28.787271603941917, 5129.800000000000182 ], [ 83.954824833199382, 28.787262216210365, 5130.399999999999636 ], [ 83.954812679439783, 28.787256265059114, 5130.800000000000182 ], [ 83.954799771308899, 28.787248302251101, 5131.399999999999636 ], [ 83.954775547608733, 28.787242099642754, 5131.800000000000182 ], [ 83.954765824601054, 28.787243356928229, 5131.800000000000182 ], [ 83.954731961712241, 28.787242351099849, 5132.800000000000182 ], [ 83.954715533182025, 28.787239165976644, 5133.0 ], [ 83.954698601737618, 28.787237489596009, 5133.399999999999636 ], [ 83.954691560938954, 28.787226174026728, 5134.0 ], [ 83.954667253419757, 28.787225000560284, 5134.800000000000182 ], [ 83.954657530412078, 28.787222485989332, 5135.399999999999636 ], [ 83.954646298661828, 28.787220222875476, 5135.600000000000364 ], [ 83.954618135467172, 28.787212679162621, 5136.399999999999636 ], [ 83.954581841826439, 28.787197759374976, 5137.399999999999636 ], [ 83.954577399417758, 28.787193484604359, 5137.399999999999636 ], [ 83.954578237608075, 28.787192730233073, 5138.0 ], [ 83.954578237608075, 28.787192730233073, 5138.0 ], [ 83.954578237608075, 28.787192730233073, 5138.0 ], [ 83.954578237608075, 28.787192730233073, 5138.0 ], [ 83.954578237608075, 28.787192730233073, 5138.0 ], [ 83.95456968806684, 28.787195244804025, 5138.0 ], [ 83.95457211881876, 28.787190467119217, 5138.0 ], [ 83.954579494893551, 28.787193903699517, 5138.0 ], [ 83.954586703330278, 28.78719499334693, 5138.0 ], [ 83.954560803249478, 28.78719256259501, 5138.0 ], [ 83.954549822956324, 28.78718543797731, 5138.0 ], [ 83.954518977552652, 28.787155849859118, 5138.199999999999818 ], [ 83.954495927318931, 28.787133134901524, 5138.199999999999818 ], [ 83.954493748024106, 28.787137577310205, 5138.600000000000364 ], [ 83.954497687518597, 28.787137409672141, 5138.600000000000364 ], [ 83.954497268423438, 28.787137409672141, 5139.199999999999818 ], [ 83.954497603699565, 28.787137493491173, 5139.399999999999636 ], [ 83.954497603699565, 28.787137493491173, 5139.399999999999636 ], [ 83.9545027166605, 28.78713196143508, 5139.399999999999636 ], [ 83.954453347250819, 28.787135817110538, 5139.800000000000182 ], [ 83.95443775691092, 28.78713053651154, 5139.800000000000182 ], [ 83.954442869871855, 28.787128189578652, 5139.800000000000182 ], [ 83.954425603151321, 28.787130871787667, 5139.800000000000182 ], [ 83.954424345865846, 28.787132548168302, 5139.800000000000182 ], [ 83.954422920942307, 28.787137158215049, 5140.0 ], [ 83.954421915113926, 28.787136152386665, 5140.199999999999818 ], [ 83.954427530989051, 28.787127854302529, 5140.199999999999818 ], [ 83.954451503232121, 28.787133218720555, 5141.399999999999636 ], [ 83.954446641728282, 28.787140091881156, 5141.399999999999636 ], [ 83.95443675108254, 28.787166997790337, 5141.399999999999636 ], [ 83.954435996711254, 28.78721846267581, 5141.399999999999636 ], [ 83.954414203763008, 28.787257438525561, 5141.800000000000182 ], [ 83.954398026689887, 28.787281746044755, 5142.0 ], [ 83.954404145479202, 28.787293648347259, 5142.0 ], [ 83.954362403601408, 28.78732549957931, 5142.0 ], [ 83.954335330054164, 28.787339497357607, 5142.600000000000364 ], [ 83.954324098303914, 28.787344191223383, 5142.800000000000182 ], [ 83.9542833622545, 28.787364223971963, 5143.199999999999818 ], [ 83.954238183796406, 28.787395069375631, 5143.399999999999636 ], [ 83.954221922904253, 28.787417868152261, 5144.0 ], [ 83.954178085550666, 28.787440331652761, 5144.399999999999636 ], [ 83.954166853800416, 28.787452066317201, 5144.399999999999636 ], [ 83.954146318137646, 28.78745935857296, 5144.600000000000364 ], [ 83.954123267903924, 28.78747595474124, 5145.0 ], [ 83.954090578481555, 28.787498082965612, 5145.199999999999818 ], [ 83.954063085839152, 28.787516355514526, 5145.800000000000182 ], [ 83.954046322032809, 28.787530353292823, 5145.800000000000182 ], [ 83.953988989815116, 28.787564635276791, 5146.399999999999636 ], [ 83.953942805528641, 28.787589529529217, 5146.399999999999636 ], [ 83.953899387270212, 28.787616100162268, 5146.600000000000364 ], [ 83.953889915719628, 28.787621548399329, 5146.600000000000364 ], [ 83.953825458884239, 28.787661781534553, 5146.600000000000364 ], [ 83.953773993998766, 28.787696566432711, 5147.0 ], [ 83.953746752813458, 28.787711067125201, 5147.199999999999818 ], [ 83.953730994835496, 28.787715928629041, 5147.399999999999636 ], [ 83.953689588233829, 28.787733027711511, 5147.800000000000182 ], [ 83.953680535778403, 28.787736715748903, 5147.800000000000182 ], [ 83.953649271279573, 28.787755826488137, 5148.399999999999636 ], [ 83.953632256016135, 28.787769405171275, 5148.800000000000182 ], [ 83.9536202698946, 28.787771752104163, 5149.0 ], [ 83.953587161377072, 28.787787342444062, 5149.600000000000364 ], [ 83.953580874949694, 28.787790192291141, 5149.800000000000182 ], [ 83.9535460062325, 28.78780745901167, 5150.199999999999818 ], [ 83.953517843037844, 28.7878199480474, 5151.0 ], [ 83.953508539125323, 28.787825563922524, 5151.0 ], [ 83.953477442264557, 28.787844758480787, 5151.600000000000364 ], [ 83.953468138352036, 28.787850122898817, 5151.600000000000364 ], [ 83.953463360667229, 28.787847608327866, 5151.600000000000364 ], [ 83.953456822782755, 28.787849452346563, 5151.800000000000182 ], [ 83.953424217179418, 28.787857415154576, 5152.800000000000182 ], [ 83.953414158895612, 28.787863785400987, 5152.800000000000182 ], [ 83.953394293785095, 28.787859845906496, 5153.399999999999636 ], [ 83.953345092013478, 28.787833862006664, 5154.0 ], [ 83.953329082578421, 28.787825228646401, 5154.0 ], [ 83.953279880806804, 28.787795808166265, 5154.399999999999636 ], [ 83.95322791300714, 28.787771835923195, 5155.0 ], [ 83.953193128108978, 28.787754820659757, 5155.399999999999636 ], [ 83.953200252726674, 28.787753814831376, 5156.0 ], [ 83.953222464770079, 28.787754904478788, 5156.0 ], [ 83.953223722055554, 28.78775205463171, 5156.199999999999818 ], [ 83.953194720670581, 28.787751216441393, 5156.199999999999818 ], [ 83.95313504152, 28.787726406008005, 5156.399999999999636 ], [ 83.953127916902304, 28.787721795961261, 5156.399999999999636 ], [ 83.953107548877597, 28.787692878395319, 5157.0 ], [ 83.953095395117998, 28.787681730464101, 5157.399999999999636 ], [ 83.953046277165413, 28.787638479843736, 5157.600000000000364 ], [ 83.95299481227994, 28.787601515650749, 5158.0 ], [ 83.952978970482945, 28.787589948624372, 5158.199999999999818 ], [ 83.952959356829524, 28.787572262808681, 5158.800000000000182 ], [ 83.952935468405485, 28.787555582821369, 5159.399999999999636 ], [ 83.952920883893967, 28.787547452375293, 5159.399999999999636 ], [ 83.952912334352732, 28.787545105442405, 5159.399999999999636 ], [ 83.952879644930363, 28.787517780438066, 5160.0 ], [ 83.952849050983787, 28.78749288618565, 5160.600000000000364 ], [ 83.952847039327025, 28.787489533424377, 5160.600000000000364 ], [ 83.952815439552069, 28.787465477362275, 5161.399999999999636 ], [ 83.952807225286961, 28.787461202591658, 5161.399999999999636 ], [ 83.952778559178114, 28.787447456270456, 5162.0 ], [ 83.952738242223859, 28.787427507340908, 5162.399999999999636 ], [ 83.952729860320687, 28.787420550361276, 5162.600000000000364 ], [ 83.952733715996146, 28.787427088245749, 5162.600000000000364 ], [ 83.952697422355413, 28.787400852888823, 5162.800000000000182 ], [ 83.952661463990808, 28.7873674929142, 5163.199999999999818 ], [ 83.952646795660257, 28.787358021363616, 5163.399999999999636 ], [ 83.952642772346735, 28.787356512621045, 5164.0 ], [ 83.952612765133381, 28.787345867604017, 5164.600000000000364 ], [ 83.952571107074618, 28.787332540377975, 5165.199999999999818 ], [ 83.952563228085637, 28.787323404103521, 5165.800000000000182 ], [ 83.952555349096656, 28.787315189838409, 5166.0 ], [ 83.952531795948744, 28.787307646125555, 5166.600000000000364 ], [ 83.95253305323422, 28.78730689175427, 5166.600000000000364 ], [ 83.952504387125373, 28.787306807935241, 5167.199999999999818 ], [ 83.952492652460933, 28.787308568134904, 5167.800000000000182 ], [ 83.952469183132052, 28.787309490144253, 5168.0 ], [ 83.952439846470952, 28.787302784621716, 5168.600000000000364 ], [ 83.952391566708684, 28.787295408546925, 5169.399999999999636 ], [ 83.95237379707396, 28.787295073270801, 5169.800000000000182 ], [ 83.952365582808852, 28.787291888147593, 5169.800000000000182 ], [ 83.952326020225883, 28.787283673882484, 5170.600000000000364 ], [ 83.952321326360106, 28.787282081320878, 5171.0 ], [ 83.952296180650592, 28.787274872884151, 5171.600000000000364 ], [ 83.952270112931728, 28.787274872884151, 5171.800000000000182 ], [ 83.952271034941077, 28.78727319650352, 5172.199999999999818 ], [ 83.952284194529057, 28.787285350263119, 5172.199999999999818 ], [ 83.952282601967454, 28.787286691367623, 5172.199999999999818 ], [ 83.952282434329391, 28.787286356091499, 5172.199999999999818 ], [ 83.952282434329391, 28.787286356091499, 5172.199999999999818 ], [ 83.952282434329391, 28.787286356091499, 5172.199999999999818 ], [ 83.952282434329391, 28.787286356091499, 5172.199999999999818 ], [ 83.952262233942747, 28.787283338606361, 5172.199999999999818 ], [ 83.9522491581738, 28.787278393283486, 5172.199999999999818 ], [ 83.952230550348759, 28.787281913682818, 5172.800000000000182 ], [ 83.952211942523718, 28.78728149458766, 5173.0 ], [ 83.952209930866957, 28.787280656397343, 5173.0 ], [ 83.952175313606858, 28.787289289757609, 5173.800000000000182 ], [ 83.952165506780148, 28.787290966138244, 5174.199999999999818 ], [ 83.952140947803855, 28.787281410768628, 5174.199999999999818 ], [ 83.952106079086661, 28.787272861227393, 5174.800000000000182 ], [ 83.952092416584492, 28.78726556897163, 5175.0 ], [ 83.952070204541087, 28.78725609742105, 5175.600000000000364 ], [ 83.952039778232574, 28.787248721346259, 5176.0 ], [ 83.952037431299686, 28.787248469889164, 5176.199999999999818 ], [ 83.95200633443892, 28.787248469889164, 5176.800000000000182 ], [ 83.95199216902256, 28.78724679350853, 5177.399999999999636 ], [ 83.951975740492344, 28.787244111299515, 5177.399999999999636 ], [ 83.951944392174482, 28.787235897034407, 5178.199999999999818 ], [ 83.95193257369101, 28.787234053015709, 5178.199999999999818 ], [ 83.951916396617889, 28.787245787680149, 5178.800000000000182 ], [ 83.951909942552447, 28.78725023008883, 5179.399999999999636 ], [ 83.951890328899026, 28.78725953400135, 5179.600000000000364 ], [ 83.951880186796188, 28.787259869277477, 5180.199999999999818 ], [ 83.951845234259963, 28.787256935611367, 5181.199999999999818 ], [ 83.951836097985506, 28.787259953096509, 5181.399999999999636 ], [ 83.951812293380499, 28.787266742438081, 5181.600000000000364 ], [ 83.951794942840934, 28.787271771579981, 5182.199999999999818 ], [ 83.951786225661635, 28.787275794893503, 5182.600000000000364 ], [ 83.951761666685343, 28.787278309464455, 5183.199999999999818 ], [ 83.951743058860302, 28.787275459617376, 5183.399999999999636 ], [ 83.951726295053959, 28.787277555093169, 5183.800000000000182 ], [ 83.951706681400537, 28.787275040522218, 5184.600000000000364 ], [ 83.951697461307049, 28.787272442132235, 5184.600000000000364 ], [ 83.95166477188468, 28.78726975992322, 5185.199999999999818 ], [ 83.951647505164146, 28.787275040522218, 5185.800000000000182 ], [ 83.951629819348454, 28.787272609770294, 5186.0 ], [ 83.951610289514065, 28.787275962531567, 5186.600000000000364 ], [ 83.951601320877671, 28.787283254787329, 5187.199999999999818 ], [ 83.951581288129091, 28.78729498945177, 5187.399999999999636 ], [ 83.951576007530093, 28.787294235080481, 5187.800000000000182 ], [ 83.951558824628592, 28.787289876490831, 5188.600000000000364 ], [ 83.951543234288692, 28.787284009158611, 5188.600000000000364 ], [ 83.951532421633601, 28.78727973438799, 5188.800000000000182 ], [ 83.951535355299711, 28.787279482930899, 5188.800000000000182 ], [ 83.951555220410228, 28.787281746044755, 5188.800000000000182 ], [ 83.951549772173166, 28.787274034693837, 5189.0 ], [ 83.951551532372832, 28.787271017208695, 5189.199999999999818 ], [ 83.951549185439944, 28.787271017208695, 5189.199999999999818 ], [ 83.951501408591866, 28.787286104634404, 5189.399999999999636 ], [ 83.951482381671667, 28.787284260615703, 5189.800000000000182 ], [ 83.951466539874673, 28.787288283929229, 5190.399999999999636 ], [ 83.95146788097918, 28.787293480709195, 5190.399999999999636 ], [ 83.951449692249298, 28.787302281707525, 5190.399999999999636 ], [ 83.951431168243289, 28.787308903411031, 5191.0 ], [ 83.951427480205894, 28.787320554256439, 5191.199999999999818 ], [ 83.951452961191535, 28.787340922281142, 5191.800000000000182 ], [ 83.951456565409899, 28.78734209574759, 5192.199999999999818 ], [ 83.951464612036943, 28.787350142374635, 5193.0 ], [ 83.951469305902719, 28.787356344982982, 5193.199999999999818 ], [ 83.95146788097918, 28.787364391610023, 5193.600000000000364 ], [ 83.951460756361485, 28.787374785169959, 5194.199999999999818 ], [ 83.951455056667328, 28.787378137931228, 5194.199999999999818 ], [ 83.951453631743789, 28.787380568683147, 5194.399999999999636 ], [ 83.951430916786194, 28.7873968295753, 5195.0 ], [ 83.951420020312071, 28.787412839010361, 5195.199999999999818 ], [ 83.95142094232142, 28.787424573674802, 5195.600000000000364 ], [ 83.951428988948464, 28.787438068538904, 5195.600000000000364 ], [ 83.951430832967162, 28.787462124601007, 5195.800000000000182 ], [ 83.951430832967162, 28.787469919770956, 5196.399999999999636 ], [ 83.951437622308731, 28.787490539252762, 5197.0 ], [ 83.951434688642621, 28.787500765174627, 5197.0 ], [ 83.951437370851636, 28.787501100450751, 5197.199999999999818 ], [ 83.95143904723227, 28.787502106279135, 5197.600000000000364 ], [ 83.95143904723227, 28.787502106279135, 5197.600000000000364 ], [ 83.951440555974841, 28.7874969933182, 5198.199999999999818 ], [ 83.951438963413239, 28.787512499839067, 5198.199999999999818 ], [ 83.95143904723227, 28.787502106279135, 5198.399999999999636 ], [ 83.95143904723227, 28.787502106279135, 5198.399999999999636 ], [ 83.95143904723227, 28.787502106279135, 5198.199999999999818 ], [ 83.95143904723227, 28.787502106279135, 5198.199999999999818 ], [ 83.95143904723227, 28.787502106279135, 5198.199999999999818 ], [ 83.951445668935776, 28.787487018853422, 5198.199999999999818 ], [ 83.951462097465992, 28.787447791546583, 5196.800000000000182 ], [ 83.951456733047962, 28.787456341087815, 5196.800000000000182 ], [ 83.951441729441285, 28.787488862872124, 5196.800000000000182 ], [ 83.951445417478681, 28.78749112598598, 5196.800000000000182 ], [ 83.951446339488029, 28.787491461262107, 5196.800000000000182 ], [ 83.95142781548202, 28.787517277523875, 5196.800000000000182 ], [ 83.951420271769166, 28.787518702447414, 5197.600000000000364 ], [ 83.951431335881352, 28.787515433505177, 5197.600000000000364 ], [ 83.951349696144462, 28.787875520065427, 5205.399999999999636 ], [ 83.9513442479074, 28.787874178960919, 5205.399999999999636 ], [ 83.951344415545464, 28.787877112627029, 5205.399999999999636 ], [ 83.951347600668669, 28.7878786213696, 5205.399999999999636 ], [ 83.95134617574513, 28.787918016314507, 5205.600000000000364 ], [ 83.951338548213243, 28.787952214479446, 5206.199999999999818 ], [ 83.95133544690907, 28.787965709343553, 5206.199999999999818 ], [ 83.951337710022926, 28.787983730435371, 5206.199999999999818 ], [ 83.95133787766099, 28.787989849224687, 5206.199999999999818 ], [ 83.951340392231941, 28.788035111501813, 5206.600000000000364 ], [ 83.9513408113271, 28.788061933591958, 5207.199999999999818 ], [ 83.951339386403561, 28.788067298009992, 5207.199999999999818 ], [ 83.951334608718753, 28.788120523095131, 5207.399999999999636 ], [ 83.95132907666266, 28.788180034607649, 5208.0 ], [ 83.951311642304063, 28.788246000185609, 5208.199999999999818 ], [ 83.951304936781526, 28.788280785083771, 5208.600000000000364 ], [ 83.95130468532443, 28.78833401016891, 5209.199999999999818 ], [ 83.95130904391408, 28.788349265232679, 5209.399999999999636 ], [ 83.95132371224463, 28.788383128121495, 5209.800000000000182 ], [ 83.951338212937117, 28.788416655734181, 5210.600000000000364 ], [ 83.951341900974512, 28.788422187790275, 5210.600000000000364 ], [ 83.951358748599887, 28.788454039022326, 5211.0 ], [ 83.95136721432209, 28.788472479209304, 5211.399999999999636 ], [ 83.951367465779185, 28.78848480060697, 5211.800000000000182 ], [ 83.951359167695045, 28.788517154753208, 5212.0 ], [ 83.951341733336449, 28.788542719557881, 5212.0 ], [ 83.951311139389873, 28.78859083168209, 5212.0 ], [ 83.951285574585199, 28.788643553853035, 5212.399999999999636 ], [ 83.951252298429608, 28.788696778938174, 5212.399999999999636 ], [ 83.951239222660661, 28.788757799193263, 5212.399999999999636 ], [ 83.951238300651312, 28.788811024278399, 5213.0 ], [ 83.951256992295384, 28.788867518305779, 5213.0 ], [ 83.951261602342129, 28.788902387022972, 5213.0 ], [ 83.951248275116086, 28.788937842473388, 5213.0 ], [ 83.95122061483562, 28.788961144164205, 5213.199999999999818 ], [ 83.951222458854318, 28.788954690098763, 5213.600000000000364 ], [ 83.95121868699789, 28.788949158042669, 5214.199999999999818 ], [ 83.951184572651982, 28.788974890485409, 5214.399999999999636 ], [ 83.951180633157492, 28.78897606395185, 5214.399999999999636 ], [ 83.951180465519428, 28.788976147770882, 5214.399999999999636 ], [ 83.951180465519428, 28.788976147770882, 5214.600000000000364 ], [ 83.951193457469344, 28.788971873000264, 5214.600000000000364 ], [ 83.951179459691048, 28.788975728675723, 5215.0 ], [ 83.951154481619596, 28.78896676003933, 5215.0 ], [ 83.951149955391884, 28.788950247690082, 5215.0 ], [ 83.951165713369846, 28.788962736725807, 5215.0 ], [ 83.951175017282367, 28.788963491097093, 5215.0 ], [ 83.951153056696057, 28.788943374529481, 5215.199999999999818 ], [ 83.951115924865007, 28.78893113695085, 5215.800000000000182 ], [ 83.951104357838631, 28.788932729512453, 5216.199999999999818 ], [ 83.951077368110418, 28.788932813331485, 5216.600000000000364 ], [ 83.951067980378866, 28.788933316245675, 5217.0 ], [ 83.951053814962506, 28.78893599845469, 5217.199999999999818 ], [ 83.951013414189219, 28.788936836645007, 5218.199999999999818 ], [ 83.951011653989553, 28.788934573531151, 5218.199999999999818 ], [ 83.950989693403244, 28.78893650136888, 5218.800000000000182 ], [ 83.950982484966516, 28.788940021768212, 5219.0 ], [ 83.950967816635966, 28.788943123072382, 5219.600000000000364 ], [ 83.950947783887386, 28.788943961262703, 5220.199999999999818 ], [ 83.950945772230625, 28.788940776139498, 5220.199999999999818 ], [ 83.950918950140476, 28.788940524682403, 5221.0 ], [ 83.950909143313766, 28.788943542167544, 5221.800000000000182 ], [ 83.950900929048657, 28.788944631814957, 5222.199999999999818 ], [ 83.950882824137807, 28.788951002061367, 5222.399999999999636 ], [ 83.950870921835303, 28.788962149992585, 5223.600000000000364 ], [ 83.950870921835303, 28.788961311802268, 5223.600000000000364 ], [ 83.950870921835303, 28.788961311802268, 5223.600000000000364 ], [ 83.950870921835303, 28.788961311802268, 5223.600000000000364 ], [ 83.950870921835303, 28.788961311802268, 5223.600000000000364 ], [ 83.950870921835303, 28.788961311802268, 5224.0 ], [ 83.950870921835303, 28.788961311802268, 5224.0 ], [ 83.950872095301747, 28.788960976526141, 5224.199999999999818 ], [ 83.950880980119109, 28.788981596007943, 5224.399999999999636 ], [ 83.9508917927742, 28.788983607664704, 5224.399999999999636 ], [ 83.950899923220277, 28.789006741717458, 5224.800000000000182 ], [ 83.95090545527637, 28.788991989567876, 5225.0 ], [ 83.950903108343482, 28.788997605443001, 5225.0 ], [ 83.950924146920443, 28.789013279601932, 5225.399999999999636 ], [ 83.950884668156505, 28.789025265723467, 5225.399999999999636 ], [ 83.95086295902729, 28.789022918790579, 5225.399999999999636 ], [ 83.95085122436285, 28.789022751152515, 5226.0 ], [ 83.950869999825954, 28.789041778072715, 5226.600000000000364 ], [ 83.95089372061193, 28.789063151925799, 5226.600000000000364 ], [ 83.950893636792898, 28.789064157754183, 5226.600000000000364 ], [ 83.950877292081714, 28.789075305685401, 5227.399999999999636 ], [ 83.950862204656005, 28.789072204381227, 5227.600000000000364 ], [ 83.95084192045033, 28.789072707295414, 5228.0 ], [ 83.950828844681382, 28.789068348705769, 5228.600000000000364 ], [ 83.950828844681382, 28.789068348705769, 5228.600000000000364 ], [ 83.950828844681382, 28.789068348705769, 5228.600000000000364 ], [ 83.950821636244655, 28.789070695638657, 5228.800000000000182 ], [ 83.950821133330464, 28.789074132218957, 5228.800000000000182 ], [ 83.950815517455339, 28.789095338433981, 5229.800000000000182 ], [ 83.950817780569196, 28.789102965965867, 5230.0 ], [ 83.950813254341483, 28.789124423637983, 5230.199999999999818 ], [ 83.950805878266692, 28.789162477478385, 5231.199999999999818 ], [ 83.950804620981216, 28.789167087525129, 5231.199999999999818 ], [ 83.950782408937812, 28.789201118052009, 5232.0 ], [ 83.950775619596243, 28.789202878251672, 5232.399999999999636 ], [ 83.950736308470368, 28.789216708391905, 5232.600000000000364 ], [ 83.950699176639318, 28.789231209084392, 5233.0 ], [ 83.950695740059018, 28.789232466369867, 5233.199999999999818 ], [ 83.950662380084395, 28.789239255711436, 5233.800000000000182 ], [ 83.950662882998586, 28.789235316216946, 5233.800000000000182 ], [ 83.950664140284061, 28.789232885465022, 5234.399999999999636 ], [ 83.950634468346834, 28.78925409168005, 5234.800000000000182 ], [ 83.950594570487738, 28.789274543523788, 5235.0 ], [ 83.950597001239657, 28.789276052266359, 5235.0 ], [ 83.950598426163197, 28.78928242251277, 5235.0 ], [ 83.950597839429975, 28.789282757788897, 5235.199999999999818 ], [ 83.950597839429975, 28.789282757788897, 5235.199999999999818 ], [ 83.950597839429975, 28.789282757788897, 5235.199999999999818 ], [ 83.950597839429975, 28.789282757788897, 5235.399999999999636 ], [ 83.95059616304934, 28.789280075579882, 5235.399999999999636 ], [ 83.95060152746737, 28.789267838001251, 5235.399999999999636 ], [ 83.950601695105433, 28.789269095286727, 5235.399999999999636 ], [ 83.950595743954182, 28.789276638999581, 5235.399999999999636 ], [ 83.95056925714016, 28.789294073358175, 5235.800000000000182 ], [ 83.950555259361863, 28.789304383099079, 5235.800000000000182 ], [ 83.950533634051681, 28.789314860478044, 5236.399999999999636 ], [ 83.950490467250347, 28.789312429726124, 5236.800000000000182 ], [ 83.950471188873053, 28.789308406412601, 5237.0 ], [ 83.950426261872053, 28.789295079186559, 5237.399999999999636 ], [ 83.950433973222971, 28.789281416684389, 5238.0 ], [ 83.950434643775225, 28.789283260703087, 5238.199999999999818 ], [ 83.950430955737829, 28.789293570443988, 5238.600000000000364 ], [ 83.950419221073389, 28.789293570443988, 5238.800000000000182 ], [ 83.950407486408949, 28.789294743910432, 5239.0 ], [ 83.950371947139502, 28.789295414462689, 5239.600000000000364 ], [ 83.950359039008617, 28.78930052742362, 5240.0 ], [ 83.950331043452024, 28.789304634556174, 5241.0 ], [ 83.950320482254028, 28.789298012852669, 5241.199999999999818 ], [ 83.950314028188586, 28.789285691455007, 5241.600000000000364 ], [ 83.950283182784915, 28.78928292542696, 5242.199999999999818 ], [ 83.950276225805283, 28.789284685626622, 5242.399999999999636 ], [ 83.9502546004951, 28.789297845214605, 5243.0 ], [ 83.950234400108457, 28.789300778880715, 5243.399999999999636 ], [ 83.950230963528156, 28.78930346108973, 5243.399999999999636 ], [ 83.950204057618976, 28.789308993145823, 5243.600000000000364 ], [ 83.950190395116806, 28.789315782487392, 5244.600000000000364 ], [ 83.950176229700446, 28.789320224896073, 5245.0 ], [ 83.950139936059713, 28.789334809407592, 5245.399999999999636 ], [ 83.950136164203286, 28.789335647597909, 5245.600000000000364 ], [ 83.950108923017979, 28.789330283179879, 5246.800000000000182 ], [ 83.950069947168231, 28.789336737245321, 5247.199999999999818 ], [ 83.950066594406962, 28.789335899055004, 5247.199999999999818 ], [ 83.950035162270069, 28.789345873519778, 5247.600000000000364 ], [ 83.950023092329502, 28.789354590699077, 5247.800000000000182 ], [ 83.949995348230004, 28.789373282343149, 5248.399999999999636 ], [ 83.949972297996283, 28.789389878511429, 5248.800000000000182 ], [ 83.949967604130507, 28.789391219615936, 5249.0 ], [ 83.949962491169572, 28.789394404739141, 5249.0 ], [ 83.949953522533178, 28.789397338405252, 5249.199999999999818 ], [ 83.949932819232345, 28.7893982604146, 5249.800000000000182 ], [ 83.94992426969111, 28.789400523528457, 5250.199999999999818 ], [ 83.949905578047037, 28.789410917088389, 5250.600000000000364 ], [ 83.949889568611979, 28.789413766935468, 5251.0 ], [ 83.949874229729176, 28.789416197687387, 5251.199999999999818 ], [ 83.949853191152215, 28.78942022100091, 5251.399999999999636 ], [ 83.949844557791948, 28.789422148838639, 5251.800000000000182 ], [ 83.949849922209978, 28.789422903209925, 5252.0 ], [ 83.9498505089432, 28.789420472458005, 5252.399999999999636 ], [ 83.949849754571915, 28.78942265175283, 5252.399999999999636 ], [ 83.949849754571915, 28.78942265175283, 5252.600000000000364 ], [ 83.949849754571915, 28.78942265175283, 5252.600000000000364 ], [ 83.949849754571915, 28.78942265175283, 5252.600000000000364 ], [ 83.949849754571915, 28.78942265175283, 5252.600000000000364 ], [ 83.949849754571915, 28.78942265175283, 5252.800000000000182 ], [ 83.949849754571915, 28.78942265175283, 5253.0 ], [ 83.949855202808976, 28.789412593469024, 5253.0 ], [ 83.949858723208308, 28.789406474679708, 5253.0 ], [ 83.949852604418993, 28.789407396689057, 5253.0 ], [ 83.949858723208308, 28.789406474679708, 5253.199999999999818 ], [ 83.949858723208308, 28.789406474679708, 5253.199999999999818 ], [ 83.949822597205639, 28.789423741400238, 5253.199999999999818 ], [ 83.949783621355891, 28.789439080283049, 5253.399999999999636 ], [ 83.94976207986474, 28.789469338953495, 5254.0 ], [ 83.949750596657395, 28.789484007284045, 5254.199999999999818 ], [ 83.94973567686975, 28.789503453299403, 5254.600000000000364 ], [ 83.949708184227347, 28.78951602615416, 5255.399999999999636 ], [ 83.949664263054729, 28.789513511583209, 5256.199999999999818 ], [ 83.949646912515163, 28.789511416107416, 5256.399999999999636 ], [ 83.949618749320507, 28.7895174510777, 5256.600000000000364 ], [ 83.949587484821677, 28.789541758596897, 5257.600000000000364 ], [ 83.949584718793631, 28.78954385407269, 5257.800000000000182 ], [ 83.949563261121511, 28.789582159370184, 5258.399999999999636 ], [ 83.949552197009325, 28.789588781073689, 5258.600000000000364 ], [ 83.949517831206322, 28.7896020244807, 5259.199999999999818 ], [ 83.949475754052401, 28.789609987288713, 5259.600000000000364 ], [ 83.949470976367593, 28.78961275331676, 5259.600000000000364 ], [ 83.949425546452403, 28.789618033915762, 5260.199999999999818 ], [ 83.949380870908499, 28.789613842964172, 5260.600000000000364 ], [ 83.949373243376613, 28.78961225040257, 5260.800000000000182 ], [ 83.949319515377283, 28.789606802165508, 5261.600000000000364 ], [ 83.949314150959253, 28.789606634527445, 5261.800000000000182 ], [ 83.949270145967603, 28.789600599557161, 5262.199999999999818 ], [ 83.949195127934217, 28.789592050015926, 5262.600000000000364 ], [ 83.949150368571281, 28.789595570415258, 5262.800000000000182 ], [ 83.949146596714854, 28.789599174633626, 5263.0 ], [ 83.949106866493821, 28.789632534608245, 5263.399999999999636 ], [ 83.94907895475626, 28.789671678096056, 5263.399999999999636 ], [ 83.949053138494492, 28.789692297577854, 5263.800000000000182 ], [ 83.949041655287147, 28.789703361690044, 5264.0 ], [ 83.949010893702507, 28.789730938151479, 5264.800000000000182 ], [ 83.948988514021039, 28.789753150194883, 5265.800000000000182 ], [ 83.948982898145914, 28.789757424965501, 5266.0 ], [ 83.94896412268281, 28.789775110781193, 5266.600000000000364 ], [ 83.948948616161942, 28.789769327268004, 5267.199999999999818 ], [ 83.948950041085482, 28.789770249277353, 5267.399999999999636 ], [ 83.948948616161942, 28.789770249277353, 5267.600000000000364 ], [ 83.948948616161942, 28.789770249277353, 5267.800000000000182 ], [ 83.948948616161942, 28.789770249277353, 5267.800000000000182 ], [ 83.948948616161942, 28.789770249277353, 5267.800000000000182 ], [ 83.948957920074463, 28.789768489077687, 5267.800000000000182 ], [ 83.948948616161942, 28.789770249277353, 5268.0 ], [ 83.948948616161942, 28.789770249277353, 5268.0 ], [ 83.948948616161942, 28.789770249277353, 5268.0 ], [ 83.948950795456767, 28.789769243448973, 5268.0 ], [ 83.948948616161942, 28.789770249277353, 5268.600000000000364 ], [ 83.948943503201008, 28.789768321439624, 5269.0 ], [ 83.948926068842411, 28.789761867374182, 5269.199999999999818 ], [ 83.948911819607019, 28.78975834697485, 5269.600000000000364 ], [ 83.948888098821044, 28.789748875424262, 5270.199999999999818 ], [ 83.948875274509192, 28.789744433015585, 5270.600000000000364 ], [ 83.948854068294168, 28.789741164073348, 5271.0 ], [ 83.948834789916873, 28.789736721664667, 5271.199999999999818 ], [ 83.94882339052856, 28.789738481864333, 5271.399999999999636 ], [ 83.948800172656775, 28.789743762463331, 5271.800000000000182 ], [ 83.948756335303187, 28.789746696129441, 5272.0 ], [ 83.94868710078299, 28.789747450500727, 5272.199999999999818 ], [ 83.948630606755614, 28.789737727493048, 5272.399999999999636 ], [ 83.948615184053779, 28.789748707786199, 5272.800000000000182 ], [ 83.948591714724898, 28.789763040840626, 5273.399999999999636 ], [ 83.948574950918555, 28.789776200428605, 5273.800000000000182 ], [ 83.948551062494516, 28.789792293682694, 5274.0 ], [ 83.948488617315888, 28.789816349744797, 5274.0 ], [ 83.948429692536592, 28.789830096066002, 5274.800000000000182 ], [ 83.94842516630888, 28.789834622293711, 5275.0 ], [ 83.948380993679166, 28.789860187098384, 5275.399999999999636 ], [ 83.948373785242438, 28.789863875135779, 5275.399999999999636 ], [ 83.948332881554961, 28.789871167391539, 5275.800000000000182 ], [ 83.948322320356965, 28.789872424677014, 5276.0 ], [ 83.948315195739269, 28.789873514324427, 5276.0 ], [ 83.948302706703544, 28.789878292009231, 5276.199999999999818 ], [ 83.948304885998368, 28.789877369999889, 5276.800000000000182 ], [ 83.948304885998368, 28.789877369999889, 5276.800000000000182 ], [ 83.948309663683176, 28.789869071915746, 5277.199999999999818 ], [ 83.948294492438436, 28.789867646992207, 5277.399999999999636 ], [ 83.948288206011057, 28.7898731790483, 5277.600000000000364 ], [ 83.948284350335598, 28.789876364171505, 5277.800000000000182 ], [ 83.948248727247119, 28.789904192090031, 5277.800000000000182 ], [ 83.948231544345617, 28.78990544937551, 5277.800000000000182 ], [ 83.948199860751629, 28.789906790480018, 5278.199999999999818 ], [ 83.948158202692866, 28.789904275909063, 5279.0 ], [ 83.948142696171999, 28.789914753288031, 5279.399999999999636 ], [ 83.948121489956975, 28.789930511265993, 5279.399999999999636 ], [ 83.948069186881185, 28.789957500994205, 5279.800000000000182 ], [ 83.948025098070502, 28.789989687502384, 5280.199999999999818 ], [ 83.94801327958703, 28.789998404681683, 5280.399999999999636 ], [ 83.947994587942958, 28.790017012506723, 5280.800000000000182 ], [ 83.947956617921591, 28.79004517570138, 5281.0 ], [ 83.947916552424431, 28.790059927850962, 5281.399999999999636 ], [ 83.947902722284198, 28.790066130459309, 5281.600000000000364 ], [ 83.947864165529609, 28.790076272562143, 5282.0 ], [ 83.947849161922932, 28.790089096873999, 5282.600000000000364 ], [ 83.947834745049477, 28.790102507919073, 5283.0 ], [ 83.94781831651926, 28.790132515132427, 5283.399999999999636 ], [ 83.947811024263501, 28.790142741054296, 5283.800000000000182 ], [ 83.94779141061008, 28.790154308080673, 5284.0 ], [ 83.947763415053487, 28.790165036916733, 5284.399999999999636 ], [ 83.947759056463838, 28.790170652791858, 5284.800000000000182 ], [ 83.947755368426442, 28.790186326950788, 5285.0 ], [ 83.947758888825774, 28.790185321122408, 5285.199999999999818 ], [ 83.947758888825774, 28.790185321122408, 5285.800000000000182 ], [ 83.947747070342302, 28.7902030069381, 5285.800000000000182 ], [ 83.94772594794631, 28.790221363306049, 5286.0 ], [ 83.947712369263172, 28.790250699967142, 5286.800000000000182 ], [ 83.947710273787379, 28.790252963080999, 5286.800000000000182 ], [ 83.947689235210419, 28.790270062163472, 5287.600000000000364 ], [ 83.947678254917264, 28.790270062163472, 5287.800000000000182 ], [ 83.947655707597733, 28.790280874818563, 5289.0 ], [ 83.947655707597733, 28.79029420204461, 5289.800000000000182 ], [ 83.947656378149986, 28.790293447673321, 5289.800000000000182 ], [ 83.947651349008083, 28.790299985557795, 5290.0 ], [ 83.947617150843143, 28.790307864546776, 5290.199999999999818 ], [ 83.947611032053828, 28.790307445451617, 5290.600000000000364 ], [ 83.947595609351993, 28.790303757414222, 5291.0 ], [ 83.947591250762343, 28.790302500128742, 5291.0 ], [ 83.947588065639138, 28.790300572291017, 5291.600000000000364 ], [ 83.947563506662846, 28.790275678038597, 5291.600000000000364 ], [ 83.947545234113932, 28.790255477651954, 5292.199999999999818 ], [ 83.94753685221076, 28.790250783786178, 5292.399999999999636 ], [ 83.947519920766354, 28.790254890918732, 5293.199999999999818 ], [ 83.947511203587055, 28.790257489308715, 5293.199999999999818 ], [ 83.947495529428124, 28.790262099355459, 5294.199999999999818 ], [ 83.9474933501333, 28.79026411101222, 5294.399999999999636 ], [ 83.947479268535972, 28.790276348590851, 5294.399999999999636 ], [ 83.947473736479878, 28.79027433693409, 5294.600000000000364 ], [ 83.947432413697243, 28.790270229801536, 5294.600000000000364 ], [ 83.947408692911267, 28.790261847898364, 5294.600000000000364 ], [ 83.947416320443153, 28.790264446288347, 5294.600000000000364 ], [ 83.947444064542651, 28.79026654176414, 5294.600000000000364 ], [ 83.947473065927625, 28.790271319448948, 5294.600000000000364 ], [ 83.947481447830796, 28.790286658331752, 5294.600000000000364 ], [ 83.947450518608093, 28.790285149589181, 5294.600000000000364 ], [ 83.947437526658177, 28.7902841437608, 5294.600000000000364 ], [ 83.947446830570698, 28.790270313620567, 5294.600000000000364 ], [ 83.947465103119612, 28.790281880646944, 5295.0 ], [ 83.947449093684554, 28.790292358025908, 5295.800000000000182 ], [ 83.947425205260515, 28.790312726050615, 5296.399999999999636 ], [ 83.947400562465191, 28.79033150151372, 5296.800000000000182 ], [ 83.947387989610434, 28.790343822911382, 5297.399999999999636 ], [ 83.947374159470201, 28.790349857881665, 5297.800000000000182 ], [ 83.94735605455935, 28.790366370230913, 5298.399999999999636 ], [ 83.947349097579718, 28.790371315553784, 5298.399999999999636 ], [ 83.947320766746998, 28.790379445999861, 5299.0 ], [ 83.947305511683226, 28.790374835953116, 5299.399999999999636 ], [ 83.947288077324629, 28.790371064096689, 5300.0 ], [ 83.947272403165698, 28.790375925600529, 5300.600000000000364 ], [ 83.947231248021126, 28.79038724116981, 5301.199999999999818 ], [ 83.94719822332263, 28.790402831509709, 5302.0 ], [ 83.947190344333649, 28.790406519547105, 5302.199999999999818 ], [ 83.947160085663199, 28.790415152907372, 5303.0 ], [ 83.947139801457524, 28.790426384657621, 5303.199999999999818 ], [ 83.947134939953685, 28.790421858429909, 5303.600000000000364 ], [ 83.947121696546674, 28.79042504355311, 5304.0 ], [ 83.947109207510948, 28.790442394092679, 5304.399999999999636 ], [ 83.947097891941667, 28.790455469861627, 5304.600000000000364 ], [ 83.947043661028147, 28.790459493175149, 5305.399999999999636 ], [ 83.947025891393423, 28.790452368557453, 5305.800000000000182 ], [ 83.947005355730653, 28.790448596701022, 5306.399999999999636 ], [ 83.947001080960035, 28.790448261424899, 5306.600000000000364 ], [ 83.946958417072892, 28.790449351072311, 5307.199999999999818 ], [ 83.946936121210456, 28.79044440574944, 5307.600000000000364 ], [ 83.946929750964046, 28.790434598922729, 5308.199999999999818 ], [ 83.946844004094601, 28.790444070473313, 5312.0 ], [ 83.946836795657873, 28.79044633358717, 5312.199999999999818 ], [ 83.946798490360379, 28.79045027308166, 5312.399999999999636 ], [ 83.94675750285387, 28.790488997474313, 5313.0 ], [ 83.946749120950699, 28.790488410741091, 5313.199999999999818 ], [ 83.946717856451869, 28.790492182597522, 5314.199999999999818 ], [ 83.94669983536005, 28.790498804301023, 5314.800000000000182 ], [ 83.946686508134007, 28.790505845099688, 5315.199999999999818 ], [ 83.946682484820485, 28.790506850928068, 5315.199999999999818 ], [ 83.946670917794108, 28.790507689118385, 5315.399999999999636 ], [ 83.946638312190771, 28.790511460974813, 5316.0 ], [ 83.946627750992775, 28.790513388812546, 5316.0 ], [ 83.946609981358051, 28.790516993030906, 5316.199999999999818 ], [ 83.946596151217818, 28.790526799857616, 5316.600000000000364 ], [ 83.946559857577085, 28.790547251701355, 5317.399999999999636 ], [ 83.946547536179423, 28.79055337049067, 5317.399999999999636 ], [ 83.946501268073916, 28.790561249479651, 5317.600000000000364 ], [ 83.94645793363452, 28.790579605847597, 5318.0 ], [ 83.946416694670916, 28.790583042427897, 5318.399999999999636 ], [ 83.946385094895959, 28.790574241429567, 5319.0 ], [ 83.946373527869582, 28.790576085448265, 5319.399999999999636 ], [ 83.946360200643539, 28.790578600019217, 5319.800000000000182 ], [ 83.946328265592456, 28.790576756000519, 5320.399999999999636 ], [ 83.94632063806057, 28.790578851476312, 5320.600000000000364 ], [ 83.946308316662908, 28.79057876765728, 5321.399999999999636 ], [ 83.946294318884611, 28.790583293884993, 5321.800000000000182 ], [ 83.946288703009486, 28.790581785142422, 5322.199999999999818 ], [ 83.946273447945714, 28.790587401017547, 5322.800000000000182 ], [ 83.946254756301641, 28.790592178702351, 5323.800000000000182 ], [ 83.946248302236199, 28.790594441816211, 5323.800000000000182 ], [ 83.946217456832528, 28.790601817891002, 5324.199999999999818 ], [ 83.946196082979441, 28.79059930332005, 5324.800000000000182 ], [ 83.946188623085618, 28.790600141510367, 5325.0 ], [ 83.946167835965753, 28.790593016892672, 5325.399999999999636 ], [ 83.946146126836538, 28.790588323026896, 5326.0 ], [ 83.946137493476272, 28.790586646646261, 5326.399999999999636 ], [ 83.946120478212833, 28.790584467351437, 5326.800000000000182 ], [ 83.946117041632533, 28.790582958608866, 5327.0 ], [ 83.946107653900981, 28.790579857304692, 5327.199999999999818 ], [ 83.946076640859246, 28.790571391582489, 5327.399999999999636 ], [ 83.946039425209165, 28.790564937517047, 5328.199999999999818 ], [ 83.946032635867596, 28.790564266964793, 5328.399999999999636 ], [ 83.9460030477494, 28.790558064356446, 5328.600000000000364 ], [ 83.945969101041555, 28.790560243651271, 5329.0 ], [ 83.945952756330371, 28.790556220337749, 5329.399999999999636 ], [ 83.945940434932709, 28.79055630415678, 5329.800000000000182 ], [ 83.945919815450907, 28.790566362440583, 5330.600000000000364 ], [ 83.945903051644564, 28.790573822334409, 5330.800000000000182 ], [ 83.945868350565434, 28.790590586140752, 5331.600000000000364 ], [ 83.945837588980794, 28.790612546727061, 5332.600000000000364 ], [ 83.945825351402164, 28.790622437372804, 5332.600000000000364 ], [ 83.945806408300996, 28.790631489828229, 5333.199999999999818 ], [ 83.945760810747743, 28.79064473323524, 5333.399999999999636 ], [ 83.945737928152084, 28.790650852024555, 5333.399999999999636 ], [ 83.945675818249583, 28.790666861459613, 5333.600000000000364 ], [ 83.945666765794158, 28.790670465677977, 5333.800000000000182 ], [ 83.945612283423543, 28.790684463456273, 5334.199999999999818 ], [ 83.945560483261943, 28.79069703631103, 5334.399999999999636 ], [ 83.945530811324716, 28.790707513689995, 5334.399999999999636 ], [ 83.945507677271962, 28.790715476498008, 5334.800000000000182 ], [ 83.945495272055268, 28.790720924735069, 5335.199999999999818 ], [ 83.945481106638908, 28.790729725733399, 5335.800000000000182 ], [ 83.945457637310028, 28.790735425427556, 5336.399999999999636 ], [ 83.945443388074636, 28.790753949433565, 5337.0 ], [ 83.945441208779812, 28.790757050737739, 5337.199999999999818 ], [ 83.945409776642919, 28.790780017152429, 5337.399999999999636 ], [ 83.945402065292001, 28.790783369913697, 5337.800000000000182 ], [ 83.945395024493337, 28.790783537551761, 5337.800000000000182 ], [ 83.945359904319048, 28.790817065164447, 5338.0 ], [ 83.945298967882991, 28.790860148146749, 5338.0 ], [ 83.945255214348435, 28.790875654667616, 5338.600000000000364 ], [ 83.945238115265965, 28.790879091247916, 5338.600000000000364 ], [ 83.945222441107035, 28.790883282199506, 5339.0 ], [ 83.945212969556451, 28.790883868932724, 5339.399999999999636 ], [ 83.945194026455283, 28.790884790942073, 5339.800000000000182 ], [ 83.945190254598856, 28.790884539484978, 5340.0 ], [ 83.945182962343097, 28.790883617475629, 5340.199999999999818 ], [ 83.945154380053282, 28.79088269546628, 5340.800000000000182 ], [ 83.945145662873983, 28.790881605818868, 5341.199999999999818 ], [ 83.94512303173542, 28.790878755971789, 5342.199999999999818 ], [ 83.945114817470312, 28.790880097076297, 5342.199999999999818 ], [ 83.945087492465973, 28.790887305513024, 5342.800000000000182 ], [ 83.945046085864305, 28.790893843397495, 5343.0 ], [ 83.945033429190516, 28.790892167016864, 5343.199999999999818 ], [ 83.945028651505709, 28.790892250835896, 5343.600000000000364 ], [ 83.945001577958465, 28.790902895852923, 5344.399999999999636 ], [ 83.944988334551454, 28.790907757356763, 5344.399999999999636 ], [ 83.944963524118066, 28.79091622307897, 5345.0 ], [ 83.944938546046615, 28.790913708508015, 5345.399999999999636 ], [ 83.944926643744111, 28.790907924994823, 5345.399999999999636 ], [ 83.944890853017569, 28.79090029746294, 5346.0 ], [ 83.944876436144114, 28.79089786671102, 5346.399999999999636 ], [ 83.94483033567667, 28.790890825912356, 5347.0 ], [ 83.944790856912732, 28.790896274149414, 5347.199999999999818 ], [ 83.944771829992533, 28.790894346311688, 5347.399999999999636 ], [ 83.944733021780849, 28.790894346311688, 5348.0 ], [ 83.944718521088362, 28.790892334654927, 5348.600000000000364 ], [ 83.944698655977845, 28.79089493304491, 5349.199999999999818 ], [ 83.944670995697379, 28.790892921388149, 5349.600000000000364 ], [ 83.944644341245294, 28.790901135653257, 5350.199999999999818 ], [ 83.944626906886697, 28.790906248614192, 5350.600000000000364 ], [ 83.944596732035279, 28.790913205593824, 5351.399999999999636 ], [ 83.944582231342793, 28.790917648002505, 5351.800000000000182 ], [ 83.944552894681692, 28.790935920551419, 5352.399999999999636 ], [ 83.94452347420156, 28.790950002148747, 5352.800000000000182 ], [ 83.944516098126769, 28.790954612195492, 5353.199999999999818 ], [ 83.944495981559157, 28.790966682136059, 5353.800000000000182 ], [ 83.944475864991546, 28.790984787046909, 5354.600000000000364 ], [ 83.944470584392548, 28.790987972170115, 5355.0 ], [ 83.944446193054318, 28.791015297174457, 5356.0 ], [ 83.944444349035621, 28.791026109829545, 5356.399999999999636 ], [ 83.944405037909746, 28.791045220568776, 5356.600000000000364 ], [ 83.944352986291051, 28.791063744574785, 5356.600000000000364 ], [ 83.944315686821938, 28.791078496724367, 5357.0 ], [ 83.944303868338466, 28.79108989611268, 5357.399999999999636 ], [ 83.94427034072578, 28.791115963831544, 5358.0 ], [ 83.944233041256666, 28.791148150339723, 5358.399999999999636 ], [ 83.944206554442644, 28.791179414838552, 5359.199999999999818 ], [ 83.944196663796902, 28.791190898045897, 5359.199999999999818 ], [ 83.944183168932796, 28.791223000735044, 5359.800000000000182 ], [ 83.944180486723781, 28.791242362931371, 5360.199999999999818 ], [ 83.944174870848656, 28.791252169758081, 5360.600000000000364 ], [ 83.944162297993898, 28.79127848893404, 5361.0 ], [ 83.944155927747488, 28.791290894150738, 5361.199999999999818 ], [ 83.94412575289607, 28.791303969919682, 5361.800000000000182 ], [ 83.94409297965467, 28.791305562481284, 5362.199999999999818 ], [ 83.944081161171198, 28.791301539167758, 5362.600000000000364 ], [ 83.944040341302752, 28.791302880272269, 5363.199999999999818 ], [ 83.944030115380883, 28.791311094537377, 5363.600000000000364 ], [ 83.944004718214273, 28.791357027366757, 5364.0 ], [ 83.944001784548163, 28.791359458118677, 5364.0 ], [ 83.943987116217613, 28.791364822536707, 5364.399999999999636 ], [ 83.943909080699086, 28.791390638798475, 5364.800000000000182 ], [ 83.943866584450006, 28.791417125612497, 5364.800000000000182 ], [ 83.943808581680059, 28.791434392333031, 5365.399999999999636 ], [ 83.943791817873716, 28.791435230523348, 5365.800000000000182 ], [ 83.943718811497092, 28.791457107290626, 5365.800000000000182 ], [ 83.943666256964207, 28.791504884138703, 5365.800000000000182 ], [ 83.943636585026979, 28.791533885523677, 5365.800000000000182 ], [ 83.943615043535829, 28.791571520268917, 5365.800000000000182 ], [ 83.943526865914464, 28.791640670970079, 5365.800000000000182 ], [ 83.943443046882749, 28.79168551415205, 5365.800000000000182 ], [ 83.943407172337174, 28.791672522202138, 5366.0 ], [ 83.943366771563888, 28.791657770052552, 5366.0 ], [ 83.94331949763, 28.791658272966743, 5366.0 ], [ 83.943306589499116, 28.791660284623504, 5366.0 ], [ 83.943289993330836, 28.791664894670248, 5366.0 ], [ 83.94327599555254, 28.791667660698295, 5366.399999999999636 ], [ 83.943265518173575, 28.791667157784104, 5366.399999999999636 ], [ 83.943248502910137, 28.79165492020547, 5367.0 ], [ 83.943250346928835, 28.79165492020547, 5367.199999999999818 ], [ 83.943250346928835, 28.79165492020547, 5367.600000000000364 ], [ 83.94322813488543, 28.791654501110315, 5367.600000000000364 ], [ 83.94317583180964, 28.791651902720332, 5367.600000000000364 ], [ 83.943166024982929, 28.791645113378763, 5368.600000000000364 ], [ 83.943169377744198, 28.791642095893621, 5368.600000000000364 ], [ 83.943162672221661, 28.7916449457407, 5368.600000000000364 ], [ 83.943162672221661, 28.7916449457407, 5368.800000000000182 ], [ 83.943162672221661, 28.7916449457407, 5369.0 ], [ 83.943162672221661, 28.7916449457407, 5369.0 ], [ 83.943162756040692, 28.791647041216493, 5369.199999999999818 ], [ 83.943107519298792, 28.791645113378763, 5369.199999999999818 ], [ 83.94301850348711, 28.791638910770416, 5369.399999999999636 ], [ 83.942941557615995, 28.791624158620831, 5369.399999999999636 ], [ 83.942914986982942, 28.791614519432187, 5369.800000000000182 ], [ 83.942919597029686, 28.791613848879933, 5369.800000000000182 ], [ 83.942919513210654, 28.791614267975092, 5369.800000000000182 ], [ 83.942919513210654, 28.791614267975092, 5369.800000000000182 ], [ 83.942919513210654, 28.791614267975092, 5369.800000000000182 ], [ 83.942919513210654, 28.791614267975092, 5370.0 ], [ 83.942919513210654, 28.791614267975092, 5370.600000000000364 ], [ 83.942919513210654, 28.791614267975092, 5370.600000000000364 ], [ 83.942873245105147, 28.791599599644542, 5370.800000000000182 ], [ 83.942835358902812, 28.791570430621505, 5370.800000000000182 ], [ 83.942829994484782, 28.79156582057476, 5371.0 ], [ 83.942797724157572, 28.791549475863576, 5371.800000000000182 ], [ 83.94279127009213, 28.791549559682608, 5372.0 ], [ 83.94275464117527, 28.791524833068252, 5373.0 ], [ 83.942748438566923, 28.79151645116508, 5373.199999999999818 ], [ 83.942723628133535, 28.791492898017168, 5373.399999999999636 ], [ 83.942711642012, 28.791483510285616, 5373.600000000000364 ], [ 83.942673839628696, 28.791462387889624, 5373.600000000000364 ], [ 83.942685155197978, 28.791472194716334, 5373.800000000000182 ], [ 83.942709630355239, 28.791483258828521, 5374.399999999999636 ], [ 83.942710887640715, 28.79148418083787, 5375.199999999999818 ], [ 83.942704433575273, 28.791478145867583, 5375.399999999999636 ], [ 83.942645257338881, 28.79144998267293, 5378.800000000000182 ], [ 83.942638719454408, 28.791455598548055, 5379.399999999999636 ], [ 83.942598151043057, 28.791441433131695, 5379.399999999999636 ], [ 83.942577783018351, 28.791439589112997, 5379.800000000000182 ], [ 83.942537633702159, 28.791448809206489, 5379.800000000000182 ], [ 83.942508632317185, 28.791449898853894, 5380.0 ], [ 83.94244434311986, 28.791430536657572, 5380.399999999999636 ], [ 83.942398661747575, 28.791420394554734, 5380.600000000000364 ], [ 83.942369911819696, 28.791415197774768, 5381.0 ], [ 83.942362368106842, 28.791413102298975, 5381.199999999999818 ], [ 83.942327247932553, 28.791411174461249, 5381.800000000000182 ], [ 83.942304281517863, 28.791414024308324, 5382.199999999999818 ], [ 83.942274944856763, 28.791418969631195, 5383.0 ], [ 83.942252062261105, 28.791425339877605, 5383.399999999999636 ], [ 83.94220688380301, 28.791438499465585, 5383.600000000000364 ], [ 83.942157346755266, 28.79146465100348, 5384.600000000000364 ], [ 83.942147539928555, 28.791465656831861, 5384.800000000000182 ], [ 83.942103954032063, 28.79149708896875, 5385.600000000000364 ], [ 83.942095404490829, 28.791500106453896, 5385.800000000000182 ], [ 83.942032791674137, 28.791532795876265, 5386.600000000000364 ], [ 83.941981242969632, 28.79156238399446, 5386.600000000000364 ], [ 83.941947547718883, 28.791599767282605, 5386.800000000000182 ], [ 83.941907063126564, 28.791643436998129, 5387.800000000000182 ], [ 83.941873451694846, 28.791669001802799, 5388.0 ], [ 83.941827015951276, 28.791728848591447, 5388.399999999999636 ], [ 83.941805893555284, 28.791755251586437, 5388.800000000000182 ], [ 83.941768007352948, 28.791780145838857, 5389.399999999999636 ], [ 83.941717548295856, 28.791843932121992, 5389.399999999999636 ], [ 83.941664407029748, 28.791905036196113, 5389.399999999999636 ], [ 83.941655522212386, 28.791938312351704, 5389.399999999999636 ], [ 83.941645128652453, 28.791966140270233, 5389.399999999999636 ], [ 83.941592238843441, 28.79205884411931, 5389.399999999999636 ], [ 83.941525602713227, 28.792148530483249, 5389.199999999999818 ], [ 83.941457206383348, 28.792242156341672, 5389.0 ], [ 83.94143826328218, 28.792259590700269, 5388.600000000000364 ], [ 83.94139182753861, 28.792310720309615, 5388.199999999999818 ], [ 83.941367771476507, 28.792385905981064, 5387.800000000000182 ], [ 83.941362909972668, 28.792397137731314, 5387.800000000000182 ], [ 83.941348493099213, 28.79241649992764, 5387.800000000000182 ], [ 83.941308343783021, 28.792471569031477, 5387.600000000000364 ], [ 83.941276827827096, 28.792497050017118, 5387.199999999999818 ], [ 83.941254448145628, 28.792524542659521, 5386.399999999999636 ], [ 83.941254699602723, 28.792538456618782, 5386.199999999999818 ], [ 83.9412403665483, 28.792579527944326, 5385.399999999999636 ], [ 83.941241540014744, 28.792599141597748, 5385.0 ], [ 83.941251849755645, 28.792647086083889, 5384.199999999999818 ], [ 83.941244557499886, 28.792693270370364, 5384.0 ], [ 83.941231230273843, 28.792749848216772, 5383.199999999999818 ], [ 83.941214634105563, 28.792783878743649, 5383.199999999999818 ], [ 83.941120924428105, 28.792870715260506, 5383.199999999999818 ], [ 83.941021095961332, 28.792877001687884, 5383.199999999999818 ], [ 83.940953370183706, 28.792898375540972, 5383.199999999999818 ], [ 83.940911460667849, 28.792902231216431, 5383.199999999999818 ], [ 83.940903497859836, 28.792905667796731, 5383.399999999999636 ], [ 83.940848596394062, 28.792927376925945, 5383.800000000000182 ], [ 83.940802328288555, 28.792949924245477, 5384.199999999999818 ], [ 83.940786989405751, 28.79295352846384, 5384.199999999999818 ], [ 83.940765280276537, 28.79296492785215, 5384.800000000000182 ], [ 83.940724208950996, 28.792975824326277, 5385.399999999999636 ], [ 83.940718006342649, 28.792978841811419, 5385.399999999999636 ], [ 83.940689088776708, 28.792980434373021, 5386.199999999999818 ], [ 83.940689088776708, 28.792980434373021, 5386.199999999999818 ], [ 83.940658075734973, 28.792986804619431, 5386.399999999999636 ], [ 83.940604515373707, 28.793029468506575, 5386.800000000000182 ], [ 83.940578615292907, 28.793056542053819, 5387.399999999999636 ], [ 83.940565874800086, 28.79306685179472, 5387.600000000000364 ], [ 83.940550368279219, 28.79309082403779, 5387.800000000000182 ], [ 83.940545087680221, 28.793106665834785, 5388.0 ], [ 83.940541986376047, 28.793109096586704, 5388.199999999999818 ], [ 83.940517092123628, 28.793132901191711, 5388.600000000000364 ], [ 83.94048985093832, 28.79315285012126, 5389.0 ], [ 83.940421370789409, 28.793176235631108, 5389.600000000000364 ], [ 83.940415168181062, 28.793180007487535, 5389.600000000000364 ], [ 83.940358757972717, 28.793219737708569, 5390.199999999999818 ], [ 83.940323051065207, 28.793242368847132, 5390.800000000000182 ], [ 83.940300503745675, 28.793257037177678, 5391.0 ], [ 83.940225401893258, 28.793285619467497, 5391.399999999999636 ], [ 83.940145689994097, 28.793336916714907, 5391.399999999999636 ], [ 83.94013755954802, 28.793342113494873, 5391.399999999999636 ], [ 83.940108055248857, 28.7933649122715, 5391.800000000000182 ], [ 83.940083160996437, 28.793386202305555, 5392.199999999999818 ], [ 83.940044855698943, 28.793410928919911, 5392.600000000000364 ], [ 83.940024403855205, 28.793417047709227, 5392.800000000000182 ], [ 83.940012753009796, 28.793418304994702, 5392.800000000000182 ], [ 83.939948547631502, 28.793441774323583, 5393.600000000000364 ], [ 83.939926000311971, 28.793447557836771, 5394.0 ], [ 83.939888197928667, 28.79345610737801, 5394.399999999999636 ], [ 83.9398277644068, 28.793475804850459, 5395.199999999999818 ], [ 83.939819047227502, 28.793480079621077, 5395.399999999999636 ], [ 83.939759284257889, 28.793512098491192, 5396.0 ], [ 83.939737072214484, 28.793517965823412, 5396.399999999999636 ], [ 83.939676973968744, 28.793533220887184, 5396.800000000000182 ], [ 83.939657025039196, 28.793544033542275, 5397.399999999999636 ], [ 83.939660964533687, 28.793542524799705, 5397.800000000000182 ], [ 83.939668675884604, 28.793538082391024, 5397.800000000000182 ], [ 83.939668675884604, 28.793538082391024, 5397.800000000000182 ], [ 83.939668675884604, 28.793538082391024, 5397.800000000000182 ], [ 83.939668675884604, 28.793538082391024, 5397.800000000000182 ], [ 83.939668675884604, 28.793538082391024, 5397.800000000000182 ], [ 83.939668675884604, 28.793538082391024, 5397.800000000000182 ], [ 83.939668675884604, 28.793538082391024, 5397.800000000000182 ], [ 83.939668675884604, 28.793538082391024, 5397.800000000000182 ], [ 83.939633052796125, 28.793547889217734, 5397.800000000000182 ], [ 83.93956339918077, 28.793578064069152, 5397.800000000000182 ], [ 83.939475389197469, 28.793588122352961, 5397.800000000000182 ], [ 83.939433228224516, 28.79359214566648, 5398.600000000000364 ], [ 83.939360389485955, 28.793599102646112, 5399.199999999999818 ], [ 83.939332058653235, 28.793609496206045, 5399.800000000000182 ], [ 83.939322754740715, 28.793609412387013, 5400.0 ], [ 83.939318563789129, 28.79361167550087, 5400.399999999999636 ], [ 83.939318563789129, 28.79361167550087, 5400.399999999999636 ], [ 83.939318563789129, 28.79361167550087, 5400.600000000000364 ], [ 83.939318479970098, 28.793613351881504, 5400.800000000000182 ], [ 83.939303560182452, 28.793613603338599, 5401.399999999999636 ], [ 83.939206162467599, 28.79361460916698, 5401.600000000000364 ], [ 83.939082948490977, 28.793589966371655, 5401.800000000000182 ], [ 83.93903911113739, 28.793569849804044, 5401.800000000000182 ], [ 83.939012540504336, 28.793559540063143, 5401.800000000000182 ], [ 83.938997033983469, 28.793553756549951, 5402.199999999999818 ], [ 83.938997117802501, 28.793553840368983, 5402.800000000000182 ], [ 83.938997117802501, 28.793553840368983, 5403.0 ], [ 83.938972055912018, 28.793547637760639, 5403.0 ], [ 83.938939366489649, 28.793534813448787, 5403.0 ], [ 83.938895612955093, 28.793494161218405, 5403.0 ], [ 83.938912963494658, 28.793497765436769, 5402.800000000000182 ], [ 83.938916902989149, 28.793499525636435, 5402.199999999999818 ], [ 83.938908604905009, 28.793518384918571, 5402.199999999999818 ], [ 83.938887482509017, 28.793521570041776, 5402.199999999999818 ], [ 83.938859486952424, 28.793524252250791, 5402.199999999999818 ], [ 83.938753539696336, 28.793509416282177, 5402.199999999999818 ], [ 83.938741888850927, 28.793506398797035, 5402.199999999999818 ], [ 83.938708947971463, 28.793498268350959, 5402.0 ], [ 83.93870978616178, 28.793499190360308, 5402.0 ], [ 83.938708193600178, 28.793513104319572, 5402.0 ], [ 83.938687071204185, 28.793506482616067, 5402.0 ], [ 83.938657650724053, 28.793513774871823, 5402.0 ], [ 83.938607107847929, 28.79355970770121, 5401.800000000000182 ], [ 83.938589170575142, 28.793645789846774, 5401.399999999999636 ], [ 83.938579196110368, 28.793674791231751, 5401.199999999999818 ], [ 83.938570311293006, 28.793680826202035, 5401.0 ], [ 83.938575005158782, 28.793673114851117, 5401.0 ], [ 83.938564779236913, 28.793656434863809, 5400.800000000000182 ], [ 83.9385568164289, 28.793662386015058, 5400.399999999999636 ], [ 83.938541477546096, 28.793687699362636, 5400.199999999999818 ], [ 83.938502417877316, 28.793771183118224, 5400.199999999999818 ], [ 83.938500238582492, 28.793781911954284, 5399.600000000000364 ], [ 83.938472410663962, 28.793880064040422, 5398.600000000000364 ], [ 83.93845715560019, 28.793920800089836, 5397.399999999999636 ], [ 83.93844491802156, 28.79394250921905, 5397.0 ], [ 83.93842781893909, 28.794000931084156, 5396.399999999999636 ], [ 83.938380964100361, 28.794078882783651, 5395.199999999999818 ], [ 83.938366547226906, 28.794096484780312, 5395.0 ], [ 83.938323464244604, 28.794161444529891, 5394.399999999999636 ], [ 83.93831348977983, 28.794182566925883, 5394.199999999999818 ], [ 83.938272083178163, 28.794232020154595, 5393.199999999999818 ], [ 83.938223300501704, 28.794260937720537, 5393.0 ], [ 83.938184073194861, 28.794283233582973, 5392.800000000000182 ], [ 83.938138308003545, 28.794315000995994, 5392.399999999999636 ], [ 83.938121292740107, 28.794330675154924, 5392.0 ], [ 83.938033785670996, 28.794373674318191, 5392.0 ], [ 83.937958180904388, 28.794376356527209, 5391.399999999999636 ], [ 83.937928257510066, 28.794385325163603, 5390.800000000000182 ], [ 83.937831278890371, 28.794433772563934, 5390.199999999999818 ], [ 83.937742849811912, 28.794449027627707, 5389.800000000000182 ], [ 83.937727762386203, 28.794447099789977, 5389.800000000000182 ], [ 83.937651738524437, 28.794465539976951, 5388.600000000000364 ], [ 83.937614355236292, 28.794505437836051, 5387.399999999999636 ], [ 83.937606476247311, 28.794513568282127, 5387.199999999999818 ], [ 83.937587114050984, 28.794546760618687, 5386.399999999999636 ], [ 83.93754243850708, 28.794591939076781, 5385.399999999999636 ], [ 83.937531122937799, 28.79460233263671, 5385.199999999999818 ], [ 83.937470270320773, 28.794643990695477, 5384.800000000000182 ], [ 83.937393827363849, 28.794677685946223, 5384.0 ], [ 83.937354097142816, 28.794686403125525, 5383.600000000000364 ], [ 83.937261644750834, 28.794723115861416, 5383.199999999999818 ], [ 83.937246473506093, 28.794732252135873, 5383.199999999999818 ], [ 83.937239684164524, 28.794740214943889, 5382.800000000000182 ], [ 83.937196936458349, 28.794762929901481, 5381.800000000000182 ], [ 83.937188470736146, 28.794764019548893, 5381.399999999999636 ], [ 83.937143962830305, 28.794773239642382, 5380.800000000000182 ], [ 83.937111273407936, 28.794798720628023, 5380.199999999999818 ], [ 83.937090570107102, 28.794817999005321, 5379.600000000000364 ], [ 83.937047151848674, 28.794848509132866, 5378.600000000000364 ], [ 83.937038015574217, 28.794851275160909, 5378.399999999999636 ], [ 83.936983617022634, 28.794889999553561, 5377.199999999999818 ], [ 83.936947323381901, 28.794909948483109, 5376.600000000000364 ], [ 83.936921171844006, 28.79492151550949, 5376.199999999999818 ], [ 83.936863923445344, 28.794964347034693, 5375.399999999999636 ], [ 83.936856128275394, 28.79497105255723, 5375.199999999999818 ], [ 83.9367850497365, 28.795008352026343, 5374.600000000000364 ], [ 83.936746409162879, 28.795030480250716, 5373.800000000000182 ], [ 83.936706008389592, 28.795048920437697, 5372.600000000000364 ], [ 83.936683963984251, 28.795057972893119, 5372.399999999999636 ], [ 83.93661355599761, 28.79509468562901, 5371.600000000000364 ], [ 83.936573406681418, 28.795122765004635, 5371.199999999999818 ], [ 83.936461172997952, 28.79518554545939, 5370.800000000000182 ], [ 83.936349945142865, 28.795236591249704, 5370.600000000000364 ], [ 83.936335612088442, 28.795230975374579, 5370.399999999999636 ], [ 83.936259169131517, 28.795214546844363, 5369.199999999999818 ], [ 83.936246512457728, 28.795214043930173, 5369.0 ], [ 83.936134949326515, 28.795210607349873, 5368.199999999999818 ], [ 83.936072671785951, 28.795223012566566, 5367.600000000000364 ], [ 83.936035707592964, 28.795233657583591, 5367.199999999999818 ], [ 83.93597049638629, 28.795222593471408, 5366.800000000000182 ], [ 83.935934705659747, 28.795205745846033, 5366.399999999999636 ], [ 83.935929592698812, 28.795204320922497, 5366.0 ], [ 83.935914589092135, 28.795211026445031, 5365.0 ], [ 83.935829848051071, 28.795217648148537, 5364.800000000000182 ], [ 83.935740580782294, 28.795236339792609, 5363.800000000000182 ], [ 83.935713339596987, 28.7952402792871, 5363.800000000000182 ], [ 83.935617450624704, 28.795217899605632, 5362.800000000000182 ], [ 83.935498092323542, 28.79519141279161, 5361.800000000000182 ], [ 83.93548141233623, 28.795187054201961, 5361.800000000000182 ], [ 83.935332465916872, 28.795190574601293, 5361.399999999999636 ], [ 83.935272032395005, 28.795202057808641, 5361.199999999999818 ], [ 83.935191733762622, 28.795222006738182, 5361.199999999999818 ], [ 83.935093162581325, 28.795253438875079, 5361.0 ], [ 83.935028286650777, 28.795273639261723, 5360.600000000000364 ], [ 83.934995345771313, 28.79528964869678, 5360.399999999999636 ], [ 83.934924434870481, 28.79529015161097, 5359.600000000000364 ], [ 83.934897109866142, 28.79528570920229, 5359.199999999999818 ], [ 83.934825947508216, 28.795298030599952, 5358.399999999999636 ], [ 83.934806836768985, 28.795299706980582, 5358.399999999999636 ], [ 83.934810189530253, 28.79531160928309, 5358.399999999999636 ], [ 83.934787809848785, 28.795323595404625, 5358.199999999999818 ], [ 83.934742128476501, 28.795326948165897, 5357.399999999999636 ], [ 83.934696698561311, 28.795347567647696, 5357.0 ], [ 83.934600809589028, 28.795398026704788, 5356.399999999999636 ], [ 83.934568539261818, 28.795397523790601, 5356.199999999999818 ], [ 83.934503244236112, 28.795390734449029, 5355.199999999999818 ], [ 83.934480110183358, 28.795391488820311, 5354.800000000000182 ], [ 83.934390004724264, 28.795433482155204, 5354.199999999999818 ], [ 83.934320518746972, 28.795463740825653, 5353.399999999999636 ], [ 83.93429746851325, 28.79547287710011, 5353.199999999999818 ], [ 83.934286572039127, 28.795475643128157, 5353.199999999999818 ], [ 83.934205267578363, 28.795495089143515, 5352.0 ], [ 83.934192191809416, 28.795494586229324, 5351.800000000000182 ], [ 83.934131087735295, 28.795507410541177, 5351.0 ], [ 83.934086998924613, 28.795522162690759, 5349.800000000000182 ], [ 83.934006197378039, 28.795552253723145, 5348.800000000000182 ], [ 83.933985577896237, 28.795552756637335, 5348.399999999999636 ], [ 83.933960432186723, 28.795542363077399, 5347.800000000000182 ], [ 83.933927658945322, 28.795532304793596, 5346.600000000000364 ], [ 83.933898322284222, 28.79553833976388, 5345.800000000000182 ], [ 83.933890527114272, 28.795546470209956, 5345.600000000000364 ], [ 83.933866303414106, 28.79555937834084, 5345.399999999999636 ], [ 83.933802265673876, 28.79557647742331, 5344.600000000000364 ], [ 83.933767480775714, 28.795591983944178, 5344.199999999999818 ], [ 83.933705287054181, 28.795608663931489, 5343.600000000000364 ], [ 83.933664886280894, 28.79561604000628, 5343.199999999999818 ], [ 83.933588359504938, 28.79561117850244, 5342.399999999999636 ], [ 83.933549718931317, 28.795600784942508, 5341.199999999999818 ], [ 83.933507641777396, 28.795605981722471, 5340.399999999999636 ], [ 83.93347704783082, 28.795611932873729, 5340.199999999999818 ], [ 83.933441257104278, 28.79561604000628, 5339.199999999999818 ], [ 83.933432539924979, 28.795614279806617, 5339.0 ], [ 83.933371603488922, 28.795612184330821, 5338.0 ], [ 83.93335148692131, 28.795625595375896, 5337.800000000000182 ], [ 83.933318881317973, 28.795645628124475, 5336.800000000000182 ], [ 83.933312678709626, 28.795648980885744, 5336.600000000000364 ], [ 83.933286191895604, 28.795662727206945, 5335.800000000000182 ], [ 83.933270769193769, 28.795667001977563, 5335.399999999999636 ], [ 83.933253921568394, 28.795663565397263, 5334.800000000000182 ], [ 83.933246294036508, 28.795659709721804, 5334.600000000000364 ], [ 83.933212431147695, 28.795634983107448, 5333.800000000000182 ], [ 83.933210335671902, 28.795630875974897, 5333.600000000000364 ], [ 83.933171862736344, 28.795595336705446, 5332.399999999999636 ], [ 83.933166163042188, 28.79559307359159, 5332.199999999999818 ], [ 83.933151997625828, 28.795579830184579, 5331.399999999999636 ], [ 83.933154596015811, 28.795579578727484, 5331.199999999999818 ], [ 83.933148477226496, 28.795541943982244, 5330.600000000000364 ], [ 83.933137580752373, 28.79554177634418, 5330.399999999999636 ], [ 83.933100868016481, 28.795543788000941, 5329.199999999999818 ], [ 83.933096006512642, 28.79554521292448, 5329.0 ], [ 83.933036746457219, 28.795553594827652, 5328.199999999999818 ], [ 83.933025430887938, 28.795540267601609, 5327.0 ], [ 83.93300992436707, 28.795544626191258, 5326.399999999999636 ], [ 83.93297815695405, 28.795549822971225, 5326.0 ], [ 83.932941276580095, 28.79552710801363, 5325.0 ], [ 83.932931888848543, 28.795529957860708, 5324.800000000000182 ], [ 83.932895176112652, 28.795543201267719, 5324.0 ], [ 83.932889644056559, 28.795545464381576, 5323.600000000000364 ], [ 83.932876568287611, 28.795549152418971, 5322.800000000000182 ], [ 83.932849746197462, 28.795556277036667, 5322.600000000000364 ], [ 83.932804400101304, 28.795568263158199, 5321.800000000000182 ], [ 83.932787301018834, 28.795579662546515, 5321.600000000000364 ], [ 83.932725107297301, 28.795628780499101, 5320.800000000000182 ], [ 83.932680012658238, 28.795602964237332, 5319.600000000000364 ], [ 83.932629134505987, 28.795572957023978, 5318.399999999999636 ], [ 83.932621506974101, 28.795562898740172, 5318.399999999999636 ], [ 83.932576663792133, 28.795492155477405, 5318.0 ], [ 83.932566186413169, 28.79549341276288, 5318.0 ], [ 83.932521259412169, 28.795491065829992, 5317.600000000000364 ], [ 83.93250809982419, 28.795485198497772, 5317.399999999999636 ], [ 83.932419754564762, 28.795477319508791, 5317.199999999999818 ], [ 83.932340377941728, 28.795481342822313, 5316.199999999999818 ], [ 83.932328475639224, 28.795479666441679, 5316.0 ], [ 83.932304503396153, 28.795469608157873, 5315.199999999999818 ], [ 83.932276340201497, 28.795461561530828, 5314.600000000000364 ], [ 83.932265443727374, 28.795464411377907, 5314.199999999999818 ], [ 83.932219762355089, 28.79546700976789, 5313.399999999999636 ], [ 83.932219929993153, 28.795466842129827, 5313.199999999999818 ], [ 83.932206854224205, 28.79546407610178, 5312.800000000000182 ], [ 83.932148180902004, 28.795468686148524, 5311.800000000000182 ], [ 83.932113479822874, 28.795471703633662, 5310.600000000000364 ], [ 83.932083724066615, 28.795495927333832, 5309.600000000000364 ], [ 83.932049944996834, 28.795507661998272, 5309.0 ], [ 83.932049190625548, 28.795495592057705, 5308.600000000000364 ], [ 83.932051537558436, 28.795489808544517, 5308.399999999999636 ], [ 83.932059751823545, 28.795461058616642, 5307.199999999999818 ], [ 83.932078359648585, 28.795426022261381, 5306.199999999999818 ], [ 83.9320585783571, 28.795421160757542, 5305.600000000000364 ], [ 83.932039551436901, 28.795421412214637, 5305.199999999999818 ], [ 83.931957995519042, 28.79543473944068, 5305.199999999999818 ], [ 83.931855568662286, 28.795446641743183, 5305.199999999999818 ], [ 83.931844504550099, 28.79545041359961, 5305.199999999999818 ], [ 83.931767307221889, 28.795447815209627, 5305.199999999999818 ], [ 83.931744927540421, 28.795445719733831, 5305.199999999999818 ], [ 83.931686086580157, 28.795441025868055, 5305.800000000000182 ], [ 83.93166865222156, 28.795441864058375, 5306.199999999999818 ], [ 83.931618025526404, 28.795442786067724, 5306.800000000000182 ], [ 83.931601261720061, 28.795443875715137, 5306.800000000000182 ], [ 83.931566476821899, 28.795445384457707, 5307.0 ], [ 83.931543510407209, 28.795448904857039, 5307.199999999999818 ], [ 83.931532194837928, 28.795449156314135, 5307.199999999999818 ], [ 83.931502522900701, 28.795452509075403, 5307.399999999999636 ], [ 83.931500343605876, 28.795452509075403, 5307.399999999999636 ], [ 83.931500343605876, 28.795452509075403, 5307.399999999999636 ], [ 83.931500511243939, 28.795465668663383, 5307.399999999999636 ], [ 83.931511910632253, 28.795447312295437, 5307.399999999999636 ], [ 83.931507552042603, 28.79544697701931, 5307.399999999999636 ], [ 83.931293226778507, 28.795451335608959, 5306.0 ], [ 83.931279061362147, 28.795440355315804, 5305.800000000000182 ], [ 83.931207731366158, 28.795423842966557, 5305.600000000000364 ], [ 83.931075632572174, 28.7954147066921, 5305.399999999999636 ], [ 83.931020060554147, 28.795404899865389, 5305.399999999999636 ], [ 83.930957363918424, 28.795396769419312, 5305.199999999999818 ], [ 83.930945210158825, 28.795395931228995, 5305.199999999999818 ], [ 83.930860552936792, 28.795388136059049, 5305.199999999999818 ], [ 83.930756952613592, 28.795413365587592, 5305.199999999999818 ], [ 83.930705655366182, 28.795427531003952, 5305.0 ], [ 83.930645557120442, 28.795442702248693, 5304.800000000000182 ], [ 83.93051203340292, 28.79548360593617, 5304.800000000000182 ], [ 83.930444307625294, 28.795504812151194, 5304.800000000000182 ], [ 83.930430309846997, 28.795510428026319, 5304.600000000000364 ], [ 83.930338025093079, 28.795554852113128, 5304.600000000000364 ], [ 83.93031807616353, 28.795581674203277, 5304.600000000000364 ], [ 83.93032050691545, 28.795580249279737, 5304.399999999999636 ], [ 83.93031707033515, 28.795582763850689, 5304.399999999999636 ], [ 83.930286560207605, 28.795630289241672, 5304.199999999999818 ], [ 83.930282620713115, 28.795640515163541, 5304.0 ], [ 83.930236268788576, 28.795728022232652, 5303.399999999999636 ], [ 83.93021640367806, 28.79575970582664, 5302.800000000000182 ], [ 83.930183127522469, 28.795801950618625, 5301.600000000000364 ], [ 83.930159909650683, 28.795853666961193, 5300.600000000000364 ], [ 83.930148342624307, 28.795900018885732, 5299.800000000000182 ], [ 83.93014021217823, 28.795910831540823, 5299.600000000000364 ], [ 83.930070977658033, 28.795953579247001, 5298.600000000000364 ], [ 83.930061673745513, 28.795953076332808, 5298.399999999999636 ], [ 83.930006520822644, 28.795963637530804, 5297.800000000000182 ], [ 83.929997300729156, 28.795977719128132, 5297.399999999999636 ], [ 83.929981207475066, 28.796027339994907, 5296.199999999999818 ], [ 83.929972909390926, 28.796047205105424, 5295.600000000000364 ], [ 83.929965449497104, 28.796075955033302, 5294.800000000000182 ], [ 83.92996720969677, 28.796126833185554, 5293.399999999999636 ], [ 83.929969221353531, 28.796139573678374, 5293.199999999999818 ], [ 83.92998238094151, 28.796187518164515, 5292.199999999999818 ], [ 83.929973496124148, 28.796223476529121, 5292.0 ], [ 83.929966706782579, 28.796232445165515, 5292.0 ], [ 83.929920690134168, 28.796314084902409, 5291.199999999999818 ], [ 83.929971568286419, 28.796402430161834, 5290.0 ], [ 83.929974669590592, 28.796412572264671, 5290.0 ], [ 83.929967628791928, 28.796462528407577, 5288.800000000000182 ], [ 83.929957151412964, 28.796511730179191, 5288.0 ], [ 83.929956732317805, 28.79653419367969, 5287.800000000000182 ], [ 83.9298983104527, 28.796580629423261, 5287.399999999999636 ], [ 83.929831171408296, 28.796643409878016, 5287.0 ], [ 83.929830668494105, 28.79665195941925, 5286.800000000000182 ], [ 83.929841229692101, 28.796687498688694, 5285.800000000000182 ], [ 83.929844330996275, 28.796697808429599, 5285.399999999999636 ], [ 83.929858664050698, 28.796736784279343, 5284.600000000000364 ], [ 83.929856820032001, 28.796778358519077, 5283.399999999999636 ], [ 83.929864531382918, 28.796815909445289, 5282.399999999999636 ], [ 83.929877690970898, 28.796867541968822, 5281.600000000000364 ], [ 83.929882971569896, 28.796890592202544, 5281.199999999999818 ], [ 83.929895628243685, 28.796935183927417, 5280.0 ], [ 83.929903339594603, 28.796967286616564, 5280.0 ], [ 83.929914152249694, 28.797053284943104, 5279.600000000000364 ], [ 83.929895628243685, 28.797110617160797, 5279.600000000000364 ], [ 83.929850868880749, 28.797171721234921, 5279.600000000000364 ], [ 83.929831758141518, 28.797201560810208, 5279.399999999999636 ], [ 83.92981231212616, 28.797231148928404, 5279.399999999999636 ], [ 83.92980694770813, 28.797234250232577, 5278.800000000000182 ], [ 83.929788004606962, 28.797260401770473, 5277.800000000000182 ], [ 83.92977274954319, 28.797272304072976, 5277.399999999999636 ], [ 83.929735282436013, 28.797290408983827, 5276.600000000000364 ], [ 83.929713573306799, 28.797303233295679, 5275.399999999999636 ], [ 83.92970921471715, 28.797307424247265, 5275.199999999999818 ], [ 83.929672669619322, 28.797329384833574, 5274.399999999999636 ], [ 83.929638806730509, 28.79733550362289, 5273.600000000000364 ], [ 83.929630173370242, 28.797335922718048, 5273.399999999999636 ], [ 83.929592622444034, 28.797336677089337, 5272.199999999999818 ], [ 83.929535038769245, 28.797323601320382, 5271.199999999999818 ], [ 83.929492542520165, 28.79730817861855, 5270.0 ], [ 83.929459098726511, 28.797280183061957, 5269.199999999999818 ], [ 83.929454404860735, 28.797274651005864, 5269.0 ], [ 83.929404700174928, 28.797246990725402, 5268.0 ], [ 83.929366897791624, 28.797230813652277, 5267.399999999999636 ], [ 83.929335968568921, 28.797224191948771, 5266.800000000000182 ], [ 83.929278133437037, 28.797244224697351, 5266.800000000000182 ], [ 83.929248377680779, 28.797275656834245, 5265.800000000000182 ], [ 83.92924745567143, 28.797269957140088, 5265.399999999999636 ], [ 83.92924795858562, 28.797268196940426, 5265.199999999999818 ], [ 83.929224153980613, 28.797264592722058, 5264.800000000000182 ], [ 83.929167995229363, 28.797240369021893, 5263.600000000000364 ], [ 83.929136646911502, 28.797222850844264, 5263.0 ], [ 83.929131617769599, 28.797209355980161, 5262.399999999999636 ], [ 83.929163217544556, 28.797220252454281, 5262.399999999999636 ], [ 83.929144022986293, 28.797216815873981, 5262.399999999999636 ], [ 83.929143352434039, 28.797217486426231, 5262.399999999999636 ], [ 83.929145783185959, 28.797212960198522, 5262.199999999999818 ], [ 83.929145196452737, 28.797208350151777, 5262.0 ], [ 83.929149638861418, 28.797204662114385, 5261.800000000000182 ], [ 83.929148800671101, 28.79720801487565, 5261.800000000000182 ], [ 83.929151734337211, 28.797223605215549, 5261.600000000000364 ], [ 83.929149638861418, 28.797220671549439, 5261.199999999999818 ], [ 83.929152907803655, 28.797224024310708, 5261.199999999999818 ], [ 83.929151650518179, 28.797225700691342, 5261.199999999999818 ], [ 83.929148968309164, 28.797226455062628, 5259.399999999999636 ], [ 83.929117787629366, 28.797228634357452, 5258.600000000000364 ], [ 83.929051570594311, 28.797215977683663, 5258.399999999999636 ], [ 83.929018378257751, 28.797205165028572, 5258.399999999999636 ], [ 83.929000943899155, 28.797195944935083, 5258.399999999999636 ], [ 83.928911173716187, 28.79717281088233, 5258.399999999999636 ], [ 83.9288086630404, 28.797137355431911, 5258.399999999999636 ], [ 83.928776057437062, 28.79712805151939, 5258.399999999999636 ], [ 83.928749486804008, 28.797125704586502, 5259.0 ], [ 83.92875200137496, 28.797125117853284, 5259.0 ], [ 83.92869969829917, 28.797117909416556, 5259.0 ], [ 83.928596433252096, 28.79709804430604, 5259.0 ], [ 83.928490821272135, 28.797089830040932, 5259.0 ], [ 83.928356627002358, 28.797102821990848, 5259.0 ], [ 83.928271131590009, 28.797098295763135, 5258.399999999999636 ], [ 83.928241292014718, 28.797107515856624, 5257.800000000000182 ], [ 83.928157892078161, 28.797123860567808, 5256.800000000000182 ], [ 83.928142301738262, 28.797125453129411, 5255.600000000000364 ], [ 83.928044904023409, 28.797194352373481, 5255.199999999999818 ], [ 83.928023865446448, 28.797233244404197, 5254.399999999999636 ], [ 83.927991511300206, 28.797256546095017, 5253.600000000000364 ], [ 83.927975166589022, 28.797259647399187, 5253.399999999999636 ], [ 83.927911296486855, 28.797259563580155, 5252.199999999999818 ], [ 83.92784658819437, 28.797264425083995, 5251.800000000000182 ], [ 83.927804427221417, 28.797270962968469, 5251.199999999999818 ], [ 83.927770480513573, 28.797303317114711, 5250.800000000000182 ], [ 83.927739467471838, 28.797337766736742, 5250.0 ], [ 83.927709460258484, 28.797335084527731, 5249.399999999999636 ], [ 83.927676603198051, 28.797335000708699, 5248.600000000000364 ], [ 83.927612314000726, 28.79733550362289, 5247.600000000000364 ], [ 83.927565207704902, 28.79733701236546, 5246.600000000000364 ], [ 83.927551126107574, 28.797338102012873, 5246.199999999999818 ], [ 83.927475018426776, 28.797345058992505, 5245.399999999999636 ], [ 83.927438976243138, 28.797351093962789, 5244.600000000000364 ], [ 83.92742833122611, 28.797351093962789, 5244.199999999999818 ], [ 83.927362198010087, 28.797360816970468, 5243.199999999999818 ], [ 83.927323054522276, 28.797365762293339, 5242.399999999999636 ], [ 83.927311068400741, 28.797368360683318, 5242.0 ], [ 83.927246443927288, 28.797399373725057, 5241.0 ], [ 83.927235631272197, 28.797392919659615, 5240.600000000000364 ], [ 83.927198583260179, 28.797387890517712, 5239.800000000000182 ], [ 83.92715516500175, 28.797405743971467, 5238.600000000000364 ], [ 83.927145525813103, 28.797406833618879, 5238.399999999999636 ], [ 83.927114680409431, 28.797415718436241, 5237.399999999999636 ], [ 83.927077380940318, 28.797418316826224, 5236.399999999999636 ], [ 83.92705986276269, 28.797423932701349, 5235.800000000000182 ], [ 83.927036477252841, 28.797423178330064, 5235.399999999999636 ], [ 83.926987946033478, 28.797420915216208, 5234.0 ], [ 83.926976965740323, 28.797416891902685, 5233.800000000000182 ], [ 83.926941342651844, 28.797415299341083, 5233.0 ], [ 83.926858948543668, 28.797417310997844, 5231.800000000000182 ], [ 83.926790468394756, 28.79743323661387, 5230.600000000000364 ], [ 83.926742356270552, 28.797461064532399, 5229.600000000000364 ], [ 83.926732465624809, 28.797467853873968, 5229.399999999999636 ], [ 83.926659878343344, 28.797530885785815, 5229.0 ], [ 83.9265654142946, 28.797581512480978, 5228.399999999999636 ], [ 83.926549823954701, 28.797588301822543, 5228.0 ], [ 83.92648134380579, 28.797610430046916, 5227.0 ], [ 83.926458293572068, 28.797622416168451, 5226.600000000000364 ], [ 83.926413953304291, 28.797637671232224, 5225.800000000000182 ], [ 83.926361398771405, 28.797654937952757, 5224.800000000000182 ], [ 83.926337761804461, 28.797664325684309, 5224.399999999999636 ], [ 83.926294930279255, 28.797684609889984, 5223.600000000000364 ], [ 83.926240280270576, 28.797723250463605, 5222.600000000000364 ], [ 83.926231730729342, 28.797730207443237, 5222.399999999999636 ], [ 83.926167860627174, 28.797765914350748, 5221.199999999999818 ], [ 83.926156964153051, 28.797773793339729, 5221.0 ], [ 83.926092255860567, 28.797786869108677, 5220.0 ], [ 83.92605135217309, 28.797779576852921, 5219.399999999999636 ], [ 83.926023608073592, 28.797771278768774, 5218.800000000000182 ], [ 83.925977256149054, 28.797741523012519, 5217.800000000000182 ], [ 83.925959235057235, 28.797736912965775, 5217.399999999999636 ], [ 83.925949260592461, 28.797743618488312, 5217.399999999999636 ], [ 83.92591749317944, 28.797760717570782, 5216.800000000000182 ], [ 83.925905590876937, 28.797765914350748, 5216.600000000000364 ], [ 83.925882456824183, 28.797762058675289, 5216.0 ], [ 83.925875080749393, 28.797758119180799, 5215.600000000000364 ], [ 83.92585345543921, 28.797753760591149, 5214.600000000000364 ], [ 83.925806935876608, 28.797746384516358, 5213.399999999999636 ], [ 83.92578162252903, 28.797747222706676, 5212.800000000000182 ], [ 83.925749603658915, 28.797744540497661, 5212.399999999999636 ], [ 83.925702078267932, 28.797744959592819, 5211.199999999999818 ], [ 83.925643153488636, 28.797762561589479, 5210.0 ], [ 83.925618594512343, 28.797763735055923, 5209.600000000000364 ], [ 83.92556075938046, 28.79776700399816, 5208.800000000000182 ], [ 83.92550996504724, 28.797786869108677, 5207.600000000000364 ], [ 83.925499990582466, 28.797789383679628, 5207.399999999999636 ], [ 83.925450704991817, 28.797805728390813, 5206.600000000000364 ], [ 83.925404269248247, 28.797817965969443, 5205.399999999999636 ], [ 83.925349535420537, 28.797841351479292, 5204.199999999999818 ], [ 83.925323551520705, 28.797852750867605, 5203.399999999999636 ], [ 83.9253169298172, 28.797857444733381, 5203.0 ], [ 83.925281474366784, 28.797873621806502, 5202.0 ], [ 83.925257166847587, 28.79788083024323, 5201.399999999999636 ], [ 83.925234200432897, 28.797894241288304, 5200.800000000000182 ], [ 83.925173934549093, 28.797924164682627, 5199.600000000000364 ], [ 83.925119284540415, 28.797949478030205, 5198.600000000000364 ], [ 83.9250872656703, 28.797962469980121, 5197.800000000000182 ], [ 83.925065472722054, 28.797967750579119, 5197.399999999999636 ], [ 83.925021048635244, 28.797984598204497, 5196.199999999999818 ], [ 83.924999171867967, 28.797989878803492, 5195.600000000000364 ], [ 83.924989784136415, 28.797989878803492, 5195.199999999999818 ], [ 83.92491233535111, 28.797997087240219, 5194.0 ], [ 83.924897499382496, 28.797994656488299, 5193.800000000000182 ], [ 83.924855254590511, 28.797991052269936, 5193.0 ], [ 83.924790881574154, 28.797995410859585, 5191.800000000000182 ], [ 83.924737572669983, 28.797989711165428, 5190.600000000000364 ], [ 83.924668924883008, 28.797973701730371, 5189.800000000000182 ], [ 83.924658363685012, 28.79797026515007, 5189.600000000000364 ], [ 83.924577813595533, 28.797958949580789, 5188.399999999999636 ], [ 83.92455417662859, 28.797957189381123, 5188.0 ], [ 83.924511764198542, 28.797951322048903, 5187.399999999999636 ], [ 83.924466501921415, 28.797941599041224, 5186.199999999999818 ], [ 83.924412271007895, 28.797910921275616, 5185.800000000000182 ], [ 83.924371032044291, 28.79790329374373, 5185.199999999999818 ], [ 83.924351166933775, 28.797905640676618, 5184.600000000000364 ], [ 83.924326188862324, 28.797897594049573, 5184.0 ], [ 83.924251506105065, 28.797869347035885, 5182.800000000000182 ], [ 83.924199789762497, 28.797860713675615, 5181.800000000000182 ], [ 83.924165591597557, 28.797876890748739, 5181.399999999999636 ], [ 83.924122340977192, 28.797896923497319, 5180.800000000000182 ], [ 83.924077246338129, 28.797932211309671, 5179.800000000000182 ], [ 83.924060147255659, 28.797951238229871, 5179.600000000000364 ], [ 83.924058638513088, 28.797973282635212, 5179.0 ], [ 83.924058638513088, 28.797973282635212, 5179.0 ], [ 83.924037599936128, 28.797997841611505, 5178.800000000000182 ], [ 83.924031732603908, 28.798005301505327, 5178.600000000000364 ], [ 83.923986637964845, 28.798050228506327, 5177.600000000000364 ], [ 83.923966018483043, 28.798065232113004, 5177.199999999999818 ], [ 83.923937100917101, 28.798092221841216, 5176.600000000000364 ], [ 83.923915810883045, 28.798144524917006, 5175.800000000000182 ], [ 83.923905668780208, 28.798163887113333, 5175.600000000000364 ], [ 83.92389846034348, 28.798168916255236, 5175.399999999999636 ], [ 83.923867531120777, 28.798179980367426, 5174.399999999999636 ], [ 83.923842804506421, 28.798183416947719, 5173.600000000000364 ], [ 83.923830147832632, 28.798184087499976, 5173.399999999999636 ], [ 83.923790082335472, 28.79816422238946, 5172.199999999999818 ], [ 83.923754962161183, 28.798146871849895, 5171.800000000000182 ], [ 83.923741970211267, 28.798149218782783, 5171.0 ], [ 83.923698468133807, 28.798147542402148, 5170.0 ], [ 83.923656223341823, 28.798124073073268, 5169.0 ], [ 83.923607692122459, 28.798107644543052, 5168.199999999999818 ], [ 83.92359109595418, 28.798106722533703, 5167.800000000000182 ], [ 83.923547845333815, 28.79809976555407, 5166.600000000000364 ], [ 83.923513060435653, 28.798103118315339, 5166.0 ], [ 83.923506354913116, 28.798120385035872, 5165.600000000000364 ], [ 83.923503588885069, 28.798130610957742, 5165.600000000000364 ], [ 83.923498392105103, 28.798163551837209, 5165.199999999999818 ], [ 83.923493698239326, 28.798191715031862, 5164.399999999999636 ], [ 83.923494117334485, 28.79827369004488, 5163.199999999999818 ], [ 83.923476180061698, 28.798300512135029, 5162.199999999999818 ], [ 83.923454051837325, 28.79834845662117, 5161.399999999999636 ], [ 83.923432510346174, 28.798357592895627, 5160.800000000000182 ], [ 83.92340493388474, 28.798355497419831, 5159.800000000000182 ], [ 83.923393366858363, 28.798355162143707, 5159.399999999999636 ], [ 83.923381799831986, 28.798374189063907, 5159.0 ], [ 83.923377860337496, 28.798407046124339, 5158.800000000000182 ], [ 83.923378363251686, 28.798417188227177, 5158.600000000000364 ], [ 83.923371406272054, 28.798464965075254, 5157.600000000000364 ], [ 83.923365958034992, 28.798493212088943, 5157.0 ], [ 83.923360845074058, 28.798501593992111, 5156.600000000000364 ], [ 83.923346595838666, 28.798516010865569, 5155.600000000000364 ], [ 83.923324551433325, 28.798545096069574, 5154.399999999999636 ], [ 83.923246599733829, 28.798582814633846, 5153.199999999999818 ], [ 83.923218185082078, 28.798587592318658, 5152.600000000000364 ], [ 83.923201002180576, 28.79859178327024, 5152.0 ], [ 83.923174934461713, 28.798618940636516, 5151.0 ], [ 83.923168145120144, 28.79862992092967, 5150.800000000000182 ], [ 83.923159930855036, 28.798637632280588, 5150.600000000000364 ], [ 83.923132354393601, 28.798659592866898, 5149.800000000000182 ], [ 83.92308047041297, 28.798713488504291, 5148.600000000000364 ], [ 83.923053480684757, 28.79874961450696, 5147.399999999999636 ], [ 83.923051888123155, 28.798751626163721, 5147.199999999999818 ], [ 83.923025317490101, 28.798767048865557, 5146.800000000000182 ], [ 83.922994136810303, 28.79878087900579, 5146.199999999999818 ], [ 83.922956585884094, 28.79879361949861, 5145.199999999999818 ], [ 83.922931859269738, 28.798795379698277, 5144.399999999999636 ], [ 83.92290847375989, 28.798802252858877, 5144.0 ], [ 83.922846280038357, 28.798815496265888, 5142.800000000000182 ], [ 83.922834545373917, 28.798818765208125, 5142.600000000000364 ], [ 83.922769082710147, 28.798845754936337, 5141.600000000000364 ], [ 83.922728765755892, 28.798865033313632, 5140.800000000000182 ], [ 83.922715773805976, 28.79886687733233, 5140.600000000000364 ], [ 83.92267202027142, 28.798868302255869, 5140.0 ], [ 83.922640671953559, 28.798863608390093, 5139.399999999999636 ], [ 83.922616364434361, 28.798851622268561, 5139.0 ], [ 83.922585099935532, 28.798851538449529, 5138.199999999999818 ], [ 83.922552829608321, 28.798886071890593, 5137.600000000000364 ], [ 83.922535562887788, 28.79890107549727, 5137.199999999999818 ], [ 83.922499772161245, 28.798935189843174, 5136.0 ], [ 83.922474374994636, 28.798937117680907, 5135.600000000000364 ], [ 83.92244671471417, 28.798948349431157, 5135.0 ], [ 83.922424586489797, 28.798954216763377, 5134.399999999999636 ], [ 83.922400530427694, 28.7989582400769, 5133.800000000000182 ], [ 83.92234462313354, 28.798962598666549, 5132.600000000000364 ], [ 83.922312688082457, 28.798964442685246, 5132.0 ], [ 83.9222776517272, 28.798983553424481, 5131.600000000000364 ], [ 83.922242866829038, 28.79900174215436, 5131.199999999999818 ], [ 83.922199113294482, 28.79899168387055, 5130.399999999999636 ], [ 83.922152509912848, 28.798985565081239, 5130.0 ], [ 83.922120491042733, 28.798995371907949, 5129.199999999999818 ], [ 83.922101799398661, 28.799011548981071, 5128.199999999999818 ], [ 83.922095177695155, 28.799016159027815, 5128.0 ], [ 83.922068187966943, 28.799050860106945, 5127.0 ], [ 83.922050334513187, 28.799065696075559, 5126.0 ], [ 83.922040611505508, 28.799073239788413, 5125.800000000000182 ], [ 83.921998366713524, 28.799084471538663, 5124.800000000000182 ], [ 83.9219737239182, 28.799092099070549, 5124.199999999999818 ], [ 83.921956373378634, 28.79909704439342, 5123.600000000000364 ], [ 83.921896442770958, 28.799125291407108, 5123.399999999999636 ], [ 83.921892335638404, 28.799120848998427, 5123.199999999999818 ], [ 83.921915302053094, 28.799121100455523, 5122.399999999999636 ], [ 83.921911949291825, 28.799124034121633, 5122.199999999999818 ], [ 83.921836344525218, 28.79913317039609, 5121.600000000000364 ], [ 83.921829639002681, 28.799136858433485, 5121.399999999999636 ], [ 83.92181153409183, 28.799147587269545, 5120.600000000000364 ], [ 83.921794015914202, 28.799152197316289, 5120.0 ], [ 83.92177926376462, 28.799160914495587, 5119.399999999999636 ], [ 83.92177389934659, 28.799164686352015, 5119.0 ], [ 83.92174556851387, 28.799183210358024, 5118.0 ], [ 83.921744227409363, 28.799197375774384, 5117.0 ], [ 83.92174506559968, 28.799199555069208, 5116.800000000000182 ], [ 83.92171572893858, 28.79920483566821, 5116.800000000000182 ], [ 83.921668203547597, 28.799201650545001, 5115.800000000000182 ], [ 83.921617493033409, 28.79918597638607, 5114.399999999999636 ], [ 83.921605842188001, 28.799179522320628, 5114.199999999999818 ], [ 83.921565692871809, 28.799161082133651, 5113.399999999999636 ], [ 83.921520598232746, 28.799164434894919, 5112.199999999999818 ], [ 83.921465948224068, 28.799166278913617, 5111.199999999999818 ], [ 83.921446334570646, 28.799175750464201, 5110.800000000000182 ], [ 83.921403838321567, 28.799172062426805, 5110.399999999999636 ], [ 83.921379363164306, 28.799158399924636, 5110.199999999999818 ], [ 83.92136880196631, 28.799152951687574, 5109.800000000000182 ], [ 83.921322030946612, 28.799136942252517, 5109.0 ], [ 83.92131021246314, 28.799137277528644, 5108.800000000000182 ], [ 83.9212466776371, 28.799155382439498, 5108.399999999999636 ], [ 83.921230500563979, 28.799165189266205, 5107.800000000000182 ], [ 83.921193117275834, 28.799160830676556, 5106.800000000000182 ], [ 83.921171324327588, 28.799158819019791, 5106.399999999999636 ], [ 83.921155985444784, 28.799161668866873, 5105.800000000000182 ], [ 83.921140311285853, 28.799181114882231, 5104.800000000000182 ], [ 83.921132013201714, 28.799191256985068, 5104.600000000000364 ], [ 83.921123715117574, 28.799196453765035, 5104.600000000000364 ], [ 83.921091360971332, 28.799215648323298, 5103.600000000000364 ], [ 83.921056408435106, 28.799239536747336, 5102.399999999999636 ], [ 83.921032771468163, 28.799253618344665, 5101.800000000000182 ], [ 83.921000584959984, 28.799265772104263, 5101.199999999999818 ], [ 83.920943588018417, 28.799286307767034, 5100.199999999999818 ], [ 83.920914921909571, 28.799289660528306, 5099.600000000000364 ], [ 83.920871587470174, 28.799297036603093, 5099.0 ], [ 83.920787014067173, 28.799316398799419, 5098.0 ], [ 83.920770585536957, 28.799316566437483, 5097.800000000000182 ], [ 83.92072725109756, 28.799324529245496, 5096.600000000000364 ], [ 83.920706463977695, 28.799343723803759, 5096.0 ], [ 83.920694896951318, 28.79935210570693, 5095.800000000000182 ], [ 83.920668242499232, 28.7993657682091, 5095.600000000000364 ], [ 83.920583501458168, 28.79941580817103, 5094.800000000000182 ], [ 83.920563636347651, 28.799428464844823, 5094.600000000000364 ], [ 83.920479062944651, 28.799448162317276, 5093.399999999999636 ], [ 83.9204091578722, 28.79945226944983, 5092.199999999999818 ], [ 83.920336570590734, 28.799454784020782, 5091.399999999999636 ], [ 83.920269850641489, 28.799463920295238, 5091.199999999999818 ], [ 83.920216374099255, 28.799488227814436, 5090.600000000000364 ], [ 83.920191815122962, 28.799499459564689, 5090.0 ], [ 83.920149067416787, 28.799526616930962, 5088.800000000000182 ], [ 83.920139512047172, 28.799526281654835, 5088.600000000000364 ], [ 83.92011059448123, 28.799538603052497, 5087.800000000000182 ], [ 83.920075558125973, 28.799564838409424, 5086.600000000000364 ], [ 83.919967599213123, 28.79960079677403, 5085.399999999999636 ], [ 83.919952847063541, 28.799603227525949, 5085.199999999999818 ], [ 83.919928204268217, 28.799608508124948, 5084.600000000000364 ], [ 83.919917978346348, 28.799612112343311, 5084.399999999999636 ], [ 83.919868022203445, 28.79964429885149, 5083.399999999999636 ], [ 83.919832818210125, 28.799667349085212, 5082.199999999999818 ], [ 83.919809265062213, 28.799674976617094, 5081.0 ], [ 83.919781018048525, 28.799687130376697, 5080.0 ], [ 83.919773306697607, 28.799690986052155, 5079.800000000000182 ], [ 83.919737935066223, 28.799703391268849, 5078.800000000000182 ], [ 83.919697199016809, 28.799729039892551, 5077.800000000000182 ], [ 83.9196718018502, 28.799739852547649, 5077.600000000000364 ], [ 83.919635256752372, 28.799778325483203, 5076.800000000000182 ], [ 83.919578175991774, 28.799829203635458, 5075.800000000000182 ], [ 83.919527716934681, 28.7998734600842, 5074.600000000000364 ], [ 83.919449178501964, 28.799898354336619, 5073.600000000000364 ], [ 83.919434510171413, 28.799905143678188, 5073.399999999999636 ], [ 83.919405760243535, 28.799931462854147, 5072.399999999999636 ], [ 83.919373154640198, 28.799970271065831, 5071.600000000000364 ], [ 83.91935907304287, 28.79997412674129, 5071.399999999999636 ], [ 83.919294700026512, 28.799997931346297, 5070.399999999999636 ], [ 83.919280366972089, 28.800003295764327, 5070.199999999999818 ], [ 83.919244240969419, 28.800037074834108, 5069.199999999999818 ], [ 83.919232841581106, 28.800060376524925, 5068.600000000000364 ], [ 83.919223286211491, 28.800089377909899, 5068.199999999999818 ], [ 83.919177437201142, 28.800137909129266, 5067.199999999999818 ], [ 83.919112561270595, 28.800161965191364, 5066.0 ], [ 83.919081296771765, 28.800186524167657, 5065.399999999999636 ], [ 83.919061096385121, 28.800201611593369, 5065.0 ], [ 83.919008206576109, 28.800238240510225, 5063.600000000000364 ], [ 83.918971493840218, 28.800261374562979, 5062.800000000000182 ], [ 83.918961519375443, 28.800270259380341, 5062.600000000000364 ], [ 83.918917682021856, 28.800339577719569, 5061.600000000000364 ], [ 83.918905192986131, 28.800344271585345, 5061.399999999999636 ], [ 83.918844256550074, 28.800370926037431, 5060.399999999999636 ], [ 83.918823637068272, 28.800385342910889, 5060.0 ], [ 83.918802011758089, 28.800412584096193, 5059.399999999999636 ], [ 83.918758006766438, 28.800443178042769, 5058.399999999999636 ], [ 83.918745601549745, 28.800447452813387, 5058.199999999999818 ], [ 83.918680222705007, 28.800453739240769, 5057.0 ], [ 83.918651808053255, 28.800460947677493, 5056.600000000000364 ], [ 83.918567318469286, 28.800477208569649, 5055.800000000000182 ], [ 83.9185372274369, 28.800487350672483, 5055.0 ], [ 83.918529516085982, 28.800490451976657, 5054.800000000000182 ], [ 83.918470507487655, 28.800527164712548, 5054.399999999999636 ], [ 83.918434213846922, 28.800526242703199, 5053.800000000000182 ], [ 83.918357687070966, 28.800519118085504, 5053.0 ], [ 83.918348047882318, 28.800525907427073, 5052.800000000000182 ], [ 83.918305886909366, 28.800575025379658, 5052.399999999999636 ], [ 83.918271856382489, 28.800602769479156, 5051.800000000000182 ], [ 83.918252494186163, 28.800617605447769, 5050.399999999999636 ], [ 83.918243022635579, 28.800625987350941, 5049.800000000000182 ], [ 83.918231623247266, 28.800637135282159, 5049.399999999999636 ], [ 83.918199520558119, 28.800702262669802, 5048.399999999999636 ], [ 83.918189965188503, 28.800736293196682, 5047.600000000000364 ], [ 83.918179236352444, 28.800761941820383, 5047.199999999999818 ], [ 83.918142020702362, 28.800798403099179, 5046.199999999999818 ], [ 83.918129866942763, 28.800805024802685, 5045.800000000000182 ], [ 83.918097345158458, 28.800811478868127, 5045.199999999999818 ], [ 83.918059123679996, 28.8008145801723, 5044.800000000000182 ], [ 83.917988128960133, 28.800830338150263, 5043.600000000000364 ], [ 83.91798360273242, 28.800835283473138, 5043.600000000000364 ], [ 83.917955188080668, 28.800901668146253, 5042.800000000000182 ], [ 83.917940855026245, 28.800905272364616, 5042.600000000000364 ], [ 83.917925516143441, 28.800908038392663, 5042.399999999999636 ], [ 83.917863070964813, 28.800917090848088, 5041.199999999999818 ], [ 83.917797189205885, 28.800904434174299, 5040.0 ], [ 83.917750250548124, 28.800906110554937, 5039.399999999999636 ], [ 83.917716136202216, 28.800911642611027, 5038.800000000000182 ], [ 83.917661234736443, 28.800922371447086, 5037.800000000000182 ], [ 83.917621169239283, 28.800917845219377, 5036.800000000000182 ], [ 83.917529555037618, 28.80095673725009, 5035.600000000000364 ], [ 83.917527124285698, 28.80096947774291, 5035.399999999999636 ], [ 83.917502732947469, 28.801021445542577, 5034.399999999999636 ], [ 83.917476329952478, 28.801048686727881, 5033.399999999999636 ], [ 83.917466439306736, 28.801057068631053, 5033.199999999999818 ], [ 83.917402485385537, 28.801095793023705, 5032.0 ], [ 83.917352110147476, 28.801122950389981, 5031.0 ], [ 83.917318666353822, 28.801162010058761, 5030.399999999999636 ], [ 83.917277008295059, 28.801177097484469, 5030.0 ], [ 83.917202996090055, 28.801165530458093, 5028.800000000000182 ], [ 83.917123368009925, 28.801203668117523, 5028.0 ], [ 83.917088331654668, 28.801230238750577, 5027.800000000000182 ], [ 83.917037369683385, 28.801246080547571, 5026.600000000000364 ], [ 83.917022785171866, 28.801244404166937, 5026.199999999999818 ], [ 83.916977271437645, 28.801235686987638, 5025.399999999999636 ], [ 83.916900744661689, 28.801244152709842, 5024.800000000000182 ], [ 83.91687341965735, 28.801250020042065, 5024.399999999999636 ], [ 83.916830001398921, 28.801264436915517, 5023.199999999999818 ], [ 83.916794378310442, 28.801264688372612, 5022.199999999999818 ], [ 83.916737213730812, 28.801267370581627, 5021.0 ], [ 83.916666973382235, 28.801293522119519, 5020.0 ], [ 83.916652388870716, 28.801315315067768, 5019.800000000000182 ], [ 83.916615843772888, 28.801364181563255, 5019.0 ], [ 83.916587680578232, 28.801383040845391, 5018.399999999999636 ], [ 83.916548369452357, 28.80142142996192, 5017.800000000000182 ], [ 83.916497239843011, 28.801437439396977, 5016.800000000000182 ], [ 83.916406882926822, 28.801463926210999, 5015.600000000000364 ], [ 83.916391208767891, 28.801480941474441, 5014.800000000000182 ], [ 83.9163838326931, 28.801498459652063, 5014.600000000000364 ], [ 83.916379725560546, 28.801516480743885, 5014.399999999999636 ], [ 83.916376624256372, 28.801512876525521, 5014.399999999999636 ], [ 83.916379557922482, 28.801530813798308, 5014.0 ], [ 83.916353322565556, 28.801532490178943, 5013.800000000000182 ], [ 83.916342090815306, 28.801537519320849, 5013.399999999999636 ], [ 83.916313843801618, 28.801552355289459, 5012.399999999999636 ], [ 83.916306300088763, 28.801556713879108, 5012.199999999999818 ], [ 83.916267994791269, 28.801585463806987, 5011.399999999999636 ], [ 83.916255924850702, 28.801592756062742, 5011.199999999999818 ], [ 83.916248297318816, 28.801599210128188, 5011.0 ], [ 83.916214434430003, 28.801621170714498, 5010.0 ], [ 83.916169675067067, 28.80165939219296, 5009.0 ], [ 83.916163388639688, 28.80166919901967, 5008.800000000000182 ], [ 83.916081245988607, 28.801746228709817, 5007.600000000000364 ], [ 83.916042437776923, 28.801772464066744, 5006.600000000000364 ], [ 83.916002623736858, 28.801824348047376, 5006.0 ], [ 83.91595677472651, 28.801877740770578, 5005.399999999999636 ], [ 83.915942441672087, 28.801895175129175, 5005.0 ], [ 83.915890222415328, 28.801963068544865, 5004.399999999999636 ], [ 83.915888126939535, 28.801966086030006, 5004.199999999999818 ], [ 83.91588787548244, 28.801969941705465, 5004.0 ], [ 83.915869267657399, 28.802007911726832, 5003.600000000000364 ], [ 83.915848229080439, 28.802019143477079, 5003.199999999999818 ], [ 83.91580774448812, 28.802042026072741, 5002.0 ], [ 83.915797350928187, 28.802045043557879, 5001.600000000000364 ], [ 83.915778659284115, 28.802056275308132, 5001.0 ], [ 83.91574370674789, 28.802085695788264, 5000.0 ], [ 83.915719818323851, 28.802102543413639, 4999.199999999999818 ], [ 83.915693499147892, 28.80211352370679, 4998.800000000000182 ], [ 83.915668353438377, 28.802148895338178, 4998.0 ], [ 83.91566751524806, 28.802163479849696, 4997.800000000000182 ], [ 83.915628204122186, 28.802263643592596, 4996.800000000000182 ], [ 83.915563244372606, 28.802359029650688, 4996.0 ], [ 83.915548324584961, 28.802363891154528, 4995.600000000000364 ], [ 83.915518904104829, 28.802384678274393, 4995.0 ], [ 83.915483029559255, 28.802423654124141, 4994.399999999999636 ], [ 83.915452435612679, 28.802474029362202, 4993.800000000000182 ], [ 83.915423769503832, 28.802499677985907, 4993.199999999999818 ], [ 83.915354702621698, 28.802550723776221, 4992.199999999999818 ], [ 83.915311200544238, 28.802615096792579, 4991.199999999999818 ], [ 83.915285635739565, 28.802661616355181, 4990.0 ], [ 83.915248587727547, 28.802679302170873, 4989.0 ], [ 83.91517985612154, 28.802720541134477, 4988.0 ], [ 83.915165439248085, 28.802725737914443, 4987.800000000000182 ], [ 83.915100479498506, 28.802784997969862, 4986.800000000000182 ], [ 83.915091259405017, 28.802793966606259, 4986.600000000000364 ], [ 83.915063012391329, 28.802832355722785, 4985.600000000000364 ], [ 83.915006769821048, 28.802886083722115, 4984.600000000000364 ], [ 83.914991598576307, 28.802910558879375, 4984.199999999999818 ], [ 83.914963686838746, 28.802943667396903, 4983.399999999999636 ], [ 83.914944240823388, 28.802982391789556, 4982.399999999999636 ], [ 83.914944743737578, 28.802989348769188, 4982.399999999999636 ], [ 83.914942061528563, 28.803043831139803, 4981.199999999999818 ], [ 83.914940552785993, 28.803059924393892, 4981.0 ], [ 83.914880203083158, 28.803129410371184, 4980.199999999999818 ], [ 83.914869390428066, 28.803135780617595, 4980.0 ], [ 83.914821362122893, 28.803160507231951, 4979.0 ], [ 83.914792779833078, 28.803204009309411, 4978.199999999999818 ], [ 83.914785906672478, 28.803217671811581, 4978.0 ], [ 83.914728322997689, 28.803276596590877, 4976.800000000000182 ], [ 83.914704518392682, 28.803288415074348, 4976.399999999999636 ], [ 83.914676941931248, 28.803313057869673, 4975.800000000000182 ], [ 83.914635702967644, 28.803353291004896, 4975.0 ], [ 83.914630003273487, 28.8033651933074, 4974.800000000000182 ], [ 83.914596308022738, 28.803413975983855, 4973.600000000000364 ], [ 83.91457837074995, 28.803416825830936, 4972.800000000000182 ], [ 83.914569485932589, 28.803422106429935, 4972.399999999999636 ], [ 83.914531348273158, 28.803460076451302, 4971.399999999999636 ], [ 83.914509890601039, 28.803483713418245, 4971.0 ], [ 83.914487846195698, 28.803495867177844, 4970.399999999999636 ], [ 83.914444847032428, 28.803528640419245, 4969.600000000000364 ], [ 83.914429089054465, 28.803543392568827, 4969.199999999999818 ], [ 83.914400171488523, 28.803551774472002, 4968.199999999999818 ], [ 83.914397489279509, 28.803543811663985, 4967.600000000000364 ], [ 83.914371589198709, 28.803555713966489, 4967.199999999999818 ], [ 83.914368655532598, 28.803564682602879, 4967.0 ], [ 83.914353484287858, 28.803628217428923, 4965.800000000000182 ], [ 83.914345018565655, 28.803636599332098, 4965.600000000000364 ], [ 83.914304031059146, 28.803677251562476, 4964.800000000000182 ], [ 83.914262289181352, 28.803691500797868, 4963.800000000000182 ], [ 83.914246866479516, 28.803690830245618, 4963.399999999999636 ], [ 83.914190288633108, 28.803690830245618, 4962.199999999999818 ], [ 83.914141086861491, 28.803709605708718, 4961.800000000000182 ], [ 83.914102697744966, 28.803758388385177, 4961.199999999999818 ], [ 83.914071265608072, 28.803796693682671, 4960.0 ], [ 83.914046958088875, 28.803823180496693, 4959.0 ], [ 83.914010412991047, 28.803859725594521, 4958.199999999999818 ], [ 83.914005970582366, 28.803885038942099, 4957.800000000000182 ], [ 83.913993313908577, 28.803921667858958, 4956.600000000000364 ], [ 83.913990631699562, 28.803928960114717, 4956.199999999999818 ], [ 83.913973113521934, 28.803951591253281, 4955.399999999999636 ], [ 83.913952745497227, 28.803976317867637, 4954.399999999999636 ], [ 83.913947883993387, 28.803983107209209, 4954.199999999999818 ], [ 83.913928018882871, 28.804015377536416, 4953.0 ], [ 83.913902956992388, 28.8040473125875, 4951.800000000000182 ], [ 83.913891389966011, 28.804092574864622, 4950.600000000000364 ], [ 83.913894491270185, 28.804111769422889, 4949.800000000000182 ], [ 83.91388694755733, 28.804118642583489, 4949.600000000000364 ], [ 83.913868004456162, 28.804131215438247, 4948.399999999999636 ], [ 83.913839086890221, 28.804145297035575, 4947.600000000000364 ], [ 83.913829615339637, 28.804153595119715, 4947.399999999999636 ], [ 83.913798853754997, 28.804178405553102, 4946.399999999999636 ], [ 83.91377555206418, 28.804198605939742, 4945.600000000000364 ], [ 83.91378334723413, 28.80420807749033, 4945.399999999999636 ], [ 83.913762727752328, 28.804240515455604, 4944.0 ], [ 83.913737330585718, 28.80423934198916, 4942.800000000000182 ], [ 83.913698606193066, 28.804241186007857, 4941.800000000000182 ], [ 83.913690727204084, 28.80424520932138, 4941.399999999999636 ], [ 83.913689721375704, 28.804251495748758, 4940.600000000000364 ], [ 83.913656445220113, 28.804266583174467, 4939.800000000000182 ], [ 83.913635322824121, 28.80427647382021, 4939.399999999999636 ], [ 83.913584109395742, 28.80428678356111, 4938.399999999999636 ], [ 83.913560975342989, 28.804296506568789, 4937.600000000000364 ], [ 83.913553347811103, 28.804303631186485, 4937.199999999999818 ], [ 83.913525436073542, 28.804328525438905, 4936.399999999999636 ], [ 83.913520826026797, 28.804329866543412, 4936.199999999999818 ], [ 83.913501463830471, 28.804339254274964, 4935.0 ], [ 83.913488639518619, 28.804342690855265, 4934.0 ], [ 83.913485370576382, 28.804346043616533, 4933.800000000000182 ], [ 83.913441114127636, 28.80436691455543, 4932.600000000000364 ], [ 83.913454106077552, 28.804373703896999, 4932.199999999999818 ], [ 83.913448909297585, 28.804376721382141, 4932.0 ], [ 83.913439521566033, 28.804379738867283, 4932.0 ], [ 83.913424350321293, 28.80441184155643, 4931.600000000000364 ], [ 83.913432313129306, 28.804421732202172, 4931.399999999999636 ], [ 83.91344228759408, 28.8044514041394, 4931.0 ], [ 83.913432145491242, 28.804475124925375, 4930.199999999999818 ], [ 83.913412028923631, 28.804482668638229, 4929.399999999999636 ], [ 83.91340859234333, 28.804482920095325, 4929.0 ], [ 83.913406915962696, 28.804485434666276, 4928.800000000000182 ], [ 83.913394929841161, 28.804503204301, 4928.0 ], [ 83.913355115801096, 28.804514268413183, 4927.0 ], [ 83.913341872394085, 28.804517285898328, 4926.600000000000364 ], [ 83.913281355053186, 28.80454670637846, 4925.399999999999636 ], [ 83.913260484114289, 28.80458970554173, 4925.0 ], [ 83.913245564326644, 28.80461443215609, 4924.199999999999818 ], [ 83.913227040320635, 28.804621892049909, 4923.399999999999636 ], [ 83.913219580426812, 28.804620383307338, 4923.199999999999818 ], [ 83.913163337856531, 28.804625747725368, 4922.0 ], [ 83.913153363391757, 28.80462977103889, 4921.800000000000182 ], [ 83.913073819130659, 28.80464980378747, 4921.0 ], [ 83.913044817745686, 28.80466396920383, 4920.800000000000182 ], [ 83.912984970957041, 28.804705375805497, 4919.800000000000182 ], [ 83.912958903238177, 28.804727420210838, 4919.399999999999636 ], [ 83.912904337048531, 28.804792296141382, 4919.0 ], [ 83.912895619869232, 28.804806293919683, 4918.800000000000182 ], [ 83.912832839414477, 28.804866895079613, 4917.600000000000364 ], [ 83.912804927676916, 28.80487410351634, 4917.199999999999818 ], [ 83.9127625990659, 28.804880473762751, 4916.600000000000364 ], [ 83.912729071453214, 28.804889777675271, 4915.600000000000364 ], [ 83.912718845531344, 28.804895393550396, 4915.600000000000364 ], [ 83.912650784477592, 28.804934620857239, 4914.800000000000182 ], [ 83.91263066790998, 28.804952809587121, 4914.399999999999636 ], [ 83.912573419511318, 28.804993964731693, 4913.399999999999636 ], [ 83.912560846656561, 28.804999580606815, 4913.199999999999818 ], [ 83.912520026788116, 28.805000502616167, 4912.199999999999818 ], [ 83.912509130313993, 28.804992455989119, 4912.0 ], [ 83.912477362900972, 28.804983822628856, 4911.399999999999636 ], [ 83.912451630458236, 28.804995808750391, 4911.0 ], [ 83.912402344867587, 28.805023552849889, 4909.800000000000182 ], [ 83.912391280755401, 28.805037131533027, 4909.199999999999818 ], [ 83.912355992943048, 28.805056158453223, 4908.600000000000364 ], [ 83.912294888868928, 28.805069318041205, 4907.399999999999636 ], [ 83.912254571914673, 28.805087506771088, 4906.600000000000364 ], [ 83.912243759259582, 28.805093457922339, 4906.199999999999818 ], [ 83.912205705419183, 28.805112987756729, 4905.199999999999818 ], [ 83.912169830873609, 28.805127404630184, 4904.199999999999818 ], [ 83.912159856408834, 28.805130841210485, 4904.0 ], [ 83.912119874730706, 28.805140480399132, 4902.800000000000182 ], [ 83.912098249420524, 28.80514232441783, 4902.399999999999636 ], [ 83.912043264135718, 28.805160764604807, 4901.800000000000182 ], [ 83.911988027393818, 28.805170068517327, 4900.399999999999636 ], [ 83.911913931369781, 28.805178785696626, 4899.199999999999818 ], [ 83.91183078289032, 28.805174846202135, 4898.800000000000182 ], [ 83.911764901131392, 28.805177109315991, 4898.800000000000182 ], [ 83.911725841462612, 28.805176690220833, 4898.600000000000364 ], [ 83.911744868382812, 28.80517803132534, 4898.600000000000364 ], [ 83.911752998828888, 28.805174846202135, 4898.600000000000364 ], [ 83.911754842847586, 28.805172834545377, 4898.600000000000364 ], [ 83.911750400438905, 28.80517266690731, 4898.199999999999818 ], [ 83.91175165772438, 28.805177696049213, 4898.199999999999818 ], [ 83.911657277494669, 28.805184150114655, 4897.199999999999818 ], [ 83.911642525345087, 28.805186497047544, 4897.199999999999818 ], [ 83.911539847031236, 28.805180713534355, 4896.600000000000364 ], [ 83.911526016891003, 28.805178450420499, 4896.199999999999818 ], [ 83.911489471793175, 28.80516696721315, 4895.0 ], [ 83.911475725471973, 28.805166045203805, 4894.800000000000182 ], [ 83.911448819562793, 28.805168978869915, 4894.600000000000364 ], [ 83.91141302883625, 28.805166715756059, 4894.0 ], [ 83.911384865641594, 28.8051628600806, 4893.600000000000364 ], [ 83.911316636949778, 28.805162524804473, 4892.800000000000182 ], [ 83.91124346293509, 28.805163446813825, 4892.399999999999636 ], [ 83.911229716613889, 28.805160345509648, 4892.399999999999636 ], [ 83.911098288372159, 28.80515280179679, 4891.800000000000182 ], [ 83.911052271723747, 28.805154394358397, 4891.800000000000182 ], [ 83.911052104085684, 28.805154394358397, 4891.800000000000182 ], [ 83.911012457683682, 28.805143581703305, 4891.800000000000182 ], [ 83.910952107980847, 28.805130338296298, 4891.600000000000364 ], [ 83.910912796854973, 28.805129835382104, 4891.199999999999818 ], [ 83.910880526527762, 28.805126650258899, 4890.600000000000364 ], [ 83.910805759951472, 28.805127320811152, 4890.0 ], [ 83.910778015851974, 28.805122878402472, 4889.600000000000364 ], [ 83.910701908171177, 28.80507493391633, 4888.600000000000364 ], [ 83.910653376951814, 28.805053476244211, 4888.399999999999636 ], [ 83.910567294806242, 28.805042328312993, 4887.399999999999636 ], [ 83.910553548485041, 28.805046183988452, 4887.199999999999818 ], [ 83.910509878769517, 28.805034114047885, 4886.399999999999636 ], [ 83.910492276772857, 28.805019613355402, 4886.0 ], [ 83.910482889041305, 28.805022714659572, 4886.0 ], [ 83.910461012274027, 28.805032437667251, 4885.399999999999636 ], [ 83.910453971475363, 28.805041154846549, 4885.0 ], [ 83.910443661734462, 28.805052973330021, 4884.600000000000364 ], [ 83.910419018939137, 28.805069234222177, 4883.800000000000182 ], [ 83.910376690328121, 28.805067138746381, 4882.600000000000364 ], [ 83.910349700599909, 28.805046603083611, 4881.800000000000182 ], [ 83.910348443314433, 28.80503612570465, 4881.600000000000364 ], [ 83.910348108038306, 28.805023217573758, 4881.199999999999818 ], [ 83.910309467464685, 28.804966052994132, 4880.199999999999818 ], [ 83.910260936245322, 28.804951636120677, 4879.199999999999818 ], [ 83.910246687009931, 28.804952558130022, 4879.0 ], [ 83.910187594592571, 28.804942332208157, 4877.800000000000182 ], [ 83.910168400034308, 28.804930178448561, 4876.600000000000364 ], [ 83.910144260153174, 28.804905703291297, 4875.399999999999636 ], [ 83.910118443891406, 28.80488533526659, 4874.0 ], [ 83.910083910450339, 28.804856417700648, 4873.199999999999818 ], [ 83.910066476091743, 28.804848622530699, 4872.800000000000182 ], [ 83.910005372017622, 28.804828589782119, 4871.600000000000364 ], [ 83.909971844404936, 28.804818782955408, 4870.600000000000364 ], [ 83.909940160810947, 28.804804785177112, 4870.600000000000364 ], [ 83.909940579906106, 28.80479983985424, 4870.399999999999636 ], [ 83.909930353984237, 28.804797828197479, 4870.199999999999818 ], [ 83.909940663725138, 28.80479983985424, 4869.600000000000364 ], [ 83.909940663725138, 28.80479983985424, 4869.399999999999636 ], [ 83.909940663725138, 28.80479983985424, 4869.399999999999636 ], [ 83.909940663725138, 28.80479983985424, 4869.0 ], [ 83.909940663725138, 28.80479983985424, 4869.0 ], [ 83.909924905747175, 28.804795565083623, 4869.0 ], [ 83.90990755520761, 28.804788775742058, 4868.600000000000364 ], [ 83.909898838028312, 28.804785339161754, 4868.399999999999636 ], [ 83.909876206889749, 28.804785925894976, 4868.0 ], [ 83.909836895763874, 28.804789194837213, 4867.199999999999818 ], [ 83.909800853580236, 28.804795732721686, 4866.199999999999818 ], [ 83.909765901044011, 28.804800761863589, 4865.0 ], [ 83.909744191914797, 28.804806293919683, 4864.399999999999636 ], [ 83.909719968214631, 28.804811742156744, 4864.0 ], [ 83.909662887454033, 28.804802438244224, 4862.800000000000182 ], [ 83.909652326256037, 28.804800678044561, 4862.600000000000364 ], [ 83.909632796421647, 28.804794810712337, 4861.800000000000182 ], [ 83.909594155848026, 28.80478760227561, 4860.800000000000182 ], [ 83.909567166119814, 28.804784333333373, 4860.600000000000364 ], [ 83.909482005983591, 28.804767234250903, 4859.399999999999636 ], [ 83.909429535269737, 28.804756756871939, 4858.399999999999636 ], [ 83.90938276425004, 28.804755164310336, 4857.600000000000364 ], [ 83.909373208880424, 28.804754996672273, 4857.399999999999636 ], [ 83.909289808943868, 28.804737059399489, 4856.800000000000182 ], [ 83.909255275502801, 28.804729515686631, 4856.199999999999818 ], [ 83.909200960770249, 28.804723648354411, 4855.199999999999818 ], [ 83.909175395965576, 28.804728593677279, 4854.800000000000182 ], [ 83.909126445651054, 28.804735131561756, 4854.0 ], [ 83.909112615510821, 28.804727587848902, 4853.199999999999818 ], [ 83.909112950786948, 28.804722642526031, 4852.800000000000182 ], [ 83.909113956615329, 28.804721385240555, 4852.600000000000364 ], [ 83.909115213900805, 28.804683247581124, 4852.0 ], [ 83.90911353752017, 28.804679978638887, 4851.800000000000182 ], [ 83.909105742350221, 28.804648881778121, 4850.800000000000182 ], [ 83.909100461751223, 28.804631615057588, 4850.0 ], [ 83.909100294113159, 28.80462440662086, 4849.600000000000364 ], [ 83.909097276628017, 28.804591717198491, 4848.600000000000364 ], [ 83.909099623560905, 28.804588196799159, 4848.199999999999818 ], [ 83.909100377932191, 28.804565146565437, 4847.600000000000364 ], [ 83.909094175323844, 28.804553244262937, 4847.199999999999818 ], [ 83.909086128696799, 28.804536731913689, 4846.399999999999636 ], [ 83.909079423174262, 28.804503874853253, 4845.399999999999636 ], [ 83.909076573327184, 28.804496666416529, 4845.199999999999818 ], [ 83.909067520871758, 28.804465821012855, 4844.399999999999636 ], [ 83.909062072634697, 28.804448386654258, 4843.600000000000364 ], [ 83.90905830077827, 28.804443860426545, 4843.600000000000364 ], [ 83.909055199474096, 28.804440423846245, 4843.399999999999636 ], [ 83.909046063199639, 28.804437071084976, 4843.399999999999636 ], [ 83.909046063199639, 28.804437071084976, 4843.199999999999818 ], [ 83.909046063199639, 28.804437071084976, 4843.0 ], [ 83.909046063199639, 28.804437071084976, 4843.0 ], [ 83.909046063199639, 28.804437071084976, 4843.0 ], [ 83.909046063199639, 28.804437071084976, 4843.0 ], [ 83.909044051542878, 28.804438579827547, 4843.0 ], [ 83.90900993719697, 28.804427850991488, 4842.600000000000364 ], [ 83.908996358513832, 28.804423743858933, 4842.199999999999818 ], [ 83.90897816978395, 28.80441477522254, 4841.600000000000364 ], [ 83.908963166177273, 28.80440941080451, 4841.0 ], [ 83.908950006589293, 28.80440597422421, 4840.600000000000364 ], [ 83.908938188105822, 28.804397257044911, 4840.0 ], [ 83.908912120386958, 28.804382085800171, 4838.800000000000182 ], [ 83.908884627744555, 28.804369596764445, 4837.800000000000182 ], [ 83.908876832574606, 28.804354760795832, 4837.0 ], [ 83.908876245841384, 28.804349564015865, 4836.800000000000182 ], [ 83.908869372680783, 28.80431754514575, 4835.800000000000182 ], [ 83.908860068768263, 28.804298937320709, 4835.0 ], [ 83.908852441236377, 28.804287705570459, 4834.600000000000364 ], [ 83.908834671601653, 28.804254680871964, 4833.600000000000364 ], [ 83.908832240849733, 28.804236575961113, 4833.0 ], [ 83.908830732107162, 28.804220231249928, 4832.600000000000364 ], [ 83.908834001049399, 28.80417505279183, 4831.600000000000364 ], [ 83.908832659944892, 28.804157115519047, 4831.0 ], [ 83.908830648288131, 28.804137418046594, 4830.600000000000364 ], [ 83.90881790779531, 28.804089138284329, 4829.399999999999636 ], [ 83.908780692145228, 28.804055526852608, 4828.199999999999818 ], [ 83.908770801499486, 28.804047061130404, 4827.800000000000182 ], [ 83.908742135390639, 28.804033482447267, 4827.0 ], [ 83.908733418211341, 28.804042870178819, 4826.600000000000364 ], [ 83.908732328563929, 28.804052593186498, 4826.399999999999636 ], [ 83.908717995509505, 28.804076565429568, 4825.800000000000182 ], [ 83.908693855628371, 28.804098945111036, 4824.600000000000364 ], [ 83.908653119578958, 28.804096262902021, 4823.600000000000364 ], [ 83.90864348039031, 28.804082097485662, 4823.0 ], [ 83.908623950555921, 28.804064998403192, 4822.399999999999636 ], [ 83.908604085445404, 28.804041612893343, 4821.800000000000182 ], [ 83.908596457913518, 28.804035326465964, 4821.199999999999818 ], [ 83.908590339124203, 28.804006241261959, 4820.199999999999818 ], [ 83.908588327467442, 28.804005403071638, 4820.0 ], [ 83.908573407679796, 28.80397405475378, 4819.0 ], [ 83.908558655530214, 28.803967265412211, 4818.399999999999636 ], [ 83.90855111181736, 28.803969863802195, 4818.0 ], [ 83.908553207293153, 28.803971037268639, 4817.600000000000364 ], [ 83.908535437658429, 28.803975144401193, 4817.399999999999636 ], [ 83.908517919480801, 28.80395938642323, 4817.0 ], [ 83.908490594476461, 28.803940694779161, 4815.800000000000182 ], [ 83.908466035500169, 28.803944131359454, 4815.399999999999636 ], [ 83.908436195924878, 28.803969277068973, 4814.800000000000182 ], [ 83.908429406583309, 28.804002469405532, 4813.800000000000182 ], [ 83.908430244773626, 28.80401831120253, 4813.600000000000364 ], [ 83.908420521765947, 28.804034739732742, 4813.399999999999636 ], [ 83.908373164013028, 28.804033733904362, 4812.800000000000182 ], [ 83.908358998596668, 28.804022585973144, 4812.600000000000364 ], [ 83.908337624743581, 28.803987465798855, 4812.0 ], [ 83.908330919221044, 28.803971875458956, 4811.600000000000364 ], [ 83.908310383558273, 28.803928708657622, 4810.800000000000182 ], [ 83.908305857330561, 28.803917728364468, 4810.600000000000364 ], [ 83.90830141492188, 28.80388118326664, 4809.399999999999636 ], [ 83.908292278647423, 28.803871627897024, 4809.0 ], [ 83.908271575346589, 28.803853103891015, 4808.199999999999818 ], [ 83.908253386616707, 28.803804656490684, 4807.199999999999818 ], [ 83.908255733549595, 28.80380624905229, 4807.199999999999818 ], [ 83.908245591446757, 28.803811529651284, 4807.0 ], [ 83.908229162916541, 28.803832987323403, 4806.0 ], [ 83.908204101026058, 28.803849583491683, 4805.399999999999636 ], [ 83.908200915902853, 28.803857462480664, 4805.0 ], [ 83.908204603940248, 28.803858887404203, 4804.800000000000182 ], [ 83.908161772415042, 28.80384748801589, 4804.399999999999636 ], [ 83.908157246187329, 28.80387338809669, 4803.800000000000182 ], [ 83.908146684989333, 28.803888391703367, 4803.399999999999636 ], [ 83.908124640583992, 28.803899204358459, 4802.600000000000364 ], [ 83.908093795180321, 28.803868191316724, 4801.800000000000182 ], [ 83.908082479611039, 28.803852014243603, 4801.600000000000364 ], [ 83.908053897321224, 28.80383332259953, 4800.600000000000364 ], [ 83.908047610893846, 28.803837932646275, 4800.199999999999818 ], [ 83.908033110201359, 28.803853690624237, 4799.399999999999636 ], [ 83.908003689721227, 28.803890654817224, 4798.399999999999636 ], [ 83.907999834045768, 28.803900461643934, 4798.199999999999818 ], [ 83.907970162108541, 28.80393692292273, 4797.199999999999818 ], [ 83.907953482121229, 28.803934575989839, 4796.800000000000182 ], [ 83.907930012792349, 28.803927786648273, 4796.399999999999636 ], [ 83.907918026670814, 28.803911441937089, 4796.0 ], [ 83.907895563170314, 28.803871879354119, 4795.199999999999818 ], [ 83.907882235944271, 28.803863078355789, 4795.199999999999818 ], [ 83.907881984487176, 28.803864754736423, 4795.0 ], [ 83.907871507108212, 28.80385695956647, 4794.600000000000364 ], [ 83.907844601199031, 28.803860731422901, 4794.0 ], [ 83.907834878191352, 28.803860815241933, 4793.800000000000182 ], [ 83.907815935090184, 28.803856708109379, 4792.800000000000182 ], [ 83.907807301729918, 28.803866766393185, 4792.399999999999636 ], [ 83.907767403870821, 28.803885960951447, 4791.800000000000182 ], [ 83.90773069113493, 28.803880512714382, 4790.800000000000182 ], [ 83.9077218901366, 28.803880093619227, 4790.600000000000364 ], [ 83.907690877094865, 28.803902473300695, 4789.600000000000364 ], [ 83.907687189057469, 28.803904568776488, 4789.399999999999636 ], [ 83.907671347260475, 28.803926948457956, 4788.199999999999818 ], [ 83.90766573138535, 28.80394765175879, 4787.800000000000182 ], [ 83.907664306461811, 28.803970869630575, 4787.0 ], [ 83.907650057226419, 28.804009761661291, 4786.199999999999818 ], [ 83.90763882547617, 28.804012443870302, 4785.800000000000182 ], [ 83.907583504915237, 28.804024429991841, 4785.0 ], [ 83.907579062506557, 28.804023591801524, 4784.600000000000364 ], [ 83.90757579356432, 28.804020406678319, 4784.399999999999636 ], [ 83.907582499086857, 28.804012946784496, 4784.199999999999818 ], [ 83.907574620097876, 28.803992997854948, 4783.600000000000364 ], [ 83.907564729452133, 28.803978329524401, 4783.199999999999818 ], [ 83.90756213106215, 28.803952848538756, 4782.600000000000364 ], [ 83.907546540722251, 28.80391932092607, 4781.399999999999636 ], [ 83.907535225152969, 28.803916135802865, 4781.199999999999818 ], [ 83.907505385577679, 28.803921164944768, 4780.199999999999818 ], [ 83.907485185191035, 28.803932229056951, 4779.800000000000182 ], [ 83.9074731990695, 28.803932396695014, 4779.199999999999818 ], [ 83.907461212947965, 28.803916806355119, 4778.600000000000364 ], [ 83.907437156885862, 28.803885877132416, 4778.199999999999818 ], [ 83.907434977591038, 28.803877243772149, 4778.0 ], [ 83.907447550445795, 28.803824856877327, 4776.800000000000182 ], [ 83.907438917085528, 28.80381572060287, 4776.600000000000364 ], [ 83.907431708648801, 28.803812367841601, 4776.399999999999636 ], [ 83.907412849366665, 28.803794262930751, 4776.0 ], [ 83.907412765547633, 28.803793340921398, 4775.800000000000182 ], [ 83.907407401129603, 28.803792586550117, 4775.600000000000364 ], [ 83.907408826053143, 28.8037951849401, 4775.600000000000364 ], [ 83.907401701435447, 28.803806332871321, 4775.600000000000364 ], [ 83.907362641766667, 28.803819576278329, 4775.399999999999636 ], [ 83.907312266528606, 28.803840782493353, 4774.800000000000182 ], [ 83.907279493287206, 28.803862323984504, 4774.199999999999818 ], [ 83.907248647883534, 28.803876657038927, 4773.600000000000364 ], [ 83.907184693962336, 28.803906245157123, 4772.399999999999636 ], [ 83.907070951536298, 28.803946478292342, 4771.399999999999636 ], [ 83.907059216871858, 28.803949579596519, 4771.199999999999818 ], [ 83.907008087262511, 28.803966343402863, 4770.399999999999636 ], [ 83.90697430819273, 28.803979000076652, 4770.0 ], [ 83.906912785023451, 28.804018730297685, 4769.199999999999818 ], [ 83.90688244253397, 28.804033901542425, 4769.199999999999818 ], [ 83.906860901042819, 28.804055778309703, 4768.199999999999818 ], [ 83.906843466684222, 28.804070530459285, 4767.0 ], [ 83.906807927414775, 28.80408595316112, 4766.0 ], [ 83.906766604632139, 28.804099280387163, 4765.399999999999636 ], [ 83.90675151720643, 28.804116044193503, 4764.800000000000182 ], [ 83.906718073412776, 28.804137334227558, 4763.600000000000364 ], [ 83.906712373718619, 28.80414018407464, 4763.399999999999636 ], [ 83.906678594648838, 28.804151080548763, 4762.399999999999636 ], [ 83.906670128926635, 28.804177232086658, 4761.600000000000364 ], [ 83.906666273251176, 28.804184440523382, 4761.399999999999636 ], [ 83.906642971560359, 28.804199025034904, 4760.199999999999818 ], [ 83.906643642112613, 28.804201874881983, 4760.199999999999818 ], [ 83.906645989045501, 28.804201623424888, 4760.199999999999818 ], [ 83.906637774780393, 28.804195588454604, 4760.199999999999818 ], [ 83.906631823629141, 28.80419441498816, 4760.0 ], [ 83.906614053994417, 28.804189972579479, 4759.800000000000182 ], [ 83.906582789495587, 28.804193073883653, 4759.199999999999818 ], [ 83.906573737040162, 28.80419391207397, 4758.800000000000182 ], [ 83.906538030132651, 28.804210256785151, 4757.600000000000364 ], [ 83.906516656279564, 28.804232971742749, 4756.600000000000364 ], [ 83.906503245234489, 28.804286029189825, 4755.199999999999818 ], [ 83.906503496691585, 28.804290806874633, 4755.0 ], [ 83.906494695693254, 28.804317712783813, 4754.199999999999818 ], [ 83.906479440629482, 28.804344786331058, 4753.199999999999818 ], [ 83.906462593004107, 28.804375715553761, 4752.0 ], [ 83.906413475051522, 28.804393569007516, 4750.800000000000182 ], [ 83.906409200280905, 28.804395496845245, 4750.199999999999818 ], [ 83.906426299363375, 28.804386695846915, 4750.199999999999818 ], [ 83.906430071219802, 28.804393485188484, 4749.800000000000182 ], [ 83.906404757872224, 28.804438328370452, 4749.199999999999818 ], [ 83.906384808942676, 28.804457439109683, 4748.399999999999636 ], [ 83.906354466453195, 28.804471604526043, 4747.399999999999636 ], [ 83.906327812001109, 28.804483842104673, 4746.600000000000364 ], [ 83.906318424269557, 28.804488284513351, 4746.399999999999636 ], [ 83.906293110921979, 28.804514603689313, 4745.399999999999636 ], [ 83.906264780089259, 28.804539330303669, 4744.600000000000364 ], [ 83.90624675899744, 28.804558357223868, 4744.199999999999818 ], [ 83.906223205849528, 28.804590627551079, 4743.0 ], [ 83.906206022948027, 28.804602278396487, 4742.399999999999636 ], [ 83.906191773712635, 28.804621053859591, 4741.800000000000182 ], [ 83.90616369433701, 28.804660448804498, 4740.399999999999636 ], [ 83.906156569719315, 28.804670171812177, 4740.199999999999818 ], [ 83.906140644103289, 28.804691797122359, 4739.399999999999636 ], [ 83.906117007136345, 28.80471920594573, 4738.399999999999636 ], [ 83.906117845326662, 28.804726246744391, 4738.0 ], [ 83.906129077076912, 28.804722474887967, 4737.600000000000364 ], [ 83.906126646324992, 28.804723229259253, 4737.600000000000364 ], [ 83.906119102612138, 28.804726833477616, 4737.399999999999636 ], [ 83.906084652990103, 28.804740495979782, 4737.199999999999818 ], [ 83.906051209196448, 28.804768659174439, 4736.199999999999818 ], [ 83.906040983274579, 28.804776705801487, 4735.800000000000182 ], [ 83.905990608036518, 28.804816352203488, 4734.800000000000182 ], [ 83.90596236102283, 28.804846191778779, 4734.199999999999818 ], [ 83.90594526194036, 28.804864464327693, 4733.600000000000364 ], [ 83.905917434021831, 28.804883072152737, 4732.600000000000364 ], [ 83.905884576961398, 28.804910648614168, 4731.600000000000364 ], [ 83.905859934166074, 28.804936800152063, 4730.600000000000364 ], [ 83.905859179794788, 28.804940152913332, 4730.399999999999636 ], [ 83.905845349654555, 28.804959179833531, 4730.199999999999818 ], [ 83.9058274962008, 28.80497912876308, 4729.199999999999818 ], [ 83.905805367976427, 28.805003017187119, 4728.199999999999818 ], [ 83.905789358541369, 28.805015925318003, 4727.800000000000182 ], [ 83.905766727402806, 28.805031096562743, 4727.199999999999818 ], [ 83.905716519802809, 28.805050626397133, 4726.199999999999818 ], [ 83.905706629157066, 28.805055404081941, 4726.199999999999818 ], [ 83.90567310154438, 28.805084489285942, 4725.0 ], [ 83.905651057139039, 28.805104102939367, 4724.199999999999818 ], [ 83.905642759054899, 28.805110137909651, 4724.0 ], [ 83.90559297055006, 28.805139390751719, 4723.0 ], [ 83.905587941408157, 28.80514282733202, 4722.800000000000182 ], [ 83.905559945851564, 28.805160177871585, 4721.800000000000182 ], [ 83.905528346076608, 28.805178198963404, 4720.800000000000182 ], [ 83.90551870688796, 28.80518096499145, 4720.600000000000364 ], [ 83.90545567497611, 28.805198902264237, 4719.800000000000182 ], [ 83.905393313616514, 28.805219102650881, 4718.600000000000364 ], [ 83.905331790447235, 28.805244332179427, 4717.600000000000364 ], [ 83.905290719121695, 28.805265286937356, 4717.399999999999636 ], [ 83.905254509299994, 28.8052889239043, 4716.399999999999636 ], [ 83.905218048021197, 28.805309124290943, 4715.399999999999636 ], [ 83.905184185132384, 28.805328486487269, 4714.800000000000182 ], [ 83.905160464346409, 28.805342987179756, 4714.199999999999818 ], [ 83.905103132128716, 28.80538129247725, 4712.800000000000182 ], [ 83.905079327523708, 28.805402079597116, 4712.199999999999818 ], [ 83.905054936185479, 28.805418591946363, 4711.800000000000182 ], [ 83.904996179044247, 28.80542018450797, 4710.800000000000182 ], [ 83.90498218126595, 28.805418508127332, 4710.600000000000364 ], [ 83.904923088848591, 28.805430745705959, 4709.800000000000182 ], [ 83.904902720823884, 28.805435691028833, 4709.399999999999636 ], [ 83.904875060543418, 28.805454550310969, 4708.600000000000364 ], [ 83.904844801872969, 28.805475756525993, 4707.399999999999636 ], [ 83.904834995046258, 28.805484641343355, 4707.199999999999818 ], [ 83.90480088070035, 28.805499142035838, 4706.399999999999636 ], [ 83.904776321724057, 28.805511044338346, 4705.199999999999818 ], [ 83.904771711677313, 28.805514229461551, 4704.800000000000182 ], [ 83.904747320339084, 28.805526550859213, 4704.199999999999818 ], [ 83.904696442186832, 28.805535770952702, 4703.0 ], [ 83.904666351154447, 28.805535854771733, 4702.399999999999636 ], [ 83.904630225151777, 28.80553225055337, 4701.800000000000182 ], [ 83.904591081663966, 28.805559324100617, 4700.600000000000364 ], [ 83.904565433040261, 28.805574998259544, 4700.0 ], [ 83.904542969539762, 28.80558698438108, 4699.600000000000364 ], [ 83.904471807181835, 28.805607436224818, 4698.399999999999636 ], [ 83.904459150508046, 28.805614057928324, 4698.199999999999818 ], [ 83.904435262084007, 28.805647417902943, 4698.199999999999818 ], [ 83.904419587925076, 28.80566862411797, 4698.0 ], [ 83.904373068362474, 28.80569888278842, 4698.0 ], [ 83.904357729479671, 28.805701648816463, 4697.399999999999636 ], [ 83.904376588761806, 28.805682621896267, 4697.199999999999818 ], [ 83.90438019298017, 28.805683795362711, 4697.0 ], [ 83.904361417517066, 28.805710365995765, 4689.600000000000364 ], [ 83.90437625348568, 28.805728554725647, 4689.0 ], [ 83.904318334534764, 28.805783791467547, 4688.399999999999636 ], [ 83.904299139976501, 28.80578001961112, 4688.399999999999636 ], [ 83.904256895184517, 28.805787144228816, 4688.399999999999636 ], [ 83.904188247397542, 28.805813966318965, 4688.0 ], [ 83.904179781675339, 28.805819246917963, 4687.800000000000182 ], [ 83.904135106131434, 28.805838692933321, 4686.800000000000182 ], [ 83.904112558811903, 28.805885631591082, 4685.600000000000364 ], [ 83.904115408658981, 28.805896695703268, 4685.600000000000364 ], [ 83.904129406437278, 28.805907508358359, 4685.199999999999818 ], [ 83.904173243790865, 28.805921254679561, 4684.600000000000364 ], [ 83.904169639572501, 28.805921673774719, 4684.399999999999636 ], [ 83.904149523004889, 28.805917231366038, 4683.800000000000182 ], [ 83.904145248234272, 28.805916728451848, 4683.600000000000364 ], [ 83.904125969856977, 28.805923601612449, 4683.0 ], [ 83.904123120009899, 28.80592661909759, 4682.600000000000364 ], [ 83.904120689257979, 28.805926870554689, 4682.399999999999636 ], [ 83.904094537720084, 28.80596031434834, 4681.800000000000182 ], [ 83.9040816295892, 28.805967858061191, 4681.199999999999818 ], [ 83.904079534113407, 28.805978503078222, 4680.399999999999636 ], [ 83.904056902974844, 28.805984538048502, 4680.199999999999818 ], [ 83.904059669002891, 28.805983951315284, 4680.0 ], [ 83.904025973752141, 28.805994261056185, 4679.199999999999818 ], [ 83.903993116691709, 28.805992249399424, 4678.600000000000364 ], [ 83.9039849024266, 28.805993506684899, 4678.199999999999818 ], [ 83.9039521291852, 28.806003481149673, 4677.0 ], [ 83.903923379257321, 28.806026531383395, 4675.800000000000182 ], [ 83.903907788917422, 28.806021586060524, 4675.399999999999636 ], [ 83.903897143900394, 28.806018149480224, 4675.199999999999818 ], [ 83.903871579095721, 28.80601387470961, 4674.600000000000364 ], [ 83.903845343738794, 28.806013958528641, 4674.199999999999818 ], [ 83.903837213292718, 28.806016640737653, 4673.600000000000364 ], [ 83.903855737298727, 28.80601798184216, 4673.600000000000364 ], [ 83.903855234384537, 28.806016640737653, 4673.399999999999636 ], [ 83.90380117110908, 28.806029465049505, 4673.399999999999636 ], [ 83.903804942965508, 28.806019239127636, 4673.0 ], [ 83.903804942965508, 28.806019239127636, 4673.0 ], [ 83.903782730922103, 28.806022759526968, 4672.600000000000364 ], [ 83.903773343190551, 28.806024435907599, 4672.600000000000364 ], [ 83.903755741193891, 28.806032398715615, 4671.399999999999636 ], [ 83.90371953137219, 28.806050335988399, 4670.399999999999636 ], [ 83.903712825849652, 28.806058717891577, 4670.199999999999818 ], [ 83.90366580337286, 28.806081851944327, 4669.399999999999636 ], [ 83.903657170012593, 28.806085707619783, 4669.0 ], [ 83.903618697077036, 28.806092580780387, 4667.800000000000182 ], [ 83.903593048453331, 28.806101465597749, 4667.199999999999818 ], [ 83.903564047068357, 28.806113451719284, 4666.600000000000364 ], [ 83.903532195836306, 28.806130047887564, 4665.399999999999636 ], [ 83.90351920388639, 28.806134155020121, 4665.199999999999818 ], [ 83.903517946600914, 28.80613055080175, 4664.600000000000364 ], [ 83.903529932722449, 28.806125018745661, 4664.600000000000364 ], [ 83.903457261621952, 28.806124851107597, 4664.199999999999818 ], [ 83.903406886383891, 28.806123090907931, 4663.199999999999818 ], [ 83.90338534489274, 28.806120324879885, 4663.0 ], [ 83.903347542509437, 28.806122504174709, 4661.800000000000182 ], [ 83.903317200019956, 28.806136334314942, 4660.800000000000182 ], [ 83.903307896107435, 28.806140357628465, 4660.600000000000364 ], [ 83.903258861973882, 28.806159384548664, 4659.600000000000364 ], [ 83.903192225843668, 28.806187380105257, 4658.600000000000364 ], [ 83.903110837563872, 28.806219315156341, 4657.600000000000364 ], [ 83.903099605813622, 28.806222416460511, 4657.199999999999818 ], [ 83.903076136484742, 28.806225014850497, 4656.399999999999636 ], [ 83.9030403457582, 28.806215291842818, 4655.199999999999818 ], [ 83.902998100966215, 28.806214956566691, 4654.0 ], [ 83.90295535326004, 28.806232223287225, 4653.199999999999818 ], [ 83.902933476492763, 28.806244544684887, 4653.0 ], [ 83.902912773191929, 28.806287292391065, 4652.600000000000364 ], [ 83.902888717129827, 28.806335236877203, 4651.800000000000182 ], [ 83.902895003557205, 28.806378738954663, 4651.0 ], [ 83.902893494814634, 28.806406650692225, 4650.600000000000364 ], [ 83.902893997728825, 28.80642274394631, 4649.399999999999636 ], [ 83.902893494814634, 28.806437412276864, 4648.800000000000182 ], [ 83.902888800948858, 28.806447302922606, 4648.199999999999818 ], [ 83.902880838140845, 28.806456439197063, 4647.800000000000182 ], [ 83.902864661067724, 28.806480495259169, 4647.0 ], [ 83.902843706309795, 28.806497426703572, 4646.399999999999636 ], [ 83.902832558378577, 28.806504551321268, 4646.0 ], [ 83.902783691883087, 28.806518213823441, 4645.0 ], [ 83.902769526466727, 28.806522823870186, 4644.399999999999636 ], [ 83.902781512588263, 28.806515363976359, 4644.399999999999636 ], [ 83.902781512588263, 28.806515363976359, 4644.399999999999636 ], [ 83.90273105353117, 28.806477561593056, 4643.800000000000182 ], [ 83.902723845094442, 28.806423163041472, 4642.800000000000182 ], [ 83.902711858972907, 28.80641913972795, 4642.399999999999636 ], [ 83.902697609737515, 28.806420313194391, 4642.199999999999818 ], [ 83.902651928365231, 28.806457361206412, 4641.600000000000364 ], [ 83.902628039941192, 28.806471358984709, 4640.399999999999636 ], [ 83.902605073526502, 28.806486697867513, 4639.600000000000364 ], [ 83.902597445994616, 28.80649290047586, 4639.399999999999636 ], [ 83.902566600590944, 28.806517459452152, 4638.199999999999818 ], [ 83.902520583942533, 28.806534139439464, 4637.0 ], [ 83.90251069329679, 28.806530283764005, 4636.800000000000182 ], [ 83.902501808479428, 28.806525338441133, 4636.600000000000364 ], [ 83.90248722396791, 28.806508909910917, 4636.0 ], [ 83.902461994439363, 28.806482506915927, 4635.0 ], [ 83.902445565909147, 28.806467335671183, 4634.199999999999818 ], [ 83.902438022196293, 28.806450152769685, 4633.600000000000364 ], [ 83.902421593666077, 28.806444369256496, 4632.800000000000182 ], [ 83.902413630858064, 28.806444201618433, 4632.600000000000364 ], [ 83.902373732998967, 28.806431293487549, 4631.600000000000364 ], [ 83.902371637523174, 28.806439256295558, 4631.399999999999636 ], [ 83.902367949485779, 28.806448392570019, 4631.199999999999818 ], [ 83.902372978627682, 28.806518297642469, 4630.600000000000364 ], [ 83.902365015819669, 28.806523075327277, 4630.0 ], [ 83.902346407994628, 28.80651050247252, 4629.399999999999636 ], [ 83.902334924787283, 28.806503713130951, 4629.0 ], [ 83.90229620039463, 28.806480830535293, 4628.0 ], [ 83.902287902310491, 28.806475047022104, 4627.800000000000182 ], [ 83.902219589799643, 28.806439926847816, 4626.800000000000182 ], [ 83.902197545394301, 28.806442525237799, 4625.600000000000364 ], [ 83.902170639485121, 28.806450990959998, 4624.600000000000364 ], [ 83.902168879285455, 28.806460713967681, 4624.399999999999636 ], [ 83.902168460190296, 28.806479154154658, 4624.399999999999636 ], [ 83.902168963104486, 28.806536821648479, 4623.399999999999636 ], [ 83.902145326137543, 28.806534642353657, 4622.600000000000364 ], [ 83.90213250182569, 28.806532295420769, 4622.199999999999818 ], [ 83.902116073295474, 28.806526931002736, 4621.600000000000364 ], [ 83.90208950266242, 28.806520057842135, 4621.199999999999818 ], [ 83.902040887624025, 28.806515112519264, 4620.0 ], [ 83.902031080797315, 28.806511592119932, 4619.800000000000182 ], [ 83.902011886239052, 28.806504216045141, 4619.0 ], [ 83.901979615911841, 28.806475717574362, 4618.0 ], [ 83.901914320886135, 28.806447302922606, 4616.800000000000182 ], [ 83.901884062215686, 28.806427605450153, 4616.0 ], [ 83.901877105236053, 28.806420648470521, 4615.600000000000364 ], [ 83.90185346826911, 28.806403381749988, 4614.399999999999636 ], [ 83.901830166578293, 28.806402124464512, 4613.800000000000182 ], [ 83.901799572631717, 28.806404722854495, 4613.399999999999636 ], [ 83.901759339496493, 28.806420061737299, 4612.600000000000364 ], [ 83.901748694479465, 28.806423917412761, 4612.199999999999818 ], [ 83.901727572083473, 28.80641813389957, 4611.600000000000364 ], [ 83.901708545163274, 28.806429281830788, 4611.0 ], [ 83.901691446080804, 28.806479573249817, 4609.800000000000182 ], [ 83.901679962873459, 28.806490385904908, 4609.199999999999818 ], [ 83.901652805507183, 28.806494157761335, 4608.600000000000364 ], [ 83.901600502431393, 28.806511424481869, 4607.600000000000364 ], [ 83.901589354500175, 28.806516118347645, 4607.199999999999818 ], [ 83.901561526581645, 28.806530283764005, 4606.600000000000364 ], [ 83.901521796360612, 28.806538665667176, 4605.399999999999636 ], [ 83.901509642601013, 28.806540090590715, 4605.0 ], [ 83.901473768055439, 28.806544868275523, 4604.399999999999636 ], [ 83.90147284604609, 28.806554339826107, 4604.199999999999818 ], [ 83.901476450264454, 28.806577725335956, 4603.800000000000182 ], [ 83.901472678408027, 28.806599099189043, 4603.199999999999818 ], [ 83.901452478021383, 28.806626508012418, 4601.800000000000182 ], [ 83.901445940136909, 28.806631285697222, 4601.600000000000364 ], [ 83.901411993429065, 28.806657856330276, 4600.600000000000364 ], [ 83.901391038671136, 28.806668585166335, 4600.199999999999818 ], [ 83.901373101398349, 28.806665483862162, 4600.0 ], [ 83.901346530765295, 28.806667411699891, 4599.600000000000364 ], [ 83.901316104456782, 28.806685181334615, 4599.0 ], [ 83.901291042566299, 28.806701777502894, 4598.800000000000182 ], [ 83.901273692026734, 28.806713595986366, 4598.399999999999636 ], [ 83.901231698691845, 28.806743938475847, 4597.199999999999818 ], [ 83.901184424757957, 28.806764641776681, 4596.0 ], [ 83.901153830811381, 28.806772939860821, 4595.199999999999818 ], [ 83.901151986792684, 28.806774448603392, 4595.0 ], [ 83.901119967922568, 28.806801941245791, 4593.800000000000182 ], [ 83.901092307642102, 28.80681250244379, 4593.0 ], [ 83.901088451966643, 28.806811412796375, 4592.600000000000364 ], [ 83.901095241308212, 28.806817447766662, 4591.800000000000182 ], [ 83.901097169145942, 28.806816022843119, 4591.600000000000364 ], [ 83.901099683716893, 28.80680613219738, 4591.600000000000364 ], [ 83.901099683716893, 28.80680613219738, 4591.600000000000364 ], [ 83.901099683716893, 28.80680613219738, 4591.399999999999636 ], [ 83.901088368147612, 28.80680906586349, 4591.399999999999636 ], [ 83.901077136397362, 28.80681250244379, 4591.399999999999636 ], [ 83.901015529409051, 28.806809484958649, 4590.199999999999818 ], [ 83.900974877178669, 28.806812167167664, 4589.199999999999818 ], [ 83.900962807238102, 28.80681443028152, 4589.0 ], [ 83.900887873023748, 28.806834798306227, 4587.800000000000182 ], [ 83.900839257985353, 28.80683253519237, 4586.600000000000364 ], [ 83.90080388635397, 28.806850640103221, 4586.0 ], [ 83.900761976838112, 28.806863715872169, 4585.399999999999636 ], [ 83.900721156969666, 28.806872935965657, 4584.399999999999636 ], [ 83.900660555809736, 28.806893806904551, 4583.199999999999818 ], [ 83.900605570524931, 28.806894645094872, 4582.0 ], [ 83.90059182420373, 28.806891376152635, 4581.800000000000182 ], [ 83.90056156553328, 28.8068862631917, 4581.0 ], [ 83.900518398731947, 28.806892046704888, 4579.800000000000182 ], [ 83.900508675724268, 28.80689799785614, 4579.600000000000364 ], [ 83.900479758158326, 28.806905206292868, 4579.0 ], [ 83.900458635762334, 28.806907301768661, 4578.600000000000364 ], [ 83.900418989360332, 28.806915264576674, 4577.199999999999818 ], [ 83.900373559445143, 28.806930603459477, 4576.0 ], [ 83.900321843102574, 28.806949127465487, 4575.199999999999818 ], [ 83.900314383208752, 28.806950720027089, 4574.800000000000182 ], [ 83.900260319933295, 28.806965807452801, 4573.800000000000182 ], [ 83.900234755128622, 28.806979134678841, 4572.399999999999636 ], [ 83.900210363790393, 28.806989779695868, 4571.199999999999818 ], [ 83.900214387103915, 28.806991623714566, 4571.199999999999818 ], [ 83.900214387103915, 28.806991623714566, 4571.0 ], [ 83.900214387103915, 28.806991623714566, 4571.0 ], [ 83.900214387103915, 28.806991623714566, 4571.0 ], [ 83.900214387103915, 28.806991623714566, 4571.0 ], [ 83.900214387103915, 28.806991623714566, 4571.0 ], [ 83.900172645226121, 28.807028084993359, 4570.399999999999636 ], [ 83.900161078199744, 28.807022385299209, 4570.0 ], [ 83.900152528658509, 28.807016685605049, 4569.800000000000182 ], [ 83.900137022137642, 28.806992545723915, 4568.800000000000182 ], [ 83.900121012702584, 28.807008303701881, 4567.800000000000182 ], [ 83.900119420140982, 28.807029174640775, 4567.399999999999636 ], [ 83.900099638849497, 28.807054152712222, 4566.600000000000364 ], [ 83.900073152035475, 28.807064546272159, 4565.199999999999818 ], [ 83.90005093999207, 28.807085752487183, 4564.0 ], [ 83.900048844516277, 28.807092709466815, 4564.0 ], [ 83.900030069053173, 28.807116514071826, 4563.199999999999818 ], [ 83.90002554282546, 28.807113999500871, 4562.600000000000364 ], [ 83.899997631087899, 28.807094302028418, 4562.0 ], [ 83.899991847574711, 28.807095224037766, 4561.800000000000182 ], [ 83.899991847574711, 28.807149035856128, 4561.0 ], [ 83.899992266669869, 28.807154651731253, 4560.800000000000182 ], [ 83.899974832311273, 28.807180635631084, 4559.800000000000182 ], [ 83.899948094040155, 28.807175774127245, 4558.800000000000182 ], [ 83.899940550327301, 28.807166134938601, 4558.399999999999636 ], [ 83.899928983300924, 28.80715942941606, 4558.0 ], [ 83.899925211444497, 28.807168481871489, 4557.800000000000182 ], [ 83.899922193959355, 28.807175941765308, 4557.800000000000182 ], [ 83.899915907531977, 28.807193459942937, 4557.399999999999636 ], [ 83.899890258908272, 28.807218186557293, 4556.199999999999818 ], [ 83.899871399626136, 28.807236794382337, 4555.0 ], [ 83.899851115420461, 28.807265376672149, 4554.0 ], [ 83.899848014116287, 28.807249451056123, 4553.399999999999636 ], [ 83.899848014116287, 28.807249451056123, 4553.399999999999636 ], [ 83.899820353835821, 28.807234112173319, 4552.800000000000182 ], [ 83.899814570322633, 28.807226484641433, 4552.600000000000364 ], [ 83.899799734354019, 28.807197734713551, 4551.800000000000182 ], [ 83.899774756282568, 28.80719195120037, 4551.0 ], [ 83.899770230054855, 28.807199243456125, 4550.800000000000182 ], [ 83.89974114485085, 28.807250205427408, 4549.600000000000364 ], [ 83.899736870080233, 28.807257246226072, 4549.399999999999636 ], [ 83.89973184093833, 28.807280380278826, 4548.399999999999636 ], [ 83.899719016626477, 28.80731139332056, 4547.399999999999636 ], [ 83.89969571493566, 28.807334108278155, 4546.199999999999818 ], [ 83.899666126817465, 28.807347770780325, 4545.199999999999818 ], [ 83.899644417688251, 28.807383896782991, 4544.0 ], [ 83.899630084633827, 28.807403091341257, 4542.600000000000364 ], [ 83.899622373282909, 28.807411640882492, 4542.600000000000364 ], [ 83.899606615304947, 28.807437708601356, 4541.800000000000182 ], [ 83.899584403261542, 28.807468637824059, 4540.600000000000364 ], [ 83.89957694336772, 28.807457322254777, 4540.399999999999636 ], [ 83.899559257552028, 28.807410635054111, 4539.399999999999636 ], [ 83.899553138762712, 28.807417592033744, 4539.199999999999818 ], [ 83.8995227124542, 28.807443492114544, 4538.800000000000182 ], [ 83.899513324722648, 28.80745648406446, 4538.399999999999636 ], [ 83.899494968354702, 28.80747458897531, 4537.199999999999818 ], [ 83.899471750482917, 28.807492945343256, 4536.199999999999818 ], [ 83.899465212598443, 28.807483557611704, 4536.0 ], [ 83.899445850402117, 28.807457322254777, 4535.199999999999818 ], [ 83.899445347487926, 28.807446509599689, 4534.800000000000182 ], [ 83.899424560368061, 28.807419016957283, 4533.600000000000364 ], [ 83.899415927007794, 28.807414742186666, 4533.399999999999636 ], [ 83.899399498477578, 28.807410383597016, 4532.600000000000364 ], [ 83.899386506527662, 28.80741884931922, 4532.0 ], [ 83.89937954954803, 28.807440139353275, 4531.399999999999636 ], [ 83.899361444637179, 28.807488083839417, 4530.399999999999636 ], [ 83.899359432980418, 28.80750048905611, 4530.199999999999818 ], [ 83.899345519021153, 28.807530244812369, 4529.600000000000364 ], [ 83.899344932287931, 28.807530496269464, 4529.399999999999636 ], [ 83.899347111582756, 28.807527981698513, 4529.0 ], [ 83.899344345554709, 28.80752488039434, 4529.0 ], [ 83.899344345554709, 28.80752488039434, 4529.0 ], [ 83.899344345554709, 28.80752488039434, 4528.800000000000182 ], [ 83.899324061349034, 28.807514738291506, 4528.399999999999636 ], [ 83.899319283664227, 28.80750585347414, 4528.399999999999636 ], [ 83.899313500151038, 28.807497723028064, 4528.399999999999636 ], [ 83.899296149611473, 28.807475846260783, 4527.199999999999818 ], [ 83.899289695546031, 28.807480204850435, 4527.199999999999818 ], [ 83.899289695546031, 28.807489341124892, 4527.0 ], [ 83.899275613948703, 28.807566286996007, 4526.199999999999818 ], [ 83.899267567321658, 28.807568131014705, 4526.0 ], [ 83.89925348572433, 28.807550445199013, 4525.199999999999818 ], [ 83.899232698604465, 28.807539045810699, 4524.199999999999818 ], [ 83.899227753281593, 28.80754658952355, 4523.800000000000182 ], [ 83.899210905656219, 28.807584056630731, 4522.600000000000364 ], [ 83.89920855872333, 28.807585733011365, 4522.600000000000364 ], [ 83.899194141849875, 28.807609369978309, 4521.600000000000364 ], [ 83.899169666692615, 28.807589504867792, 4520.600000000000364 ], [ 83.899164302274585, 28.807585313916206, 4520.600000000000364 ], [ 83.89913035556674, 28.80756645463407, 4519.399999999999636 ], [ 83.899131361395121, 28.807572238147259, 4519.199999999999818 ], [ 83.89912448823452, 28.807634599506855, 4518.399999999999636 ], [ 83.899122476577759, 28.807645831257105, 4518.199999999999818 ], [ 83.899108227342367, 28.807672653347257, 4517.399999999999636 ], [ 83.8990995939821, 28.807686902582645, 4516.800000000000182 ], [ 83.899089535698295, 28.807705929502845, 4516.199999999999818 ], [ 83.899088362231851, 28.807711713016033, 4515.800000000000182 ], [ 83.899075537919998, 28.807735266163945, 4515.0 ], [ 83.899035723879933, 28.807734847068787, 4514.199999999999818 ], [ 83.899026084691286, 28.807722358033061, 4514.0 ], [ 83.898996496573091, 28.807669468224049, 4513.0 ], [ 83.898998172953725, 28.807659242302179, 4512.800000000000182 ], [ 83.898959532380104, 28.807564862072468, 4512.0 ], [ 83.898947546258569, 28.807555809617043, 4511.600000000000364 ], [ 83.898870432749391, 28.807503841817379, 4510.800000000000182 ], [ 83.898856351152062, 28.80749361589551, 4510.800000000000182 ], [ 83.898791056126356, 28.807463021948937, 4509.600000000000364 ], [ 83.898769179359078, 28.807441480457783, 4509.0 ], [ 83.898752583190799, 28.807420525699857, 4508.399999999999636 ], [ 83.898684605956078, 28.807414323091507, 4507.399999999999636 ], [ 83.898677481338382, 28.807428739964958, 4507.0 ], [ 83.89868619851768, 28.807464530691504, 4506.800000000000182 ], [ 83.898738250136375, 28.80749998614192, 4506.0 ], [ 83.89874679967761, 28.80752781406045, 4505.600000000000364 ], [ 83.898747637867928, 28.807538878172636, 4505.399999999999636 ], [ 83.898756438866258, 28.807564442977309, 4505.0 ], [ 83.898802371695638, 28.807614985853434, 4504.399999999999636 ], [ 83.898814525455236, 28.807652033865452, 4504.0 ], [ 83.89881519600749, 28.807697212323543, 4503.399999999999636 ], [ 83.898812513798475, 28.807729315012693, 4503.0 ], [ 83.898774795234203, 28.807800393551588, 4501.800000000000182 ], [ 83.898725425824523, 28.807876920327544, 4500.600000000000364 ], [ 83.898702375590801, 28.807909525930882, 4500.199999999999818 ], [ 83.898687204346061, 28.807924445718527, 4499.600000000000364 ], [ 83.89865149743855, 28.807940036058422, 4498.399999999999636 ], [ 83.898629117757082, 28.807916985824704, 4497.399999999999636 ], [ 83.898617047816515, 28.807922266423702, 4497.0 ], [ 83.898614449426532, 28.807940287515521, 4496.199999999999818 ], [ 83.898606821894646, 28.807956967502832, 4495.800000000000182 ], [ 83.898589471355081, 28.807961661368608, 4495.199999999999818 ], [ 83.898572875186801, 28.807968869805336, 4494.800000000000182 ], [ 83.898551082238555, 28.8079724740237, 4494.199999999999818 ], [ 83.898540269583464, 28.807966019958258, 4494.0 ], [ 83.898536833003163, 28.807949339970943, 4493.600000000000364 ], [ 83.898519314825535, 28.807922350242738, 4493.0 ], [ 83.898509340360761, 28.807921428233385, 4492.800000000000182 ], [ 83.898484781384468, 28.807918159291148, 4491.800000000000182 ], [ 83.898477237671614, 28.807918997481465, 4491.399999999999636 ], [ 83.898441614583135, 28.807927211746573, 4490.800000000000182 ], [ 83.898390149697661, 28.807942047715187, 4489.600000000000364 ], [ 83.898347485810518, 28.807976329699159, 4488.600000000000364 ], [ 83.898333152756095, 28.80798714235425, 4488.399999999999636 ], [ 83.898299541324377, 28.808002648875117, 4487.399999999999636 ], [ 83.898267103359103, 28.808000385761261, 4486.199999999999818 ], [ 83.898260649293661, 28.808001391589642, 4486.0 ], [ 83.898221338167787, 28.808007929474115, 4485.0 ], [ 83.898179847747087, 28.808000134304169, 4484.0 ], [ 83.898129388689995, 28.807999463751912, 4482.800000000000182 ], [ 83.898111283779144, 28.808008851483464, 4482.0 ], [ 83.89810424298048, 28.80801304243505, 4481.600000000000364 ], [ 83.898068536072969, 28.808025782927871, 4480.600000000000364 ], [ 83.898060657083988, 28.80803894251585, 4479.800000000000182 ], [ 83.89804900623858, 28.808050090447068, 4479.199999999999818 ], [ 83.898025033995509, 28.808068865910172, 4478.199999999999818 ], [ 83.898015143349767, 28.80807121284306, 4477.800000000000182 ], [ 83.897996367886662, 28.808067608624697, 4477.199999999999818 ], [ 83.897966779768467, 28.808056460693479, 4475.800000000000182 ], [ 83.897959655150771, 28.808042043820024, 4475.199999999999818 ], [ 83.897946160286665, 28.808037182316184, 4474.600000000000364 ], [ 83.897892683744431, 28.808025699108839, 4473.600000000000364 ], [ 83.897859575226903, 28.80801547318697, 4472.800000000000182 ], [ 83.89780567958951, 28.808006253093481, 4471.399999999999636 ], [ 83.897793525829911, 28.808008851483464, 4471.399999999999636 ], [ 83.897763853892684, 28.80802251398563, 4470.399999999999636 ], [ 83.897747593000531, 28.808030309155583, 4470.199999999999818 ], [ 83.89772554859519, 28.808026453480124, 4469.600000000000364 ], [ 83.897723369300365, 28.808025196194649, 4469.0 ], [ 83.897707024589181, 28.8080277107656, 4469.0 ], [ 83.897684393450618, 28.807999463751912, 4468.199999999999818 ], [ 83.897674838081002, 28.807971971109509, 4467.600000000000364 ], [ 83.897672407329082, 28.807948082685471, 4467.0 ], [ 83.897654386237264, 28.807910950854421, 4465.600000000000364 ], [ 83.897624630481005, 28.807900222018361, 4465.0 ], [ 83.897614488378167, 28.807900808751583, 4464.600000000000364 ], [ 83.897556234151125, 28.807925535365939, 4463.199999999999818 ], [ 83.897543158382177, 28.8079465739429, 4462.800000000000182 ], [ 83.89751935377717, 28.807933749631047, 4462.600000000000364 ], [ 83.897514240816236, 28.80791287869215, 4462.399999999999636 ], [ 83.897507702931762, 28.807905167341232, 4462.0 ], [ 83.897437965497375, 28.807874657213688, 4461.199999999999818 ], [ 83.897412065416574, 28.807868706062436, 4460.399999999999636 ], [ 83.897342495620251, 28.80786987952888, 4459.800000000000182 ], [ 83.897305447608232, 28.807860743254423, 4458.800000000000182 ], [ 83.897286001592875, 28.807861916720867, 4458.800000000000182 ], [ 83.897273596376181, 28.80789770744741, 4458.800000000000182 ], [ 83.897322546690702, 28.807954620569944, 4457.600000000000364 ], [ 83.897333778440952, 28.807964930310845, 4457.600000000000364 ], [ 83.897350039333105, 28.80802821367979, 4456.800000000000182 ], [ 83.897339142858982, 28.808040786534548, 4456.399999999999636 ], [ 83.89732732437551, 28.808052856475115, 4456.0 ], [ 83.897296143695712, 28.80808956921101, 4455.199999999999818 ], [ 83.897290360182524, 28.808159055188295, 4454.800000000000182 ], [ 83.89730972237885, 28.808198282495141, 4454.199999999999818 ], [ 83.897310560569167, 28.808223344385624, 4453.800000000000182 ], [ 83.897308297455311, 28.808255447074771, 4453.399999999999636 ], [ 83.897300669923425, 28.808254525065426, 4453.0 ], [ 83.897269908338785, 28.80824270658195, 4452.0 ], [ 83.897243924438953, 28.808242455124855, 4451.199999999999818 ], [ 83.897233363240957, 28.80824170075357, 4450.800000000000182 ], [ 83.897196650505066, 28.808227870613337, 4449.600000000000364 ], [ 83.897182988002896, 28.808237425982952, 4449.199999999999818 ], [ 83.897155914455652, 28.808246897533536, 4448.600000000000364 ], [ 83.897135965526104, 28.808278497308493, 4448.0 ], [ 83.897140994668007, 28.808282352983952, 4448.0 ], [ 83.89714702963829, 28.808302553370595, 4447.600000000000364 ], [ 83.89713722281158, 28.808322502300143, 4446.600000000000364 ], [ 83.897129260003567, 28.80832283757627, 4446.199999999999818 ], [ 83.897112663835287, 28.8083282019943, 4445.600000000000364 ], [ 83.897102857008576, 28.808322753757238, 4445.199999999999818 ], [ 83.897074861451983, 28.80831697024405, 4444.399999999999636 ], [ 83.897058181464672, 28.80832334049046, 4444.199999999999818 ], [ 83.897052397951484, 28.808347312733531, 4444.199999999999818 ], [ 83.897058600559831, 28.808374470099807, 4443.399999999999636 ], [ 83.897029599174857, 28.808387713506814, 4442.199999999999818 ], [ 83.897012080997229, 28.808380756527185, 4441.399999999999636 ], [ 83.897003615275025, 28.808381175622344, 4441.0 ], [ 83.896993976086378, 28.808394502848387, 4441.0 ], [ 83.897004202008247, 28.80840640515089, 4441.0 ], [ 83.897002274170518, 28.808460887521505, 4439.800000000000182 ], [ 83.89699162915349, 28.808478740975261, 4438.800000000000182 ], [ 83.896959945559502, 28.808496426790953, 4437.600000000000364 ], [ 83.89694913290441, 28.808501372113824, 4437.0 ], [ 83.896933710202575, 28.808497516438365, 4436.399999999999636 ], [ 83.896888280287385, 28.808486284688115, 4435.199999999999818 ], [ 83.896874869242311, 28.808484524488449, 4434.800000000000182 ], [ 83.896868834272027, 28.808509083464742, 4434.199999999999818 ], [ 83.896890543401241, 28.8085319660604, 4434.0 ], [ 83.896892387419939, 28.808577228337526, 4433.199999999999818 ], [ 83.896880149841309, 28.808574127033353, 4432.800000000000182 ], [ 83.89686313457787, 28.808556189760569, 4432.199999999999818 ], [ 83.896845113486052, 28.80853489972651, 4431.600000000000364 ], [ 83.896823236718774, 28.808530960232019, 4431.0 ], [ 83.896795492619276, 28.808529451489449, 4430.600000000000364 ], [ 83.896771604195237, 28.808544119819999, 4430.399999999999636 ], [ 83.896763054654002, 28.808546466752887, 4430.399999999999636 ], [ 83.896715864539146, 28.808540347963572, 4429.399999999999636 ], [ 83.896700860932469, 28.808536324650049, 4429.0 ], [ 83.896699100732803, 28.808556525036693, 4428.399999999999636 ], [ 83.896682420745492, 28.808582508936524, 4427.800000000000182 ], [ 83.896668339148164, 28.808576893061399, 4427.399999999999636 ], [ 83.896619975566864, 28.808558871969581, 4426.199999999999818 ], [ 83.896611090749502, 28.808555519208312, 4426.0 ], [ 83.896597679704428, 28.808560632169247, 4425.600000000000364 ], [ 83.896591812372208, 28.808575132861733, 4425.600000000000364 ], [ 83.896596673876047, 28.808595584705472, 4425.399999999999636 ], [ 83.896614694967866, 28.808599272742867, 4425.199999999999818 ], [ 83.896629028022289, 28.808606648817658, 4425.0 ], [ 83.89665249735117, 28.808638583868746, 4423.600000000000364 ], [ 83.896647468209267, 28.808659622445703, 4423.0 ], [ 83.896614359691739, 28.808674793690443, 4422.600000000000364 ], [ 83.89659927226603, 28.808675548061728, 4422.600000000000364 ], [ 83.896532217040658, 28.808636656031013, 4422.399999999999636 ], [ 83.896518722176552, 28.808591896668077, 4421.600000000000364 ], [ 83.896521236747503, 28.808554010465741, 4421.0 ], [ 83.896519979462028, 28.808542443439364, 4420.800000000000182 ], [ 83.896514531224966, 28.80851830355823, 4420.600000000000364 ], [ 83.896465077996254, 28.808469688519835, 4419.600000000000364 ], [ 83.896454349160194, 28.808469017967582, 4419.199999999999818 ], [ 83.896448481827974, 28.808465749025345, 4418.800000000000182 ], [ 83.896433562040329, 28.808465078473091, 4418.399999999999636 ], [ 83.896421995013952, 28.808465162292123, 4418.399999999999636 ], [ 83.896410511806607, 28.808467257767916, 4418.199999999999818 ], [ 83.896356699988246, 28.808476226404309, 4417.199999999999818 ], [ 83.896322585642338, 28.808475807309151, 4416.399999999999636 ], [ 83.896299535408616, 28.808477567508817, 4416.0 ], [ 83.896252429112792, 28.808459797874093, 4414.800000000000182 ], [ 83.896226864308119, 28.808452589437369, 4414.399999999999636 ], [ 83.896196521818638, 28.808442866429687, 4413.800000000000182 ], [ 83.896114630624652, 28.808416882529855, 4412.600000000000364 ], [ 83.896052269265056, 28.808403890579939, 4411.600000000000364 ], [ 83.896041121333838, 28.808400873094797, 4411.399999999999636 ], [ 83.89597331173718, 28.808376146480441, 4410.399999999999636 ], [ 83.895946405827999, 28.808378828689456, 4410.0 ], [ 83.895916733890772, 28.80837463773787, 4409.399999999999636 ], [ 83.895890414714813, 28.808363657444715, 4408.600000000000364 ], [ 83.895866861566901, 28.80835217423737, 4408.199999999999818 ], [ 83.89582671225071, 28.808361394330859, 4407.600000000000364 ], [ 83.895810367539525, 28.808361226692796, 4407.199999999999818 ], [ 83.895816151052713, 28.808352006599307, 4406.800000000000182 ], [ 83.895818833261728, 28.80835217423737, 4406.800000000000182 ], [ 83.895783461630344, 28.808341277763247, 4406.199999999999818 ], [ 83.895773654803634, 28.808337170630693, 4406.0 ], [ 83.895718501880765, 28.808312946930528, 4404.800000000000182 ], [ 83.895710287615657, 28.808309761807323, 4404.800000000000182 ], [ 83.895646166056395, 28.808292998000979, 4403.800000000000182 ], [ 83.895590510219336, 28.808284364640713, 4403.0 ], [ 83.895567627623677, 28.80827690474689, 4402.600000000000364 ], [ 83.895475175231695, 28.808275312185287, 4401.600000000000364 ], [ 83.895461931824684, 28.808277156203985, 4401.600000000000364 ], [ 83.895361935719848, 28.808268690481786, 4400.600000000000364 ], [ 83.895347015932202, 28.808268690481786, 4400.399999999999636 ], [ 83.895289432257414, 28.808271875604987, 4399.399999999999636 ], [ 83.89525112695992, 28.808275898918509, 4398.800000000000182 ], [ 83.895212737843394, 28.808278664946556, 4398.399999999999636 ], [ 83.89513872563839, 28.808303810656071, 4397.399999999999636 ], [ 83.895127158612013, 28.808311941102147, 4397.399999999999636 ], [ 83.895055325701833, 28.808353515341881, 4396.199999999999818 ], [ 83.895047446712852, 28.808356616646051, 4396.0 ], [ 83.895070077851415, 28.80835946649313, 4395.800000000000182 ], [ 83.895018696784973, 28.808372626081109, 4395.199999999999818 ], [ 83.894955916330218, 28.808386456221346, 4394.199999999999818 ], [ 83.894905121996999, 28.808391569182277, 4393.399999999999636 ], [ 83.894896907731891, 28.808394335210323, 4393.0 ], [ 83.89484653249383, 28.80839760415256, 4391.800000000000182 ], [ 83.894825913012028, 28.808395927771929, 4391.399999999999636 ], [ 83.894770005717874, 28.808392910286784, 4390.800000000000182 ], [ 83.894719965755939, 28.808398023247719, 4389.800000000000182 ], [ 83.894709488376975, 28.808398693799973, 4389.399999999999636 ], [ 83.894672188907862, 28.808399699628353, 4388.600000000000364 ], [ 83.894602200016379, 28.808403639122844, 4387.399999999999636 ], [ 83.894588286057115, 28.808405147865415, 4387.199999999999818 ], [ 83.894516620784998, 28.808409254997969, 4386.399999999999636 ], [ 83.894475968554616, 28.808415457606316, 4386.0 ], [ 83.894439171999693, 28.808414870873097, 4385.399999999999636 ], [ 83.894396089017391, 28.808413613587614, 4384.800000000000182 ], [ 83.894353173673153, 28.808408500626683, 4384.399999999999636 ], [ 83.894301792606711, 28.808405064046383, 4383.600000000000364 ], [ 83.89428561553359, 28.808406824246049, 4383.399999999999636 ], [ 83.894225182011724, 28.808408668264747, 4382.199999999999818 ], [ 83.89415024779737, 28.808404058217999, 4381.199999999999818 ], [ 83.894137004390359, 28.80840539932251, 4381.0 ], [ 83.894060058519244, 28.808398107066751, 4380.0 ], [ 83.894030470401049, 28.808397939428687, 4379.600000000000364 ], [ 83.894006414338946, 28.808398609980941, 4379.199999999999818 ], [ 83.894011694937944, 28.808401543647051, 4379.0 ], [ 83.894011778756976, 28.808401711285111, 4378.800000000000182 ], [ 83.894011778756976, 28.808401711285111, 4378.800000000000182 ], [ 83.894008593633771, 28.808406069874763, 4378.399999999999636 ], [ 83.894011778756976, 28.808401711285111, 4378.399999999999636 ], [ 83.894011778756976, 28.808401711285111, 4378.399999999999636 ], [ 83.894011778756976, 28.808401711285111, 4378.399999999999636 ], [ 83.894011778756976, 28.808401711285111, 4378.399999999999636 ], [ 83.894025860354304, 28.8084318023175, 4378.0 ], [ 83.894031308591366, 28.808439178392291, 4377.800000000000182 ], [ 83.894102303311229, 28.808462144806981, 4376.600000000000364 ], [ 83.894167765974998, 28.808502964675423, 4375.600000000000364 ], [ 83.894180255010724, 28.808502964675423, 4375.399999999999636 ], [ 83.894245214760303, 28.808521404862404, 4374.399999999999636 ], [ 83.894268851727247, 28.808530541136861, 4374.0 ], [ 83.894280251115561, 28.808544790372252, 4373.600000000000364 ], [ 83.894286956638098, 28.808559458702803, 4373.399999999999636 ], [ 83.894301541149616, 28.808567589148879, 4373.199999999999818 ], [ 83.894312186166644, 28.808571863919497, 4373.199999999999818 ], [ 83.894367590546608, 28.808596255257729, 4372.0 ], [ 83.894393825903535, 28.808613941073418, 4371.399999999999636 ], [ 83.894414277747273, 28.808623664081097, 4371.0 ], [ 83.894469765946269, 28.80864386446774, 4370.0 ], [ 83.894500192254782, 28.808654844760895, 4369.399999999999636 ], [ 83.894523493945599, 28.808660544455051, 4369.0 ], [ 83.894522823393345, 28.808661801740527, 4368.600000000000364 ], [ 83.894544364884496, 28.808673033490777, 4368.399999999999636 ], [ 83.894574791193008, 28.808685019612312, 4368.0 ], [ 83.894637823104858, 28.808718882501125, 4366.800000000000182 ], [ 83.894649222493172, 28.808725336566567, 4366.600000000000364 ], [ 83.894714014604688, 28.808748638257384, 4365.600000000000364 ], [ 83.894760617986321, 28.808785350993276, 4364.399999999999636 ], [ 83.89480646699667, 28.808808987960219, 4363.399999999999636 ], [ 83.894830271601677, 28.808822566643357, 4363.0 ], [ 83.894828762859106, 28.808833630755544, 4362.399999999999636 ], [ 83.894863296300173, 28.808848634362221, 4362.0 ], [ 83.894914761185646, 28.808871181681752, 4361.199999999999818 ], [ 83.894987599924207, 28.808881491422653, 4360.0 ], [ 83.895058091729879, 28.808888280764226, 4359.0 ], [ 83.895084327086806, 28.808890292420983, 4358.600000000000364 ], [ 83.895102934911847, 28.808903200551867, 4358.0 ], [ 83.895111819729209, 28.808909738436341, 4357.800000000000182 ], [ 83.895148616284132, 28.808927927166224, 4357.199999999999818 ], [ 83.89517585746944, 28.808940248563889, 4356.800000000000182 ], [ 83.895211899653077, 28.808977464213967, 4355.800000000000182 ], [ 83.895223382860422, 28.80898609757423, 4355.600000000000364 ], [ 83.895293707028031, 28.809031192213297, 4354.600000000000364 ], [ 83.895320361480117, 28.80904259160161, 4354.0 ], [ 83.895346261560917, 28.809062121436, 4353.399999999999636 ], [ 83.895388171076775, 28.809091541916132, 4352.600000000000364 ], [ 83.895400743931532, 28.809097995981578, 4352.399999999999636 ], [ 83.89547199010849, 28.809134708717465, 4351.199999999999818 ], [ 83.895517671480775, 28.809175863862041, 4350.199999999999818 ], [ 83.895546337589622, 28.809198746457696, 4349.399999999999636 ], [ 83.895552791655064, 28.809200674295425, 4349.0 ], [ 83.895549774169922, 28.809257503598928, 4348.0 ], [ 83.89546075835824, 28.809257252141833, 4346.800000000000182 ], [ 83.895404431968927, 28.809238476678729, 4345.800000000000182 ], [ 83.895352547988296, 28.809214336797595, 4344.800000000000182 ], [ 83.895329749211669, 28.809208637103438, 4344.399999999999636 ], [ 83.895242409780622, 28.809208888560537, 4343.600000000000364 ], [ 83.895215671509504, 28.809207212179899, 4343.0 ], [ 83.895177869126201, 28.809203188866377, 4342.399999999999636 ], [ 83.895093630999327, 28.809191454201937, 4341.800000000000182 ], [ 83.895071418955922, 28.809182401746511, 4341.399999999999636 ], [ 83.895021881908178, 28.809169577434659, 4340.199999999999818 ], [ 83.894995311275125, 28.809165386483073, 4340.0 ], [ 83.894918281584978, 28.809171672910452, 4339.199999999999818 ], [ 83.89488173648715, 28.809175444766879, 4338.600000000000364 ], [ 83.894845107570291, 28.809187179431319, 4338.199999999999818 ], [ 83.894758271053433, 28.809195226058364, 4337.199999999999818 ], [ 83.894688617438078, 28.80919815972447, 4336.199999999999818 ], [ 83.894651820883155, 28.809198830276728, 4335.399999999999636 ], [ 83.894610749557614, 28.809200087562203, 4335.0 ], [ 83.89454947784543, 28.809201931580901, 4334.199999999999818 ], [ 83.894526846706867, 28.809199752286077, 4333.800000000000182 ], [ 83.894458198919892, 28.809191873297095, 4332.800000000000182 ], [ 83.894418049603701, 28.809202602133155, 4332.0 ], [ 83.894391898065805, 28.809203943237662, 4331.600000000000364 ], [ 83.89432174153626, 28.809203440323472, 4330.399999999999636 ], [ 83.894283520057797, 28.809208637103438, 4329.600000000000364 ], [ 83.89427631162107, 28.809212241321799, 4329.399999999999636 ], [ 83.89421327970922, 28.809226406738158, 4328.399999999999636 ], [ 83.894199952483177, 28.80922925658524, 4328.199999999999818 ], [ 83.894166676327586, 28.809235962107778, 4327.399999999999636 ], [ 83.894148739054799, 28.809239901602268, 4327.0 ], [ 83.894078247249126, 28.809244595468044, 4326.0 ], [ 83.894061902537942, 28.809245517477393, 4325.800000000000182 ], [ 83.894038181751966, 28.809257000684735, 4325.600000000000364 ], [ 83.893994931131601, 28.809264460578561, 4324.800000000000182 ], [ 83.893931731581688, 28.809273177757859, 4323.800000000000182 ], [ 83.89391815289855, 28.809273848310113, 4323.600000000000364 ], [ 83.89385562390089, 28.809273513033983, 4322.800000000000182 ], [ 83.89379745349288, 28.809281727299098, 4321.800000000000182 ], [ 83.893788317218423, 28.80928248167038, 4321.600000000000364 ], [ 83.893716735765338, 28.80928541533649, 4320.399999999999636 ], [ 83.893679939210415, 28.80928298458457, 4319.800000000000182 ], [ 83.893652949482203, 28.809275273233652, 4319.399999999999636 ], [ 83.893575165420771, 28.80928298458457, 4318.199999999999818 ], [ 83.893477516248822, 28.809259850531816, 4317.199999999999818 ], [ 83.893439127132297, 28.809234537184238, 4317.199999999999818 ], [ 83.893413227051497, 28.809228502213955, 4316.800000000000182 ], [ 83.893391601741314, 28.809222299605608, 4316.0 ], [ 83.89336260035634, 28.809208553284407, 4315.600000000000364 ], [ 83.893340639770031, 28.809201093390584, 4315.399999999999636 ], [ 83.893313147127628, 28.809196064248681, 4315.0 ], [ 83.893268890678883, 28.809216096997261, 4314.600000000000364 ], [ 83.89326729811728, 28.809225568547845, 4314.600000000000364 ], [ 83.893293365836143, 28.809282733127475, 4314.0 ], [ 83.893305519595742, 28.809294300153852, 4313.800000000000182 ], [ 83.893349105492234, 28.809326905757189, 4313.399999999999636 ], [ 83.893366539850831, 28.80933964625001, 4312.600000000000364 ], [ 83.893400486558676, 28.809359930455685, 4311.600000000000364 ], [ 83.893410293385386, 28.8093626126647, 4311.399999999999636 ], [ 83.893455555662513, 28.809379711747169, 4310.399999999999636 ], [ 83.893485562875867, 28.809396475553513, 4310.199999999999818 ], [ 83.893526801839471, 28.809418855234981, 4309.399999999999636 ], [ 83.893565274775028, 28.809444922953844, 4308.199999999999818 ], [ 83.89358296059072, 28.809472750872377, 4307.600000000000364 ], [ 83.893601568415761, 28.809482892975211, 4307.0 ], [ 83.893642136827111, 28.809512816369537, 4305.800000000000182 ], [ 83.893684465438128, 28.809547768905759, 4304.800000000000182 ], [ 83.893693517893553, 28.809553300961852, 4304.600000000000364 ], [ 83.893734002485871, 28.809575429186225, 4303.600000000000364 ], [ 83.893763590604067, 28.809588924050331, 4302.800000000000182 ], [ 83.893771385774016, 28.809596300125119, 4302.600000000000364 ], [ 83.89382972382009, 28.809644412249327, 4301.199999999999818 ], [ 83.893840368837118, 28.809651536867023, 4301.0 ], [ 83.89387859031558, 28.809676263481379, 4300.0 ], [ 83.89391572214663, 28.809691686183218, 4299.0 ], [ 83.893963247537613, 28.809724124148488, 4297.800000000000182 ], [ 83.893991829827428, 28.809743067249656, 4297.0 ], [ 83.89401001855731, 28.809752035886049, 4296.600000000000364 ], [ 83.894059639424086, 28.809787658974528, 4295.399999999999636 ], [ 83.894076822325587, 28.809800818562508, 4295.0 ], [ 83.894101213663816, 28.809812637045979, 4294.399999999999636 ], [ 83.894148739054799, 28.809835016727448, 4293.199999999999818 ], [ 83.894155444577336, 28.809840884059668, 4293.0 ], [ 83.894187631085515, 28.809873489663005, 4292.199999999999818 ], [ 83.894221996888518, 28.80989913828671, 4291.399999999999636 ], [ 83.894240939989686, 28.809909699484702, 4291.0 ], [ 83.89427874237299, 28.809936856850982, 4289.800000000000182 ], [ 83.894325597211719, 28.809974156320095, 4288.800000000000182 ], [ 83.894346971064806, 28.809992596507072, 4288.199999999999818 ], [ 83.89437454752624, 28.810010114684701, 4287.600000000000364 ], [ 83.894430790096521, 28.810044480487704, 4286.399999999999636 ], [ 83.894466916099191, 28.810103489086032, 4285.399999999999636 ], [ 83.894462557509542, 28.810120671987537, 4285.199999999999818 ], [ 83.894460797309875, 28.810200551524758, 4284.199999999999818 ], [ 83.894441602751613, 28.810233492404222, 4284.0 ], [ 83.894428946077824, 28.810233324766159, 4283.800000000000182 ], [ 83.894423916935921, 28.810215136036277, 4283.800000000000182 ], [ 83.894401537254453, 28.810230055823919, 4283.600000000000364 ], [ 83.894415786489844, 28.810235168784857, 4283.399999999999636 ], [ 83.894416373223066, 28.810235420241952, 4283.399999999999636 ], [ 83.894429197534919, 28.81027146242559, 4283.0 ], [ 83.894422994926572, 28.810273641720418, 4282.600000000000364 ], [ 83.894396675750613, 28.810268612578511, 4281.600000000000364 ], [ 83.894355436787009, 28.810250926762819, 4280.600000000000364 ], [ 83.894349988549948, 28.810246149078012, 4280.399999999999636 ], [ 83.894343534484506, 28.810229888185859, 4280.199999999999818 ], [ 83.894340516999364, 28.810261487960815, 4280.199999999999818 ], [ 83.894337248057127, 28.810314042493701, 4279.399999999999636 ], [ 83.894329452887177, 28.810345223173499, 4278.199999999999818 ], [ 83.894314868375659, 28.810370033606887, 4277.199999999999818 ], [ 83.894296176731586, 28.810367602854967, 4276.399999999999636 ], [ 83.894290057942271, 28.810364836826921, 4276.0 ], [ 83.894280837848783, 28.810355113819242, 4275.600000000000364 ], [ 83.894252087920904, 28.810327956452969, 4275.199999999999818 ], [ 83.89425041154027, 28.810334578156471, 4275.0 ], [ 83.894248232245445, 28.810340026393533, 4274.800000000000182 ], [ 83.894255021587014, 28.810351761057973, 4274.600000000000364 ], [ 83.894269187003374, 28.810366597026587, 4274.600000000000364 ], [ 83.89426214620471, 28.810393335297704, 4273.600000000000364 ], [ 83.894242281094193, 28.810389395803213, 4272.800000000000182 ], [ 83.894234988838434, 28.810387216508389, 4272.600000000000364 ], [ 83.894174806773663, 28.810369530692697, 4271.399999999999636 ], [ 83.894158713519573, 28.810360645875335, 4271.0 ], [ 83.894138177856803, 28.810365507379174, 4270.800000000000182 ], [ 83.89415024779737, 28.810390988364816, 4270.399999999999636 ], [ 83.894166760146618, 28.810445051640272, 4269.0 ], [ 83.894167179241776, 28.810453349724412, 4268.800000000000182 ], [ 83.894160641357303, 28.81048939190805, 4268.0 ], [ 83.894157791510224, 28.810524344444275, 4266.800000000000182 ], [ 83.894148822873831, 28.810550663620234, 4265.800000000000182 ], [ 83.894143039360642, 28.810548903420568, 4265.800000000000182 ], [ 83.894137339666486, 28.810537504032258, 4265.600000000000364 ], [ 83.894131388515234, 28.81052342243493, 4265.399999999999636 ], [ 83.894086964428425, 28.810502719134092, 4265.199999999999818 ], [ 83.894068691879511, 28.810498528182507, 4264.399999999999636 ], [ 83.894027369096875, 28.810488302260637, 4263.399999999999636 ], [ 83.893998619168997, 28.810479333624244, 4262.399999999999636 ], [ 83.893996858969331, 28.810482854023576, 4262.199999999999818 ], [ 83.89401488006115, 28.810547646135092, 4261.800000000000182 ], [ 83.89401244930923, 28.810568600893021, 4261.399999999999636 ], [ 83.89400465413928, 28.810601960867643, 4260.600000000000364 ], [ 83.894001804292202, 28.810612019151449, 4260.199999999999818 ], [ 83.893994428217411, 28.810646804049611, 4259.199999999999818 ], [ 83.893996858969331, 28.810697682201862, 4258.0 ], [ 83.893997278064489, 28.810715032741427, 4257.600000000000364 ], [ 83.893986213952303, 28.810739759355783, 4257.0 ], [ 83.893978837877512, 28.81076255813241, 4255.800000000000182 ], [ 83.893986213952303, 28.810772700235248, 4255.399999999999636 ], [ 83.893989650532603, 28.810811340808868, 4254.800000000000182 ], [ 83.893978334963322, 28.81083682179451, 4253.600000000000364 ], [ 83.893969198688865, 28.810863392427564, 4252.600000000000364 ], [ 83.893944388255477, 28.810888705775142, 4251.399999999999636 ], [ 83.893934246152639, 28.810899518430233, 4251.399999999999636 ], [ 83.893907591700554, 28.81093162111938, 4250.199999999999818 ], [ 83.89390298165381, 28.810960287228227, 4249.399999999999636 ], [ 83.893897868692875, 28.810980571433905, 4249.0 ], [ 83.893895521759987, 28.811025163158774, 4248.0 ], [ 83.893888061866164, 28.811051566153765, 4246.800000000000182 ], [ 83.893879260867834, 28.811096241697669, 4245.800000000000182 ], [ 83.893871381878853, 28.81111434660852, 4245.199999999999818 ], [ 83.893854366615415, 28.811135971918706, 4244.600000000000364 ], [ 83.893831316381693, 28.81116782315075, 4243.399999999999636 ], [ 83.893824862316251, 28.811176624149084, 4243.0 ], [ 83.893801644444466, 28.811211995780468, 4242.199999999999818 ], [ 83.893773648887873, 28.811258347705007, 4241.199999999999818 ], [ 83.893760154023767, 28.811281314119697, 4240.600000000000364 ], [ 83.893750933930278, 28.811322636902332, 4240.199999999999818 ], [ 83.893727883696556, 28.811389859765768, 4239.0 ], [ 83.893708940595388, 28.811437133699656, 4238.0 ], [ 83.893684297800064, 28.811499327421188, 4236.800000000000182 ], [ 83.893678346648812, 28.811509218066931, 4236.600000000000364 ], [ 83.893668372184038, 28.811543667688969, 4235.800000000000182 ], [ 83.893670802935958, 28.811584319919348, 4234.600000000000364 ], [ 83.893683375790715, 28.81160720251501, 4234.199999999999818 ], [ 83.893700810149312, 28.811642238870263, 4233.600000000000364 ], [ 83.893723525106907, 28.811687668785453, 4232.600000000000364 ], [ 83.893736181780696, 28.81171440705657, 4232.0 ], [ 83.893757136538625, 28.811734775081277, 4231.399999999999636 ], [ 83.893784880638123, 28.81176226772368, 4230.199999999999818 ], [ 83.893791837617755, 28.811770481988788, 4229.800000000000182 ], [ 83.893803991377354, 28.811786491423845, 4229.199999999999818 ], [ 83.893839865922928, 28.81181926466525, 4228.199999999999818 ], [ 83.893875321373343, 28.811836447566748, 4227.600000000000364 ], [ 83.893922930583358, 28.811863856390119, 4227.0 ], [ 83.893966851755977, 28.811885984614491, 4225.800000000000182 ], [ 83.894004570320249, 28.811901407316327, 4225.199999999999818 ], [ 83.894021501764655, 28.811918254941705, 4224.800000000000182 ], [ 83.894044971093535, 28.811945831403136, 4223.600000000000364 ], [ 83.894070787355304, 28.811972150579095, 4222.800000000000182 ], [ 83.89408185146749, 28.811982963234183, 4222.399999999999636 ], [ 83.89411655254662, 28.812039457261559, 4221.399999999999636 ], [ 83.894116217270494, 28.812068123370409, 4221.0 ], [ 83.894102303311229, 28.812084635719657, 4220.199999999999818 ], [ 83.894104063510895, 28.812091173604131, 4220.0 ], [ 83.894078163430095, 28.812135681509972, 4219.600000000000364 ], [ 83.894085371866822, 28.812136854976416, 4219.199999999999818 ], [ 83.894085455685854, 28.81212679669261, 4218.800000000000182 ], [ 83.894072882831097, 28.812111038714647, 4218.800000000000182 ], [ 83.894061734899879, 28.81213492713869, 4218.600000000000364 ], [ 83.894062992185354, 28.812135849148035, 4218.199999999999818 ], [ 83.894065255299211, 28.812134759500623, 4218.199999999999818 ], [ 83.894056705757976, 28.81212193518877, 4218.0 ], [ 83.894049832597375, 28.812108524143696, 4218.0 ], [ 83.89405645430088, 28.812108272686601, 4217.800000000000182 ], [ 83.894241945818067, 28.812282113358378, 4217.800000000000182 ], [ 83.894159970805049, 28.81224556826055, 4217.199999999999818 ], [ 83.893978586420417, 28.812132915481925, 4216.399999999999636 ], [ 83.893951596692204, 28.812130568549037, 4216.0 ], [ 83.893960146233439, 28.812111290171742, 4215.600000000000364 ], [ 83.893933910876513, 28.812086312100291, 4215.0 ], [ 83.893917063251138, 28.812081450596452, 4214.600000000000364 ], [ 83.893932150676847, 28.812083546072245, 4214.399999999999636 ], [ 83.893942208960652, 28.81212436594069, 4214.199999999999818 ], [ 83.893945645540953, 28.812123611569405, 4213.800000000000182 ], [ 83.893948243930936, 28.812133586034179, 4213.800000000000182 ], [ 83.893940700218081, 28.812144147232175, 4213.600000000000364 ], [ 83.893949165940285, 28.812147751450539, 4213.199999999999818 ], [ 83.893967689946294, 28.812202820554376, 4212.399999999999636 ], [ 83.89396064914763, 28.81219670176506, 4211.800000000000182 ], [ 83.893956122919917, 28.812190582975745, 4211.399999999999636 ], [ 83.893959224224091, 28.81223089993, 4211.399999999999636 ], [ 83.893953273072839, 28.812309689819813, 4210.199999999999818 ], [ 83.893959559500217, 28.81231932900846, 4210.0 ], [ 83.893970958888531, 28.812328716740012, 4209.199999999999818 ], [ 83.893980765715241, 28.812319915741678, 4208.800000000000182 ], [ 83.893988309428096, 28.812310360372063, 4208.600000000000364 ], [ 83.894031140953302, 28.812312623485923, 4208.600000000000364 ], [ 83.894043797627091, 28.812320921570063, 4208.199999999999818 ], [ 83.894053352996707, 28.812334919348359, 4207.800000000000182 ], [ 83.894054526463151, 28.812360232695937, 4207.399999999999636 ], [ 83.894053772091866, 28.812374230474234, 4207.199999999999818 ], [ 83.894045809283853, 28.812370961531997, 4206.800000000000182 ], [ 83.894022842869163, 28.812428209930658, 4206.399999999999636 ], [ 83.893998619168997, 28.812452601268888, 4206.0 ], [ 83.893975485116243, 28.812465174123645, 4206.0 ], [ 83.893956961110234, 28.812467688694596, 4206.0 ], [ 83.893880099058151, 28.812494846060872, 4206.0 ], [ 83.893829640001059, 28.812516806647182, 4205.800000000000182 ], [ 83.893817318603396, 28.812522422522303, 4205.600000000000364 ], [ 83.893758058547974, 28.812537677586079, 4205.600000000000364 ], [ 83.893719166517258, 28.812551004812121, 4205.399999999999636 ], [ 83.893646830692887, 28.812551256269217, 4205.399999999999636 ], [ 83.893606765195727, 28.812544466927648, 4204.800000000000182 ], [ 83.893555384129286, 28.812517561018467, 4203.800000000000182 ], [ 83.893542475998402, 28.812513202428818, 4203.600000000000364 ], [ 83.893493106588721, 28.812496354803443, 4202.800000000000182 ], [ 83.893432756885886, 28.812478166073561, 4202.600000000000364 ], [ 83.893311554566026, 28.812460228800777, 4202.399999999999636 ], [ 83.893270064145327, 28.812460899353027, 4201.600000000000364 ], [ 83.89326092787087, 28.812455283477902, 4201.399999999999636 ], [ 83.893268220126629, 28.812433574348688, 4200.600000000000364 ], [ 83.8932766020298, 28.812446482479572, 4200.399999999999636 ], [ 83.89327509328723, 28.812446901574731, 4200.399999999999636 ], [ 83.893284983932972, 28.812448577955365, 4200.399999999999636 ], [ 83.89318616129458, 28.812439441680908, 4200.199999999999818 ], [ 83.893142994493246, 28.812434580177069, 4199.399999999999636 ], [ 83.893107874318957, 28.812423851341009, 4198.399999999999636 ], [ 83.893093038350344, 28.81241949275136, 4197.399999999999636 ], [ 83.893081219866872, 28.812415469437841, 4196.800000000000182 ], [ 83.89305573888123, 28.812446398660541, 4196.399999999999636 ], [ 83.893053475767374, 28.812449583783746, 4196.199999999999818 ], [ 83.892996311187744, 28.812495432794098, 4195.399999999999636 ], [ 83.892991533502936, 28.812500797212124, 4195.0 ], [ 83.892968399450183, 28.812506329268217, 4194.0 ], [ 83.892954653128982, 28.812503898516297, 4193.399999999999636 ], [ 83.892937134951353, 28.812511777505279, 4193.199999999999818 ], [ 83.892914922907948, 28.812515214085579, 4192.800000000000182 ], [ 83.892904780805111, 28.812512783333659, 4192.600000000000364 ], [ 83.892889861017466, 28.812502389773726, 4191.800000000000182 ], [ 83.892875611782074, 28.812476741150022, 4190.600000000000364 ], [ 83.892864715307951, 28.812472634017467, 4190.399999999999636 ], [ 83.89282314106822, 28.8124571274966, 4189.399999999999636 ], [ 83.892802856862545, 28.812459725886583, 4189.0 ], [ 83.892784584313631, 28.812467101961374, 4188.399999999999636 ], [ 83.892751475796103, 28.812472298741341, 4187.199999999999818 ], [ 83.892689365893602, 28.812457462772727, 4186.0 ], [ 83.892671931535006, 28.812461737543344, 4185.600000000000364 ], [ 83.892640750855207, 28.812472550198436, 4185.0 ], [ 83.892615856602788, 28.812485374510288, 4184.199999999999818 ], [ 83.892593728378415, 28.812491409480572, 4183.800000000000182 ], [ 83.892563302069902, 28.812482859939337, 4183.199999999999818 ], [ 83.892550561577082, 28.812476405873895, 4182.800000000000182 ], [ 83.892540168017149, 28.812470370903611, 4182.600000000000364 ], [ 83.892528936266899, 28.812474645674229, 4182.199999999999818 ], [ 83.892529271543026, 28.812484536319971, 4182.199999999999818 ], [ 83.892529103904963, 28.812509430572391, 4182.0 ], [ 83.892524996772408, 28.812512112781405, 4181.800000000000182 ], [ 83.892510496079922, 28.812511023133993, 4181.399999999999636 ], [ 83.892493145540357, 28.812504652887583, 4180.800000000000182 ], [ 83.892482919618487, 28.812483781948689, 4179.600000000000364 ], [ 83.892429359257221, 28.8124761544168, 4179.399999999999636 ], [ 83.892394825816154, 28.812468023970723, 4178.600000000000364 ], [ 83.8923872821033, 28.812471209093928, 4178.199999999999818 ], [ 83.892333973199129, 28.812481435015801, 4177.399999999999636 ], [ 83.892312850803137, 28.812488978728652, 4177.399999999999636 ], [ 83.892266331240535, 28.812502305954695, 4176.199999999999818 ], [ 83.892262307927012, 28.812502725049853, 4176.0 ], [ 83.892247304320335, 28.812504569068551, 4175.199999999999818 ], [ 83.892241101711988, 28.812516890466213, 4174.600000000000364 ], [ 83.892235485836864, 28.812535163015127, 4174.0 ], [ 83.892159294337034, 28.812531810253859, 4173.600000000000364 ], [ 83.892125766724348, 28.812545137479901, 4173.0 ], [ 83.892087377607822, 28.812546813860536, 4172.199999999999818 ], [ 83.892062064260244, 28.812539940699935, 4171.800000000000182 ], [ 83.891989644616842, 28.812521081417799, 4171.0 ], [ 83.891943376511335, 28.812533738091588, 4170.600000000000364 ], [ 83.891918063163757, 28.812523344531655, 4169.800000000000182 ], [ 83.891911273822188, 28.812520410865545, 4169.399999999999636 ], [ 83.891835669055581, 28.812528289854527, 4168.399999999999636 ], [ 83.891809852793813, 28.812545891851187, 4167.399999999999636 ], [ 83.89178873039782, 28.812545388936996, 4167.199999999999818 ], [ 83.891739444807172, 28.812540359795097, 4166.399999999999636 ], [ 83.891714215278625, 28.812548741698265, 4166.199999999999818 ], [ 83.891657888889313, 28.812531977891918, 4165.199999999999818 ], [ 83.891659313812852, 28.812522171065211, 4165.0 ], [ 83.89163676649332, 28.812501132488251, 4164.199999999999818 ], [ 83.891635341569781, 28.812505407258868, 4163.600000000000364 ], [ 83.89163232408464, 28.812502389773726, 4163.0 ], [ 83.891596281901002, 28.812492666766047, 4162.199999999999818 ], [ 83.891582200303674, 28.812490655109286, 4162.0 ], [ 83.891503242775798, 28.812492163851857, 4161.399999999999636 ], [ 83.891484048217535, 28.812495181336999, 4161.199999999999818 ], [ 83.891473570838571, 28.812512867152691, 4161.0 ], [ 83.891470804810524, 28.812530385330319, 4160.399999999999636 ], [ 83.891465608030558, 28.812534911558032, 4160.0 ], [ 83.891450017690659, 28.812548741698265, 4159.199999999999818 ], [ 83.8914461620152, 28.812552010640506, 4158.800000000000182 ], [ 83.891431074589491, 28.812577575445175, 4158.0 ], [ 83.891424871981144, 28.812584700062871, 4157.800000000000182 ], [ 83.891399977728724, 28.812595261260867, 4156.800000000000182 ], [ 83.891390757635236, 28.812585370615125, 4156.600000000000364 ], [ 83.891372568905354, 28.81257682107389, 4156.0 ], [ 83.891361672431231, 28.81257195957005, 4155.600000000000364 ], [ 83.891365863382816, 28.812558464705944, 4155.0 ], [ 83.891356978565454, 28.812518650665879, 4154.399999999999636 ], [ 83.891323283314705, 28.812504317611456, 4153.600000000000364 ], [ 83.891312973573804, 28.812502138316631, 4153.399999999999636 ], [ 83.891301658004522, 28.812504401430488, 4152.800000000000182 ], [ 83.891265532001853, 28.812509514391422, 4152.199999999999818 ], [ 83.891261843964458, 28.81251479499042, 4152.199999999999818 ], [ 83.891252288594842, 28.812539940699935, 4151.199999999999818 ], [ 83.891240051016212, 28.81255142390728, 4150.800000000000182 ], [ 83.891208283603191, 28.812563577666879, 4150.0 ], [ 83.891194704920053, 28.812584700062871, 4149.600000000000364 ], [ 83.891179617494345, 28.81260858848691, 4149.0 ], [ 83.891171319410205, 28.812617640942335, 4148.399999999999636 ], [ 83.891158830374479, 28.812626861035824, 4148.0 ], [ 83.891136115416884, 28.812640272080898, 4147.199999999999818 ], [ 83.891128487884998, 28.812658544629812, 4146.800000000000182 ], [ 83.891105353832245, 28.812678409740329, 4146.0 ], [ 83.891102336347103, 28.81267698481679, 4145.800000000000182 ], [ 83.891104683279991, 28.812661310657859, 4145.600000000000364 ], [ 83.891049614176154, 28.812651000916961, 4144.600000000000364 ], [ 83.891043663024902, 28.812662400305271, 4144.399999999999636 ], [ 83.891009632498026, 28.812702381983399, 4143.600000000000364 ], [ 83.891009045764804, 28.812701376155019, 4142.600000000000364 ], [ 83.891010051593184, 28.812699280679222, 4142.399999999999636 ], [ 83.891004854813218, 28.812707662582397, 4142.399999999999636 ], [ 83.890950791537762, 28.812760300934315, 4141.199999999999818 ], [ 83.890943499282002, 28.812764575704932, 4140.800000000000182 ], [ 83.890928663313389, 28.812775304540992, 4140.0 ], [ 83.890917263925076, 28.812796007841825, 4139.600000000000364 ], [ 83.890887089073658, 28.812811682000756, 4139.199999999999818 ], [ 83.890874348580837, 28.812812939286232, 4138.800000000000182 ], [ 83.890819782391191, 28.812824254855514, 4138.0 ], [ 83.890819530934095, 28.812822662293911, 4137.800000000000182 ], [ 83.890803270041943, 28.812815537676215, 4137.600000000000364 ], [ 83.890777872875333, 28.812816962599751, 4136.600000000000364 ], [ 83.890745937824249, 28.812827104702592, 4135.600000000000364 ], [ 83.890743004158139, 28.812826685607433, 4135.600000000000364 ], [ 83.890722552314401, 28.812827272340655, 4134.800000000000182 ], [ 83.890711404383183, 28.812830960378051, 4134.600000000000364 ], [ 83.890701262280345, 28.812832636758685, 4134.399999999999636 ], [ 83.890644265338778, 28.812848310917616, 4133.399999999999636 ], [ 83.890628004446626, 28.812856106087565, 4133.0 ], [ 83.890601685270667, 28.812867505475879, 4132.199999999999818 ], [ 83.890585592016578, 28.812894159927964, 4131.399999999999636 ], [ 83.890579640865326, 28.812903212383389, 4131.0 ], [ 83.890544688329101, 28.812930369749665, 4130.0 ], [ 83.890534127131104, 28.81293841637671, 4129.800000000000182 ], [ 83.890490457415581, 28.812945373356342, 4128.800000000000182 ], [ 83.890452487394214, 28.812966076657176, 4128.0 ], [ 83.890430442988873, 28.812981080263853, 4127.800000000000182 ], [ 83.89036824926734, 28.812986612319943, 4126.800000000000182 ], [ 83.890358861535788, 28.812989210709929, 4126.600000000000364 ], [ 83.89029348269105, 28.812998766079545, 4125.800000000000182 ], [ 83.890280742198229, 28.812993736937639, 4125.600000000000364 ], [ 83.890268839895725, 28.812984097748995, 4125.399999999999636 ], [ 83.890222571790218, 28.812959957867861, 4124.600000000000364 ], [ 83.890211842954159, 28.812956186011434, 4124.399999999999636 ], [ 83.890162473544478, 28.812937242910262, 4123.399999999999636 ], [ 83.89012785628438, 28.812925592064857, 4122.600000000000364 ], [ 83.890119725838304, 28.812923580408096, 4122.199999999999818 ], [ 83.890078235417604, 28.812903882935643, 4121.199999999999818 ], [ 83.890035571530461, 28.812900865450501, 4120.600000000000364 ], [ 83.890008833259344, 28.812913773581386, 4120.199999999999818 ], [ 83.889964073896408, 28.812956437468529, 4119.600000000000364 ], [ 83.889957536011934, 28.812991725280881, 4119.199999999999818 ], [ 83.889940688386559, 28.813006393611431, 4118.800000000000182 ], [ 83.889901880174875, 28.813049644231796, 4117.800000000000182 ], [ 83.889876902103424, 28.813067665323615, 4117.199999999999818 ], [ 83.889855947345495, 28.813073700293899, 4116.800000000000182 ], [ 83.889790819957852, 28.813096163794398, 4115.800000000000182 ], [ 83.889747736975551, 28.813127428293228, 4114.600000000000364 ], [ 83.889690823853016, 28.813155507668853, 4113.399999999999636 ], [ 83.889650674536824, 28.813147712498903, 4112.399999999999636 ], [ 83.889618152752519, 28.813137067481875, 4111.800000000000182 ], [ 83.889600047841668, 28.813130026683211, 4111.399999999999636 ], [ 83.889554282650352, 28.813118208199739, 4110.399999999999636 ], [ 83.889547577127814, 28.813118627294894, 4110.199999999999818 ], [ 83.889534082263708, 28.813118124380708, 4110.0 ], [ 83.889476833865047, 28.813113430514932, 4109.0 ], [ 83.889437774196267, 28.813109742477536, 4108.399999999999636 ], [ 83.889428302645683, 28.813109658658504, 4108.199999999999818 ], [ 83.889411874115467, 28.813114436343312, 4108.199999999999818 ], [ 83.889411874115467, 28.813114436343312, 4108.0 ], [ 83.889411874115467, 28.813114436343312, 4107.0 ], [ 83.889409275725484, 28.813112508505583, 4107.0 ], [ 83.889374239370227, 28.813111418858171, 4106.600000000000364 ], [ 83.889324702322483, 28.813116364181042, 4105.800000000000182 ], [ 83.889263346791267, 28.813123824074864, 4104.600000000000364 ], [ 83.889197632670403, 28.813137738034129, 4103.600000000000364 ], [ 83.889145664870739, 28.813156094402075, 4103.0 ], [ 83.889117334038019, 28.813162883743644, 4102.399999999999636 ], [ 83.889067377895117, 28.813181659206748, 4101.399999999999636 ], [ 83.889045836403966, 28.813193896785378, 4100.800000000000182 ], [ 83.889014488086104, 28.813204038888216, 4100.199999999999818 ], [ 83.889001412317157, 28.813227005302902, 4100.0 ], [ 83.889004681259394, 28.813232621178031, 4100.0 ], [ 83.888980289921165, 28.813271345570683, 4099.199999999999818 ], [ 83.888919940218329, 28.813299927860498, 4098.800000000000182 ], [ 83.888879120349884, 28.813315853476524, 4098.199999999999818 ], [ 83.888832684606314, 28.813326749950647, 4098.0 ], [ 83.888778872787952, 28.813364384695888, 4097.0 ], [ 83.888771664351225, 28.813366061076518, 4097.0 ], [ 83.888765880838037, 28.813368240371343, 4096.800000000000182 ], [ 83.88875967822969, 28.81337083876133, 4096.600000000000364 ], [ 83.888729168102145, 28.813384836539623, 4096.0 ], [ 83.888694467023015, 28.813396068289876, 4095.4 ], [ 83.888682648539543, 28.813400762155652, 4095.199999999999818 ], [ 83.888658676296473, 28.813410317525268, 4095.0 ], [ 83.888594470918179, 28.813434289768335, 4093.800000000000182 ], [ 83.888546777889132, 28.81345977075398, 4092.6 ], [ 83.888514172285795, 28.813473014160991, 4092.0 ], [ 83.88848751783371, 28.81349204108119, 4091.6 ], [ 83.888427335768938, 28.813522635027766, 4090.800000000000182 ], [ 83.888407051563263, 28.813534202054143, 4090.4 ], [ 83.888378636911511, 28.813542500138283, 4090.0 ], [ 83.888383246958256, 28.813539482653141, 4089.6 ], [ 83.888385007157922, 28.813531184569001, 4089.6 ], [ 83.888378888368607, 28.813530849292871, 4089.6 ], [ 83.888370590284467, 28.813532777130604, 4089.6 ], [ 83.888353994116187, 28.813539817929268, 4089.4 ], [ 83.888266067951918, 28.813572507351637, 4088.4 ], [ 83.888212172314525, 28.81357803940773, 4087.199999999999818 ], [ 83.888174453750253, 28.813564293086529, 4086.4 ], [ 83.888154588639736, 28.81355096586049, 4086.0 ], [ 83.88811863027513, 28.813539063557982, 4085.0 ], [ 83.888106811791658, 28.813537722453475, 4084.800000000000182 ], [ 83.888053419068456, 28.813541913405061, 4083.800000000000182 ], [ 83.88801553286612, 28.813544595614076, 4082.800000000000182 ], [ 83.887984771281481, 28.813540739938617, 4082.0 ], [ 83.887975383549929, 28.813539650291204, 4081.800000000000182 ], [ 83.887894749641418, 28.813544511795044, 4080.800000000000182 ], [ 83.887876141816378, 28.813544679433107, 4080.6 ], [ 83.88782300055027, 28.813544427976012, 4079.6 ], [ 83.887766590341926, 28.813542332500219, 4078.6 ], [ 83.887759381905198, 28.813546355813742, 4078.4 ], [ 83.887687716633081, 28.81356873549521, 4077.199999999999818 ], [ 83.887677239254117, 28.813572339713573, 4077.0 ], [ 83.887623427435756, 28.813590109348297, 4076.199999999999818 ], [ 83.887600293383002, 28.813598658889532, 4075.6 ], [ 83.88756500557065, 28.8136176019907, 4075.0 ], [ 83.887510104104877, 28.813623385503888, 4074.0 ], [ 83.887500213459134, 28.813624139875177, 4073.800000000000182 ], [ 83.887449586763978, 28.81363227032125, 4072.800000000000182 ], [ 83.887436175718904, 28.813625983893871, 4072.6 ], [ 83.88740373775363, 28.813615338876843, 4071.800000000000182 ], [ 83.887345399707556, 28.813600167632103, 4070.6 ], [ 83.887324361130595, 28.813583152368665, 4069.800000000000182 ], [ 83.887276249006391, 28.813601257279515, 4069.6 ], [ 83.887212965637445, 28.813640065491199, 4068.4 ], [ 83.887166865170002, 28.813665630295873, 4067.4 ], [ 83.887155633419752, 28.813672168180343, 4067.199999999999818 ], [ 83.887081453576684, 28.813694966956973, 4066.800000000000182 ], [ 83.887055218219757, 28.813690943643451, 4066.199999999999818 ], [ 83.887006603181362, 28.813712736591697, 4065.199999999999818 ], [ 83.886949941515923, 28.813727321103215, 4064.199999999999818 ], [ 83.886911887675524, 28.813717346638441, 4063.6 ], [ 83.886872744187713, 28.813712568953633, 4063.0 ], [ 83.88679881580174, 28.813726482912895, 4061.800000000000182 ], [ 83.886785907670856, 28.813727824017409, 4061.800000000000182 ], [ 83.886727234348655, 28.813738636672497, 4060.800000000000182 ], [ 83.886682307347655, 28.813727488741279, 4059.6 ], [ 83.886583400890231, 28.813741318881512, 4058.6 ], [ 83.886571247130632, 28.813742995262142, 4058.6 ], [ 83.886523218825459, 28.813762692734599, 4058.0 ], [ 83.88650762848556, 28.813782474026084, 4057.6 ], [ 83.886500671505928, 28.813789682462811, 4057.4 ], [ 83.886464377865195, 28.813806027173996, 4056.4 ], [ 83.886453732848167, 28.813811223953959, 4056.0 ], [ 83.886426826938987, 28.813834441825747, 4055.4 ], [ 83.886402016505599, 28.813857659697533, 4055.199999999999818 ], [ 83.886356335133314, 28.813888588920236, 4054.0 ], [ 83.886317694559693, 28.81391080096364, 4053.6 ], [ 83.886277545243502, 28.813940891996022, 4053.0 ], [ 83.886233540251851, 28.813996128737926, 4052.199999999999818 ], [ 83.886220715939999, 28.814003337174658, 4052.0 ], [ 83.886147709563375, 28.814006773754951, 4050.800000000000182 ], [ 83.886132705956697, 28.814005265012383, 4050.6 ], [ 83.886103872209787, 28.81400752812624, 4049.800000000000182 ], [ 83.886036649346352, 28.814003840088844, 4049.6 ], [ 83.885996835306287, 28.814003001898527, 4048.6 ], [ 83.885929863899946, 28.81401272490621, 4047.800000000000182 ], [ 83.885909747332335, 28.814019681885839, 4047.4 ], [ 83.885851828381419, 28.814029069617391, 4046.0 ], [ 83.885788712650537, 28.814039966091514, 4044.800000000000182 ], [ 83.885704139247537, 28.814021190628409, 4043.800000000000182 ], [ 83.885661140084267, 28.81401440128684, 4043.0 ], [ 83.885627696290612, 28.814017083495855, 4042.6 ], [ 83.885528035461903, 28.814032506197691, 4041.6 ], [ 83.885456873103976, 28.814067374914885, 4040.4 ], [ 83.885420830920339, 28.814082881435752, 4040.0 ], [ 83.885399289429188, 28.814090508967642, 4039.4 ], [ 83.885346231982112, 28.814096879214048, 4038.4 ], [ 83.885294431820512, 28.814097549766306, 4037.6 ], [ 83.885279512032866, 28.81409746594727, 4037.199999999999818 ], [ 83.885226035490632, 28.814101489260793, 4036.0 ], [ 83.885181779041886, 28.814120767638087, 4035.4 ], [ 83.88515118509531, 28.81413359194994, 4035.0 ], [ 83.885096535086632, 28.814155468717217, 4033.800000000000182 ], [ 83.885052865371108, 28.814183967188001, 4033.0 ], [ 83.885035011917353, 28.814189918339252, 4032.6 ], [ 83.88496452011168, 28.814210286363959, 4031.6 ], [ 83.884927136823535, 28.814217494800687, 4030.800000000000182 ], [ 83.884898973628879, 28.81422252394259, 4030.4 ], [ 83.884814316406846, 28.814224367961287, 4029.199999999999818 ], [ 83.884701412171125, 28.814227804541588, 4028.0 ], [ 83.88467182405293, 28.814227469265461, 4027.6 ], [ 83.884631423279643, 28.814237862825394, 4026.800000000000182 ], [ 83.88455213047564, 28.814258566126227, 4025.800000000000182 ], [ 83.884521704167128, 28.814260493963957, 4025.4 ], [ 83.88447199948132, 28.814258649945259, 4024.800000000000182 ], [ 83.884399244561791, 28.814253536984324, 4023.6 ], [ 83.884388348087668, 28.814249681308866, 4023.4 ], [ 83.884350461885333, 28.814240545034409, 4022.4 ], [ 83.88430436141789, 28.814232163131237, 4021.4 ], [ 83.884265385568142, 28.814231408759952, 4020.800000000000182 ], [ 83.884213669225574, 28.814243227243423, 4020.4 ], [ 83.884150218218565, 28.814257560297847, 4019.800000000000182 ], [ 83.884083414450288, 28.814235515892506, 4019.199999999999818 ], [ 83.884044019505382, 28.814241047948599, 4018.6 ], [ 83.884019376710057, 28.814251692965627, 4018.199999999999818 ], [ 83.883944442495704, 28.814309192821383, 4017.0 ], [ 83.883877051994205, 28.814338697120547, 4016.0 ], [ 83.88382307253778, 28.814349845051765, 4015.0 ], [ 83.883812092244625, 28.814352359622717, 4015.0 ], [ 83.883732380345464, 28.814342049881816, 4013.800000000000182 ], [ 83.883718969300389, 28.814340624958277, 4013.6 ], [ 83.883645627647638, 28.814346743747592, 4012.800000000000182 ], [ 83.883568765595555, 28.814345318824053, 4012.0 ], [ 83.883529454469681, 28.814356131479144, 4011.6 ], [ 83.883464159443974, 28.814366441220045, 4010.4 ], [ 83.883441612124443, 28.814364010468125, 4010.0 ], [ 83.883340274915099, 28.814401309937239, 4009.199999999999818 ], [ 83.883278165012598, 28.81444439291954, 4008.199999999999818 ], [ 83.88324941508472, 28.814451266080141, 4007.800000000000182 ], [ 83.883173391222954, 28.814448667690161, 4007.0 ], [ 83.883151933550835, 28.814453193917871, 4006.800000000000182 ], [ 83.883108012378216, 28.814462497830391, 4006.0 ], [ 83.883036766201258, 28.814469538629055, 4004.800000000000182 ], [ 83.882955964654684, 28.814470963552591, 4003.6 ], [ 83.882927969098091, 28.814477417618036, 4003.199999999999818 ], [ 83.882878934964538, 28.814489655196667, 4002.4 ], [ 83.882781704887748, 28.814507089555264, 4001.199999999999818 ], [ 83.88272806070745, 28.814519243314862, 4000.6 ], [ 83.88272856362164, 28.814519746229053, 4000.6 ], [ 83.88271096162498, 28.814536761492491, 4000.199999999999818 ], [ 83.882667208090425, 28.8145552854985, 3999.4 ], [ 83.882604259997606, 28.814577246084809, 3998.4 ], [ 83.882592106238008, 28.814581856131554, 3998.199999999999818 ], [ 83.88253653421998, 28.81458411924541, 3997.199999999999818 ], [ 83.882478782907128, 28.814580431208014, 3996.0 ], [ 83.882380379363894, 28.814590657129884, 3995.0 ], [ 83.88232639990747, 28.814605493098497, 3993.6 ], [ 83.882279796525836, 28.814630638808012, 3992.6 ], [ 83.882226822897792, 28.814648408442736, 3991.4 ], [ 83.882204024121165, 28.814648743718863, 3991.199999999999818 ], [ 83.882137890905142, 28.81467011757195, 3990.199999999999818 ], [ 83.882100507616997, 28.814667100086808, 3989.4 ], [ 83.882086258381605, 28.814667770639065, 3989.199999999999818 ], [ 83.882021969184279, 28.814659137278795, 3988.0 ], [ 83.881967067718506, 28.814662573859096, 3987.0 ], [ 83.881894396618009, 28.814681936055425, 3986.0 ], [ 83.881880817934871, 28.814685707911849, 3985.800000000000182 ], [ 83.881780067458749, 28.814687971025705, 3985.0 ], [ 83.881757184863091, 28.814675649628043, 3984.6 ], [ 83.881727764382958, 28.814634410664439, 3983.4 ], [ 83.881721813231707, 28.814575066789985, 3982.6 ], [ 83.881694236770272, 28.814555872231718, 3982.4 ], [ 83.881622822955251, 28.814539527520537, 3982.199999999999818 ], [ 83.881517546251416, 28.814576240256429, 3981.6 ], [ 83.881432386115193, 28.814634829759601, 3981.6 ], [ 83.881324259564281, 28.814696772024035, 3981.4 ], [ 83.881313363090158, 28.81470674648881, 3981.199999999999818 ], [ 83.881296180188656, 28.814720157533884, 3981.0 ], [ 83.88123138807714, 28.814760390669107, 3979.800000000000182 ], [ 83.88121378608048, 28.814768688753247, 3979.4 ], [ 83.881154861301184, 28.814788553863764, 3978.6 ], [ 83.881117897108197, 28.814809927716851, 3977.6 ], [ 83.881099037826061, 28.814813615754247, 3977.0 ], [ 83.881080765277147, 28.814826775342222, 3976.4 ], [ 83.881053859367967, 28.81485627964139, 3975.6 ], [ 83.881041286513209, 28.814863739535213, 3975.4 ], [ 83.880973979830742, 28.814888214692473, 3974.4 ], [ 83.880940619856119, 28.81489684805274, 3973.800000000000182 ], [ 83.88095973059535, 28.81489341147244, 3973.6 ], [ 83.880897285416722, 28.814900116994977, 3973.4 ], [ 83.880879348143935, 28.814907157793641, 3973.199999999999818 ], [ 83.88077943585813, 28.814961304888129, 3972.800000000000182 ], [ 83.880688073113561, 28.815008914098144, 3972.4 ], [ 83.880677344277501, 28.815017379820347, 3972.4 ], [ 83.880666615441442, 28.815026516094804, 3972.199999999999818 ], [ 83.880590088665485, 28.815092900767919, 3971.199999999999818 ], [ 83.880581287667155, 28.815114106982943, 3971.0 ], [ 83.880584808066487, 28.815199099481102, 3970.199999999999818 ], [ 83.880581455305219, 28.815213935449719, 3970.0 ], [ 83.880565781146288, 28.815247882157564, 3969.199999999999818 ], [ 83.880539126694202, 28.815293898805976, 3968.0 ], [ 83.880513980984688, 28.815326588228345, 3967.0 ], [ 83.88047500513494, 28.815340334549543, 3966.199999999999818 ], [ 83.880466371774673, 28.81534930318594, 3966.0 ], [ 83.880457067862153, 28.815360786393285, 3965.800000000000182 ], [ 83.880433347076178, 28.815430523827672, 3965.199999999999818 ], [ 83.88042320497334, 28.815469332039356, 3964.6 ], [ 83.880398143082857, 28.815526412799951, 3963.6 ], [ 83.880386492237449, 28.8155706692487, 3962.4 ], [ 83.880350030958652, 28.815610986202955, 3961.199999999999818 ], [ 83.880279120057821, 28.8156742695719, 3960.0 ], [ 83.880244335159659, 28.815706036984921, 3959.800000000000182 ], [ 83.880168311297894, 28.815753478556871, 3959.0 ], [ 83.880156660452485, 28.815758088603616, 3958.800000000000182 ], [ 83.880111984908581, 28.81576806306839, 3957.800000000000182 ], [ 83.880055826157331, 28.815766889601942, 3957.199999999999818 ], [ 83.880035877227783, 28.815775690600276, 3956.800000000000182 ], [ 83.879991285502911, 28.815807290375233, 3956.199999999999818 ], [ 83.87999027967453, 28.815816007554531, 3956.199999999999818 ], [ 83.879980724304914, 28.815841572359204, 3955.6 ], [ 83.879943592473865, 28.815870154649019, 3954.800000000000182 ], [ 83.879930935800076, 28.815878620371222, 3954.6 ], [ 83.879872681573033, 28.815907705575228, 3953.6 ], [ 83.87985784560442, 28.815913908183575, 3953.199999999999818 ], [ 83.879815936088562, 28.815933857113123, 3952.4 ], [ 83.879760364070535, 28.815938550978899, 3951.4 ], [ 83.879749132320285, 28.815933102741841, 3951.4 ], [ 83.879685681313276, 28.815947771072388, 3950.6 ], [ 83.879670510068536, 28.815949112176895, 3950.199999999999818 ], [ 83.87960521504283, 28.81596713326871, 3949.199999999999818 ], [ 83.879581075161695, 28.815976437181231, 3949.199999999999818 ], [ 83.879511337727308, 28.815995464101434, 3949.0 ], [ 83.879513433203101, 28.815988674759865, 3949.0 ], [ 83.879513433203101, 28.815988674759865, 3948.800000000000182 ], [ 83.879502955824137, 28.816003175452352, 3948.199999999999818 ], [ 83.879495998844504, 28.816007450222969, 3948.0 ], [ 83.879446126520634, 28.816017592325807, 3946.800000000000182 ], [ 83.87943715788424, 28.816022705286741, 3946.6 ], [ 83.879388878121972, 28.816038798540831, 3945.6 ], [ 83.87934579513967, 28.816055729985237, 3944.6 ], [ 83.879310423508286, 28.816061513498425, 3944.0 ], [ 83.879271531477571, 28.816078780218959, 3943.6 ], [ 83.879240686073899, 28.816091939806935, 3943.0 ], [ 83.879202380776405, 28.81610719487071, 3942.199999999999818 ], [ 83.879146054387093, 28.816136615350839, 3941.0 ], [ 83.879117555916309, 28.816146086901423, 3940.6 ], [ 83.879039268940687, 28.816179530695081, 3940.0 ], [ 83.879011441022158, 28.816185062751178, 3939.800000000000182 ], [ 83.878975566476583, 28.816194366663694, 3939.0 ], [ 83.878925275057554, 28.816239545121789, 3938.199999999999818 ], [ 83.87890063226223, 28.816260751336813, 3937.800000000000182 ], [ 83.87884832918644, 28.81629578769207, 3936.800000000000182 ], [ 83.878842545673251, 28.816301487386227, 3936.6 ], [ 83.878823015838861, 28.816319927573204, 3935.800000000000182 ], [ 83.878806671127677, 28.816357981413603, 3934.6 ], [ 83.878793343901634, 28.816388659179211, 3934.199999999999818 ], [ 83.878745986148715, 28.816422689706087, 3933.6 ], [ 83.878732910379767, 28.816415816545486, 3933.4 ], [ 83.878733832389116, 28.816411457955837, 3933.4 ], [ 83.878697790205479, 28.816382959485058, 3932.4 ], [ 83.878667363896966, 28.816370638087392, 3931.4 ], [ 83.878622436895967, 28.81635001860559, 3930.6 ], [ 83.878610786050558, 28.816347420215607, 3930.199999999999818 ], [ 83.878600476309657, 28.816345073282719, 3930.199999999999818 ], [ 83.8785620033741, 28.816329231485724, 3929.199999999999818 ], [ 83.878494445234537, 28.816299643367529, 3928.199999999999818 ], [ 83.878469970077276, 28.816290758550167, 3928.199999999999818 ], [ 83.878336194902658, 28.816229570657015, 3928.199999999999818 ], [ 83.878213651478291, 28.816176261752844, 3928.199999999999818 ], [ 83.878067806363106, 28.816108703613281, 3928.199999999999818 ], [ 83.877946184948087, 28.81605003029108, 3928.199999999999818 ], [ 83.877855157479644, 28.816012647002935, 3928.0 ], [ 83.877827245742083, 28.816000996157527, 3928.0 ], [ 83.877776199951768, 28.815977275371552, 3928.0 ], [ 83.877725573256612, 28.815959086641669, 3927.6 ], [ 83.877760274335742, 28.815940730273724, 3920.0 ], [ 83.877758430317044, 28.815938634797931, 3919.800000000000182 ], [ 83.87772255577147, 28.815915919840336, 3919.800000000000182 ], [ 83.877695146948099, 28.815912734717131, 3918.6 ], [ 83.877650387585163, 28.81594249047339, 3917.6 ], [ 83.877606634050608, 28.815982472151521, 3916.6 ], [ 83.877583499997854, 28.815999738872051, 3916.0 ], [ 83.877549385651946, 28.816032176837325, 3915.6 ], [ 83.877542512491345, 28.816033853217959, 3915.4 ], [ 83.877532370388508, 28.816030919551849, 3915.199999999999818 ], [ 83.877499513328075, 28.816021280363199, 3914.199999999999818 ], [ 83.87749582529068, 28.816024884581569, 3914.199999999999818 ], [ 83.877428602427244, 28.816033853217959, 3913.6 ], [ 83.877416616305709, 28.816032595932484, 3913.199999999999818 ], [ 83.877365486696362, 28.816046174615622, 3912.199999999999818 ], [ 83.877321649342775, 28.816062435507774, 3911.4 ], [ 83.877299185842276, 28.816077942028642, 3911.0 ], [ 83.877254761755466, 28.816090347245336, 3910.0 ], [ 83.877247804775834, 28.816089341416955, 3909.6 ], [ 83.877220898866653, 28.816085401922464, 3908.800000000000182 ], [ 83.877162979915738, 28.816085401922464, 3907.6 ], [ 83.877109838649631, 28.816132927313447, 3906.4 ], [ 83.877102797850966, 28.816138543188572, 3906.199999999999818 ], [ 83.877065749838948, 28.816173411905769, 3905.4 ], [ 83.877039514482021, 28.816187158226967, 3904.800000000000182 ], [ 83.877012357115746, 28.816200150176883, 3904.199999999999818 ], [ 83.876979080960155, 28.81622035056353, 3903.4 ], [ 83.876967430114746, 28.816219763830304, 3903.199999999999818 ], [ 83.876950582489371, 28.816227559000257, 3902.800000000000182 ], [ 83.876921162009239, 28.81624516099691, 3902.0 ], [ 83.87688553892076, 28.816256141290069, 3901.0 ], [ 83.876822087913752, 28.816279275342826, 3900.0 ], [ 83.87680834159255, 28.816282041370869, 3899.800000000000182 ], [ 83.876748913899064, 28.816323950886726, 3899.0 ], [ 83.876724187284708, 28.816336188465357, 3898.4 ], [ 83.876677500084043, 28.816361166536808, 3897.199999999999818 ], [ 83.876632321625948, 28.816428473219275, 3896.4 ], [ 83.876626370474696, 28.816436184570193, 3896.199999999999818 ], [ 83.876593010500073, 28.816487733274698, 3895.199999999999818 ], [ 83.876579347997904, 28.816499803215265, 3894.6 ], [ 83.876560488715768, 28.816506424918771, 3894.0 ], [ 83.876536600291729, 28.81655721925199, 3893.199999999999818 ], [ 83.876541210338473, 28.816576413810253, 3893.0 ], [ 83.87651271186769, 28.816617401316758, 3891.800000000000182 ], [ 83.876462755724788, 28.816632991656661, 3890.6 ], [ 83.876431407406926, 28.816649001091719, 3890.0 ], [ 83.876403495669365, 28.8166568800807, 3889.6 ], [ 83.87636611238122, 28.816671464592218, 3889.0 ], [ 83.876347253099084, 28.816687138751149, 3888.6 ], [ 83.876345828175545, 28.816698873415589, 3888.6 ], [ 83.876347588375211, 28.816708931699395, 3888.4 ], [ 83.876312468200922, 28.816754445433617, 3887.199999999999818 ], [ 83.876302996650338, 28.81676291115582, 3887.0 ], [ 83.876261422410607, 28.816809095442295, 3886.0 ], [ 83.876234935596585, 28.816813118755817, 3885.800000000000182 ], [ 83.876196462661028, 28.81682988256216, 3884.800000000000182 ], [ 83.876138124614954, 28.816859889775515, 3883.800000000000182 ], [ 83.876073164865375, 28.816905068233609, 3882.800000000000182 ], [ 83.876029159873724, 28.8169314712286, 3882.0 ], [ 83.876000493764877, 28.816958209499717, 3881.6 ], [ 83.875959925353527, 28.817006908357143, 3880.199999999999818 ], [ 83.875927655026317, 28.817038424313068, 3879.199999999999818 ], [ 83.875869149342179, 28.81707563996315, 3877.800000000000182 ], [ 83.875780636444688, 28.817101204767823, 3876.6 ], [ 83.875766973942518, 28.817105898633599, 3876.4 ], [ 83.87572062201798, 28.817133726552129, 3875.6 ], [ 83.875660775229335, 28.8171611353755, 3875.0 ], [ 83.875626409426332, 28.817172115668654, 3874.4 ], [ 83.87557259760797, 28.817197345197201, 3873.6 ], [ 83.875526497140527, 28.817229699343443, 3873.199999999999818 ], [ 83.875478049740195, 28.817243697121739, 3872.0 ], [ 83.875413173809648, 28.817274374887347, 3871.0 ], [ 83.875390626490116, 28.817289210855961, 3870.4 ], [ 83.875359445810318, 28.81730237044394, 3869.800000000000182 ], [ 83.875279230996966, 28.81733246147633, 3868.6 ], [ 83.875257857143879, 28.81741016171873, 3867.800000000000182 ], [ 83.875255091115832, 28.817424075677991, 3867.6 ], [ 83.875221395865083, 28.817498339340091, 3866.800000000000182 ], [ 83.875214103609324, 28.817514348775148, 3866.6 ], [ 83.875207817181945, 28.817526753991839, 3866.6 ], [ 83.875151071697474, 28.81759506650269, 3865.6 ], [ 83.875110587105155, 28.817633036524057, 3864.6 ], [ 83.875089297071099, 28.817656841129065, 3864.0 ], [ 83.875053841620684, 28.817680645734072, 3863.4 ], [ 83.874995922669768, 28.817718112841249, 3862.800000000000182 ], [ 83.874966083094478, 28.817725153639913, 3862.4 ], [ 83.87491587549448, 28.81774242036045, 3861.4 ], [ 83.87491051107645, 28.817749880254269, 3861.199999999999818 ], [ 83.874904308468103, 28.817758597433567, 3861.0 ], [ 83.874880420044065, 28.817814169451591, 3860.0 ], [ 83.874855693429708, 28.817860940471292, 3859.4 ], [ 83.874830631539226, 28.817894551903009, 3858.800000000000182 ], [ 83.874806324020028, 28.81791802123189, 3858.0 ], [ 83.874791990965605, 28.817930174991488, 3857.800000000000182 ], [ 83.874768940731883, 28.817943586036563, 3857.4 ], [ 83.874737173318863, 28.817967558279634, 3856.800000000000182 ], [ 83.874678080901504, 28.818013742566109, 3855.6 ], [ 83.874666932970285, 28.818019023165107, 3855.4 ], [ 83.87460364960134, 28.818031679838896, 3854.6 ], [ 83.874547993764281, 28.818046096712351, 3854.0 ], [ 83.874498205259442, 28.818065794184804, 3853.6 ], [ 83.874443806707859, 28.818100579082969, 3852.4 ], [ 83.874396113678813, 28.818134944885969, 3851.800000000000182 ], [ 83.874373231083155, 28.818156570196152, 3851.4 ], [ 83.874324951320887, 28.81821021437645, 3850.199999999999818 ], [ 83.874298883602023, 28.818239131942391, 3849.800000000000182 ], [ 83.874258399009705, 28.81826201453805, 3849.199999999999818 ], [ 83.874224033206701, 28.818274000659585, 3848.199999999999818 ], [ 83.874212549999356, 28.81827768869698, 3847.800000000000182 ], [ 83.874143231660128, 28.818297469988465, 3846.800000000000182 ], [ 83.874085061252117, 28.818315910175443, 3845.6 ], [ 83.873948939144611, 28.81832798011601, 3844.6 ], [ 83.873895965516567, 28.818321693688631, 3843.6 ], [ 83.873860761523247, 28.818321861326694, 3842.800000000000182 ], [ 83.87383502908051, 28.818321190774441, 3842.4 ], [ 83.873749785125256, 28.818339966237545, 3841.199999999999818 ], [ 83.87371189892292, 28.818363938480616, 3840.199999999999818 ], [ 83.873655991628766, 28.818388497456908, 3839.0 ], [ 83.873624978587031, 28.81839495152235, 3837.800000000000182 ], [ 83.87357359752059, 28.818422695621848, 3836.6 ], [ 83.873532693833113, 28.818435184657577, 3836.199999999999818 ], [ 83.873532777652144, 28.818435436114669, 3836.199999999999818 ], [ 83.873532777652144, 28.818435436114669, 3835.800000000000182 ], [ 83.873532777652144, 28.818435436114669, 3835.6 ], [ 83.873531185090542, 28.818436861038208, 3835.4 ], [ 83.873489359393716, 28.818428898230195, 3835.0 ], [ 83.873455412685871, 28.818414565175772, 3834.4 ], [ 83.873405121266842, 28.818384893238544, 3833.0 ], [ 83.873392967507243, 28.818376762792468, 3832.800000000000182 ], [ 83.87335323728621, 28.818359998986125, 3832.0 ], [ 83.873272519558668, 28.81836217828095, 3831.0 ], [ 83.873229688033462, 28.818374332040548, 3830.0 ], [ 83.873188197612762, 28.818397717550397, 3829.199999999999818 ], [ 83.873177636414766, 28.818405261263251, 3828.800000000000182 ], [ 83.873136481270194, 28.81843451410532, 3827.800000000000182 ], [ 83.873103372752666, 28.818448847159743, 3827.0 ], [ 83.873077388852835, 28.818455636501312, 3826.4 ], [ 83.87301754206419, 28.818461168557405, 3825.6 ], [ 83.873008321970701, 28.818460833281279, 3825.4 ], [ 83.872976638376713, 28.818456726148725, 3825.4 ], [ 83.872969849035144, 28.818453121930361, 3825.4 ], [ 83.872940763831139, 28.818464437499639, 3825.199999999999818 ], [ 83.872956102713943, 28.818465359508991, 3825.0 ], [ 83.872975632548332, 28.818498803302649, 3824.800000000000182 ], [ 83.872977644205093, 28.818505425006151, 3824.6 ], [ 83.872979572042823, 28.818508442491293, 3824.6 ], [ 83.872982421889901, 28.818512968719009, 3824.6 ], [ 83.872983930632472, 28.818516992032528, 3824.6 ], [ 83.872989546507597, 28.818522775545716, 3824.6 ], [ 83.872991977259517, 28.818523278459907, 3824.6 ], [ 83.873002035543323, 28.818501401692629, 3824.6 ], [ 83.872979991137981, 28.818461922928691, 3823.4 ], [ 83.8729686755687, 28.81845161318779, 3822.6 ], [ 83.872964233160019, 28.818445075303316, 3822.4 ], [ 83.872950738295913, 28.818419678136703, 3821.199999999999818 ], [ 83.872934058308601, 28.81838807836175, 3820.199999999999818 ], [ 83.872923916205764, 28.818380199372768, 3820.0 ], [ 83.872904973104596, 28.818345163017511, 3820.0 ], [ 83.87290807440877, 28.818353125825524, 3820.0 ], [ 83.872907403856516, 28.818349856883287, 3819.4 ], [ 83.872909918427467, 28.818352119997144, 3819.199999999999818 ], [ 83.872909918427467, 28.818352119997144, 3819.0 ], [ 83.872909918427467, 28.818352119997144, 3819.0 ], [ 83.872909918427467, 28.818352119997144, 3819.0 ], [ 83.872909918427467, 28.818352119997144, 3818.800000000000182 ], [ 83.872909918427467, 28.818352119997144, 3817.800000000000182 ], [ 83.872909666970372, 28.818347090855241, 3817.4 ], [ 83.872911091893911, 28.818354969844226, 3817.4 ], [ 83.87292810715735, 28.818352455273271, 3814.6 ], [ 83.872927185148001, 28.818354131653905, 3814.6 ], [ 83.872924670577049, 28.818346001207829, 3814.6 ], [ 83.872910169884562, 28.81832605227828, 3813.6 ], [ 83.872908158227801, 28.818311551585793, 3813.199999999999818 ], [ 83.872915618121624, 28.818325884640217, 3812.6 ], [ 83.872910169884562, 28.818324292078614, 3812.0 ], [ 83.872889801859856, 28.818286070600152, 3811.4 ], [ 83.872892819344997, 28.818260002881289, 3810.800000000000182 ], [ 83.872891059145331, 28.818246591836218, 3810.4 ], [ 83.872873624786735, 28.818203592672944, 3809.199999999999818 ], [ 83.872868176549673, 28.818196970969439, 3809.0 ], [ 83.872838504612446, 28.818158498033881, 3808.0 ], [ 83.872837498784065, 28.818144164979454, 3807.4 ], [ 83.872810928151011, 28.818120108917356, 3807.199999999999818 ], [ 83.872805312275887, 28.818114409223199, 3807.0 ], [ 83.872786117717624, 28.818065794184804, 3805.800000000000182 ], [ 83.872765162959695, 28.818042576313019, 3805.4 ], [ 83.872760469093919, 28.818005360662937, 3804.6 ], [ 83.872761223465204, 28.817985830828547, 3804.0 ], [ 83.87276248075068, 28.817975269630551, 3803.6 ], [ 83.87276248075068, 28.817963451147079, 3803.199999999999818 ], [ 83.872752422466874, 28.81793218664825, 3802.4 ], [ 83.872736496850848, 28.817882984876633, 3801.4 ], [ 83.87271897867322, 28.817829508334398, 3800.4 ], [ 83.872698694467545, 28.817755412310358, 3799.4 ], [ 83.872696682810783, 28.817743426188827, 3799.199999999999818 ], [ 83.872681679204106, 28.817661954089999, 3798.6 ], [ 83.872683439403772, 28.817616272717711, 3798.4 ], [ 83.872649073600769, 28.81747487001121, 3798.199999999999818 ], [ 83.872652929276228, 28.817399181425571, 3798.0 ], [ 83.872646810486913, 28.817316284403205, 3797.800000000000182 ], [ 83.872619234025478, 28.81722467020154, 3797.800000000000182 ], [ 83.872608589008451, 28.8172129355371, 3797.800000000000182 ], [ 83.872582018375397, 28.817194327712059, 3797.6 ], [ 83.87258268892765, 28.817195501178503, 3797.6 ], [ 83.87258268892765, 28.817195501178503, 3797.4 ], [ 83.87258268892765, 28.817195501178503, 3797.4 ], [ 83.872588220983744, 28.817211091518399, 3797.4 ], [ 83.872570870444179, 28.817234393209219, 3797.0 ], [ 83.872553603723645, 28.817245960235596, 3796.0 ], [ 83.872544132173061, 28.817251324653625, 3795.800000000000182 ], [ 83.872450506314635, 28.817283762618899, 3794.800000000000182 ], [ 83.872389737516642, 28.817289797589183, 3793.800000000000182 ], [ 83.872363166883588, 28.8172940723598, 3793.4 ], [ 83.872321508824825, 28.817309243604541, 3792.6 ], [ 83.872299045324326, 28.817313853651285, 3791.4 ], [ 83.872287897393107, 28.817317541688681, 3790.4 ], [ 83.872289238497615, 28.817314524203539, 3790.4 ], [ 83.872244730591774, 28.817298514768481, 3790.199999999999818 ], [ 83.872244982048869, 28.81729843094945, 3789.6 ], [ 83.872243389487267, 28.817280912771821, 3789.4 ], [ 83.872226625680923, 28.817236488685012, 3788.4 ], [ 83.872210700064898, 28.81722123362124, 3787.800000000000182 ], [ 83.872187733650208, 28.817207990214229, 3787.199999999999818 ], [ 83.872130066156387, 28.81720170378685, 3786.4 ], [ 83.872121013700962, 28.817199356853958, 3786.199999999999818 ], [ 83.872056640684605, 28.81719809956849, 3785.0 ], [ 83.872007019817829, 28.817196004092693, 3784.0 ], [ 83.872006181627512, 28.817192483693361, 3784.0 ], [ 83.8719826284796, 28.817179659381509, 3783.0 ], [ 83.871968043968081, 28.8171645719558, 3782.800000000000182 ], [ 83.871952872723341, 28.817142024636269, 3782.6 ], [ 83.871966116130352, 28.817148981615901, 3782.6 ], [ 83.871964272111654, 28.817162225022912, 3782.6 ], [ 83.871963182464242, 28.817175468429923, 3782.6 ], [ 83.871868466958404, 28.817106820642948, 3781.4 ], [ 83.871866203844547, 28.817097013816237, 3781.199999999999818 ], [ 83.871855391189456, 28.817056948319077, 3780.199999999999818 ], [ 83.8718341011554, 28.817014032974839, 3779.800000000000182 ], [ 83.871818426996469, 28.816991988569495, 3779.199999999999818 ], [ 83.871814152225852, 28.816989557817578, 3778.800000000000182 ], [ 83.871788084506989, 28.81700020283461, 3778.0 ], [ 83.871746007353067, 28.816996933892369, 3777.4 ], [ 83.871736954897642, 28.816984696313739, 3777.4 ], [ 83.871696470305324, 28.816971452906728, 3777.0 ], [ 83.871668726205826, 28.81694488227367, 3776.800000000000182 ], [ 83.871633857488632, 28.816843461245298, 3776.6 ], [ 83.87161910533905, 28.816745644435287, 3776.6 ], [ 83.871597396209836, 28.816658891737461, 3776.6 ], [ 83.871533190831542, 28.816627375781536, 3776.6 ], [ 83.871530592441559, 28.816628716886044, 3776.6 ], [ 83.871502010151744, 28.816604912281036, 3776.6 ], [ 83.871490610763431, 28.816590495407581, 3777.199999999999818 ], [ 83.871472338214517, 28.816572222858667, 3777.6 ], [ 83.871453562751412, 28.816554537042975, 3777.6 ], [ 83.871411653235555, 28.816516734659672, 3777.6 ], [ 83.871370833367109, 28.816467532888055, 3777.6 ], [ 83.871306963264942, 28.816389497369528, 3777.800000000000182 ], [ 83.871256923303008, 28.816309534013271, 3777.800000000000182 ], [ 83.871256336569786, 28.816284220665693, 3777.800000000000182 ], [ 83.871258515864611, 28.816259494051337, 3777.800000000000182 ], [ 83.871263293549418, 28.816239880397916, 3777.800000000000182 ], [ 83.871262958273292, 28.81623568944633, 3778.4 ], [ 83.871269999071956, 28.816174166277051, 3779.0 ], [ 83.871268574148417, 28.816179698333144, 3779.199999999999818 ], [ 83.871261617168784, 28.816193947568536, 3779.800000000000182 ], [ 83.871261617168784, 28.816193947568536, 3779.800000000000182 ], [ 83.871261617168784, 28.816193947568536, 3780.0 ], [ 83.871261617168784, 28.816193947568536, 3780.0 ], [ 83.871261617168784, 28.816193947568536, 3780.0 ], [ 83.871261617168784, 28.816193947568536, 3780.0 ], [ 83.871261617168784, 28.816193947568536, 3779.800000000000182 ], [ 83.871261617168784, 28.816193947568536, 3779.800000000000182 ], [ 83.871261617168784, 28.816193947568536, 3779.800000000000182 ], [ 83.871264969930053, 28.816198641434312, 3779.4 ], [ 83.871254492551088, 28.816242311149836, 3778.800000000000182 ], [ 83.871235968545079, 28.816263685002923, 3778.199999999999818 ], [ 83.871205123141408, 28.816305762156844, 3777.6 ], [ 83.871147120371461, 28.816378097981215, 3777.199999999999818 ], [ 83.871143097057939, 28.816380947828293, 3776.800000000000182 ], [ 83.871122477576137, 28.816386396065351, 3776.4 ], [ 83.871072605252266, 28.816374493762851, 3776.4 ], [ 83.871035641059279, 28.816322693601251, 3776.4 ], [ 83.870980907231569, 28.816278437152505, 3776.199999999999818 ], [ 83.870968837291002, 28.816277682781219, 3776.199999999999818 ], [ 83.87085534632206, 28.816284136846662, 3776.199999999999818 ], [ 83.870777897536755, 28.816291261464357, 3776.199999999999818 ], [ 83.870790051296353, 28.816285561770201, 3776.199999999999818 ], [ 83.870791057124734, 28.816286735236645, 3776.199999999999818 ], [ 83.870776137337089, 28.816294278949499, 3776.199999999999818 ], [ 83.870757948607206, 28.816272066906095, 3776.199999999999818 ], [ 83.870720732957125, 28.816231666132808, 3776.199999999999818 ], [ 83.870693407952785, 28.816189169883728, 3776.199999999999818 ], [ 83.870693910866976, 28.81618439219892, 3776.199999999999818 ], [ 83.870695503428578, 28.816185062751178, 3776.199999999999818 ], [ 83.870699862018228, 28.81619093008339, 3776.199999999999818 ], [ 83.870706567540765, 28.816204173490405, 3776.199999999999818 ], [ 83.870745711028576, 28.816244322806597, 3776.0 ], [ 83.870752165094018, 28.816255470737815, 3776.0 ], [ 83.870754595845938, 28.816266115754843, 3776.0 ], [ 83.870788710191846, 28.816302912309769, 3770.4 ], [ 83.870790218934417, 28.816296374425292, 3770.199999999999818 ], [ 83.870806228369474, 28.816278520971537, 3770.0 ], [ 83.870820309966803, 28.816261757165194, 3769.800000000000182 ], [ 83.870811173692346, 28.816268630325791, 3769.4 ], [ 83.870844366028905, 28.81620928645134, 3769.4 ], [ 83.870854591950774, 28.816201575100425, 3769.4 ], [ 83.870871271938086, 28.816185900941491, 3769.199999999999818 ], [ 83.8708705175668, 28.816182296723127, 3769.199999999999818 ], [ 83.870847970247269, 28.816173663362861, 3769.199999999999818 ], [ 83.87081628665328, 28.816152540966868, 3769.0 ], [ 83.870799941942096, 28.81612379103899, 3768.800000000000182 ], [ 83.870789716020226, 28.81608372554183, 3768.800000000000182 ], [ 83.870789213106036, 28.815967803820968, 3768.6 ], [ 83.870764151215553, 28.815911393612623, 3768.4 ], [ 83.870750237256289, 28.81589949131012, 3768.4 ], [ 83.870693743228912, 28.815876608714461, 3767.199999999999818 ], [ 83.870653342455626, 28.815859258174896, 3766.0 ], [ 83.87063892558217, 28.815856827422976, 3765.6 ], [ 83.870616126805544, 28.815853726118803, 3765.0 ], [ 83.870582012459636, 28.815840985625982, 3764.4 ], [ 83.870568601414561, 28.815836627036333, 3764.0 ], [ 83.870537839829922, 28.815825060009956, 3763.6 ], [ 83.870526356622577, 28.815820533782244, 3763.4 ], [ 83.87050942517817, 28.815814247354865, 3763.199999999999818 ], [ 83.870462151244283, 28.815785748884078, 3763.0 ], [ 83.870431054383516, 28.815756663680077, 3762.6 ], [ 83.870406914502382, 28.815730847418308, 3762.6 ], [ 83.870365088805556, 28.815687010064721, 3762.6 ], [ 83.870354276150465, 28.815677538514137, 3762.6 ], [ 83.870324688032269, 28.815648201853037, 3762.0 ], [ 83.870320664718747, 28.81564250215888, 3761.199999999999818 ], [ 83.870319072157145, 28.815640825778249, 3760.800000000000182 ], [ 83.870306415483356, 28.815643759444356, 3760.199999999999818 ], [ 83.870296189561486, 28.815655242651701, 3760.199999999999818 ], [ 83.870307672768831, 28.815689273178577, 3759.800000000000182 ], [ 83.870321419090033, 28.815717604011297, 3759.4 ], [ 83.870360227301717, 28.815795388072729, 3758.6 ], [ 83.870356371626258, 28.815833693370223, 3758.4 ], [ 83.870313707739115, 28.815882727503777, 3757.4 ], [ 83.870314713567495, 28.81589169614017, 3757.199999999999818 ], [ 83.8703334890306, 28.815912483260036, 3756.4 ], [ 83.870363412424922, 28.815930001437664, 3755.6 ], [ 83.870371794328094, 28.815933018922809, 3755.4 ], [ 83.870402472093701, 28.815946513786912, 3754.199999999999818 ], [ 83.870427450165153, 28.815955817699432, 3754.0 ], [ 83.870464917272329, 28.815989093855023, 3753.199999999999818 ], [ 83.87046106159687, 28.815999152138829, 3753.0 ], [ 83.870454775169492, 28.816021448001266, 3752.6 ], [ 83.870436921715736, 28.816041816025972, 3752.6 ], [ 83.870411189273, 28.816102417185903, 3752.4 ], [ 83.870407082140446, 28.816113565117121, 3752.4 ], [ 83.870378918945789, 28.816229738295078, 3752.4 ], [ 83.870367854833603, 28.816330153495073, 3752.4 ], [ 83.870361065492034, 28.816375751048326, 3752.4 ], [ 83.870347822085023, 28.816393101587892, 3752.4 ], [ 83.870311947539449, 28.816501731052995, 3752.4 ], [ 83.870294513180852, 28.816578593105081, 3752.4 ], [ 83.870283700525761, 28.81661388091743, 3752.4 ], [ 83.870281940326095, 28.816628884524107, 3752.4 ], [ 83.870279844850302, 28.816693173721433, 3752.199999999999818 ], [ 83.870268110185862, 28.816735418513417, 3752.199999999999818 ], [ 83.87024262920022, 28.816847568377852, 3751.6 ], [ 83.870211616158485, 28.816904816776511, 3751.4 ], [ 83.870195439085364, 28.81690850481391, 3751.199999999999818 ], [ 83.870181189849973, 28.816912360489368, 3751.0 ], [ 83.870117906481028, 28.816906325519085, 3750.199999999999818 ], [ 83.870106758549809, 28.816906828433275, 3750.199999999999818 ], [ 83.870057137683034, 28.816906660795212, 3749.0 ], [ 83.87002713046968, 28.816905319690704, 3748.4 ], [ 83.870011540129781, 28.816907582804561, 3747.800000000000182 ], [ 83.86996753513813, 28.816906912252307, 3747.0 ], [ 83.869958482682705, 28.816904984414577, 3746.800000000000182 ], [ 83.86991766281426, 28.816900961101055, 3745.6 ], [ 83.869891259819269, 28.816900877282023, 3744.800000000000182 ], [ 83.869887236505747, 28.816902218386531, 3744.4 ], [ 83.86983459815383, 28.816900793462992, 3743.4 ], [ 83.869826719164848, 28.81690020672977, 3743.199999999999818 ], [ 83.869790676981211, 28.816896434873343, 3742.4 ], [ 83.869770644232631, 28.816899955272675, 3741.800000000000182 ], [ 83.869728734716773, 28.816900625824928, 3741.0 ], [ 83.869693111628294, 28.816899536177516, 3740.4 ], [ 83.869676599279046, 28.816900039091703, 3740.0 ], [ 83.869639718905091, 28.816896937787533, 3738.800000000000182 ], [ 83.869630414992571, 28.816898027434945, 3738.800000000000182 ], [ 83.869578279554844, 28.816894255578521, 3737.6 ], [ 83.8695546425879, 28.816889645531777, 3737.199999999999818 ], [ 83.869525389745831, 28.816885622218251, 3736.6 ], [ 83.86946277692914, 28.816883694380522, 3735.6 ], [ 83.869454143568873, 28.816883945837617, 3735.4 ], [ 83.86940754018724, 28.816887298598889, 3734.4 ], [ 83.869370240718126, 28.816883275285363, 3733.4 ], [ 83.869351213797927, 28.816881347447634, 3733.199999999999818 ], [ 83.86929715052247, 28.816882101818919, 3732.800000000000182 ], [ 83.869268400594592, 28.816885957494375, 3732.0 ], [ 83.869234537705779, 28.816885035485029, 3731.0 ], [ 83.869200171902776, 28.816889561712745, 3730.4 ], [ 83.869165722280741, 28.816888304427263, 3729.800000000000182 ], [ 83.869117945432663, 28.816886628046632, 3728.800000000000182 ], [ 83.869104953482747, 28.816885035485029, 3728.6 ], [ 83.869041418656707, 28.81688017398119, 3727.4 ], [ 83.869029600173235, 28.816876821219921, 3727.199999999999818 ], [ 83.868987774476409, 28.816871289163828, 3726.4 ], [ 83.868946451693773, 28.816869696602225, 3725.6 ], [ 83.868927508592606, 28.81687288172543, 3725.199999999999818 ], [ 83.868862884119153, 28.816875983029604, 3724.199999999999818 ], [ 83.868850143626332, 28.816874977201223, 3724.0 ], [ 83.868804043158889, 28.816870534792542, 3723.0 ], [ 83.868784597143531, 28.816866092383862, 3722.800000000000182 ], [ 83.868756433948874, 28.816867768764496, 3722.6 ], [ 83.868707735091448, 28.816866762936115, 3721.800000000000182 ], [ 83.868678314611316, 28.816868020221591, 3721.4 ], [ 83.868626179173589, 28.81687288172543, 3720.6 ], [ 83.868566919118166, 28.816876821219921, 3719.4 ], [ 83.868553340435028, 28.816876318305731, 3719.199999999999818 ], [ 83.868485195562243, 28.816872043535113, 3718.199999999999818 ], [ 83.868449153378606, 28.816866679117084, 3717.800000000000182 ], [ 83.868367513641715, 28.816859973594543, 3717.199999999999818 ], [ 83.868348905816674, 28.816858716309071, 3716.800000000000182 ], [ 83.868310349062085, 28.816848574206233, 3716.0 ], [ 83.868280341848731, 28.816852094605565, 3715.4 ], [ 83.868252178654075, 28.816849580034617, 3714.800000000000182 ], [ 83.868221836164594, 28.816846897825599, 3713.800000000000182 ], [ 83.868209766224027, 28.81684698164463, 3713.4 ], [ 83.868170287460089, 28.816841030493379, 3712.6 ], [ 83.868122594431043, 28.816839102655649, 3711.800000000000182 ], [ 83.868113458156586, 28.816838096827269, 3711.6 ], [ 83.868065513670444, 28.816834660246968, 3710.4 ], [ 83.868039948865771, 28.816834492608905, 3710.0 ], [ 83.868002817034721, 28.81683181039989, 3709.199999999999818 ], [ 83.867967193946242, 28.816831056028605, 3708.4 ], [ 83.867955207824707, 28.816830385476351, 3708.0 ], [ 83.867886979132891, 28.816822255030271, 3707.0 ], [ 83.867877591401339, 28.816821249201897, 3706.6 ], [ 83.867837358266115, 28.816818399354815, 3705.800000000000182 ], [ 83.86779653839767, 28.81682401522994, 3705.0 ], [ 83.867779104039073, 28.816827535629272, 3704.800000000000182 ], [ 83.867737278342247, 28.816827284172177, 3704.0 ], [ 83.867712719365954, 28.816826613619924, 3703.800000000000182 ], [ 83.867672150954604, 28.816824937239289, 3703.199999999999818 ], [ 83.867649100720882, 28.816823679953817, 3703.0 ], [ 83.867637114599347, 28.81682351231575, 3702.6 ], [ 83.867586823180318, 28.816824601963159, 3701.4 ], [ 83.867554804310203, 28.816824266687036, 3700.800000000000182 ], [ 83.867516750469804, 28.816820913925767, 3700.4 ], [ 83.867470985278487, 28.816817728802562, 3699.4 ], [ 83.867458077147603, 28.816816722974181, 3699.0 ], [ 83.867428824305534, 28.816816974431276, 3698.4 ], [ 83.867390351369977, 28.816813705489039, 3697.6 ], [ 83.867365289479494, 28.81681127473712, 3697.4 ], [ 83.867306783795357, 28.816808927804232, 3696.199999999999818 ], [ 83.867231346666813, 28.81680230610073, 3695.199999999999818 ], [ 83.867206452414393, 28.816803563386198, 3694.800000000000182 ], [ 83.867102097719908, 28.81683767773211, 3694.4 ], [ 83.867009812965989, 28.816847316920757, 3694.4 ], [ 83.867009645327926, 28.816844467073679, 3694.0 ], [ 83.86697611771524, 28.81686701439321, 3693.4 ], [ 83.86688182130456, 28.816889394074678, 3693.0 ], [ 83.866794900968671, 28.816888220608231, 3693.0 ], [ 83.866712674498558, 28.81688067689538, 3692.6 ], [ 83.866684008389711, 28.816873049363497, 3692.199999999999818 ], [ 83.86663849465549, 28.816843796521425, 3692.0 ], [ 83.866627849638462, 28.816833905875683, 3692.0 ], [ 83.866590382531285, 28.81676341407001, 3691.4 ], [ 83.866580994799733, 28.816726952791218, 3691.0 ], [ 83.866539923474193, 28.816705076023936, 3690.4 ], [ 83.866519723087549, 28.8166827801615, 3689.800000000000182 ], [ 83.866449566558003, 28.816611785441637, 3689.6 ], [ 83.866392988711596, 28.816556297242641, 3689.6 ], [ 83.866330292075872, 28.816511789336801, 3689.4 ], [ 83.866303721442819, 28.816487397998571, 3689.199999999999818 ], [ 83.866276731714606, 28.816421097144485, 3689.199999999999818 ], [ 83.866258375346661, 28.816408608108759, 3689.199999999999818 ], [ 83.866232559084892, 28.816402740776539, 3689.199999999999818 ], [ 83.866162905469537, 28.816370218992233, 3689.199999999999818 ], [ 83.866132814437151, 28.816360915079713, 3689.4 ], [ 83.866027034819126, 28.816343313083053, 3689.6 ], [ 83.866015803068876, 28.816341636702418, 3689.6 ], [ 83.86595344170928, 28.81634121760726, 3689.6 ], [ 83.865947239100933, 28.816342642530799, 3689.800000000000182 ], [ 83.865936174988747, 28.816344905644655, 3689.800000000000182 ], [ 83.865924943238497, 28.81634758785367, 3690.0 ], [ 83.865837184712291, 28.816380528733134, 3690.0 ], [ 83.865773063153028, 28.816405422985554, 3690.199999999999818 ], [ 83.865750096738338, 28.816413721069697, 3690.199999999999818 ], [ 83.865607101470232, 28.816444650292397, 3690.199999999999818 ], [ 83.865533508360386, 28.816435430198908, 3690.199999999999818 ], [ 83.865527557209134, 28.816430317237973, 3690.199999999999818 ], [ 83.865516074001789, 28.816425707191229, 3690.199999999999818 ], [ 83.86549754999578, 28.816420761868361, 3690.199999999999818 ], [ 83.865488078445196, 28.816415900364522, 3690.199999999999818 ], [ 83.865442648530006, 28.816388910636302, 3690.4 ], [ 83.865316081792116, 28.816357227042317, 3690.6 ], [ 83.865186078473926, 28.816362507641315, 3690.6 ], [ 83.865072755143046, 28.816364770755172, 3690.800000000000182 ], [ 83.864971920847893, 28.816349264234304, 3690.800000000000182 ], [ 83.864881815388799, 28.816330321133137, 3691.0 ], [ 83.864801516756415, 28.816354461014271, 3691.4 ], [ 83.864713422954082, 28.816369380801916, 3691.6 ], [ 83.864635387435555, 28.816376673057675, 3691.6 ], [ 83.864599261432886, 28.816377343609929, 3691.800000000000182 ], [ 83.864500774070621, 28.816369296982884, 3692.0 ], [ 83.864423157647252, 28.816365692764521, 3692.199999999999818 ], [ 83.864357694983482, 28.816348509863019, 3692.6 ], [ 83.864357694983482, 28.816348509863019, 3692.6 ], [ 83.864357694983482, 28.816348509863019, 3692.6 ], [ 83.864357694983482, 28.816348509863019, 3692.6 ], [ 83.864357694983482, 28.816348509863019, 3692.6 ], [ 83.86434143409133, 28.816341469064355, 3692.6 ], [ 83.864262225106359, 28.816294949501753, 3692.199999999999818 ], [ 83.864231631159782, 28.816288160160184, 3691.800000000000182 ], [ 83.864123588427901, 28.816241724416617, 3691.4 ], [ 83.864029627293348, 28.816224709153175, 3691.4 ], [ 83.86401847936213, 28.816234180703759, 3690.0 ], [ 83.864022167399526, 28.816229905933142, 3690.0 ], [ 83.864008169621229, 28.816197132691741, 3688.6 ], [ 83.863992411643267, 28.816189086064696, 3688.0 ], [ 83.863967601209879, 28.816182129085064, 3687.6 ], [ 83.863884788006544, 28.81616335362196, 3686.4 ], [ 83.863870119675994, 28.81616092287004, 3686.199999999999818 ], [ 83.863792335614562, 28.816133849322796, 3685.4 ], [ 83.863751264289021, 28.816129406914115, 3685.199999999999818 ], [ 83.863635929301381, 28.816126473248005, 3684.4 ], [ 83.86362318880856, 28.816125132143497, 3684.4 ], [ 83.863533083349466, 28.816112978383899, 3684.4 ], [ 83.863420011475682, 28.816098058596253, 3684.4 ], [ 83.863302832469344, 28.816037205979228, 3684.199999999999818 ], [ 83.863255558535457, 28.816023543477058, 3684.199999999999818 ], [ 83.863168219104409, 28.815980544313788, 3684.199999999999818 ], [ 83.863062439486384, 28.815950788557529, 3684.199999999999818 ], [ 83.863049866631627, 28.815947519615293, 3684.199999999999818 ], [ 83.86299672536552, 28.815924301743507, 3684.4 ], [ 83.862973172217607, 28.815915584564209, 3684.4 ], [ 83.862886754795909, 28.815874010324482, 3684.4 ], [ 83.862806623801589, 28.815846014767885, 3684.4 ], [ 83.86272456496954, 28.815813241526484, 3685.0 ], [ 83.862660694867373, 28.815759010612965, 3685.0 ], [ 83.862603446468711, 28.815711652860045, 3685.199999999999818 ], [ 83.86255843564868, 28.815655410289764, 3685.4 ], [ 83.862557262182236, 28.815601598471403, 3685.6 ], [ 83.86259070597589, 28.815566143020988, 3685.6 ], [ 83.862588107585907, 28.815583577379584, 3685.6 ], [ 83.862542677670717, 28.815555749461055, 3685.6 ], [ 83.862445782870054, 28.815568573772907, 3685.800000000000182 ], [ 83.862341260537505, 28.815585589036345, 3686.199999999999818 ], [ 83.862291555851698, 28.815528675913811, 3686.4 ], [ 83.862210586667061, 28.815484922379255, 3686.6 ], [ 83.862155098468065, 28.815409317612648, 3686.800000000000182 ] ] } }
]
}
